timestamp,station_id,is_anomaly,anomaly_type,injected_parameter,predicted_anomaly,anomaly_score
2026-01-01 00:15:00,AWS_01,0,normal,none,0,0.001846433356398225
2026-01-01 00:30:00,AWS_01,0,normal,none,0,0.0597060724701719
2026-01-01 00:45:00,AWS_01,0,normal,none,0,0.07802408196887334
2026-01-01 01:00:00,AWS_01,0,normal,none,0,0.03004795629062207
2026-01-01 01:15:00,AWS_01,0,normal,none,0,0.03915602950704322
2026-01-01 01:30:00,AWS_01,0,normal,none,0,0.09757315495316282
2026-01-01 01:45:00,AWS_01,0,normal,none,0,0.04458138041033838
2026-01-01 02:00:00,AWS_01,0,normal,none,0,0.07881873704009462
2026-01-01 02:15:00,AWS_01,0,normal,none,0,0.07650955489783501
2026-01-01 02:30:00,AWS_01,0,normal,none,0,0.08867833408475517
2026-01-01 02:45:00,AWS_01,0,normal,none,0,0.03853815125417792
2026-01-01 03:00:00,AWS_01,0,normal,none,0,0.047021382385147026
2026-01-01 03:15:00,AWS_01,0,normal,none,0,0.0638140926378743
2026-01-01 03:30:00,AWS_01,0,normal,none,0,0.06997646938042978
2026-01-01 03:45:00,AWS_01,0,normal,none,0,0.023593263256798003
2026-01-01 04:00:00,AWS_01,0,normal,none,1,-0.014236525386743693
2026-01-01 04:15:00,AWS_01,0,normal,none,1,-0.05634853662506123
2026-01-01 04:30:00,AWS_01,0,normal,none,0,0.050131504621245326
2026-01-01 04:45:00,AWS_01,0,normal,none,0,0.08668161416254544
2026-01-01 05:00:00,AWS_01,0,normal,none,0,0.045671433102392245
2026-01-01 05:15:00,AWS_01,0,normal,none,0,0.00402578026307121
2026-01-01 05:30:00,AWS_01,0,normal,none,0,0.07098589757291762
2026-01-01 05:45:00,AWS_01,0,normal,none,0,0.09320302915930734
2026-01-01 06:00:00,AWS_01,0,normal,none,0,0.050394215514733665
2026-01-01 06:15:00,AWS_01,0,normal,none,0,1.5474421678818295e-05
2026-01-01 06:30:00,AWS_01,0,normal,none,0,0.03362400813486571
2026-01-01 06:45:00,AWS_01,0,normal,none,0,0.09977296828575954
2026-01-01 07:00:00,AWS_01,0,normal,none,0,0.10166365106664876
2026-01-01 07:15:00,AWS_01,0,normal,none,0,0.0900725793031859
2026-01-01 07:30:00,AWS_01,0,normal,none,0,0.09163932748308068
2026-01-01 07:45:00,AWS_01,0,normal,none,0,0.05454279339276802
2026-01-01 08:00:00,AWS_01,0,normal,none,0,0.03565193103450204
2026-01-01 08:15:00,AWS_01,0,normal,none,0,0.10148141081303913
2026-01-01 08:30:00,AWS_01,0,normal,none,0,0.06870929026046801
2026-01-01 08:45:00,AWS_01,0,normal,none,0,0.07960506248074473
2026-01-01 09:00:00,AWS_01,0,normal,none,0,0.09307287704715667
2026-01-01 09:15:00,AWS_01,0,normal,none,0,0.08422700102260233
2026-01-01 09:30:00,AWS_01,0,normal,none,0,0.10775966149239602
2026-01-01 09:45:00,AWS_01,0,normal,none,0,0.03006832286692146
2026-01-01 10:00:00,AWS_01,0,normal,none,0,0.08004179535956135
2026-01-01 10:15:00,AWS_01,0,normal,none,0,0.07488055124624188
2026-01-01 10:30:00,AWS_01,0,normal,none,0,0.08077085513809706
2026-01-01 10:45:00,AWS_01,0,normal,none,0,0.06936935407315264
2026-01-01 11:00:00,AWS_01,0,normal,none,0,0.10750933793280659
2026-01-01 11:15:00,AWS_01,0,normal,none,0,0.10249407523153303
2026-01-01 11:30:00,AWS_01,0,normal,none,0,0.07385670787737075
2026-01-01 11:45:00,AWS_01,0,normal,none,0,0.06487450432607356
2026-01-01 12:00:00,AWS_01,0,normal,none,0,0.07905005269593479
2026-01-01 12:15:00,AWS_01,0,normal,none,0,0.06958991983591489
2026-01-01 12:30:00,AWS_01,0,normal,none,0,0.11104977321014314
2026-01-01 12:45:00,AWS_01,0,normal,none,0,0.10325763087149847
2026-01-01 13:00:00,AWS_01,0,normal,none,0,0.11012046882624416
2026-01-01 13:15:00,AWS_01,0,normal,none,0,0.05306473511649784
2026-01-01 13:30:00,AWS_01,0,normal,none,0,0.0784160309222614
2026-01-01 13:45:00,AWS_01,0,normal,none,0,0.07801234940729657
2026-01-01 14:00:00,AWS_01,0,normal,none,0,0.047339864666555154
2026-01-01 14:15:00,AWS_01,0,normal,none,0,0.0035228991643760366
2026-01-01 14:30:00,AWS_01,0,normal,none,0,0.0917593296683138
2026-01-01 14:45:00,AWS_01,0,normal,none,0,0.03614517447438309
2026-01-01 15:00:00,AWS_01,0,normal,none,0,0.05412557081256636
2026-01-01 15:15:00,AWS_01,0,normal,none,0,0.03311701742882556
2026-01-01 15:30:00,AWS_01,0,normal,none,0,0.07185079617777335
2026-01-01 15:45:00,AWS_01,0,normal,none,0,0.04920019939077963
2026-01-01 16:00:00,AWS_01,0,normal,none,0,0.06235234267227957
2026-01-01 16:15:00,AWS_01,0,normal,none,0,0.07201136412768516
2026-01-01 16:30:00,AWS_01,0,normal,none,0,0.06504291754395564
2026-01-01 16:45:00,AWS_01,0,normal,none,0,0.0509796383738258
2026-01-01 17:00:00,AWS_01,0,normal,none,0,0.053133297816389646
2026-01-01 17:15:00,AWS_01,0,normal,none,0,0.04939424607268572
2026-01-01 17:30:00,AWS_01,0,normal,none,0,0.05606300727643593
2026-01-01 17:45:00,AWS_01,0,normal,none,0,0.07995915083667826
2026-01-01 18:00:00,AWS_01,0,normal,none,0,0.08798928419790242
2026-01-01 18:15:00,AWS_01,0,normal,none,0,0.04577719421305332
2026-01-01 18:30:00,AWS_01,0,normal,none,1,-0.006188972128335357
2026-01-01 18:45:00,AWS_01,0,normal,none,0,0.050983724544337194
2026-01-01 19:00:00,AWS_01,0,normal,none,0,0.09319438526531704
2026-01-01 19:15:00,AWS_01,0,normal,none,0,0.09118144179755439
2026-01-01 19:30:00,AWS_01,0,normal,none,0,0.10313133742708402
2026-01-01 19:45:00,AWS_01,0,normal,none,0,0.011097251052482715
2026-01-01 20:00:00,AWS_01,0,normal,none,0,0.05373475046135445
2026-01-01 20:15:00,AWS_01,0,normal,none,0,0.10596819266725266
2026-01-01 20:30:00,AWS_01,0,normal,none,0,0.10488809528872794
2026-01-01 20:45:00,AWS_01,0,normal,none,0,0.08522311591417414
2026-01-01 21:00:00,AWS_01,0,normal,none,0,0.1032103489997303
2026-01-01 21:15:00,AWS_01,0,normal,none,0,0.061317338788513975
2026-01-01 21:30:00,AWS_01,0,normal,none,0,0.024472034789150443
2026-01-01 21:45:00,AWS_01,0,normal,none,0,0.04947311877282484
2026-01-01 22:00:00,AWS_01,0,normal,none,0,0.0017577197125890343
2026-01-01 22:15:00,AWS_01,0,normal,none,0,0.06963670488722329
2026-01-01 22:30:00,AWS_01,0,normal,none,0,0.02708370992210657
2026-01-01 22:45:00,AWS_01,0,normal,none,0,0.07561247608780564
2026-01-01 23:00:00,AWS_01,0,normal,none,0,0.06925610102589747
2026-01-01 23:15:00,AWS_01,0,normal,none,0,0.03439083831125794
2026-01-01 23:30:00,AWS_01,0,normal,none,0,0.076059458525718
2026-01-01 23:45:00,AWS_01,0,normal,none,0,0.013604510177874507
2026-01-02 00:00:00,AWS_01,0,normal,none,0,0.0812112278898256
2026-01-02 00:15:00,AWS_01,0,normal,none,0,0.005100961519602043
2026-01-02 00:30:00,AWS_01,0,normal,none,0,0.053017272589869324
2026-01-02 00:45:00,AWS_01,0,normal,none,0,0.018386023451228806
2026-01-02 01:00:00,AWS_01,0,normal,none,0,0.06665727504127417
2026-01-02 01:15:00,AWS_01,0,normal,none,0,0.042064153225208345
2026-01-02 01:30:00,AWS_01,0,normal,none,0,0.06292676001070652
2026-01-02 01:45:00,AWS_01,0,normal,none,0,0.06688483794589362
2026-01-02 02:00:00,AWS_01,0,normal,none,0,0.031426848216773995
2026-01-02 02:15:00,AWS_01,0,normal,none,1,-0.013724274161052596
2026-01-02 02:30:00,AWS_01,0,normal,none,0,0.0537273753336826
2026-01-02 02:45:00,AWS_01,0,normal,none,0,0.07330039672807864
2026-01-02 03:00:00,AWS_01,0,normal,none,0,0.01605711263302445
2026-01-02 03:15:00,AWS_01,0,normal,none,0,0.027240233696879668
2026-01-02 03:30:00,AWS_01,0,normal,none,0,0.045247523106794585
2026-01-02 03:45:00,AWS_01,0,normal,none,0,0.08196951201803077
2026-01-02 04:00:00,AWS_01,0,normal,none,0,0.08015126084606844
2026-01-02 04:15:00,AWS_01,0,normal,none,0,0.05244196143169927
2026-01-02 04:30:00,AWS_01,0,normal,none,0,0.0868245584938862
2026-01-02 04:45:00,AWS_01,0,normal,none,0,0.060400278856912515
2026-01-02 05:00:00,AWS_01,0,normal,none,0,0.06082440199930628
2026-01-02 05:15:00,AWS_01,0,normal,none,0,0.06655288971033063
2026-01-02 05:30:00,AWS_01,0,normal,none,0,0.03955102332025101
2026-01-02 05:45:00,AWS_01,0,normal,none,0,0.09204070444255447
2026-01-02 06:00:00,AWS_01,0,normal,none,0,0.0959564018947282
2026-01-02 06:15:00,AWS_01,0,normal,none,0,0.04881746922894575
2026-01-02 06:30:00,AWS_01,0,normal,none,0,0.07293206381867873
2026-01-02 06:45:00,AWS_01,0,normal,none,0,0.07723458776246178
2026-01-02 07:00:00,AWS_01,0,normal,none,0,0.09853407215307103
2026-01-02 07:15:00,AWS_01,0,normal,none,0,0.09540074342772503
2026-01-02 07:30:00,AWS_01,0,normal,none,0,0.09165591952290303
2026-01-02 07:45:00,AWS_01,0,normal,none,0,0.09020229031818766
2026-01-02 08:00:00,AWS_01,0,normal,none,0,0.042964294109184065
2026-01-02 08:15:00,AWS_01,0,normal,none,0,0.09635638157542836
2026-01-02 08:30:00,AWS_01,0,normal,none,0,0.07712653988873469
2026-01-02 08:45:00,AWS_01,0,normal,none,0,0.07077285641254466
2026-01-02 09:00:00,AWS_01,0,normal,none,0,0.02066412375489446
2026-01-02 09:15:00,AWS_01,0,normal,none,0,0.08261463221269949
2026-01-02 09:30:00,AWS_01,0,normal,none,0,0.06377040392075584
2026-01-02 09:45:00,AWS_01,0,normal,none,1,-0.028500352810566176
2026-01-02 10:00:00,AWS_01,0,normal,none,0,0.03327859589644144
2026-01-02 10:15:00,AWS_01,0,normal,none,0,0.09307928678453847
2026-01-02 10:30:00,AWS_01,0,normal,none,0,0.04359987215043826
2026-01-02 10:45:00,AWS_01,0,normal,none,0,0.07837200441625075
2026-01-02 11:00:00,AWS_01,0,normal,none,0,0.06897217793577282
2026-01-02 11:15:00,AWS_01,0,normal,none,0,0.09303102535443714
2026-01-02 11:30:00,AWS_01,0,normal,none,0,0.09203756279203568
2026-01-02 11:45:00,AWS_01,0,normal,none,0,0.005504599981413949
2026-01-02 12:00:00,AWS_01,0,normal,none,0,0.05177100285324593
2026-01-02 12:15:00,AWS_01,0,normal,none,1,-0.01826369512751791
2026-01-02 12:30:00,AWS_01,0,normal,none,0,0.04651718943167987
2026-01-02 12:45:00,AWS_01,0,normal,none,0,0.049838409307364495
2026-01-02 13:00:00,AWS_01,0,normal,none,0,0.0731336176570731
2026-01-02 13:15:00,AWS_01,0,normal,none,0,0.003917615461788371
2026-01-02 13:30:00,AWS_01,0,normal,none,0,0.016745494844078612
2026-01-02 13:45:00,AWS_01,0,normal,none,0,0.021254344956537552
2026-01-02 14:00:00,AWS_01,0,normal,none,0,0.06273131273325111
2026-01-02 14:15:00,AWS_01,0,normal,none,0,0.05612171375000796
2026-01-02 14:30:00,AWS_01,0,normal,none,1,-0.016321792215409636
2026-01-02 14:45:00,AWS_01,0,normal,none,0,0.03601539366531159
2026-01-02 15:00:00,AWS_01,0,normal,none,0,0.03318055431480332
2026-01-02 15:15:00,AWS_01,0,normal,none,0,0.00810696611904993
2026-01-02 15:30:00,AWS_01,0,normal,none,0,0.0010118159257749837
2026-01-02 15:45:00,AWS_01,0,normal,none,0,0.05955487356353589
2026-01-02 16:00:00,AWS_01,0,normal,none,0,0.03287236798899984
2026-01-02 16:15:00,AWS_01,0,normal,none,1,-0.009378204957422143
2026-01-02 16:30:00,AWS_01,0,normal,none,1,-0.035440195570196065
2026-01-02 16:45:00,AWS_01,0,normal,none,0,0.05737722373294474
2026-01-02 17:00:00,AWS_01,0,normal,none,0,0.058363444409463616
2026-01-02 17:15:00,AWS_01,0,normal,none,1,-0.01471055164978996
2026-01-02 17:30:00,AWS_01,0,normal,none,1,-0.008578547780924928
2026-01-02 17:45:00,AWS_01,0,normal,none,0,0.05235556928259527
2026-01-02 18:00:00,AWS_01,0,normal,none,0,0.06244456695737005
2026-01-02 18:15:00,AWS_01,0,normal,none,0,0.08248141034172723
2026-01-02 18:30:00,AWS_01,0,normal,none,0,0.01850557613730447
2026-01-02 18:45:00,AWS_01,0,normal,none,0,0.08698296385536747
2026-01-02 19:00:00,AWS_01,0,normal,none,0,0.04740163100146044
2026-01-02 19:15:00,AWS_01,0,normal,none,0,0.07861663130158936
2026-01-02 19:30:00,AWS_01,0,normal,none,0,0.07938406524114044
2026-01-02 19:45:00,AWS_01,0,normal,none,0,0.07495246237555642
2026-01-02 20:00:00,AWS_01,0,normal,none,0,0.0878742551253302
2026-01-02 20:15:00,AWS_01,0,normal,none,0,0.0934286027447353
2026-01-02 20:30:00,AWS_01,0,normal,none,0,0.0779142366445128
2026-01-02 20:45:00,AWS_01,0,normal,none,0,0.03163090746537567
2026-01-02 21:00:00,AWS_01,0,normal,none,0,0.09567815235619992
2026-01-02 21:15:00,AWS_01,0,normal,none,0,0.03658871111108741
2026-01-02 21:30:00,AWS_01,0,normal,none,0,0.06560911664595981
2026-01-02 21:45:00,AWS_01,0,normal,none,0,0.1009312327815235
2026-01-02 22:00:00,AWS_01,0,normal,none,0,0.06282111283729713
2026-01-02 22:15:00,AWS_01,0,normal,none,0,0.05618349604629713
2026-01-02 22:30:00,AWS_01,0,normal,none,0,0.1037550271908404
2026-01-02 22:45:00,AWS_01,0,normal,none,0,0.04558703983161855
2026-01-02 23:00:00,AWS_01,0,normal,none,0,0.10174959660341792
2026-01-02 23:15:00,AWS_01,0,normal,none,0,0.06951408296304429
2026-01-02 23:30:00,AWS_01,0,normal,none,0,0.055765693607194466
2026-01-02 23:45:00,AWS_01,0,normal,none,0,0.06988034667336923
2026-01-03 00:00:00,AWS_01,1,temperature_spike,temperature,1,-0.022463162943796022
2026-01-03 00:15:00,AWS_01,1,temperature_spike,temperature,1,-0.018841728472549946
2026-01-03 00:30:00,AWS_01,1,temperature_spike,temperature,1,-0.043990630908512074
2026-01-03 00:45:00,AWS_01,1,temperature_spike,temperature,0,0.006087062808870003
2026-01-03 01:00:00,AWS_01,1,temperature_spike,temperature,0,0.0060988128138232955
2026-01-03 01:15:00,AWS_01,0,normal,none,0,0.010183984293202275
2026-01-03 01:30:00,AWS_01,0,normal,none,1,-0.003813434156691442
2026-01-03 01:45:00,AWS_01,0,normal,none,0,0.03190146658095416
2026-01-03 02:00:00,AWS_01,0,normal,none,0,0.07877350327358101
2026-01-03 02:15:00,AWS_01,0,normal,none,0,0.07783180398294781
2026-01-03 02:30:00,AWS_01,0,normal,none,0,0.08061541700695046
2026-01-03 02:45:00,AWS_01,0,normal,none,0,0.0856789179846702
2026-01-03 03:00:00,AWS_01,0,normal,none,0,0.09188691534757076
2026-01-03 03:15:00,AWS_01,0,normal,none,0,0.03407305293039509
2026-01-03 03:30:00,AWS_01,0,normal,none,0,0.08097684927345095
2026-01-03 03:45:00,AWS_01,0,normal,none,0,0.09147544038877964
2026-01-03 04:00:00,AWS_01,0,normal,none,0,0.08736421974944825
2026-01-03 04:15:00,AWS_01,0,normal,none,1,-0.012555410339480377
2026-01-03 04:30:00,AWS_01,0,normal,none,0,0.08640191959350357
2026-01-03 04:45:00,AWS_01,0,normal,none,1,-0.006739200438872106
2026-01-03 05:00:00,AWS_01,0,normal,none,0,0.09154225191885612
2026-01-03 05:15:00,AWS_01,0,normal,none,0,0.09491361220591904
2026-01-03 05:30:00,AWS_01,0,normal,none,0,0.06873314349266801
2026-01-03 05:45:00,AWS_01,0,normal,none,0,0.023366035784997297
2026-01-03 06:00:00,AWS_01,0,normal,none,0,0.076733314845646
2026-01-03 06:15:00,AWS_01,0,normal,none,0,0.04037133472129556
2026-01-03 06:30:00,AWS_01,0,normal,none,0,0.07573757893325134
2026-01-03 06:45:00,AWS_01,0,normal,none,0,0.09534429416548429
2026-01-03 07:00:00,AWS_01,0,normal,none,0,0.07053273926535131
2026-01-03 07:15:00,AWS_01,0,normal,none,0,0.10121057171844527
2026-01-03 07:30:00,AWS_01,0,normal,none,0,0.05052818503871814
2026-01-03 07:45:00,AWS_01,0,normal,none,0,0.08142464270235517
2026-01-03 08:00:00,AWS_01,0,normal,none,0,0.0629357976859089
2026-01-03 08:15:00,AWS_01,0,normal,none,1,-0.01670463471447159
2026-01-03 08:30:00,AWS_01,0,normal,none,0,0.062488172051382296
2026-01-03 08:45:00,AWS_01,0,normal,none,0,0.0742213729892694
2026-01-03 09:00:00,AWS_01,0,normal,none,0,0.0994859372380697
2026-01-03 09:15:00,AWS_01,0,normal,none,0,0.07917027214429284
2026-01-03 09:30:00,AWS_01,0,normal,none,0,0.06373643676424234
2026-01-03 09:45:00,AWS_01,0,normal,none,0,0.0728249601738521
2026-01-03 10:00:00,AWS_01,0,normal,none,0,0.06458691744950296
2026-01-03 10:15:00,AWS_01,0,normal,none,0,0.10204134951577559
2026-01-03 10:30:00,AWS_01,0,normal,none,0,0.013527286782991366
2026-01-03 10:45:00,AWS_01,0,normal,none,0,0.07583060527664565
2026-01-03 11:00:00,AWS_01,0,normal,none,0,0.09504114568161287
2026-01-03 11:15:00,AWS_01,0,normal,none,0,0.07797629819945151
2026-01-03 11:30:00,AWS_01,0,normal,none,0,0.07242230664302562
2026-01-03 11:45:00,AWS_01,0,normal,none,0,0.04288554717019616
2026-01-03 12:00:00,AWS_01,0,normal,none,1,-0.003901413772644413
2026-01-03 12:15:00,AWS_01,0,normal,none,0,0.07116846637489183
2026-01-03 12:30:00,AWS_01,0,normal,none,1,-0.007027917564139341
2026-01-03 12:45:00,AWS_01,0,normal,none,0,0.044498621415568096
2026-01-03 13:00:00,AWS_01,0,normal,none,0,0.0629652164031117
2026-01-03 13:15:00,AWS_01,0,normal,none,0,0.02769675819541828
2026-01-03 13:30:00,AWS_01,0,normal,none,0,0.05441042509431887
2026-01-03 13:45:00,AWS_01,0,normal,none,0,0.001515587967186871
2026-01-03 14:00:00,AWS_01,0,normal,none,0,0.0007714346522614268
2026-01-03 14:15:00,AWS_01,0,normal,none,0,0.005800966852427147
2026-01-03 14:30:00,AWS_01,0,normal,none,0,0.06492338033884931
2026-01-03 14:45:00,AWS_01,0,normal,none,0,0.04644794639785138
2026-01-03 15:00:00,AWS_01,0,normal,none,0,0.03899803762595072
2026-01-03 15:15:00,AWS_01,0,normal,none,1,-0.03312346243033337
2026-01-03 15:30:00,AWS_01,0,normal,none,0,0.003739543199477169
2026-01-03 15:45:00,AWS_01,0,normal,none,1,-0.05596150673257527
2026-01-03 16:00:00,AWS_01,0,normal,none,1,-0.00809470322807504
2026-01-03 16:15:00,AWS_01,0,normal,none,0,0.034631127851062316
2026-01-03 16:30:00,AWS_01,0,normal,none,0,0.028786853217753317
2026-01-03 16:45:00,AWS_01,0,normal,none,0,0.04291433057539329
2026-01-03 17:00:00,AWS_01,0,normal,none,0,0.06935207732261611
2026-01-03 17:15:00,AWS_01,0,normal,none,0,0.0414989511020355
2026-01-03 17:30:00,AWS_01,0,normal,none,0,0.032128765287105676
2026-01-03 17:45:00,AWS_01,0,normal,none,0,0.07179418375752705
2026-01-03 18:00:00,AWS_01,0,normal,none,0,0.09761311221693347
2026-01-03 18:15:00,AWS_01,0,normal,none,0,0.09348067350418188
2026-01-03 18:30:00,AWS_01,0,normal,none,0,0.07647794725137053
2026-01-03 18:45:00,AWS_01,0,normal,none,0,0.003200689810108126
2026-01-03 19:00:00,AWS_01,0,normal,none,0,0.0654533674702989
2026-01-03 19:15:00,AWS_01,0,normal,none,0,0.10220546086666887
2026-01-03 19:30:00,AWS_01,0,normal,none,0,0.0570563678307911
2026-01-03 19:45:00,AWS_01,0,normal,none,0,0.06480649406652017
2026-01-03 20:00:00,AWS_01,0,normal,none,0,0.05218075025493096
2026-01-03 20:15:00,AWS_01,0,normal,none,0,0.0920250400828655
2026-01-03 20:30:00,AWS_01,0,normal,none,0,0.08351207716915571
2026-01-03 20:45:00,AWS_01,0,normal,none,0,0.08094091390688307
2026-01-03 21:00:00,AWS_01,0,normal,none,0,0.01652325087690021
2026-01-03 21:15:00,AWS_01,0,normal,none,0,0.07041020224273714
2026-01-03 21:30:00,AWS_01,0,normal,none,0,0.047464672771801
2026-01-03 21:45:00,AWS_01,0,normal,none,1,-0.02633902249967146
2026-01-03 22:00:00,AWS_01,0,normal,none,0,0.09843819256174963
2026-01-03 22:15:00,AWS_01,0,normal,none,0,0.0977988205881763
2026-01-03 22:30:00,AWS_01,0,normal,none,0,0.1060608909485719
2026-01-03 22:45:00,AWS_01,0,normal,none,0,0.0841257348009436
2026-01-03 23:00:00,AWS_01,0,normal,none,0,0.08892295157013436
2026-01-03 23:15:00,AWS_01,0,normal,none,0,0.033288358392452366
2026-01-03 23:30:00,AWS_01,0,normal,none,0,0.05098810695165362
2026-01-03 23:45:00,AWS_01,0,normal,none,0,0.09651664021012696
2026-01-04 00:00:00,AWS_01,0,normal,none,0,0.06754735067209033
2026-01-04 00:15:00,AWS_01,0,normal,none,0,0.08748292144059305
2026-01-04 00:30:00,AWS_01,0,normal,none,0,0.10041515406974705
2026-01-04 00:45:00,AWS_01,0,normal,none,0,0.09816521612444501
2026-01-04 01:00:00,AWS_01,0,normal,none,0,0.06315525303581182
2026-01-04 01:15:00,AWS_01,0,normal,none,0,0.028713421089976154
2026-01-04 01:30:00,AWS_01,0,normal,none,0,0.06447793712458771
2026-01-04 01:45:00,AWS_01,0,normal,none,0,0.07389818260552428
2026-01-04 02:00:00,AWS_01,0,normal,none,0,0.05190747594058431
2026-01-04 02:15:00,AWS_01,0,normal,none,0,0.0029536687645138615
2026-01-04 02:30:00,AWS_01,0,normal,none,0,0.04006760730039627
2026-01-04 02:45:00,AWS_01,0,normal,none,0,0.07224789973267881
2026-01-04 03:00:00,AWS_01,0,normal,none,0,0.058564907437353486
2026-01-04 03:15:00,AWS_01,0,normal,none,0,0.05145028005323227
2026-01-04 03:30:00,AWS_01,0,normal,none,0,0.05403801640044931
2026-01-04 03:45:00,AWS_01,0,normal,none,0,0.06157258408054256
2026-01-04 04:00:00,AWS_01,0,normal,none,0,0.03073932693991993
2026-01-04 04:15:00,AWS_01,0,normal,none,0,0.0005159345307784724
2026-01-04 04:30:00,AWS_01,0,normal,none,0,0.09095981810284359
2026-01-04 04:45:00,AWS_01,0,normal,none,0,0.07665555462796536
2026-01-04 05:00:00,AWS_01,0,normal,none,0,0.0805484633326144
2026-01-04 05:15:00,AWS_01,0,normal,none,0,0.07904342612356441
2026-01-04 05:30:00,AWS_01,0,normal,none,0,0.0651257247663723
2026-01-04 05:45:00,AWS_01,0,normal,none,0,0.04631173827482665
2026-01-04 06:00:00,AWS_01,0,normal,none,0,0.046161608936426235
2026-01-04 06:15:00,AWS_01,0,normal,none,0,0.09100577487092038
2026-01-04 06:30:00,AWS_01,0,normal,none,0,0.0441613764413995
2026-01-04 06:45:00,AWS_01,0,normal,none,0,0.06512766951509069
2026-01-04 07:00:00,AWS_01,0,normal,none,1,-0.04266021949827781
2026-01-04 07:15:00,AWS_01,0,normal,none,0,0.08995704870016746
2026-01-04 07:30:00,AWS_01,0,normal,none,0,0.0701965861051429
2026-01-04 07:45:00,AWS_01,0,normal,none,0,0.07363799667468374
2026-01-04 08:00:00,AWS_01,0,normal,none,0,0.09866209957574906
2026-01-04 08:15:00,AWS_01,0,normal,none,0,0.08530493508881543
2026-01-04 08:30:00,AWS_01,0,normal,none,0,0.10063107950679906
2026-01-04 08:45:00,AWS_01,0,normal,none,1,-0.0016050609651482306
2026-01-04 09:00:00,AWS_01,0,normal,none,0,0.06908744679923423
2026-01-04 09:15:00,AWS_01,0,normal,none,0,0.019821561354522454
2026-01-04 09:30:00,AWS_01,0,normal,none,0,0.07916399521965439
2026-01-04 09:45:00,AWS_01,0,normal,none,0,0.04992320169834413
2026-01-04 10:00:00,AWS_01,0,normal,none,0,0.07213821759395894
2026-01-04 10:15:00,AWS_01,0,normal,none,0,0.08216085244626908
2026-01-04 10:30:00,AWS_01,0,normal,none,0,0.008654550924610094
2026-01-04 10:45:00,AWS_01,0,normal,none,0,0.026193898287596495
2026-01-04 11:00:00,AWS_01,0,normal,none,1,-0.028157610154293633
2026-01-04 11:15:00,AWS_01,0,normal,none,0,0.05448387120473108
2026-01-04 11:30:00,AWS_01,0,normal,none,0,0.06217867233141511
2026-01-04 11:45:00,AWS_01,0,normal,none,1,-0.03262545271238759
2026-01-04 12:00:00,AWS_01,0,normal,none,0,0.01867773698204034
2026-01-04 12:15:00,AWS_01,0,normal,none,0,0.07326050764353148
2026-01-04 12:30:00,AWS_01,0,normal,none,0,0.0768460152681994
2026-01-04 12:45:00,AWS_01,0,normal,none,0,0.0506141503492652
2026-01-04 13:00:00,AWS_01,0,normal,none,0,0.04866449944683371
2026-01-04 13:15:00,AWS_01,0,normal,none,0,0.04422844808818743
2026-01-04 13:30:00,AWS_01,0,normal,none,0,0.03471641878895787
2026-01-04 13:45:00,AWS_01,0,normal,none,0,0.05179671844727174
2026-01-04 14:00:00,AWS_01,0,normal,none,0,0.058751646176299466
2026-01-04 14:15:00,AWS_01,0,normal,none,0,0.04092249038958479
2026-01-04 14:30:00,AWS_01,0,normal,none,0,0.04277385780760956
2026-01-04 14:45:00,AWS_01,0,normal,none,1,-0.013179436963524083
2026-01-04 15:00:00,AWS_01,0,normal,none,1,-0.004193302766991036
2026-01-04 15:15:00,AWS_01,0,normal,none,0,0.044932587610515884
2026-01-04 15:30:00,AWS_01,0,normal,none,1,-0.0013165866257190961
2026-01-04 15:45:00,AWS_01,0,normal,none,0,0.08030581904670159
2026-01-04 16:00:00,AWS_01,0,normal,none,0,0.06616935021530873
2026-01-04 16:15:00,AWS_01,0,normal,none,1,-0.004121173896559749
2026-01-04 16:30:00,AWS_01,0,normal,none,1,-0.00923806572219077
2026-01-04 16:45:00,AWS_01,0,normal,none,0,0.07786418352739938
2026-01-04 17:00:00,AWS_01,0,normal,none,0,0.08619340494396277
2026-01-04 17:15:00,AWS_01,0,normal,none,0,0.056720222048650626
2026-01-04 17:30:00,AWS_01,0,normal,none,0,0.05440837899424589
2026-01-04 17:45:00,AWS_01,0,normal,none,0,0.08269962603120262
2026-01-04 18:00:00,AWS_01,0,normal,none,0,0.09075323506488908
2026-01-04 18:15:00,AWS_01,0,normal,none,0,0.03684380046789948
2026-01-04 18:30:00,AWS_01,0,normal,none,1,-0.020031089408559688
2026-01-04 18:45:00,AWS_01,0,normal,none,0,0.01951507282546966
2026-01-04 19:00:00,AWS_01,0,normal,none,0,0.02490998780464121
2026-01-04 19:15:00,AWS_01,0,normal,none,0,0.0960761047790078
2026-01-04 19:30:00,AWS_01,0,normal,none,0,0.09350804754213338
2026-01-04 19:45:00,AWS_01,0,normal,none,0,0.0594480743040835
2026-01-04 20:00:00,AWS_01,0,normal,none,0,0.016592341326759963
2026-01-04 20:15:00,AWS_01,0,normal,none,0,0.05366212270348247
2026-01-04 20:30:00,AWS_01,0,normal,none,0,0.09364353603962772
2026-01-04 20:45:00,AWS_01,0,normal,none,0,0.048858830835392275
2026-01-04 21:00:00,AWS_01,0,normal,none,0,0.10071564160447616
2026-01-04 21:15:00,AWS_01,0,normal,none,0,0.037584498238807384
2026-01-04 21:30:00,AWS_01,0,normal,none,0,0.0976247083800929
2026-01-04 21:45:00,AWS_01,0,normal,none,0,0.0832341853685859
2026-01-04 22:00:00,AWS_01,0,normal,none,0,0.09584800657497011
2026-01-04 22:15:00,AWS_01,0,normal,none,0,0.08311841190541197
2026-01-04 22:30:00,AWS_01,0,normal,none,0,0.0667300448682226
2026-01-04 22:45:00,AWS_01,0,normal,none,0,0.08824747197348709
2026-01-04 23:00:00,AWS_01,0,normal,none,0,0.04820792521639955
2026-01-04 23:15:00,AWS_01,0,normal,none,0,0.041378464413490246
2026-01-04 23:30:00,AWS_01,0,normal,none,0,0.0043701171346398615
2026-01-04 23:45:00,AWS_01,0,normal,none,0,0.06628214680807026
2026-01-05 00:00:00,AWS_01,0,normal,none,0,0.09128202586630807
2026-01-05 00:15:00,AWS_01,0,normal,none,0,0.07469574859001205
2026-01-05 00:30:00,AWS_01,0,normal,none,0,0.07498643975994179
2026-01-05 00:45:00,AWS_01,0,normal,none,0,0.04518797180567924
2026-01-05 01:00:00,AWS_01,0,normal,none,0,0.09190459778432991
2026-01-05 01:15:00,AWS_01,0,normal,none,0,0.09787924543654103
2026-01-05 01:30:00,AWS_01,0,normal,none,0,0.07867313641191187
2026-01-05 01:45:00,AWS_01,0,normal,none,0,0.08218441603475224
2026-01-05 02:00:00,AWS_01,0,normal,none,0,0.09150479594025324
2026-01-05 02:15:00,AWS_01,0,normal,none,0,0.0406127948452038
2026-01-05 02:30:00,AWS_01,0,normal,none,0,0.06964641253894205
2026-01-05 02:45:00,AWS_01,0,normal,none,0,0.06961559509551984
2026-01-05 03:00:00,AWS_01,0,normal,none,0,0.07015311929049112
2026-01-05 03:15:00,AWS_01,0,normal,none,0,0.07089007645632622
2026-01-05 03:30:00,AWS_01,0,normal,none,0,0.06902753729419131
2026-01-05 03:45:00,AWS_01,0,normal,none,0,0.06648541393014501
2026-01-05 04:00:00,AWS_01,0,normal,none,0,0.06634837759288958
2026-01-05 04:15:00,AWS_01,0,normal,none,0,0.08716359706035864
2026-01-05 04:30:00,AWS_01,0,normal,none,0,0.04074681941231284
2026-01-05 04:45:00,AWS_01,0,normal,none,1,-0.009118164930920214
2026-01-05 05:00:00,AWS_01,0,normal,none,0,0.06034645373679737
2026-01-05 05:15:00,AWS_01,0,normal,none,0,0.006780262734561782
2026-01-05 05:30:00,AWS_01,0,normal,none,1,-0.02060555268997466
2026-01-05 05:45:00,AWS_01,0,normal,none,0,0.0796567478823032
2026-01-05 06:00:00,AWS_01,0,normal,none,0,0.09942405671283278
2026-01-05 06:15:00,AWS_01,0,normal,none,0,0.0817841348148079
2026-01-05 06:30:00,AWS_01,0,normal,none,0,0.04782092513493913
2026-01-05 06:45:00,AWS_01,0,normal,none,1,-0.02795505387058872
2026-01-05 07:00:00,AWS_01,0,normal,none,0,0.05401494577009053
2026-01-05 07:15:00,AWS_01,0,normal,none,0,0.09805513878105321
2026-01-05 07:30:00,AWS_01,0,normal,none,0,0.05887282382942055
2026-01-05 07:45:00,AWS_01,0,normal,none,0,0.10867558659891913
2026-01-05 08:00:00,AWS_01,0,normal,none,1,-0.00756738022172998
2026-01-05 08:15:00,AWS_01,0,normal,none,0,0.09575321737313691
2026-01-05 08:30:00,AWS_01,0,normal,none,0,0.06851466961455893
2026-01-05 08:45:00,AWS_01,0,normal,none,0,0.017959143444584436
2026-01-05 09:00:00,AWS_01,0,normal,none,0,0.05561788135092971
2026-01-05 09:15:00,AWS_01,0,normal,none,0,0.04036017286444055
2026-01-05 09:30:00,AWS_01,0,normal,none,0,0.08437114306446081
2026-01-05 09:45:00,AWS_01,0,normal,none,0,0.08401911652288208
2026-01-05 10:00:00,AWS_01,0,normal,none,1,-0.003518864526135812
2026-01-05 10:15:00,AWS_01,0,normal,none,0,0.04213616324208597
2026-01-05 10:30:00,AWS_01,0,normal,none,0,0.07711579787310602
2026-01-05 10:45:00,AWS_01,0,normal,none,0,0.06435216601395927
2026-01-05 11:00:00,AWS_01,0,normal,none,0,0.024892539022628613
2026-01-05 11:15:00,AWS_01,0,normal,none,0,0.004776205939616085
2026-01-05 11:30:00,AWS_01,0,normal,none,0,0.035099221410162584
2026-01-05 11:45:00,AWS_01,0,normal,none,1,-0.006407533860960046
2026-01-05 12:00:00,AWS_01,0,normal,none,0,0.03615177140239001
2026-01-05 12:15:00,AWS_01,0,normal,none,1,-0.011085812862540623
2026-01-05 12:30:00,AWS_01,0,normal,none,0,0.015014822970940811
2026-01-05 12:45:00,AWS_01,0,normal,none,0,0.04528544004096646
2026-01-05 13:00:00,AWS_01,0,normal,none,1,-0.008255629487475824
2026-01-05 13:15:00,AWS_01,0,normal,none,0,0.040417686005560116
2026-01-05 13:30:00,AWS_01,0,normal,none,0,0.056075957036687274
2026-01-05 13:45:00,AWS_01,0,normal,none,0,0.02337845069532163
2026-01-05 14:00:00,AWS_01,0,normal,none,0,0.032569280103781684
2026-01-05 14:15:00,AWS_01,0,normal,none,0,0.049372477102543555
2026-01-05 14:30:00,AWS_01,0,normal,none,0,0.034717214534347174
2026-01-05 14:45:00,AWS_01,0,normal,none,0,0.045875688120840086
2026-01-05 15:00:00,AWS_01,0,normal,none,0,0.06638712232104826
2026-01-05 15:15:00,AWS_01,0,normal,none,0,0.04102440460720491
2026-01-05 15:30:00,AWS_01,0,normal,none,0,0.014776575485443866
2026-01-05 15:45:00,AWS_01,0,normal,none,0,0.07647424720758267
2026-01-05 16:00:00,AWS_01,0,normal,none,0,0.037415312524070266
2026-01-05 16:15:00,AWS_01,0,normal,none,0,0.014575837709999706
2026-01-05 16:30:00,AWS_01,0,normal,none,0,0.0583318846182434
2026-01-05 16:45:00,AWS_01,0,normal,none,0,0.06233661455818085
2026-01-05 17:00:00,AWS_01,0,normal,none,0,0.037686875924486274
2026-01-05 17:15:00,AWS_01,0,normal,none,0,0.012238010372249863
2026-01-05 17:30:00,AWS_01,0,normal,none,0,0.08623495101147466
2026-01-05 17:45:00,AWS_01,0,normal,none,0,0.011048857799423939
2026-01-05 18:00:00,AWS_01,0,normal,none,0,0.06464144832505253
2026-01-05 18:15:00,AWS_01,0,normal,none,0,0.07337653662382881
2026-01-05 18:30:00,AWS_01,0,normal,none,0,0.06504760550944416
2026-01-05 18:45:00,AWS_01,0,normal,none,0,0.046138047082310674
2026-01-05 19:00:00,AWS_01,0,normal,none,0,0.07538865727064914
2026-01-05 19:15:00,AWS_01,0,normal,none,0,0.06552417842179126
2026-01-05 19:30:00,AWS_01,0,normal,none,0,0.056186362878969
2026-01-05 19:45:00,AWS_01,0,normal,none,0,0.07548681333089102
2026-01-05 20:00:00,AWS_01,0,normal,none,0,0.011307363175048768
2026-01-05 20:15:00,AWS_01,0,normal,none,0,0.08050341310139403
2026-01-05 20:30:00,AWS_01,0,normal,none,0,0.067111477724487
2026-01-05 20:45:00,AWS_01,0,normal,none,0,0.08100403319079963
2026-01-05 21:00:00,AWS_01,0,normal,none,0,0.06345251604162805
2026-01-05 21:15:00,AWS_01,0,normal,none,0,0.08313055739041364
2026-01-05 21:30:00,AWS_01,0,normal,none,0,0.066260727672315
2026-01-05 21:45:00,AWS_01,0,normal,none,0,0.06419170038589589
2026-01-05 22:00:00,AWS_01,0,normal,none,0,0.07215626088539573
2026-01-05 22:15:00,AWS_01,0,normal,none,0,0.07161159420151642
2026-01-05 22:30:00,AWS_01,0,normal,none,0,0.09238658399412303
2026-01-05 22:45:00,AWS_01,0,normal,none,0,0.06158455713524669
2026-01-05 23:00:00,AWS_01,0,normal,none,0,0.08372889730393146
2026-01-05 23:15:00,AWS_01,0,normal,none,0,0.056744545550069914
2026-01-05 23:30:00,AWS_01,0,normal,none,0,0.005385898282059598
2026-01-05 23:45:00,AWS_01,0,normal,none,0,0.056594415736153536
2026-01-06 00:00:00,AWS_01,0,normal,none,0,0.005695228468558355
2026-01-06 00:15:00,AWS_01,0,normal,none,0,0.06811181544848988
2026-01-06 00:30:00,AWS_01,0,normal,none,0,0.01803934952372399
2026-01-06 00:45:00,AWS_01,0,normal,none,0,0.07986252214196343
2026-01-06 01:00:00,AWS_01,0,normal,none,0,0.07950307430833686
2026-01-06 01:15:00,AWS_01,0,normal,none,0,0.07593111368481387
2026-01-06 01:30:00,AWS_01,0,normal,none,0,0.020257756152632977
2026-01-06 01:45:00,AWS_01,0,normal,none,0,0.05574399001750968
2026-01-06 02:00:00,AWS_01,0,normal,none,0,0.029928972685971278
2026-01-06 02:15:00,AWS_01,0,normal,none,0,0.04649476698865401
2026-01-06 02:30:00,AWS_01,0,normal,none,0,0.06940241115821988
2026-01-06 02:45:00,AWS_01,0,normal,none,0,0.060998438411703715
2026-01-06 03:00:00,AWS_01,0,normal,none,0,0.015119601081043932
2026-01-06 03:15:00,AWS_01,0,normal,none,0,0.06278815220157152
2026-01-06 03:30:00,AWS_01,0,normal,none,0,0.04220982916004146
2026-01-06 03:45:00,AWS_01,0,normal,none,0,0.07325898764303423
2026-01-06 04:00:00,AWS_01,0,normal,none,0,0.07968429299323171
2026-01-06 04:15:00,AWS_01,0,normal,none,0,0.04814825508347603
2026-01-06 04:30:00,AWS_01,0,normal,none,0,0.04765779277580051
2026-01-06 04:45:00,AWS_01,0,normal,none,0,0.046549106470767154
2026-01-06 05:00:00,AWS_01,0,normal,none,0,0.008195972329274326
2026-01-06 05:15:00,AWS_01,0,normal,none,0,0.07644929304407855
2026-01-06 05:30:00,AWS_01,0,normal,none,0,0.08156358243251716
2026-01-06 05:45:00,AWS_01,0,normal,none,0,0.06647966548439266
2026-01-06 06:00:00,AWS_01,0,normal,none,0,0.0923312731722789
2026-01-06 06:15:00,AWS_01,0,normal,none,0,0.027911205061796007
2026-01-06 06:30:00,AWS_01,0,normal,none,0,0.08619202780865931
2026-01-06 06:45:00,AWS_01,0,normal,none,0,0.07560893155694887
2026-01-06 07:00:00,AWS_01,0,normal,none,0,0.09651788204202078
2026-01-06 07:15:00,AWS_01,0,normal,none,0,0.09140091768578557
2026-01-06 07:30:00,AWS_01,0,normal,none,0,0.1004235544344314
2026-01-06 07:45:00,AWS_01,0,normal,none,0,0.052968978521857224
2026-01-06 08:00:00,AWS_01,0,normal,none,0,0.012574911175531278
2026-01-06 08:15:00,AWS_01,0,normal,none,0,0.04030565005581849
2026-01-06 08:30:00,AWS_01,0,normal,none,0,0.04896502124533475
2026-01-06 08:45:00,AWS_01,0,normal,none,0,0.055603098562000075
2026-01-06 09:00:00,AWS_01,0,normal,none,0,0.03093406700294299
2026-01-06 09:15:00,AWS_01,0,normal,none,0,0.09794897542093367
2026-01-06 09:30:00,AWS_01,0,normal,none,0,0.0850055696794152
2026-01-06 09:45:00,AWS_01,0,normal,none,0,0.07735546370306495
2026-01-06 10:00:00,AWS_01,0,normal,none,0,0.06533974736852738
2026-01-06 10:15:00,AWS_01,0,normal,none,0,0.06492325008990124
2026-01-06 10:30:00,AWS_01,0,normal,none,0,0.07529372913984073
2026-01-06 10:45:00,AWS_01,0,normal,none,0,0.08322252077878722
2026-01-06 11:00:00,AWS_01,0,normal,none,0,0.09847421699954217
2026-01-06 11:15:00,AWS_01,0,normal,none,0,0.03498963411136541
2026-01-06 11:30:00,AWS_01,0,normal,none,0,0.04500461146421575
2026-01-06 11:45:00,AWS_01,0,normal,none,0,0.10301677239598278
2026-01-06 12:00:00,AWS_01,0,normal,none,0,0.09070779081334485
2026-01-06 12:15:00,AWS_01,0,normal,none,0,0.07937586908482691
2026-01-06 12:30:00,AWS_01,0,normal,none,0,0.01121002227030854
2026-01-06 12:45:00,AWS_01,0,normal,none,0,0.04776474795409702
2026-01-06 13:00:00,AWS_01,0,normal,none,0,0.04895800088913532
2026-01-06 13:15:00,AWS_01,0,normal,none,0,0.020912849182057158
2026-01-06 13:30:00,AWS_01,0,normal,none,0,0.08634009414943045
2026-01-06 13:45:00,AWS_01,0,normal,none,0,0.06572436823786937
2026-01-06 14:00:00,AWS_01,0,normal,none,0,0.10119528056557098
2026-01-06 14:15:00,AWS_01,0,normal,none,0,0.05643992819565058
2026-01-06 14:30:00,AWS_01,0,normal,none,0,0.08862850517897969
2026-01-06 14:45:00,AWS_01,0,normal,none,0,0.0916621561089157
2026-01-06 15:00:00,AWS_01,0,normal,none,0,0.09277185166144364
2026-01-06 15:15:00,AWS_01,0,normal,none,0,0.08946018952807366
2026-01-06 15:30:00,AWS_01,0,normal,none,0,0.0812385531673459
2026-01-06 15:45:00,AWS_01,0,normal,none,0,0.08386650329531142
2026-01-06 16:00:00,AWS_01,0,normal,none,1,-0.0007585528151632381
2026-01-06 16:15:00,AWS_01,0,normal,none,0,0.058405812551146796
2026-01-06 16:30:00,AWS_01,0,normal,none,0,0.047917424302243494
2026-01-06 16:45:00,AWS_01,0,normal,none,0,0.05845000643158216
2026-01-06 17:00:00,AWS_01,0,normal,none,0,0.08154111559850663
2026-01-06 17:15:00,AWS_01,0,normal,none,0,0.08211253374309874
2026-01-06 17:30:00,AWS_01,0,normal,none,0,0.01115074213889472
2026-01-06 17:45:00,AWS_01,0,normal,none,0,0.07399753804675918
2026-01-06 18:00:00,AWS_01,0,normal,none,0,0.06140907642978749
2026-01-06 18:15:00,AWS_01,0,normal,none,0,0.06618572912939352
2026-01-06 18:30:00,AWS_01,0,normal,none,0,0.07061620116485029
2026-01-06 18:45:00,AWS_01,0,normal,none,0,0.08494015786314918
2026-01-06 19:00:00,AWS_01,0,normal,none,0,0.021350826284624702
2026-01-06 19:15:00,AWS_01,0,normal,none,0,0.07464692106537107
2026-01-06 19:30:00,AWS_01,0,normal,none,0,0.014106451712384116
2026-01-06 19:45:00,AWS_01,0,normal,none,0,0.06309797167646342
2026-01-06 20:00:00,AWS_01,0,normal,none,0,0.060874814132612975
2026-01-06 20:15:00,AWS_01,0,normal,none,0,0.07238885350243174
2026-01-06 20:30:00,AWS_01,0,normal,none,0,0.10364459226790584
2026-01-06 20:45:00,AWS_01,0,normal,none,0,0.11112512303819505
2026-01-06 21:00:00,AWS_01,0,normal,none,0,0.10261038231253411
2026-01-06 21:15:00,AWS_01,0,normal,none,0,0.059897962757004264
2026-01-06 21:30:00,AWS_01,0,normal,none,0,0.03398582529305061
2026-01-06 21:45:00,AWS_01,0,normal,none,1,-0.020774882564948638
2026-01-06 22:00:00,AWS_01,0,normal,none,0,0.016630547333687795
2026-01-06 22:15:00,AWS_01,0,normal,none,0,0.07485941925724876
2026-01-06 22:30:00,AWS_01,0,normal,none,0,0.04337625875241302
2026-01-06 22:45:00,AWS_01,0,normal,none,0,0.06943772766355094
2026-01-06 23:00:00,AWS_01,0,normal,none,0,0.046322400384677165
2026-01-06 23:15:00,AWS_01,0,normal,none,0,0.07149591788687049
2026-01-06 23:30:00,AWS_01,0,normal,none,0,0.04696763897437217
2026-01-06 23:45:00,AWS_01,0,normal,none,0,0.03164216388923713
2026-01-07 00:00:00,AWS_01,0,normal,none,0,0.08220690405244219
2026-01-07 00:15:00,AWS_01,0,normal,none,0,0.06963067167919501
2026-01-07 00:30:00,AWS_01,0,normal,none,0,0.05870442697055728
2026-01-07 00:45:00,AWS_01,0,normal,none,0,0.059637494233031385
2026-01-07 01:00:00,AWS_01,0,normal,none,0,0.007157967385230668
2026-01-07 01:15:00,AWS_01,0,normal,none,0,0.07984627775226855
2026-01-07 01:30:00,AWS_01,0,normal,none,0,0.048483893233991715
2026-01-07 01:45:00,AWS_01,0,normal,none,1,-0.06169564452746812
2026-01-07 02:00:00,AWS_01,0,normal,none,0,0.002970764260388503
2026-01-07 02:15:00,AWS_01,0,normal,none,0,0.04201141917017559
2026-01-07 02:30:00,AWS_01,0,normal,none,0,0.06967304738857538
2026-01-07 02:45:00,AWS_01,0,normal,none,0,0.0671055809315303
2026-01-07 03:00:00,AWS_01,0,normal,none,0,0.06412767671629527
2026-01-07 03:15:00,AWS_01,0,normal,none,0,0.04778322220332948
2026-01-07 03:30:00,AWS_01,0,normal,none,0,0.05588954686063563
2026-01-07 03:45:00,AWS_01,0,normal,none,0,0.07130581261535135
2026-01-07 04:00:00,AWS_01,0,normal,none,0,0.06099624658963332
2026-01-07 04:15:00,AWS_01,0,normal,none,0,0.07757692592748472
2026-01-07 04:30:00,AWS_01,0,normal,none,0,0.05501781087556917
2026-01-07 04:45:00,AWS_01,0,normal,none,0,0.036208228215938776
2026-01-07 05:00:00,AWS_01,0,normal,none,0,0.01581876024787393
2026-01-07 05:15:00,AWS_01,0,normal,none,1,-0.0030847789516185165
2026-01-07 05:30:00,AWS_01,0,normal,none,0,0.012192506285983284
2026-01-07 05:45:00,AWS_01,0,normal,none,0,0.09208415563116684
2026-01-07 06:00:00,AWS_01,0,normal,none,0,0.076385382309335
2026-01-07 06:15:00,AWS_01,0,normal,none,0,0.07564017593046446
2026-01-07 06:30:00,AWS_01,0,normal,none,0,0.047966610096578655
2026-01-07 06:45:00,AWS_01,0,normal,none,0,0.06799593013035082
2026-01-07 07:00:00,AWS_01,0,normal,none,0,0.10688033312478457
2026-01-07 07:15:00,AWS_01,0,normal,none,0,0.06714534897067292
2026-01-07 07:30:00,AWS_01,0,normal,none,0,0.0743586187768237
2026-01-07 07:45:00,AWS_01,0,normal,none,0,0.06547284467598968
2026-01-07 08:00:00,AWS_01,0,normal,none,0,0.0715107385242934
2026-01-07 08:15:00,AWS_01,0,normal,none,0,0.015480504848441767
2026-01-07 08:30:00,AWS_01,0,normal,none,0,0.06704398035662351
2026-01-07 08:45:00,AWS_01,0,normal,none,0,0.05689569358503832
2026-01-07 09:00:00,AWS_01,0,normal,none,0,0.04698962842296217
2026-01-07 09:15:00,AWS_01,0,normal,none,0,0.09922125884397709
2026-01-07 09:30:00,AWS_01,0,normal,none,0,0.028814538252424415
2026-01-07 09:45:00,AWS_01,0,normal,none,0,0.07682166292833414
2026-01-07 10:00:00,AWS_01,0,normal,none,0,0.09747256580241376
2026-01-07 10:15:00,AWS_01,0,normal,none,0,0.10291809798857682
2026-01-07 10:30:00,AWS_01,0,normal,none,0,0.024611601406500427
2026-01-07 10:45:00,AWS_01,0,normal,none,0,0.017574951953139795
2026-01-07 11:00:00,AWS_01,0,normal,none,0,0.07236175195371147
2026-01-07 11:15:00,AWS_01,0,normal,none,0,0.052801480221772334
2026-01-07 11:30:00,AWS_01,0,normal,none,0,0.03436864751990132
2026-01-07 11:45:00,AWS_01,0,normal,none,0,0.04868898397017629
2026-01-07 12:00:00,AWS_01,0,normal,none,0,0.0647974701147862
2026-01-07 12:15:00,AWS_01,0,normal,none,0,0.08038891471308152
2026-01-07 12:30:00,AWS_01,0,normal,none,0,0.04190453265264493
2026-01-07 12:45:00,AWS_01,0,normal,none,0,0.04205891069802603
2026-01-07 13:00:00,AWS_01,0,normal,none,0,0.014231134726079009
2026-01-07 13:15:00,AWS_01,0,normal,none,0,0.04257776032411986
2026-01-07 13:30:00,AWS_01,0,normal,none,0,0.020050839809609478
2026-01-07 13:45:00,AWS_01,0,normal,none,0,0.08012291216068529
2026-01-07 14:00:00,AWS_01,0,normal,none,1,-0.06073065406260014
2026-01-07 14:15:00,AWS_01,0,normal,none,0,0.016830168903142873
2026-01-07 14:30:00,AWS_01,0,normal,none,0,0.010281777411774107
2026-01-07 14:45:00,AWS_01,0,normal,none,0,0.03509549666821177
2026-01-07 15:00:00,AWS_01,0,normal,none,0,0.063305467092036
2026-01-07 15:15:00,AWS_01,0,normal,none,0,0.06863885436956746
2026-01-07 15:30:00,AWS_01,0,normal,none,0,0.07289915435511996
2026-01-07 15:45:00,AWS_01,0,normal,none,0,0.010290227486875858
2026-01-07 16:00:00,AWS_01,0,normal,none,0,0.06001934279204019
2026-01-07 16:15:00,AWS_01,0,normal,none,0,0.07314598914146875
2026-01-07 16:30:00,AWS_01,0,normal,none,0,0.06873504942626413
2026-01-07 16:45:00,AWS_01,0,normal,none,0,0.0727937226415582
2026-01-07 17:00:00,AWS_01,0,normal,none,0,0.04125357774647903
2026-01-07 17:15:00,AWS_01,0,normal,none,0,0.031502256263079176
2026-01-07 17:30:00,AWS_01,0,normal,none,0,0.017750471343084273
2026-01-07 17:45:00,AWS_01,0,normal,none,0,0.09240912656226752
2026-01-07 18:00:00,AWS_01,0,normal,none,0,0.031291533182263076
2026-01-07 18:15:00,AWS_01,0,normal,none,0,0.09631759575274662
2026-01-07 18:30:00,AWS_01,0,normal,none,0,0.022920899081399382
2026-01-07 18:45:00,AWS_01,0,normal,none,0,0.08581716072072182
2026-01-07 19:00:00,AWS_01,0,normal,none,1,-0.02887134062734087
2026-01-07 19:15:00,AWS_01,0,normal,none,0,0.03333093203673532
2026-01-07 19:30:00,AWS_01,0,normal,none,0,0.003504038978335011
2026-01-07 19:45:00,AWS_01,0,normal,none,0,0.04485389325227179
2026-01-07 20:00:00,AWS_01,0,normal,none,0,0.0959439668046585
2026-01-07 20:15:00,AWS_01,0,normal,none,0,0.06533616001310483
2026-01-07 20:30:00,AWS_01,0,normal,none,0,0.058584375812441136
2026-01-07 20:45:00,AWS_01,0,normal,none,0,0.06916954888360188
2026-01-07 21:00:00,AWS_01,0,normal,none,0,0.04816099577901023
2026-01-07 21:15:00,AWS_01,0,normal,none,0,0.10331319574304348
2026-01-07 21:30:00,AWS_01,0,normal,none,0,0.10329565554869846
2026-01-07 21:45:00,AWS_01,0,normal,none,0,0.01433210294412851
2026-01-07 22:00:00,AWS_01,0,normal,none,0,0.058162147879092185
2026-01-07 22:15:00,AWS_01,0,normal,none,0,0.08302127134226661
2026-01-07 22:30:00,AWS_01,0,normal,none,0,0.11133833580388358
2026-01-07 22:45:00,AWS_01,0,normal,none,0,0.10722501719991728
2026-01-07 23:00:00,AWS_01,0,normal,none,1,-0.009239558947191528
2026-01-07 23:15:00,AWS_01,0,normal,none,0,0.09045863062662673
2026-01-07 23:30:00,AWS_01,0,normal,none,0,0.09829818832578713
2026-01-07 23:45:00,AWS_01,0,normal,none,1,-0.0409400632566298
2026-01-08 00:00:00,AWS_01,0,normal,none,0,0.07039526216782255
2026-01-08 00:15:00,AWS_01,0,normal,none,0,0.08255265198581785
2026-01-08 00:30:00,AWS_01,0,normal,none,1,-0.005230003006371331
2026-01-08 00:45:00,AWS_01,0,normal,none,0,0.06599213173232488
2026-01-08 01:00:00,AWS_01,0,normal,none,0,0.06511339212134293
2026-01-08 01:15:00,AWS_01,0,normal,none,0,0.038990043735966984
2026-01-08 01:30:00,AWS_01,0,normal,none,0,0.019385677251635425
2026-01-08 01:45:00,AWS_01,0,normal,none,0,0.08004516071093482
2026-01-08 02:00:00,AWS_01,0,normal,none,0,0.08172753429406304
2026-01-08 02:15:00,AWS_01,0,normal,none,0,0.07069037174626208
2026-01-08 02:30:00,AWS_01,0,normal,none,0,0.07108667010508479
2026-01-08 02:45:00,AWS_01,0,normal,none,0,0.021625845412136746
2026-01-08 03:00:00,AWS_01,0,normal,none,0,0.07987724604776153
2026-01-08 03:15:00,AWS_01,0,normal,none,0,0.019699088300600298
2026-01-08 03:30:00,AWS_01,0,normal,none,0,0.07084942683226719
2026-01-08 03:45:00,AWS_01,0,normal,none,0,0.00222100585750884
2026-01-08 04:00:00,AWS_01,0,normal,none,0,0.09067566175285652
2026-01-08 04:15:00,AWS_01,0,normal,none,0,0.06268343177115865
2026-01-08 04:30:00,AWS_01,0,normal,none,0,0.09037807115561736
2026-01-08 04:45:00,AWS_01,0,normal,none,0,0.03941670309846229
2026-01-08 05:00:00,AWS_01,0,normal,none,0,0.09646500995005641
2026-01-08 05:15:00,AWS_01,0,normal,none,0,0.09214777204377955
2026-01-08 05:30:00,AWS_01,0,normal,none,0,0.09937505576428851
2026-01-08 05:45:00,AWS_01,0,normal,none,0,0.08487596501239347
2026-01-08 06:00:00,AWS_01,0,normal,none,0,0.09324465724407388
2026-01-08 06:15:00,AWS_01,0,normal,none,0,0.08536576742851038
2026-01-08 06:30:00,AWS_01,0,normal,none,0,0.10292872348739557
2026-01-08 06:45:00,AWS_01,0,normal,none,0,0.09458310696573036
2026-01-08 07:00:00,AWS_01,0,normal,none,1,-0.0047950290102982684
2026-01-08 07:15:00,AWS_01,0,normal,none,0,0.05720830038811542
2026-01-08 07:30:00,AWS_01,0,normal,none,0,0.055233728397827364
2026-01-08 07:45:00,AWS_01,0,normal,none,0,0.034710274128956
2026-01-08 08:00:00,AWS_01,0,normal,none,0,0.08612368017131344
2026-01-08 08:15:00,AWS_01,0,normal,none,0,0.08438736193591895
2026-01-08 08:30:00,AWS_01,0,normal,none,0,0.0597072758926267
2026-01-08 08:45:00,AWS_01,0,normal,none,0,0.08856958943266441
2026-01-08 09:00:00,AWS_01,0,normal,none,0,0.09247594436194106
2026-01-08 09:15:00,AWS_01,0,normal,none,0,0.07328103234065225
2026-01-08 09:30:00,AWS_01,0,normal,none,0,0.05623329593480714
2026-01-08 09:45:00,AWS_01,0,normal,none,0,0.10380219603088087
2026-01-08 10:00:00,AWS_01,0,normal,none,0,0.05717786436176214
2026-01-08 10:15:00,AWS_01,0,normal,none,0,0.09492637542233756
2026-01-08 10:30:00,AWS_01,0,normal,none,1,-0.013728107875210616
2026-01-08 10:45:00,AWS_01,0,normal,none,0,0.053580133800675334
2026-01-08 11:00:00,AWS_01,0,normal,none,0,0.08145669066058975
2026-01-08 11:15:00,AWS_01,0,normal,none,0,0.0635479381159525
2026-01-08 11:30:00,AWS_01,0,normal,none,0,0.07901762077353813
2026-01-08 11:45:00,AWS_01,0,normal,none,0,0.06807719563180187
2026-01-08 12:00:00,AWS_01,0,normal,none,0,0.02341236489273074
2026-01-08 12:15:00,AWS_01,0,normal,none,0,0.094202781873025
2026-01-08 12:30:00,AWS_01,0,normal,none,0,0.04817047470756575
2026-01-08 12:45:00,AWS_01,0,normal,none,0,0.08243396635318945
2026-01-08 13:00:00,AWS_01,0,normal,none,0,0.07759936150894253
2026-01-08 13:15:00,AWS_01,0,normal,none,0,0.00031503643513286494
2026-01-08 13:30:00,AWS_01,0,normal,none,0,0.06386870462578365
2026-01-08 13:45:00,AWS_01,0,normal,none,0,0.04325563274690786
2026-01-08 14:00:00,AWS_01,0,normal,none,0,0.05883687127152604
2026-01-08 14:15:00,AWS_01,0,normal,none,0,0.06574843284606902
2026-01-08 14:30:00,AWS_01,0,normal,none,0,0.006747186622438783
2026-01-08 14:45:00,AWS_01,0,normal,none,0,0.04869383581392983
2026-01-08 15:00:00,AWS_01,0,normal,none,0,0.035465603204874185
2026-01-08 15:15:00,AWS_01,0,normal,none,0,0.05385864040017002
2026-01-08 15:30:00,AWS_01,0,normal,none,0,0.029257440771971288
2026-01-08 15:45:00,AWS_01,0,normal,none,0,0.04688958023598955
2026-01-08 16:00:00,AWS_01,0,normal,none,0,0.027635534423923136
2026-01-08 16:15:00,AWS_01,0,normal,none,1,-0.025471178826208307
2026-01-08 16:30:00,AWS_01,0,normal,none,1,-0.00329770229493509
2026-01-08 16:45:00,AWS_01,0,normal,none,0,0.05158811815466091
2026-01-08 17:00:00,AWS_01,0,normal,none,1,-0.0054194178889716005
2026-01-08 17:15:00,AWS_01,0,normal,none,0,0.050739620695413934
2026-01-08 17:30:00,AWS_01,0,normal,none,0,0.025371749989110737
2026-01-08 17:45:00,AWS_01,0,normal,none,0,0.046985344358547176
2026-01-08 18:00:00,AWS_01,0,normal,none,0,0.0467010373504258
2026-01-08 18:15:00,AWS_01,0,normal,none,0,0.024647885741803766
2026-01-08 18:30:00,AWS_01,0,normal,none,0,0.07981295294654955
2026-01-08 18:45:00,AWS_01,0,normal,none,0,0.02903224967525264
2026-01-08 19:00:00,AWS_01,0,normal,none,0,0.050920536300710195
2026-01-08 19:15:00,AWS_01,0,normal,none,0,0.06470224682932302
2026-01-08 19:30:00,AWS_01,0,normal,none,0,0.09792587472410857
2026-01-08 19:45:00,AWS_01,0,normal,none,0,0.0208208439967541
2026-01-08 20:00:00,AWS_01,0,normal,none,0,0.05661223843928603
2026-01-08 20:15:00,AWS_01,0,normal,none,0,0.09032116190230155
2026-01-08 20:30:00,AWS_01,0,normal,none,0,0.06551826552537221
2026-01-08 20:45:00,AWS_01,0,normal,none,0,0.07327713740246539
2026-01-08 21:00:00,AWS_01,0,normal,none,0,0.09802340426041434
2026-01-08 21:15:00,AWS_01,0,normal,none,0,0.08163437924278705
2026-01-08 21:30:00,AWS_01,0,normal,none,0,0.063176612381377
2026-01-08 21:45:00,AWS_01,0,normal,none,0,0.08751423228570293
2026-01-08 22:00:00,AWS_01,0,normal,none,0,0.0779388573651934
2026-01-08 22:15:00,AWS_01,0,normal,none,0,0.08289311065757476
2026-01-08 22:30:00,AWS_01,0,normal,none,0,0.043096350238409575
2026-01-08 22:45:00,AWS_01,0,normal,none,1,-0.006937051024403118
2026-01-08 23:00:00,AWS_01,0,normal,none,0,0.07657369400526626
2026-01-08 23:15:00,AWS_01,0,normal,none,0,0.07441513192823124
2026-01-08 23:30:00,AWS_01,0,normal,none,0,0.034614197562309656
2026-01-08 23:45:00,AWS_01,0,normal,none,0,0.08875145424003261
2026-01-09 00:00:00,AWS_01,0,normal,none,0,0.09954353001713584
2026-01-09 00:15:00,AWS_01,0,normal,none,0,0.038910879563765155
2026-01-09 00:30:00,AWS_01,0,normal,none,0,0.08439471076441718
2026-01-09 00:45:00,AWS_01,0,normal,none,0,0.09596845080589134
2026-01-09 01:00:00,AWS_01,0,normal,none,0,0.06363743945477668
2026-01-09 01:15:00,AWS_01,0,normal,none,0,0.07250025269115817
2026-01-09 01:30:00,AWS_01,0,normal,none,0,0.059449565989326714
2026-01-09 01:45:00,AWS_01,0,normal,none,0,0.09412409512628106
2026-01-09 02:00:00,AWS_01,0,normal,none,0,0.042738363117646505
2026-01-09 02:15:00,AWS_01,0,normal,none,0,0.05961954337987274
2026-01-09 02:30:00,AWS_01,0,normal,none,0,0.07232934245861522
2026-01-09 02:45:00,AWS_01,0,normal,none,0,0.06016177747143242
2026-01-09 03:00:00,AWS_01,0,normal,none,0,0.06337821332199678
2026-01-09 03:15:00,AWS_01,0,normal,none,0,0.07701975602441341
2026-01-09 03:30:00,AWS_01,0,normal,none,0,0.06222441274552182
2026-01-09 03:45:00,AWS_01,0,normal,none,0,0.10025980582142097
2026-01-09 04:00:00,AWS_01,0,normal,none,0,0.09113027591468054
2026-01-09 04:15:00,AWS_01,0,normal,none,0,0.09609901424881162
2026-01-09 04:30:00,AWS_01,0,normal,none,0,0.038439810148773845
2026-01-09 04:45:00,AWS_01,0,normal,none,0,0.11211368048315201
2026-01-09 05:00:00,AWS_01,0,normal,none,0,0.09156699268076857
2026-01-09 05:15:00,AWS_01,0,normal,none,0,0.01688155202724878
2026-01-09 05:30:00,AWS_01,0,normal,none,0,0.07698462730628125
2026-01-09 05:45:00,AWS_01,0,normal,none,0,0.08087330217487998
2026-01-09 06:00:00,AWS_01,0,normal,none,0,0.09240964774519994
2026-01-09 06:15:00,AWS_01,0,normal,none,0,0.0984870120549724
2026-01-09 06:30:00,AWS_01,0,normal,none,0,0.07446097546676683
2026-01-09 06:45:00,AWS_01,0,normal,none,0,0.01349803506216879
2026-01-09 07:00:00,AWS_01,0,normal,none,0,0.07419274913581053
2026-01-09 07:15:00,AWS_01,0,normal,none,0,0.10234295779909619
2026-01-09 07:30:00,AWS_01,0,normal,none,0,0.05434400027801228
2026-01-09 07:45:00,AWS_01,0,normal,none,0,0.10110751948059171
2026-01-09 08:00:00,AWS_01,0,normal,none,0,0.07058203963305165
2026-01-09 08:15:00,AWS_01,0,normal,none,0,0.09126666158168717
2026-01-09 08:30:00,AWS_01,0,normal,none,0,0.015328245183425293
2026-01-09 08:45:00,AWS_01,0,normal,none,0,0.08002997081105201
2026-01-09 09:00:00,AWS_01,0,normal,none,0,0.10102415650643554
2026-01-09 09:15:00,AWS_01,0,normal,none,0,0.03005714912432489
2026-01-09 09:30:00,AWS_01,0,normal,none,0,0.029281548063321117
2026-01-09 09:45:00,AWS_01,0,normal,none,0,0.09178144081866324
2026-01-09 10:00:00,AWS_01,0,normal,none,0,0.04764824077983437
2026-01-09 10:15:00,AWS_01,0,normal,none,0,0.05944199736965644
2026-01-09 10:30:00,AWS_01,0,normal,none,0,0.0827758937031931
2026-01-09 10:45:00,AWS_01,0,normal,none,0,0.1049587743099703
2026-01-09 11:00:00,AWS_01,0,normal,none,0,0.06019666214628616
2026-01-09 11:15:00,AWS_01,0,normal,none,0,0.0973689223430586
2026-01-09 11:30:00,AWS_01,0,normal,none,0,0.0654676204708679
2026-01-09 11:45:00,AWS_01,0,normal,none,0,0.06756634542938561
2026-01-09 12:00:00,AWS_01,0,normal,none,0,0.05667031888318541
2026-01-09 12:15:00,AWS_01,0,normal,none,0,0.056550878186192144
2026-01-09 12:30:00,AWS_01,0,normal,none,0,0.079568483529451
2026-01-09 12:45:00,AWS_01,0,normal,none,0,0.06276930944794012
2026-01-09 13:00:00,AWS_01,0,normal,none,0,0.0748656257818257
2026-01-09 13:15:00,AWS_01,0,normal,none,0,0.050337841843077935
2026-01-09 13:30:00,AWS_01,0,normal,none,0,0.0423784542580406
2026-01-09 13:45:00,AWS_01,0,normal,none,0,0.07579796595647198
2026-01-09 14:00:00,AWS_01,0,normal,none,0,0.07098598508073084
2026-01-09 14:15:00,AWS_01,0,normal,none,0,0.0027371409122350365
2026-01-09 14:30:00,AWS_01,0,normal,none,0,0.00823255804329448
2026-01-09 14:45:00,AWS_01,0,normal,none,1,-0.05231881689810569
2026-01-09 15:00:00,AWS_01,0,normal,none,0,0.020432174653508717
2026-01-09 15:15:00,AWS_01,0,normal,none,0,0.044585105539766356
2026-01-09 15:30:00,AWS_01,0,normal,none,0,0.03964639247448781
2026-01-09 15:45:00,AWS_01,0,normal,none,0,0.07357479333151967
2026-01-09 16:00:00,AWS_01,0,normal,none,1,-0.012022162678054671
2026-01-09 16:15:00,AWS_01,0,normal,none,0,0.03130580745088546
2026-01-09 16:30:00,AWS_01,0,normal,none,1,-0.01597762483125842
2026-01-09 16:45:00,AWS_01,0,normal,none,0,0.03654138609565721
2026-01-09 17:00:00,AWS_01,0,normal,none,1,-0.02096830489341539
2026-01-09 17:15:00,AWS_01,0,normal,none,0,0.03620295588191447
2026-01-09 17:30:00,AWS_01,0,normal,none,0,0.048428696421850104
2026-01-09 17:45:00,AWS_01,0,normal,none,0,0.016691758434613124
2026-01-09 18:00:00,AWS_01,0,normal,none,0,0.08611469556997753
2026-01-09 18:15:00,AWS_01,0,normal,none,0,0.071632038003132
2026-01-09 18:30:00,AWS_01,0,normal,none,0,0.009176532385394176
2026-01-09 18:45:00,AWS_01,0,normal,none,0,0.07266900278941157
2026-01-09 19:00:00,AWS_01,0,normal,none,0,0.07571319271414523
2026-01-09 19:15:00,AWS_01,0,normal,none,0,0.0087100495319552
2026-01-09 19:30:00,AWS_01,0,normal,none,0,0.08496965924779615
2026-01-09 19:45:00,AWS_01,0,normal,none,0,0.07010461900680509
2026-01-09 20:00:00,AWS_01,0,normal,none,0,0.025316157549322427
2026-01-09 20:15:00,AWS_01,0,normal,none,0,0.08281316614042739
2026-01-09 20:30:00,AWS_01,0,normal,none,0,0.09446577502487041
2026-01-09 20:45:00,AWS_01,0,normal,none,0,0.07765012911460045
2026-01-09 21:00:00,AWS_01,0,normal,none,0,0.09331404498663359
2026-01-09 21:15:00,AWS_01,0,normal,none,0,0.07843984752308464
2026-01-09 21:30:00,AWS_01,0,normal,none,0,0.08846434877250053
2026-01-09 21:45:00,AWS_01,0,normal,none,0,0.09698129414270801
2026-01-09 22:00:00,AWS_01,0,normal,none,0,0.03546436242903456
2026-01-09 22:15:00,AWS_01,0,normal,none,0,0.1073945998548283
2026-01-09 22:30:00,AWS_01,0,normal,none,0,0.0892516723806358
2026-01-09 22:45:00,AWS_01,0,normal,none,0,0.08558815653092111
2026-01-09 23:00:00,AWS_01,0,normal,none,0,0.08308230013997808
2026-01-09 23:15:00,AWS_01,0,normal,none,0,0.01826698468576221
2026-01-09 23:30:00,AWS_01,0,normal,none,0,0.10653672264958841
2026-01-09 23:45:00,AWS_01,0,normal,none,0,0.07603926446572357
2026-01-10 00:00:00,AWS_01,0,normal,none,0,0.03303682547059272
2026-01-10 00:15:00,AWS_01,0,normal,none,0,0.09958580815952744
2026-01-10 00:30:00,AWS_01,0,normal,none,0,0.07816904349264608
2026-01-10 00:45:00,AWS_01,0,normal,none,0,0.08521712403861015
2026-01-10 01:00:00,AWS_01,0,normal,none,0,0.09612801301831281
2026-01-10 01:15:00,AWS_01,0,normal,none,0,0.07186648713323818
2026-01-10 01:30:00,AWS_01,0,normal,none,0,0.03164483139898977
2026-01-10 01:45:00,AWS_01,0,normal,none,0,0.08147236828660437
2026-01-10 02:00:00,AWS_01,0,normal,none,0,0.07305176460321638
2026-01-10 02:15:00,AWS_01,0,normal,none,0,0.08503809666415357
2026-01-10 02:30:00,AWS_01,0,normal,none,0,0.10833963345299125
2026-01-10 02:45:00,AWS_01,0,normal,none,0,0.027056661197419674
2026-01-10 03:00:00,AWS_01,0,normal,none,1,-0.009696993349533445
2026-01-10 03:15:00,AWS_01,0,normal,none,0,0.07794453438555882
2026-01-10 03:30:00,AWS_01,0,normal,none,0,0.07972853182116968
2026-01-10 03:45:00,AWS_01,0,normal,none,0,0.10740295262106203
2026-01-10 04:00:00,AWS_01,0,normal,none,0,0.06076115867281723
2026-01-10 04:15:00,AWS_01,0,normal,none,0,0.08730178114844117
2026-01-10 04:30:00,AWS_01,0,normal,none,0,0.08421066272534505
2026-01-10 04:45:00,AWS_01,0,normal,none,0,0.05987515513830732
2026-01-10 05:00:00,AWS_01,0,normal,none,1,-0.025154300753998937
2026-01-10 05:15:00,AWS_01,0,normal,none,0,0.09083071502816259
2026-01-10 05:30:00,AWS_01,0,normal,none,0,0.08255080956080235
2026-01-10 05:45:00,AWS_01,0,normal,none,0,0.06967737165342314
2026-01-10 06:00:00,AWS_01,0,normal,none,0,0.1007879305403403
2026-01-10 06:15:00,AWS_01,0,normal,none,0,0.06849496133521715
2026-01-10 06:30:00,AWS_01,0,normal,none,0,0.06425379134237391
2026-01-10 06:45:00,AWS_01,0,normal,none,0,0.09571661378269586
2026-01-10 07:00:00,AWS_01,0,normal,none,0,0.026060778041549493
2026-01-10 07:15:00,AWS_01,0,normal,none,0,0.08413923670861023
2026-01-10 07:30:00,AWS_01,0,normal,none,0,0.0847763094883297
2026-01-10 07:45:00,AWS_01,0,normal,none,0,1.8193333435723158e-05
2026-01-10 08:00:00,AWS_01,0,normal,none,0,0.07844714262390534
2026-01-10 08:15:00,AWS_01,0,normal,none,0,0.06677783982715185
2026-01-10 08:30:00,AWS_01,0,normal,none,0,0.026730246011229197
2026-01-10 08:45:00,AWS_01,0,normal,none,0,0.03488617938450955
2026-01-10 09:00:00,AWS_01,0,normal,none,0,0.008897410660014704
2026-01-10 09:15:00,AWS_01,0,normal,none,0,0.03250794549348579
2026-01-10 09:30:00,AWS_01,0,normal,none,0,0.06464084463886322
2026-01-10 09:45:00,AWS_01,0,normal,none,0,0.018256261048241573
2026-01-10 10:00:00,AWS_01,0,normal,none,0,0.023041418166397487
2026-01-10 10:15:00,AWS_01,0,normal,none,0,0.015762854132689963
2026-01-10 10:30:00,AWS_01,0,normal,none,0,0.05790838375634966
2026-01-10 10:45:00,AWS_01,0,normal,none,0,0.059589327741540354
2026-01-10 11:00:00,AWS_01,0,normal,none,1,-0.06772138116031867
2026-01-10 11:15:00,AWS_01,0,normal,none,1,-0.09274990394386207
2026-01-10 11:30:00,AWS_01,0,normal,none,1,-0.015605089329335242
2026-01-10 11:45:00,AWS_01,0,normal,none,0,0.028408742549909605
2026-01-10 12:00:00,AWS_01,0,normal,none,0,0.00946536535198822
2026-01-10 12:15:00,AWS_01,0,normal,none,1,-0.01578169448240485
2026-01-10 12:30:00,AWS_01,0,normal,none,0,0.01422661024268762
2026-01-10 12:45:00,AWS_01,0,normal,none,1,-0.025437003860977914
2026-01-10 13:00:00,AWS_01,0,normal,none,1,-0.13297297020654952
2026-01-10 13:15:00,AWS_01,0,normal,none,1,-0.02700514936561349
2026-01-10 13:30:00,AWS_01,0,normal,none,1,-0.021289280552547973
2026-01-10 13:45:00,AWS_01,0,normal,none,1,-0.002802190201208088
2026-01-10 14:00:00,AWS_01,0,normal,none,1,-0.007684740865337103
2026-01-10 14:15:00,AWS_01,0,normal,none,1,-0.01876274608442241
2026-01-10 14:30:00,AWS_01,0,normal,none,1,-0.0338107620830167
2026-01-10 14:45:00,AWS_01,0,normal,none,1,-0.04748173013134216
2026-01-10 15:00:00,AWS_01,0,normal,none,1,-0.007792124158978009
2026-01-10 15:15:00,AWS_01,0,normal,none,1,-0.01114513827213992
2026-01-10 15:30:00,AWS_01,0,normal,none,1,-0.01848251646728749
2026-01-10 15:45:00,AWS_01,0,normal,none,1,-0.02579372900960275
2026-01-10 16:00:00,AWS_01,0,normal,none,1,-0.07309125285724005
2026-01-10 16:15:00,AWS_01,0,normal,none,1,-0.05456400918431015
2026-01-10 16:30:00,AWS_01,0,normal,none,1,-0.036349580937214854
2026-01-10 16:45:00,AWS_01,0,normal,none,1,-0.03965209383180002
2026-01-10 17:00:00,AWS_01,0,normal,none,1,-0.06916492884607539
2026-01-10 17:15:00,AWS_01,0,normal,none,1,-0.0833110678795641
2026-01-10 17:30:00,AWS_01,0,normal,none,1,-0.03803655975220388
2026-01-10 17:45:00,AWS_01,0,normal,none,0,0.024355235591836943
2026-01-10 18:00:00,AWS_01,0,normal,none,0,0.03278848484095381
2026-01-10 18:15:00,AWS_01,0,normal,none,1,-0.006038085925336056
2026-01-10 18:30:00,AWS_01,0,normal,none,0,0.0018747540220496184
2026-01-10 18:45:00,AWS_01,0,normal,none,0,0.04780369444092447
2026-01-10 19:00:00,AWS_01,0,normal,none,0,0.039708056035369976
2026-01-10 19:15:00,AWS_01,0,normal,none,0,0.021508731991898733
2026-01-10 19:30:00,AWS_01,0,normal,none,0,0.07151540344969459
2026-01-10 19:45:00,AWS_01,0,normal,none,0,0.054235153309840134
2026-01-10 20:00:00,AWS_01,0,normal,none,0,0.06481535466412985
2026-01-10 20:15:00,AWS_01,0,normal,none,0,0.03835135762825059
2026-01-10 20:30:00,AWS_01,0,normal,none,1,-0.018649818838426424
2026-01-10 20:45:00,AWS_01,0,normal,none,0,0.08878074144824638
2026-01-10 21:00:00,AWS_01,0,normal,none,0,0.056634162460414195
2026-01-10 21:15:00,AWS_01,0,normal,none,0,0.036629941807109434
2026-01-10 21:30:00,AWS_01,0,normal,none,0,0.060795916643969494
2026-01-10 21:45:00,AWS_01,0,normal,none,0,0.09724064721362202
2026-01-10 22:00:00,AWS_01,0,normal,none,0,0.07390945785464892
2026-01-10 22:15:00,AWS_01,0,normal,none,0,0.10009658821102363
2026-01-10 22:30:00,AWS_01,0,normal,none,0,0.09654479049286657
2026-01-10 22:45:00,AWS_01,0,normal,none,0,0.10977631060910259
2026-01-10 23:00:00,AWS_01,0,normal,none,0,0.10702906411117341
2026-01-10 23:15:00,AWS_01,0,normal,none,0,0.0957585926541204
2026-01-10 23:30:00,AWS_01,0,normal,none,0,0.09513005084042725
2026-01-10 23:45:00,AWS_01,0,normal,none,0,0.09564241914296506
2026-01-11 00:00:00,AWS_01,0,normal,none,0,0.09031078417418326
2026-01-11 00:15:00,AWS_01,0,normal,none,0,0.013386909342807729
2026-01-11 00:30:00,AWS_01,0,normal,none,0,0.0864942403705633
2026-01-11 00:45:00,AWS_01,0,normal,none,0,0.0541278286463272
2026-01-11 01:00:00,AWS_01,0,normal,none,0,0.016282446566749376
2026-01-11 01:15:00,AWS_01,0,normal,none,0,0.09322611075457876
2026-01-11 01:30:00,AWS_01,0,normal,none,1,-0.023175273103919647
2026-01-11 01:45:00,AWS_01,0,normal,none,0,0.020248663974718972
2026-01-11 02:00:00,AWS_01,0,normal,none,0,0.08351753775562964
2026-01-11 02:15:00,AWS_01,0,normal,none,0,0.03534163660597678
2026-01-11 02:30:00,AWS_01,0,normal,none,0,0.10744921343703412
2026-01-11 02:45:00,AWS_01,0,normal,none,0,0.0511737554879621
2026-01-11 03:00:00,AWS_01,0,normal,none,0,0.06958423397255975
2026-01-11 03:15:00,AWS_01,0,normal,none,0,0.05737051227116485
2026-01-11 03:30:00,AWS_01,0,normal,none,0,0.07395029317901053
2026-01-11 03:45:00,AWS_01,0,normal,none,0,0.07823362926986654
2026-01-11 04:00:00,AWS_01,0,normal,none,0,0.07563235631215631
2026-01-11 04:15:00,AWS_01,0,normal,none,0,0.07785260881010503
2026-01-11 04:30:00,AWS_01,0,normal,none,0,0.029583505783120745
2026-01-11 04:45:00,AWS_01,0,normal,none,0,0.028370306160285075
2026-01-11 05:00:00,AWS_01,0,normal,none,0,0.08120635184010438
2026-01-11 05:15:00,AWS_01,0,normal,none,0,0.1044411671736748
2026-01-11 05:30:00,AWS_01,0,normal,none,0,0.060348186663148784
2026-01-11 05:45:00,AWS_01,0,normal,none,0,0.10413691891361443
2026-01-11 06:00:00,AWS_01,0,normal,none,0,0.05067036407892389
2026-01-11 06:15:00,AWS_01,0,normal,none,0,0.10506245311449919
2026-01-11 06:30:00,AWS_01,0,normal,none,0,0.029734651617671692
2026-01-11 06:45:00,AWS_01,0,normal,none,0,0.010668128485368522
2026-01-11 07:00:00,AWS_01,0,normal,none,0,0.005224474641173038
2026-01-11 07:15:00,AWS_01,0,normal,none,0,0.04507341814228577
2026-01-11 07:30:00,AWS_01,0,normal,none,0,0.06807546702591971
2026-01-11 07:45:00,AWS_01,0,normal,none,0,0.04800455354448402
2026-01-11 08:00:00,AWS_01,0,normal,none,0,0.10132458279611628
2026-01-11 08:15:00,AWS_01,0,normal,none,0,0.10580816007440924
2026-01-11 08:30:00,AWS_01,0,normal,none,0,0.10723771434408536
2026-01-11 08:45:00,AWS_01,0,normal,none,0,0.04084599562590019
2026-01-11 09:00:00,AWS_01,0,normal,none,0,0.04061324595926141
2026-01-11 09:15:00,AWS_01,0,normal,none,0,0.09522061943629834
2026-01-11 09:30:00,AWS_01,0,normal,none,0,0.06640173129904764
2026-01-11 09:45:00,AWS_01,0,normal,none,0,0.07416027158063626
2026-01-11 10:00:00,AWS_01,0,normal,none,0,0.04752173749226768
2026-01-11 10:15:00,AWS_01,0,normal,none,0,0.07692642870149807
2026-01-11 10:30:00,AWS_01,0,normal,none,0,0.05106131420465415
2026-01-11 10:45:00,AWS_01,0,normal,none,0,0.04858174152597455
2026-01-11 11:00:00,AWS_01,0,normal,none,0,0.040708496065444966
2026-01-11 11:15:00,AWS_01,0,normal,none,0,0.06741919065713542
2026-01-11 11:30:00,AWS_01,0,normal,none,0,0.06874875710545253
2026-01-11 11:45:00,AWS_01,0,normal,none,0,0.01854132009072207
2026-01-11 12:00:00,AWS_01,0,normal,none,0,0.05449634823236177
2026-01-11 12:15:00,AWS_01,0,normal,none,0,0.057098866053575115
2026-01-11 12:30:00,AWS_01,0,normal,none,0,0.04119286731716565
2026-01-11 12:45:00,AWS_01,0,normal,none,0,0.05612436724168818
2026-01-11 13:00:00,AWS_01,0,normal,none,0,0.04396387495422843
2026-01-11 13:15:00,AWS_01,0,normal,none,0,0.024336409954406724
2026-01-11 13:30:00,AWS_01,0,normal,none,1,-0.036769113441159296
2026-01-11 13:45:00,AWS_01,0,normal,none,0,0.005789752137265514
2026-01-11 14:00:00,AWS_01,0,normal,none,0,0.021653368476975465
2026-01-11 14:15:00,AWS_01,0,normal,none,1,-0.03083943164553038
2026-01-11 14:30:00,AWS_01,0,normal,none,1,-0.018072051980801307
2026-01-11 14:45:00,AWS_01,0,normal,none,0,0.024950436968830425
2026-01-11 15:00:00,AWS_01,0,normal,none,0,0.031615890639944355
2026-01-11 15:15:00,AWS_01,0,normal,none,0,0.02614447211759252
2026-01-11 15:30:00,AWS_01,0,normal,none,0,0.006737195172715482
2026-01-11 15:45:00,AWS_01,0,normal,none,1,-0.0068692034781207
2026-01-11 16:00:00,AWS_01,0,normal,none,1,-0.055517305036484776
2026-01-11 16:15:00,AWS_01,0,normal,none,1,-0.019013718251382206
2026-01-11 16:30:00,AWS_01,0,normal,none,1,-0.00731733630263931
2026-01-11 16:45:00,AWS_01,0,normal,none,1,-0.013653382613178833
2026-01-11 17:00:00,AWS_01,0,normal,none,0,0.0021187370870695554
2026-01-11 17:15:00,AWS_01,0,normal,none,1,-0.025586502148494894
2026-01-11 17:30:00,AWS_01,0,normal,none,0,0.031085264640801746
2026-01-11 17:45:00,AWS_01,0,normal,none,0,0.05050881771701343
2026-01-11 18:00:00,AWS_01,0,normal,none,0,0.04113760912071318
2026-01-11 18:15:00,AWS_01,0,normal,none,0,0.027402723795526218
2026-01-11 18:30:00,AWS_01,0,normal,none,1,-0.007867003207381096
2026-01-11 18:45:00,AWS_01,0,normal,none,0,0.04133451588450565
2026-01-11 19:00:00,AWS_01,0,normal,none,0,0.0342699396961193
2026-01-11 19:15:00,AWS_01,0,normal,none,1,-0.00574348515532519
2026-01-11 19:30:00,AWS_01,0,normal,none,0,0.04109932610594791
2026-01-11 19:45:00,AWS_01,0,normal,none,0,0.0798517439319717
2026-01-11 20:00:00,AWS_01,0,normal,none,0,0.04297936477377712
2026-01-11 20:15:00,AWS_01,0,normal,none,0,0.03998204296683777
2026-01-11 20:30:00,AWS_01,0,normal,none,0,0.037730863145435445
2026-01-11 20:45:00,AWS_01,0,normal,none,0,0.057504495689110535
2026-01-11 21:00:00,AWS_01,0,normal,none,0,0.0724234294112025
2026-01-11 21:15:00,AWS_01,0,normal,none,0,0.05557172963101731
2026-01-11 21:30:00,AWS_01,0,normal,none,0,0.043610760766498335
2026-01-11 21:45:00,AWS_01,0,normal,none,0,0.04463305025431075
2026-01-11 22:00:00,AWS_01,0,normal,none,0,0.04607713536427793
2026-01-11 22:15:00,AWS_01,0,normal,none,0,0.07979137185535967
2026-01-11 22:30:00,AWS_01,0,normal,none,0,0.08944820221443511
2026-01-11 22:45:00,AWS_01,0,normal,none,0,0.084125704180606
2026-01-11 23:00:00,AWS_01,0,normal,none,0,0.013946931996199285
2026-01-11 23:15:00,AWS_01,0,normal,none,0,0.04278139586200175
2026-01-11 23:30:00,AWS_01,0,normal,none,0,0.08391868941989983
2026-01-11 23:45:00,AWS_01,0,normal,none,0,0.08997780250340709
2026-01-12 00:00:00,AWS_01,0,normal,none,0,0.08545931732174977
2026-01-12 00:15:00,AWS_01,0,normal,none,0,0.07870883839831161
2026-01-12 00:30:00,AWS_01,0,normal,none,0,0.07011002376517123
2026-01-12 00:45:00,AWS_01,0,normal,none,0,0.04957789565220305
2026-01-12 01:00:00,AWS_01,0,normal,none,0,0.03313367243915516
2026-01-12 01:15:00,AWS_01,0,normal,none,0,0.029379124018026226
2026-01-12 01:30:00,AWS_01,0,normal,none,0,0.0769662596173849
2026-01-12 01:45:00,AWS_01,0,normal,none,0,0.039402515148947104
2026-01-12 02:00:00,AWS_01,0,normal,none,0,0.07592868226212707
2026-01-12 02:15:00,AWS_01,0,normal,none,0,0.0720247117637609
2026-01-12 02:30:00,AWS_01,0,normal,none,0,0.03402840609483948
2026-01-12 02:45:00,AWS_01,0,normal,none,0,0.07495980690876375
2026-01-12 03:00:00,AWS_01,0,normal,none,0,0.04078808342440454
2026-01-12 03:15:00,AWS_01,0,normal,none,0,0.0864761323122667
2026-01-12 03:30:00,AWS_01,0,normal,none,0,0.07640331698608738
2026-01-12 03:45:00,AWS_01,0,normal,none,0,0.06417742632969214
2026-01-12 04:00:00,AWS_01,0,normal,none,0,0.011650142388042795
2026-01-12 04:15:00,AWS_01,0,normal,none,0,0.032428342955887424
2026-01-12 04:30:00,AWS_01,0,normal,none,0,0.08496674861171666
2026-01-12 04:45:00,AWS_01,0,normal,none,0,0.09313972009277044
2026-01-12 05:00:00,AWS_01,0,normal,none,0,0.09327115145644943
2026-01-12 05:15:00,AWS_01,0,normal,none,0,0.06733947947279528
2026-01-12 05:30:00,AWS_01,0,normal,none,0,0.03211195330677713
2026-01-12 05:45:00,AWS_01,0,normal,none,0,0.03280203733714926
2026-01-12 06:00:00,AWS_01,0,normal,none,0,0.07428735705968925
2026-01-12 06:15:00,AWS_01,0,normal,none,0,0.06066092063770351
2026-01-12 06:30:00,AWS_01,0,normal,none,0,0.08071287764854768
2026-01-12 06:45:00,AWS_01,0,normal,none,0,0.039491901870204627
2026-01-12 07:00:00,AWS_01,0,normal,none,0,0.0855295183319178
2026-01-12 07:15:00,AWS_01,0,normal,none,0,0.07747502545063684
2026-01-12 07:30:00,AWS_01,0,normal,none,0,0.07904854202141876
2026-01-12 07:45:00,AWS_01,0,normal,none,1,-0.0074360389848027175
2026-01-12 08:00:00,AWS_01,0,normal,none,1,-0.05528173158199012
2026-01-12 08:15:00,AWS_01,0,normal,none,0,0.09024991280098921
2026-01-12 08:30:00,AWS_01,0,normal,none,0,0.049547598038264196
2026-01-12 08:45:00,AWS_01,0,normal,none,0,0.032121919600308635
2026-01-12 09:00:00,AWS_01,0,normal,none,0,0.039119275629666606
2026-01-12 09:15:00,AWS_01,0,normal,none,0,0.03035363521849138
2026-01-12 09:30:00,AWS_01,0,normal,none,0,0.041154224728399746
2026-01-12 09:45:00,AWS_01,0,normal,none,0,0.03600918729995045
2026-01-12 10:00:00,AWS_01,0,normal,none,0,0.04507912005791437
2026-01-12 10:15:00,AWS_01,0,normal,none,0,0.07294551492639767
2026-01-12 10:30:00,AWS_01,0,normal,none,0,0.07579199713155765
2026-01-12 10:45:00,AWS_01,0,normal,none,0,0.07914944779938965
2026-01-12 11:00:00,AWS_01,0,normal,none,1,-0.010970298615296525
2026-01-12 11:15:00,AWS_01,0,normal,none,0,0.05973376675056469
2026-01-12 11:30:00,AWS_01,0,normal,none,1,-0.003367213307682637
2026-01-12 11:45:00,AWS_01,0,normal,none,0,0.011115371054410461
2026-01-12 12:00:00,AWS_01,0,normal,none,1,-0.050661109740330335
2026-01-12 12:15:00,AWS_01,0,normal,none,0,0.03680265964988161
2026-01-12 12:30:00,AWS_01,0,normal,none,0,0.0073651442581078586
2026-01-12 12:45:00,AWS_01,0,normal,none,0,0.03542200944535229
2026-01-12 13:00:00,AWS_01,0,normal,none,0,0.03569614321190101
2026-01-12 13:15:00,AWS_01,0,normal,none,0,0.045325554250012945
2026-01-12 13:30:00,AWS_01,0,normal,none,0,0.016818994390268904
2026-01-12 13:45:00,AWS_01,0,normal,none,0,0.039089862647918694
2026-01-12 14:00:00,AWS_01,0,normal,none,0,0.013731838931073437
2026-01-12 14:15:00,AWS_01,0,normal,none,1,-0.017624227357765143
2026-01-12 14:30:00,AWS_01,0,normal,none,1,-0.002988965382860309
2026-01-12 14:45:00,AWS_01,0,normal,none,1,-0.016182011966051735
2026-01-12 15:00:00,AWS_01,0,normal,none,0,0.03741053618158652
2026-01-12 15:15:00,AWS_01,0,normal,none,1,-0.019746902937806343
2026-01-12 15:30:00,AWS_01,0,normal,none,1,-0.0035662284876409878
2026-01-12 15:45:00,AWS_01,0,normal,none,0,0.010324388399825135
2026-01-12 16:00:00,AWS_01,0,normal,none,0,0.0022949341554905356
2026-01-12 16:15:00,AWS_01,0,normal,none,1,-0.015944217979015574
2026-01-12 16:30:00,AWS_01,0,normal,none,1,-0.008351885167951156
2026-01-12 16:45:00,AWS_01,0,normal,none,1,-0.01357581665516261
2026-01-12 17:00:00,AWS_01,0,normal,none,0,0.014940177692644663
2026-01-12 17:15:00,AWS_01,0,normal,none,1,-0.016735656309245783
2026-01-12 17:30:00,AWS_01,0,normal,none,1,-0.007367151926393589
2026-01-12 17:45:00,AWS_01,0,normal,none,0,0.044440481247029096
2026-01-12 18:00:00,AWS_01,0,normal,none,0,0.03264825303338881
2026-01-12 18:15:00,AWS_01,0,normal,none,1,-0.04324179312062226
2026-01-12 18:30:00,AWS_01,0,normal,none,1,-0.017998840209947686
2026-01-12 18:45:00,AWS_01,0,normal,none,1,-0.043635737145719555
2026-01-12 19:00:00,AWS_01,0,normal,none,0,0.027640951492766686
2026-01-12 19:15:00,AWS_01,0,normal,none,0,0.03516971059378815
2026-01-12 19:30:00,AWS_01,0,normal,none,0,0.051907041986285485
2026-01-12 19:45:00,AWS_01,0,normal,none,1,-0.02609354145510534
2026-01-12 20:00:00,AWS_01,0,normal,none,0,0.06953863664292054
2026-01-12 20:15:00,AWS_01,0,normal,none,0,0.0532426063232308
2026-01-12 20:30:00,AWS_01,0,normal,none,0,0.04761770364247958
2026-01-12 20:45:00,AWS_01,0,normal,none,0,0.08546898618803145
2026-01-12 21:00:00,AWS_01,0,normal,none,0,0.07363378907047297
2026-01-12 21:15:00,AWS_01,0,normal,none,0,0.015786175127255553
2026-01-12 21:30:00,AWS_01,0,normal,none,0,0.054186513809245884
2026-01-12 21:45:00,AWS_01,0,normal,none,0,0.06800703301038302
2026-01-12 22:00:00,AWS_01,0,normal,none,0,0.07050087614096134
2026-01-12 22:15:00,AWS_01,0,normal,none,0,0.06886347161937573
2026-01-12 22:30:00,AWS_01,0,normal,none,0,0.08969990864512495
2026-01-12 22:45:00,AWS_01,0,normal,none,0,0.07383359012312668
2026-01-12 23:00:00,AWS_01,0,normal,none,0,0.025707408982954594
2026-01-12 23:15:00,AWS_01,0,normal,none,0,0.08337241751503371
2026-01-12 23:30:00,AWS_01,0,normal,none,0,0.07766786181156243
2026-01-12 23:45:00,AWS_01,0,normal,none,0,0.008843004174503732
2026-01-13 00:00:00,AWS_01,0,normal,none,0,0.03660961006004926
2026-01-13 00:15:00,AWS_01,0,normal,none,0,0.032802461394443705
2026-01-13 00:30:00,AWS_01,0,normal,none,0,0.08062583909477311
2026-01-13 00:45:00,AWS_01,0,normal,none,0,0.054049565618757456
2026-01-13 01:00:00,AWS_01,0,normal,none,0,0.07109450012665952
2026-01-13 01:15:00,AWS_01,0,normal,none,0,0.10202911986222823
2026-01-13 01:30:00,AWS_01,0,normal,none,0,0.030370796181891035
2026-01-13 01:45:00,AWS_01,0,normal,none,0,0.03778170273042292
2026-01-13 02:00:00,AWS_01,0,normal,none,0,0.02182694479345998
2026-01-13 02:15:00,AWS_01,0,normal,none,0,0.04953685664920965
2026-01-13 02:30:00,AWS_01,0,normal,none,0,0.015216724775794332
2026-01-13 02:45:00,AWS_01,0,normal,none,1,-0.030972136813495088
2026-01-13 03:00:00,AWS_01,0,normal,none,0,0.010144225740506718
2026-01-13 03:15:00,AWS_01,0,normal,none,0,0.07822836849098774
2026-01-13 03:30:00,AWS_01,0,normal,none,0,0.030654174008485913
2026-01-13 03:45:00,AWS_01,0,normal,none,0,0.049115822867953185
2026-01-13 04:00:00,AWS_01,0,normal,none,0,0.00562691883862898
2026-01-13 04:15:00,AWS_01,0,normal,none,0,0.08005544257157454
2026-01-13 04:30:00,AWS_01,0,normal,none,0,0.09632999631480516
2026-01-13 04:45:00,AWS_01,0,normal,none,0,0.024391780377918892
2026-01-13 05:00:00,AWS_01,0,normal,none,0,0.08235078679524449
2026-01-13 05:15:00,AWS_01,0,normal,none,0,0.0998897619879408
2026-01-13 05:30:00,AWS_01,0,normal,none,0,0.08402508188083618
2026-01-13 05:45:00,AWS_01,0,normal,none,0,0.09221951481016344
2026-01-13 06:00:00,AWS_01,0,normal,none,0,0.10084946690179397
2026-01-13 06:15:00,AWS_01,0,normal,none,0,0.09895010991570269
2026-01-13 06:30:00,AWS_01,0,normal,none,0,0.08654996851447833
2026-01-13 06:45:00,AWS_01,0,normal,none,0,0.06725084759014072
2026-01-13 07:00:00,AWS_01,0,normal,none,0,0.07637024211474297
2026-01-13 07:15:00,AWS_01,0,normal,none,0,0.09418312470065138
2026-01-13 07:30:00,AWS_01,0,normal,none,0,0.09160814754859725
2026-01-13 07:45:00,AWS_01,0,normal,none,0,0.08251868085432773
2026-01-13 08:00:00,AWS_01,0,normal,none,0,0.09989494792859283
2026-01-13 08:15:00,AWS_01,0,normal,none,0,0.015460076010891333
2026-01-13 08:30:00,AWS_01,0,normal,none,0,0.09092444665927835
2026-01-13 08:45:00,AWS_01,0,normal,none,0,0.0998418250970356
2026-01-13 09:00:00,AWS_01,0,normal,none,0,0.10446074805896871
2026-01-13 09:15:00,AWS_01,0,normal,none,0,0.06398692187441185
2026-01-13 09:30:00,AWS_01,0,normal,none,0,0.09243487498996522
2026-01-13 09:45:00,AWS_01,0,normal,none,0,0.09435528984563524
2026-01-13 10:00:00,AWS_01,0,normal,none,0,0.1054462708879002
2026-01-13 10:15:00,AWS_01,0,normal,none,0,0.04229958079188667
2026-01-13 10:30:00,AWS_01,0,normal,none,0,0.06145027701572814
2026-01-13 10:45:00,AWS_01,0,normal,none,0,0.047480657886318
2026-01-13 11:00:00,AWS_01,0,normal,none,0,0.08141869837115556
2026-01-13 11:15:00,AWS_01,0,normal,none,0,0.014616914043357798
2026-01-13 11:30:00,AWS_01,0,normal,none,1,-0.0476099478870774
2026-01-13 11:45:00,AWS_01,0,normal,none,0,0.006511408477617331
2026-01-13 12:00:00,AWS_01,0,normal,none,0,0.06077976006993202
2026-01-13 12:15:00,AWS_01,0,normal,none,0,0.024788460062421358
2026-01-13 12:30:00,AWS_01,0,normal,none,1,-0.02897109811769405
2026-01-13 12:45:00,AWS_01,0,normal,none,0,0.03709985838681645
2026-01-13 13:00:00,AWS_01,0,normal,none,1,-0.005793942873345781
2026-01-13 13:15:00,AWS_01,0,normal,none,0,0.04553306758108072
2026-01-13 13:30:00,AWS_01,0,normal,none,0,0.05844409476288481
2026-01-13 13:45:00,AWS_01,0,normal,none,0,0.056819915413654554
2026-01-13 14:00:00,AWS_01,0,normal,none,0,0.04487128379385241
2026-01-13 14:15:00,AWS_01,0,normal,none,0,0.04878811870539074
2026-01-13 14:30:00,AWS_01,0,normal,none,0,0.031344156169116566
2026-01-13 14:45:00,AWS_01,0,normal,none,0,0.030127356816079365
2026-01-13 15:00:00,AWS_01,0,normal,none,0,0.052815411309046045
2026-01-13 15:15:00,AWS_01,0,normal,none,0,0.04235017996130597
2026-01-13 15:30:00,AWS_01,0,normal,none,0,0.051135351626592884
2026-01-13 15:45:00,AWS_01,0,normal,none,0,0.049903303331221005
2026-01-13 16:00:00,AWS_01,0,normal,none,0,0.039874274023855794
2026-01-13 16:15:00,AWS_01,0,normal,none,0,0.06509730751955406
2026-01-13 16:30:00,AWS_01,0,normal,none,0,0.0036298456184477024
2026-01-13 16:45:00,AWS_01,0,normal,none,0,0.03759659327996118
2026-01-13 17:00:00,AWS_01,0,normal,none,0,0.03893905598883207
2026-01-13 17:15:00,AWS_01,0,normal,none,0,0.08865841151505072
2026-01-13 17:30:00,AWS_01,0,normal,none,0,0.05221697903564598
2026-01-13 17:45:00,AWS_01,0,normal,none,0,0.05316415373457484
2026-01-13 18:00:00,AWS_01,0,normal,none,0,0.07111231935049983
2026-01-13 18:15:00,AWS_01,0,normal,none,0,0.04812636468450332
2026-01-13 18:30:00,AWS_01,0,normal,none,0,0.0777232567830905
2026-01-13 18:45:00,AWS_01,0,normal,none,0,0.09324301752544473
2026-01-13 19:00:00,AWS_01,0,normal,none,0,0.06441100127397997
2026-01-13 19:15:00,AWS_01,0,normal,none,0,0.06063358289486653
2026-01-13 19:30:00,AWS_01,0,normal,none,0,0.09575431401996504
2026-01-13 19:45:00,AWS_01,0,normal,none,0,0.04143791033653177
2026-01-13 20:00:00,AWS_01,0,normal,none,0,0.04016141728714495
2026-01-13 20:15:00,AWS_01,0,normal,none,0,0.0258381697434108
2026-01-13 20:30:00,AWS_01,0,normal,none,0,0.09006669268204875
2026-01-13 20:45:00,AWS_01,0,normal,none,0,0.1071397831188517
2026-01-13 21:00:00,AWS_01,0,normal,none,0,0.06067812253113847
2026-01-13 21:15:00,AWS_01,0,normal,none,1,-0.02557838924651945
2026-01-13 21:30:00,AWS_01,0,normal,none,0,0.10805303094516033
2026-01-13 21:45:00,AWS_01,0,normal,none,0,0.05713305336905666
2026-01-13 22:00:00,AWS_01,0,normal,none,0,0.07233505871126061
2026-01-13 22:15:00,AWS_01,0,normal,none,0,0.10501584467063274
2026-01-13 22:30:00,AWS_01,0,normal,none,0,0.10024751004686783
2026-01-13 22:45:00,AWS_01,0,normal,none,0,0.05095409786657623
2026-01-13 23:00:00,AWS_01,0,normal,none,0,0.10292916767371718
2026-01-13 23:15:00,AWS_01,0,normal,none,0,0.06282599675063039
2026-01-13 23:30:00,AWS_01,0,normal,none,0,0.09482599467151298
2026-01-13 23:45:00,AWS_01,0,normal,none,0,0.1107848125472286
2026-01-14 00:00:00,AWS_01,0,normal,none,0,0.0507998371411878
2026-01-14 00:15:00,AWS_01,0,normal,none,0,0.0685145885229414
2026-01-14 00:30:00,AWS_01,0,normal,none,0,0.03786186880702952
2026-01-14 00:45:00,AWS_01,0,normal,none,0,0.1045930943885563
2026-01-14 01:00:00,AWS_01,0,normal,none,0,0.09311465158846233
2026-01-14 01:15:00,AWS_01,0,normal,none,0,0.10970242274070952
2026-01-14 01:30:00,AWS_01,0,normal,none,0,0.10127823998857266
2026-01-14 01:45:00,AWS_01,0,normal,none,0,0.09840407750404723
2026-01-14 02:00:00,AWS_01,0,normal,none,0,0.0638264617853857
2026-01-14 02:15:00,AWS_01,0,normal,none,0,0.09278380581594364
2026-01-14 02:30:00,AWS_01,0,normal,none,0,0.03916277056514256
2026-01-14 02:45:00,AWS_01,0,normal,none,0,0.07438576072410918
2026-01-14 03:00:00,AWS_01,0,normal,none,0,0.04665359417260356
2026-01-14 03:15:00,AWS_01,0,normal,none,0,0.04438885342986071
2026-01-14 03:30:00,AWS_01,0,normal,none,0,0.0772414692810029
2026-01-14 03:45:00,AWS_01,0,normal,none,0,0.09196938213785316
2026-01-14 04:00:00,AWS_01,0,normal,none,0,0.0667622617406794
2026-01-14 04:15:00,AWS_01,0,normal,none,0,0.04503375138721771
2026-01-14 04:30:00,AWS_01,0,normal,none,0,0.031074267104694964
2026-01-14 04:45:00,AWS_01,0,normal,none,1,-0.03208674065978023
2026-01-14 05:00:00,AWS_01,0,normal,none,0,0.02753485130865535
2026-01-14 05:15:00,AWS_01,0,normal,none,0,0.06102802874606916
2026-01-14 05:30:00,AWS_01,0,normal,none,0,0.05608774272623768
2026-01-14 05:45:00,AWS_01,0,normal,none,0,0.06337822735814008
2026-01-14 06:00:00,AWS_01,0,normal,none,0,0.07234416981923186
2026-01-14 06:15:00,AWS_01,0,normal,none,0,0.08751667006739045
2026-01-14 06:30:00,AWS_01,0,normal,none,0,0.0016282058206867345
2026-01-14 06:45:00,AWS_01,0,normal,none,0,0.10496437325340408
2026-01-14 07:00:00,AWS_01,0,normal,none,0,0.03301671808666701
2026-01-14 07:15:00,AWS_01,0,normal,none,0,0.06630586443893655
2026-01-14 07:30:00,AWS_01,0,normal,none,0,0.09042191990414095
2026-01-14 07:45:00,AWS_01,0,normal,none,0,0.0806019078832112
2026-01-14 08:00:00,AWS_01,0,normal,none,0,0.08745384764010677
2026-01-14 08:15:00,AWS_01,0,normal,none,0,0.09997940007943845
2026-01-14 08:30:00,AWS_01,0,normal,none,0,0.06606098455772114
2026-01-14 08:45:00,AWS_01,0,normal,none,0,0.056652321533092465
2026-01-14 09:00:00,AWS_01,0,normal,none,0,0.06601901651523018
2026-01-14 09:15:00,AWS_01,0,normal,none,0,0.07507921663565392
2026-01-14 09:30:00,AWS_01,0,normal,none,0,0.08570010969983394
2026-01-14 09:45:00,AWS_01,0,normal,none,0,0.09951609546568024
2026-01-14 10:00:00,AWS_01,0,normal,none,0,0.09982070828499717
2026-01-14 10:15:00,AWS_01,0,normal,none,0,0.07755119279411804
2026-01-14 10:30:00,AWS_01,0,normal,none,0,0.060286356184240164
2026-01-14 10:45:00,AWS_01,0,normal,none,0,0.00438645063106341
2026-01-14 11:00:00,AWS_01,0,normal,none,0,0.08702838298050841
2026-01-14 11:15:00,AWS_01,0,normal,none,0,0.06035633447409244
2026-01-14 11:30:00,AWS_01,0,normal,none,0,0.08364342682641313
2026-01-14 11:45:00,AWS_01,0,normal,none,0,0.07699661989640444
2026-01-14 12:00:00,AWS_01,0,normal,none,0,0.08035338544245696
2026-01-14 12:15:00,AWS_01,0,normal,none,0,0.08447101216838393
2026-01-14 12:30:00,AWS_01,0,normal,none,0,0.00489015729709219
2026-01-14 12:45:00,AWS_01,0,normal,none,0,0.05471179204477111
2026-01-14 13:00:00,AWS_01,0,normal,none,0,0.03396658437970734
2026-01-14 13:15:00,AWS_01,0,normal,none,0,0.04123882847059507
2026-01-14 13:30:00,AWS_01,0,normal,none,0,0.07404717124352855
2026-01-14 13:45:00,AWS_01,0,normal,none,0,0.06630040660384645
2026-01-14 14:00:00,AWS_01,0,normal,none,0,0.02296490947036678
2026-01-14 14:15:00,AWS_01,0,normal,none,1,-0.007167964303082308
2026-01-14 14:30:00,AWS_01,0,normal,none,1,-0.009324407710440519
2026-01-14 14:45:00,AWS_01,0,normal,none,0,0.009337257603437898
2026-01-14 15:00:00,AWS_01,0,normal,none,0,0.054362171525126624
2026-01-14 15:15:00,AWS_01,0,normal,none,0,0.06046435296439656
2026-01-14 15:30:00,AWS_01,0,normal,none,1,-0.005238726587633802
2026-01-14 15:45:00,AWS_01,0,normal,none,0,0.04889037742552704
2026-01-14 16:00:00,AWS_01,0,normal,none,0,0.012187582733913571
2026-01-14 16:15:00,AWS_01,0,normal,none,0,0.007037370663796838
2026-01-14 16:30:00,AWS_01,0,normal,none,0,0.036553921391785704
2026-01-14 16:45:00,AWS_01,0,normal,none,0,0.039520486450030645
2026-01-14 17:00:00,AWS_01,0,normal,none,0,0.07752095743413356
2026-01-14 17:15:00,AWS_01,0,normal,none,0,0.016468322372347466
2026-01-14 17:30:00,AWS_01,0,normal,none,0,0.04811081046333948
2026-01-14 17:45:00,AWS_01,0,normal,none,0,0.05123396779547623
2026-01-14 18:00:00,AWS_01,0,normal,none,0,0.07062439385911135
2026-01-14 18:15:00,AWS_01,0,normal,none,0,0.08021421464433914
2026-01-14 18:30:00,AWS_01,0,normal,none,0,0.07895452849545975
2026-01-14 18:45:00,AWS_01,0,normal,none,0,0.09507199362215757
2026-01-14 19:00:00,AWS_01,0,normal,none,0,0.05288819747586471
2026-01-14 19:15:00,AWS_01,0,normal,none,0,0.04723113837316123
2026-01-14 19:30:00,AWS_01,0,normal,none,0,0.032643785151306004
2026-01-14 19:45:00,AWS_01,0,normal,none,1,-0.03375099343763477
2026-01-14 20:00:00,AWS_01,0,normal,none,0,0.11312727729450883
2026-01-14 20:15:00,AWS_01,0,normal,none,0,0.10698452776555312
2026-01-14 20:30:00,AWS_01,0,normal,none,0,0.09735424619604027
2026-01-14 20:45:00,AWS_01,0,normal,none,0,0.037628540366569874
2026-01-14 21:00:00,AWS_01,0,normal,none,0,0.10472729764463828
2026-01-14 21:15:00,AWS_01,0,normal,none,0,0.09169302036284022
2026-01-14 21:30:00,AWS_01,0,normal,none,0,0.097089403250613
2026-01-14 21:45:00,AWS_01,0,normal,none,0,0.06987632319468612
2026-01-14 22:00:00,AWS_01,0,normal,none,0,0.05709270919456538
2026-01-14 22:15:00,AWS_01,0,normal,none,0,0.02907917261792503
2026-01-14 22:30:00,AWS_01,0,normal,none,0,0.11187647619667829
2026-01-14 22:45:00,AWS_01,0,normal,none,0,0.009079822035023166
2026-01-14 23:00:00,AWS_01,0,normal,none,0,0.05880963999413946
2026-01-14 23:15:00,AWS_01,0,normal,none,0,0.09118194724026263
2026-01-14 23:30:00,AWS_01,0,normal,none,0,0.0970037673806809
2026-01-14 23:45:00,AWS_01,0,normal,none,0,0.09876861254961478
2026-01-15 00:00:00,AWS_01,0,normal,none,0,0.07776021571425817
2026-01-15 00:15:00,AWS_01,0,normal,none,0,0.09478538087910765
2026-01-15 00:30:00,AWS_01,0,normal,none,0,0.10433130229462828
2026-01-15 00:45:00,AWS_01,0,normal,none,0,0.09518282201992001
2026-01-15 01:00:00,AWS_01,0,normal,none,0,0.09782066202472284
2026-01-15 01:15:00,AWS_01,0,normal,none,0,0.07422859283175831
2026-01-15 01:30:00,AWS_01,0,normal,none,0,0.004207993811843003
2026-01-15 01:45:00,AWS_01,0,normal,none,0,0.08963139138927945
2026-01-15 02:00:00,AWS_01,0,normal,none,0,0.08371108295598312
2026-01-15 02:15:00,AWS_01,0,normal,none,0,0.05067681041642086
2026-01-15 02:30:00,AWS_01,0,normal,none,1,-0.0056640268511947145
2026-01-15 02:45:00,AWS_01,0,normal,none,0,0.042005141248065425
2026-01-15 03:00:00,AWS_01,0,normal,none,0,0.003040547160633178
2026-01-15 03:15:00,AWS_01,0,normal,none,0,0.058728392221518544
2026-01-15 03:30:00,AWS_01,0,normal,none,0,0.07522728946204771
2026-01-15 03:45:00,AWS_01,0,normal,none,0,0.0586210285723876
2026-01-15 04:00:00,AWS_01,0,normal,none,0,0.05570411813963472
2026-01-15 04:15:00,AWS_01,0,normal,none,0,0.0028906771821005095
2026-01-15 04:30:00,AWS_01,0,normal,none,0,0.08279138553126719
2026-01-15 04:45:00,AWS_01,0,normal,none,0,0.07499835933109072
2026-01-15 05:00:00,AWS_01,0,normal,none,0,0.05393745773216052
2026-01-15 05:15:00,AWS_01,0,normal,none,0,0.03885586395979912
2026-01-15 05:30:00,AWS_01,0,normal,none,0,0.05886511046645826
2026-01-15 05:45:00,AWS_01,0,normal,none,0,0.05026402741680591
2026-01-15 06:00:00,AWS_01,0,normal,none,0,0.09399467516149868
2026-01-15 06:15:00,AWS_01,0,normal,none,0,0.07523161908333398
2026-01-15 06:30:00,AWS_01,0,normal,none,0,0.08458312891095116
2026-01-15 06:45:00,AWS_01,0,normal,none,0,0.08965128878073686
2026-01-15 07:00:00,AWS_01,0,normal,none,0,0.04866351294124699
2026-01-15 07:15:00,AWS_01,0,normal,none,0,0.08927612763747167
2026-01-15 07:30:00,AWS_01,0,normal,none,0,0.052220686717381226
2026-01-15 07:45:00,AWS_01,0,normal,none,0,0.07749937759769798
2026-01-15 08:00:00,AWS_01,0,normal,none,0,0.03854166024062228
2026-01-15 08:15:00,AWS_01,0,normal,none,0,0.011294473227189905
2026-01-15 08:30:00,AWS_01,0,normal,none,0,0.06158035670104561
2026-01-15 08:45:00,AWS_01,0,normal,none,0,0.02564596988952944
2026-01-15 09:00:00,AWS_01,0,normal,none,0,0.030003453725155005
2026-01-15 09:15:00,AWS_01,0,normal,none,0,0.09257481648849814
2026-01-15 09:30:00,AWS_01,0,normal,none,0,0.028875997743693704
2026-01-15 09:45:00,AWS_01,0,normal,none,0,0.07611889205941169
2026-01-15 10:00:00,AWS_01,0,normal,none,0,0.09188327870051083
2026-01-15 10:15:00,AWS_01,0,normal,none,0,0.06687930498753031
2026-01-15 10:30:00,AWS_01,0,normal,none,0,0.056124110174218145
2026-01-15 10:45:00,AWS_01,0,normal,none,0,0.08480376546639806
2026-01-15 11:00:00,AWS_01,0,normal,none,0,0.05208360041802518
2026-01-15 11:15:00,AWS_01,0,normal,none,0,0.07294314605710367
2026-01-15 11:30:00,AWS_01,0,normal,none,0,0.057138674420301405
2026-01-15 11:45:00,AWS_01,0,normal,none,0,0.04373215919008
2026-01-15 12:00:00,AWS_01,0,normal,none,0,0.06673049830486216
2026-01-15 12:15:00,AWS_01,0,normal,none,1,-0.007106684264945207
2026-01-15 12:30:00,AWS_01,0,normal,none,0,0.05370692456420967
2026-01-15 12:45:00,AWS_01,0,normal,none,0,0.05230484519886203
2026-01-15 13:00:00,AWS_01,0,normal,none,0,0.08295668493433189
2026-01-15 13:15:00,AWS_01,0,normal,none,0,0.08894940341059332
2026-01-15 13:30:00,AWS_01,0,normal,none,0,0.051966790848158306
2026-01-15 13:45:00,AWS_01,0,normal,none,0,0.07051665396295992
2026-01-15 14:00:00,AWS_01,0,normal,none,1,-0.022825764405422944
2026-01-15 14:15:00,AWS_01,0,normal,none,0,0.02504563389981751
2026-01-15 14:30:00,AWS_01,0,normal,none,0,0.0067346855493709
2026-01-15 14:45:00,AWS_01,0,normal,none,1,-0.0019087328234760337
2026-01-15 15:00:00,AWS_01,0,normal,none,0,0.04939799539250106
2026-01-15 15:15:00,AWS_01,0,normal,none,0,0.032034207103396106
2026-01-15 15:30:00,AWS_01,0,normal,none,0,0.05493335689901674
2026-01-15 15:45:00,AWS_01,0,normal,none,0,0.05150876176347963
2026-01-15 16:00:00,AWS_01,0,normal,none,0,0.06955213646742237
2026-01-15 16:15:00,AWS_01,0,normal,none,0,0.03506943748770569
2026-01-15 16:30:00,AWS_01,0,normal,none,1,-0.011767559348992207
2026-01-15 16:45:00,AWS_01,0,normal,none,1,-0.03148891185670599
2026-01-15 17:00:00,AWS_01,0,normal,none,0,0.04115384066289185
2026-01-15 17:15:00,AWS_01,0,normal,none,0,0.021653724756364012
2026-01-15 17:30:00,AWS_01,0,normal,none,0,0.04640352475878584
2026-01-15 17:45:00,AWS_01,0,normal,none,0,0.031295610883867786
2026-01-15 18:00:00,AWS_01,0,normal,none,0,0.056420456078988546
2026-01-15 18:15:00,AWS_01,0,normal,none,0,0.0011271937034925683
2026-01-15 18:30:00,AWS_01,0,normal,none,0,0.0387789003416098
2026-01-15 18:45:00,AWS_01,0,normal,none,0,0.050816099042212404
2026-01-15 19:00:00,AWS_01,0,normal,none,0,0.05661570566392149
2026-01-15 19:15:00,AWS_01,0,normal,none,0,0.08154390343066875
2026-01-15 19:30:00,AWS_01,0,normal,none,0,0.08402443572649926
2026-01-15 19:45:00,AWS_01,0,normal,none,0,0.08447563336236175
2026-01-15 20:00:00,AWS_01,0,normal,none,1,-0.019893599735977707
2026-01-15 20:15:00,AWS_01,0,normal,none,0,0.006617669862233
2026-01-15 20:30:00,AWS_01,0,normal,none,0,0.07787501885324372
2026-01-15 20:45:00,AWS_01,0,normal,none,0,0.09111283309029916
2026-01-15 21:00:00,AWS_01,0,normal,none,0,0.013967977781192908
2026-01-15 21:15:00,AWS_01,0,normal,none,0,0.0832687397740502
2026-01-15 21:30:00,AWS_01,0,normal,none,0,0.10508137516690491
2026-01-15 21:45:00,AWS_01,0,normal,none,0,0.10255759684167232
2026-01-15 22:00:00,AWS_01,0,normal,none,0,0.05380853416205178
2026-01-15 22:15:00,AWS_01,0,normal,none,0,0.0813470958284408
2026-01-15 22:30:00,AWS_01,0,normal,none,0,0.08046750005938319
2026-01-15 22:45:00,AWS_01,0,normal,none,0,0.09836641224782272
2026-01-15 23:00:00,AWS_01,0,normal,none,0,0.05754875546041621
2026-01-15 23:15:00,AWS_01,0,normal,none,0,0.03800908567950029
2026-01-15 23:30:00,AWS_01,0,normal,none,0,0.07297212514568696
2026-01-15 23:45:00,AWS_01,0,normal,none,0,0.06629828487740225
2026-01-16 00:00:00,AWS_01,0,normal,none,0,0.038875397282155444
2026-01-16 00:15:00,AWS_01,0,normal,none,0,0.056284915058655516
2026-01-16 00:30:00,AWS_01,0,normal,none,0,0.07929612661403557
2026-01-16 00:45:00,AWS_01,0,normal,none,1,-0.04875117428872122
2026-01-16 01:00:00,AWS_01,0,normal,none,0,0.021554823031624037
2026-01-16 01:15:00,AWS_01,0,normal,none,0,0.10547742392918663
2026-01-16 01:30:00,AWS_01,0,normal,none,0,0.07841225843171135
2026-01-16 01:45:00,AWS_01,0,normal,none,0,0.08852587330742517
2026-01-16 02:00:00,AWS_01,0,normal,none,0,0.062460754581722566
2026-01-16 02:15:00,AWS_01,0,normal,none,0,0.07644014450193387
2026-01-16 02:30:00,AWS_01,0,normal,none,0,0.08342117559486306
2026-01-16 02:45:00,AWS_01,0,normal,none,0,0.06739101071143738
2026-01-16 03:00:00,AWS_01,0,normal,none,0,0.07600390727681816
2026-01-16 03:15:00,AWS_01,0,normal,none,0,0.08080409803810223
2026-01-16 03:30:00,AWS_01,0,normal,none,0,0.09070085608608486
2026-01-16 03:45:00,AWS_01,0,normal,none,0,0.02616444087467429
2026-01-16 04:00:00,AWS_01,0,normal,none,0,0.09105366196331072
2026-01-16 04:15:00,AWS_01,0,normal,none,0,0.05432355983113735
2026-01-16 04:30:00,AWS_01,0,normal,none,0,0.09543848091774554
2026-01-16 04:45:00,AWS_01,0,normal,none,0,0.041356355677886814
2026-01-16 05:00:00,AWS_01,0,normal,none,0,0.049475522225364554
2026-01-16 05:15:00,AWS_01,0,normal,none,0,0.06872852065900786
2026-01-16 05:30:00,AWS_01,0,normal,none,0,0.004835639857603435
2026-01-16 05:45:00,AWS_01,0,normal,none,0,0.05866163909543615
2026-01-16 06:00:00,AWS_01,0,normal,none,0,0.05189137810132505
2026-01-16 06:15:00,AWS_01,0,normal,none,0,0.06689060786971318
2026-01-16 06:30:00,AWS_01,0,normal,none,0,0.07216026031514722
2026-01-16 06:45:00,AWS_01,0,normal,none,0,0.07364030902202068
2026-01-16 07:00:00,AWS_01,0,normal,none,0,0.08804120388224318
2026-01-16 07:15:00,AWS_01,0,normal,none,0,0.07654328753721118
2026-01-16 07:30:00,AWS_01,0,normal,none,0,0.027796741975457673
2026-01-16 07:45:00,AWS_01,0,normal,none,0,0.026673359866076718
2026-01-16 08:00:00,AWS_01,0,normal,none,0,0.03615079216503386
2026-01-16 08:15:00,AWS_01,0,normal,none,0,0.08387643688300128
2026-01-16 08:30:00,AWS_01,0,normal,none,0,0.048278698507353446
2026-01-16 08:45:00,AWS_01,0,normal,none,0,0.03343003111959014
2026-01-16 09:00:00,AWS_01,0,normal,none,0,0.075153521438242
2026-01-16 09:15:00,AWS_01,0,normal,none,0,0.07704628464235119
2026-01-16 09:30:00,AWS_01,0,normal,none,0,0.055009422386862905
2026-01-16 09:45:00,AWS_01,0,normal,none,0,0.07050094407501395
2026-01-16 10:00:00,AWS_01,0,normal,none,0,0.003739144294650054
2026-01-16 10:15:00,AWS_01,0,normal,none,0,0.011145718360740908
2026-01-16 10:30:00,AWS_01,0,normal,none,0,0.012050856733701543
2026-01-16 10:45:00,AWS_01,0,normal,none,1,-0.009188026542234828
2026-01-16 11:00:00,AWS_01,0,normal,none,0,0.038899104490310366
2026-01-16 11:15:00,AWS_01,0,normal,none,1,-0.01776049503802657
2026-01-16 11:30:00,AWS_01,0,normal,none,0,0.01622567678431014
2026-01-16 11:45:00,AWS_01,0,normal,none,1,-0.04211572460871804
2026-01-16 12:00:00,AWS_01,0,normal,none,1,-0.0023570602648181893
2026-01-16 12:15:00,AWS_01,0,normal,none,0,0.0036227126457383796
2026-01-16 12:30:00,AWS_01,0,normal,none,0,0.047242627276499194
2026-01-16 12:45:00,AWS_01,0,normal,none,1,-0.05179247479629712
2026-01-16 13:00:00,AWS_01,0,normal,none,0,0.04632741594207396
2026-01-16 13:15:00,AWS_01,0,normal,none,0,0.023954153334006578
2026-01-16 13:30:00,AWS_01,0,normal,none,0,0.0029050353533476847
2026-01-16 13:45:00,AWS_01,0,normal,none,0,0.011263496940586148
2026-01-16 14:00:00,AWS_01,0,normal,none,1,-0.001099066992037101
2026-01-16 14:15:00,AWS_01,0,normal,none,1,-0.10516272013857475
2026-01-16 14:30:00,AWS_01,0,normal,none,1,-0.04057690893348387
2026-01-16 14:45:00,AWS_01,0,normal,none,1,-0.03308481808451591
2026-01-16 15:00:00,AWS_01,0,normal,none,1,-0.03389688974961602
2026-01-16 15:15:00,AWS_01,0,normal,none,1,-0.0047794586448652865
2026-01-16 15:30:00,AWS_01,0,normal,none,1,-0.017896878126349103
2026-01-16 15:45:00,AWS_01,0,normal,none,1,-0.003370756532234065
2026-01-16 16:00:00,AWS_01,0,normal,none,1,-0.009352909794067665
2026-01-16 16:15:00,AWS_01,0,normal,none,0,0.010102866357888873
2026-01-16 16:30:00,AWS_01,0,normal,none,1,-0.042795778704800114
2026-01-16 16:45:00,AWS_01,0,normal,none,0,0.015525432201191625
2026-01-16 17:00:00,AWS_01,0,normal,none,1,-0.0023088002404378916
2026-01-16 17:15:00,AWS_01,0,normal,none,0,0.00224224054450739
2026-01-16 17:30:00,AWS_01,0,normal,none,0,0.013284884240105599
2026-01-16 17:45:00,AWS_01,0,normal,none,0,0.02935310359376142
2026-01-16 18:00:00,AWS_01,0,normal,none,0,0.028281015677366073
2026-01-16 18:15:00,AWS_01,0,normal,none,0,0.001191659095433506
2026-01-16 18:30:00,AWS_01,0,normal,none,0,0.0069633267681327715
2026-01-16 18:45:00,AWS_01,0,normal,none,0,0.03740326669386301
2026-01-16 19:00:00,AWS_01,0,normal,none,0,0.03808389897584308
2026-01-16 19:15:00,AWS_01,0,normal,none,0,0.07275353724777095
2026-01-16 19:30:00,AWS_01,0,normal,none,0,0.0763068010643631
2026-01-16 19:45:00,AWS_01,0,normal,none,0,0.0755413052777868
2026-01-16 20:00:00,AWS_01,0,normal,none,0,0.039438102808137865
2026-01-16 20:15:00,AWS_01,0,normal,none,0,0.057249748992829586
2026-01-16 20:30:00,AWS_01,0,normal,none,1,-0.010413064117824944
2026-01-16 20:45:00,AWS_01,0,normal,none,0,0.08945537669051151
2026-01-16 21:00:00,AWS_01,0,normal,none,0,0.06186061007838489
2026-01-16 21:15:00,AWS_01,0,normal,none,0,0.039513085946191184
2026-01-16 21:30:00,AWS_01,0,normal,none,0,0.08094285564524223
2026-01-16 21:45:00,AWS_01,0,normal,none,0,0.08367309196713052
2026-01-16 22:00:00,AWS_01,0,normal,none,0,0.09621674762861776
2026-01-16 22:15:00,AWS_01,0,normal,none,0,0.0864780851912384
2026-01-16 22:30:00,AWS_01,0,normal,none,0,0.044339990197101165
2026-01-16 22:45:00,AWS_01,0,normal,none,0,0.057316819136447705
2026-01-16 23:00:00,AWS_01,0,normal,none,0,0.09828997027829334
2026-01-16 23:15:00,AWS_01,0,normal,none,0,0.03935704302370624
2026-01-16 23:30:00,AWS_01,0,normal,none,0,0.09630141014612509
2026-01-16 23:45:00,AWS_01,0,normal,none,0,0.09541213937893478
2026-01-17 00:00:00,AWS_01,0,normal,none,0,0.07290903646160973
2026-01-17 00:15:00,AWS_01,0,normal,none,0,0.06940484914932676
2026-01-17 00:30:00,AWS_01,0,normal,none,0,0.09903188250900785
2026-01-17 00:45:00,AWS_01,0,normal,none,0,0.024788209623732516
2026-01-17 01:00:00,AWS_01,0,normal,none,0,0.02903855507493508
2026-01-17 01:15:00,AWS_01,0,normal,none,0,0.02249491616593219
2026-01-17 01:30:00,AWS_01,0,normal,none,0,0.05176702204626482
2026-01-17 01:45:00,AWS_01,0,normal,none,0,0.059166053955707676
2026-01-17 02:00:00,AWS_01,0,normal,none,0,0.07515210935622846
2026-01-17 02:15:00,AWS_01,0,normal,none,0,0.04011944690090391
2026-01-17 02:30:00,AWS_01,0,normal,none,1,-0.030868173010203614
2026-01-17 02:45:00,AWS_01,0,normal,none,0,0.1051563688219343
2026-01-17 03:00:00,AWS_01,0,normal,none,0,0.06606439405752018
2026-01-17 03:15:00,AWS_01,0,normal,none,0,0.041397369795285965
2026-01-17 03:30:00,AWS_01,0,normal,none,0,0.03185084919190029
2026-01-17 03:45:00,AWS_01,0,normal,none,0,0.10855793613309339
2026-01-17 04:00:00,AWS_01,0,normal,none,0,0.07880685819456357
2026-01-17 04:15:00,AWS_01,0,normal,none,0,0.05723106491250152
2026-01-17 04:30:00,AWS_01,0,normal,none,0,0.10388927278001786
2026-01-17 04:45:00,AWS_01,0,normal,none,0,0.08602926126651922
2026-01-17 05:00:00,AWS_01,0,normal,none,0,0.09106017734788374
2026-01-17 05:15:00,AWS_01,0,normal,none,0,0.04425780101912752
2026-01-17 05:30:00,AWS_01,0,normal,none,0,0.08640779235819962
2026-01-17 05:45:00,AWS_01,0,normal,none,0,0.07559681265572987
2026-01-17 06:00:00,AWS_01,0,normal,none,0,0.09930923524216062
2026-01-17 06:15:00,AWS_01,0,normal,none,0,0.08338028054716101
2026-01-17 06:30:00,AWS_01,0,normal,none,0,0.06636063407508658
2026-01-17 06:45:00,AWS_01,0,normal,none,0,0.08935555748111568
2026-01-17 07:00:00,AWS_01,0,normal,none,0,0.09567285786731428
2026-01-17 07:15:00,AWS_01,0,normal,none,0,0.0869708860374086
2026-01-17 07:30:00,AWS_01,0,normal,none,0,0.09742871335432612
2026-01-17 07:45:00,AWS_01,0,normal,none,0,0.009346838658230772
2026-01-17 08:00:00,AWS_01,0,normal,none,0,0.08173161073760982
2026-01-17 08:15:00,AWS_01,0,normal,none,0,0.04182430245273888
2026-01-17 08:30:00,AWS_01,0,normal,none,0,0.10026595446550429
2026-01-17 08:45:00,AWS_01,0,normal,none,0,0.05231029274402488
2026-01-17 09:00:00,AWS_01,0,normal,none,0,0.06102677891074926
2026-01-17 09:15:00,AWS_01,0,normal,none,0,0.07427710623924932
2026-01-17 09:30:00,AWS_01,0,normal,none,0,0.029020684447251532
2026-01-17 09:45:00,AWS_01,0,normal,none,0,0.10254359380704403
2026-01-17 10:00:00,AWS_01,0,normal,none,0,0.043408575869370636
2026-01-17 10:15:00,AWS_01,0,normal,none,1,-0.01717303843602025
2026-01-17 10:30:00,AWS_01,0,normal,none,0,0.01950534568765344
2026-01-17 10:45:00,AWS_01,0,normal,none,0,0.029690891793060337
2026-01-17 11:00:00,AWS_01,0,normal,none,0,0.034217781592557506
2026-01-17 11:15:00,AWS_01,0,normal,none,0,0.043199696090295114
2026-01-17 11:30:00,AWS_01,0,normal,none,0,0.03854398174608953
2026-01-17 11:45:00,AWS_01,0,normal,none,0,0.026592232616599265
2026-01-17 12:00:00,AWS_01,0,normal,none,0,0.0935987801636205
2026-01-17 12:15:00,AWS_01,0,normal,none,0,0.08389452988757429
2026-01-17 12:30:00,AWS_01,0,normal,none,1,-0.0326755224815386
2026-01-17 12:45:00,AWS_01,0,normal,none,0,0.08899728545515834
2026-01-17 13:00:00,AWS_01,0,normal,none,0,0.07126863208352574
2026-01-17 13:15:00,AWS_01,0,normal,none,0,0.0749370426335888
2026-01-17 13:30:00,AWS_01,0,normal,none,0,0.07696717385121055
2026-01-17 13:45:00,AWS_01,0,normal,none,0,0.010801311072456299
2026-01-17 14:00:00,AWS_01,0,normal,none,0,0.07467948038721112
2026-01-17 14:15:00,AWS_01,0,normal,none,0,0.0691500133929106
2026-01-17 14:30:00,AWS_01,0,normal,none,0,0.03413477784390628
2026-01-17 14:45:00,AWS_01,0,normal,none,0,0.06448176525947313
2026-01-17 15:00:00,AWS_01,0,normal,none,0,0.06280741156763442
2026-01-17 15:15:00,AWS_01,0,normal,none,0,0.0018215997011983287
2026-01-17 15:30:00,AWS_01,0,normal,none,0,0.03642137888443581
2026-01-17 15:45:00,AWS_01,0,normal,none,0,0.033047595661707896
2026-01-17 16:00:00,AWS_01,0,normal,none,0,0.07258453351301442
2026-01-17 16:15:00,AWS_01,0,normal,none,0,0.005525910179683569
2026-01-17 16:30:00,AWS_01,0,normal,none,0,0.062009056620447756
2026-01-17 16:45:00,AWS_01,0,normal,none,0,0.09483022536910879
2026-01-17 17:00:00,AWS_01,0,normal,none,0,0.07866015041852104
2026-01-17 17:15:00,AWS_01,0,normal,none,0,0.044081382779865286
2026-01-17 17:30:00,AWS_01,0,normal,none,0,0.0670324183493366
2026-01-17 17:45:00,AWS_01,0,normal,none,0,0.07343212940731542
2026-01-17 18:00:00,AWS_01,0,normal,none,0,0.07716194597719234
2026-01-17 18:15:00,AWS_01,0,normal,none,0,0.0874866682028565
2026-01-17 18:30:00,AWS_01,0,normal,none,0,0.0960580885001025
2026-01-17 18:45:00,AWS_01,0,normal,none,0,0.039394616241486824
2026-01-17 19:00:00,AWS_01,0,normal,none,0,0.09751785377435329
2026-01-17 19:15:00,AWS_01,0,normal,none,0,0.08267778585734947
2026-01-17 19:30:00,AWS_01,0,normal,none,0,0.08367594334917494
2026-01-17 19:45:00,AWS_01,0,normal,none,0,0.054132760453553086
2026-01-17 20:00:00,AWS_01,0,normal,none,0,0.022694813511742074
2026-01-17 20:15:00,AWS_01,0,normal,none,0,0.10977406917466348
2026-01-17 20:30:00,AWS_01,0,normal,none,0,0.01767629674636162
2026-01-17 20:45:00,AWS_01,0,normal,none,0,0.10288109532835521
2026-01-17 21:00:00,AWS_01,0,normal,none,0,0.1061801589232419
2026-01-17 21:15:00,AWS_01,0,normal,none,0,0.016533249900609892
2026-01-17 21:30:00,AWS_01,0,normal,none,0,0.0990881001510781
2026-01-17 21:45:00,AWS_01,0,normal,none,0,0.10767333859667466
2026-01-17 22:00:00,AWS_01,0,normal,none,0,0.10019084225117031
2026-01-17 22:15:00,AWS_01,0,normal,none,0,0.11291593965484159
2026-01-17 22:30:00,AWS_01,0,normal,none,0,0.09295535450378356
2026-01-17 22:45:00,AWS_01,0,normal,none,0,0.1120397571335442
2026-01-17 23:00:00,AWS_01,0,normal,none,0,0.09532671806992354
2026-01-17 23:15:00,AWS_01,0,normal,none,0,0.10213503304014682
2026-01-17 23:30:00,AWS_01,0,normal,none,0,0.10243427348383355
2026-01-17 23:45:00,AWS_01,0,normal,none,0,0.0998198028921034
2026-01-18 00:00:00,AWS_01,0,normal,none,0,0.02693496537456802
2026-01-18 00:15:00,AWS_01,0,normal,none,0,0.05789459186567586
2026-01-18 00:30:00,AWS_01,0,normal,none,0,0.05230620242142864
2026-01-18 00:45:00,AWS_01,0,normal,none,0,0.06305757383577443
2026-01-18 01:00:00,AWS_01,0,normal,none,0,0.09161070914710023
2026-01-18 01:15:00,AWS_01,0,normal,none,0,0.10170779410892972
2026-01-18 01:30:00,AWS_01,0,normal,none,0,0.08182596311457702
2026-01-18 01:45:00,AWS_01,0,normal,none,0,0.05035824619360996
2026-01-18 02:00:00,AWS_01,0,normal,none,0,0.09318913177682808
2026-01-18 02:15:00,AWS_01,0,normal,none,0,0.07332108174781149
2026-01-18 02:30:00,AWS_01,0,normal,none,0,0.06883546852647776
2026-01-18 02:45:00,AWS_01,0,normal,none,0,0.08028270891325567
2026-01-18 03:00:00,AWS_01,0,normal,none,0,0.09125469578414497
2026-01-18 03:15:00,AWS_01,0,normal,none,0,0.09708940002369287
2026-01-18 03:30:00,AWS_01,0,normal,none,0,0.06705735984005057
2026-01-18 03:45:00,AWS_01,0,normal,none,0,0.03658203993668485
2026-01-18 04:00:00,AWS_01,0,normal,none,0,0.08337827080458493
2026-01-18 04:15:00,AWS_01,0,normal,none,0,0.08491584874488683
2026-01-18 04:30:00,AWS_01,0,normal,none,0,0.07806038869172766
2026-01-18 04:45:00,AWS_01,0,normal,none,0,0.09934316378862246
2026-01-18 05:00:00,AWS_01,0,normal,none,0,0.09128001503445743
2026-01-18 05:15:00,AWS_01,0,normal,none,0,0.0812545763408527
2026-01-18 05:30:00,AWS_01,0,normal,none,0,0.07326276437746826
2026-01-18 05:45:00,AWS_01,0,normal,none,0,0.086321114746235
2026-01-18 06:00:00,AWS_01,0,normal,none,0,0.06845985878041883
2026-01-18 06:15:00,AWS_01,0,normal,none,1,-0.011000491545817281
2026-01-18 06:30:00,AWS_01,0,normal,none,0,0.07971508688093676
2026-01-18 06:45:00,AWS_01,0,normal,none,0,0.05598921491413217
2026-01-18 07:00:00,AWS_01,0,normal,none,0,0.0839405252555181
2026-01-18 07:15:00,AWS_01,0,normal,none,1,-0.027874449990019645
2026-01-18 07:30:00,AWS_01,0,normal,none,1,-0.018782384289635523
2026-01-18 07:45:00,AWS_01,0,normal,none,1,-0.029598845348258518
2026-01-18 08:00:00,AWS_01,0,normal,none,0,0.01952155483561424
2026-01-18 08:15:00,AWS_01,0,normal,none,0,0.060318274522220605
2026-01-18 08:30:00,AWS_01,0,normal,none,0,0.09375167993218686
2026-01-18 08:45:00,AWS_01,0,normal,none,0,0.09896266063038622
2026-01-18 09:00:00,AWS_01,0,normal,none,0,0.0709379627215666
2026-01-18 09:15:00,AWS_01,0,normal,none,0,0.06053950384882084
2026-01-18 09:30:00,AWS_01,0,normal,none,0,0.043523856247490667
2026-01-18 09:45:00,AWS_01,0,normal,none,0,0.08258886846949842
2026-01-18 10:00:00,AWS_01,0,normal,none,0,0.09574556877156681
2026-01-18 10:15:00,AWS_01,0,normal,none,0,0.08894515595749558
2026-01-18 10:30:00,AWS_01,0,normal,none,0,0.014863468383901124
2026-01-18 10:45:00,AWS_01,0,normal,none,0,0.08953003539369775
2026-01-18 11:00:00,AWS_01,0,normal,none,0,0.0803590297770908
2026-01-18 11:15:00,AWS_01,0,normal,none,1,-0.05420028799789556
2026-01-18 11:30:00,AWS_01,0,normal,none,0,0.029299493726550108
2026-01-18 11:45:00,AWS_01,0,normal,none,0,0.05016410482490974
2026-01-18 12:00:00,AWS_01,0,normal,none,0,0.03684608847459331
2026-01-18 12:15:00,AWS_01,0,normal,none,0,0.009411199077488719
2026-01-18 12:30:00,AWS_01,0,normal,none,0,0.02493800541732477
2026-01-18 12:45:00,AWS_01,0,normal,none,0,0.0174445146159673
2026-01-18 13:00:00,AWS_01,0,normal,none,0,0.05264892957281342
2026-01-18 13:15:00,AWS_01,0,normal,none,0,0.026548169505153207
2026-01-18 13:30:00,AWS_01,0,normal,none,0,0.024218563250588354
2026-01-18 13:45:00,AWS_01,0,normal,none,0,0.038106379783698796
2026-01-18 14:00:00,AWS_01,0,normal,none,1,-0.0009592971809653239
2026-01-18 14:15:00,AWS_01,0,normal,none,0,0.027455659556209544
2026-01-18 14:30:00,AWS_01,0,normal,none,1,-0.023959634770052696
2026-01-18 14:45:00,AWS_01,0,normal,none,0,0.0332215242842307
2026-01-18 15:00:00,AWS_01,0,normal,none,1,-0.014707436663417783
2026-01-18 15:15:00,AWS_01,0,normal,none,1,-0.01414289757896281
2026-01-18 15:30:00,AWS_01,0,normal,none,0,0.04107999922034583
2026-01-18 15:45:00,AWS_01,0,normal,none,0,0.013104721616367165
2026-01-18 16:00:00,AWS_01,0,normal,none,0,0.01007321948098161
2026-01-18 16:15:00,AWS_01,0,normal,none,1,-0.06665608945636292
2026-01-18 16:30:00,AWS_01,0,normal,none,1,-0.07189060418066018
2026-01-18 16:45:00,AWS_01,0,normal,none,0,0.02905462242493484
2026-01-18 17:00:00,AWS_01,0,normal,none,0,0.029572396968286396
2026-01-18 17:15:00,AWS_01,0,normal,none,1,-0.005590352143607591
2026-01-18 17:30:00,AWS_01,0,normal,none,0,0.012920607910863302
2026-01-18 17:45:00,AWS_01,0,normal,none,0,0.015465880137035815
2026-01-18 18:00:00,AWS_01,0,normal,none,1,-0.020641593076301534
2026-01-18 18:15:00,AWS_01,0,normal,none,1,-0.04322698242753209
2026-01-18 18:30:00,AWS_01,0,normal,none,0,0.002814792717083736
2026-01-18 18:45:00,AWS_01,0,normal,none,0,0.041954932285169944
2026-01-18 19:00:00,AWS_01,0,normal,none,0,0.03287385400287679
2026-01-18 19:15:00,AWS_01,0,normal,none,0,0.04823743349898685
2026-01-18 19:30:00,AWS_01,0,normal,none,0,0.06174716017627113
2026-01-18 19:45:00,AWS_01,0,normal,none,0,0.05455901675950792
2026-01-18 20:00:00,AWS_01,0,normal,none,0,0.040124392055030045
2026-01-18 20:15:00,AWS_01,0,normal,none,0,0.06311551414677896
2026-01-18 20:30:00,AWS_01,0,normal,none,0,0.014100823685014419
2026-01-18 20:45:00,AWS_01,0,normal,none,0,0.01926617886299259
2026-01-18 21:00:00,AWS_01,0,normal,none,0,0.028961227688467706
2026-01-18 21:15:00,AWS_01,0,normal,none,0,0.04972667675809467
2026-01-18 21:30:00,AWS_01,0,normal,none,0,0.05035285879369966
2026-01-18 21:45:00,AWS_01,0,normal,none,0,0.09280676874688298
2026-01-18 22:00:00,AWS_01,0,normal,none,0,0.0831058890045695
2026-01-18 22:15:00,AWS_01,0,normal,none,0,0.06390432402081758
2026-01-18 22:30:00,AWS_01,0,normal,none,0,0.08842032745517586
2026-01-18 22:45:00,AWS_01,0,normal,none,0,0.03112411949515237
2026-01-18 23:00:00,AWS_01,0,normal,none,0,0.017038270029258784
2026-01-18 23:15:00,AWS_01,0,normal,none,0,0.06908464701176714
2026-01-18 23:30:00,AWS_01,0,normal,none,0,0.024913871200111515
2026-01-18 23:45:00,AWS_01,0,normal,none,0,0.0706587014708811
2026-01-19 00:00:00,AWS_01,0,normal,none,0,0.07356932761442203
2026-01-19 00:15:00,AWS_01,0,normal,none,0,0.012545160007155276
2026-01-19 00:30:00,AWS_01,0,normal,none,0,0.05242557434552725
2026-01-19 00:45:00,AWS_01,0,normal,none,0,0.0663087793930266
2026-01-19 01:00:00,AWS_01,0,normal,none,0,0.06965479083568793
2026-01-19 01:15:00,AWS_01,0,normal,none,0,0.07517243694462566
2026-01-19 01:30:00,AWS_01,1,power_failure,all,1,-0.2319503127250262
2026-01-19 01:45:00,AWS_01,1,power_failure,all,1,-0.10233792212244597
2026-01-19 02:00:00,AWS_01,1,power_failure,all,1,-0.10233792212244597
2026-01-19 02:15:00,AWS_01,1,power_failure,all,1,-0.10233792212244597
2026-01-19 02:30:00,AWS_01,0,normal,none,1,-0.12837769087136153
2026-01-19 02:45:00,AWS_01,0,normal,none,0,0.10171692655920467
2026-01-19 03:00:00,AWS_01,0,normal,none,0,0.044840337621545934
2026-01-19 03:15:00,AWS_01,0,normal,none,0,0.06913492832587481
2026-01-19 03:30:00,AWS_01,0,normal,none,0,0.055815000475815224
2026-01-19 03:45:00,AWS_01,0,normal,none,0,0.0607335790611343
2026-01-19 04:00:00,AWS_01,0,normal,none,0,0.055009134401356075
2026-01-19 04:15:00,AWS_01,0,normal,none,0,0.09111604126559103
2026-01-19 04:30:00,AWS_01,0,normal,none,0,0.0763634585686428
2026-01-19 04:45:00,AWS_01,0,normal,none,0,0.09661725997725801
2026-01-19 05:00:00,AWS_01,0,normal,none,0,0.01380996251205957
2026-01-19 05:15:00,AWS_01,0,normal,none,0,0.0793900608739539
2026-01-19 05:30:00,AWS_01,0,normal,none,1,-0.009426999073651632
2026-01-19 05:45:00,AWS_01,0,normal,none,1,-0.0127780322405876
2026-01-19 06:00:00,AWS_01,0,normal,none,0,0.08522645836329079
2026-01-19 06:15:00,AWS_01,0,normal,none,0,0.06088060858706029
2026-01-19 06:30:00,AWS_01,0,normal,none,0,0.09132918054010447
2026-01-19 06:45:00,AWS_01,0,normal,none,0,0.03908480788229535
2026-01-19 07:00:00,AWS_01,0,normal,none,0,0.031470380748796545
2026-01-19 07:15:00,AWS_01,0,normal,none,0,0.07414319533064312
2026-01-19 07:30:00,AWS_01,0,normal,none,0,0.040499451014596455
2026-01-19 07:45:00,AWS_01,0,normal,none,0,0.06566409313370164
2026-01-19 08:00:00,AWS_01,0,normal,none,1,-0.010546972068111615
2026-01-19 08:15:00,AWS_01,0,normal,none,0,0.07887408370912874
2026-01-19 08:30:00,AWS_01,0,normal,none,0,0.07658539775088546
2026-01-19 08:45:00,AWS_01,0,normal,none,0,0.04703926494537103
2026-01-19 09:00:00,AWS_01,0,normal,none,0,0.07439524960145544
2026-01-19 09:15:00,AWS_01,0,normal,none,0,0.05697019845678325
2026-01-19 09:30:00,AWS_01,0,normal,none,0,0.008456865650124046
2026-01-19 09:45:00,AWS_01,0,normal,none,0,0.040070376125476315
2026-01-19 10:00:00,AWS_01,0,normal,none,0,0.0441055767423435
2026-01-19 10:15:00,AWS_01,0,normal,none,1,-0.003810182509457083
2026-01-19 10:30:00,AWS_01,0,normal,none,0,0.0535630720913185
2026-01-19 10:45:00,AWS_01,0,normal,none,1,-0.017770036228933916
2026-01-19 11:00:00,AWS_01,0,normal,none,0,0.026191874333923004
2026-01-19 11:15:00,AWS_01,0,normal,none,0,0.026951723021170937
2026-01-19 11:30:00,AWS_01,0,normal,none,0,0.007077906523197619
2026-01-19 11:45:00,AWS_01,0,normal,none,0,0.03299215504276992
2026-01-19 12:00:00,AWS_01,0,normal,none,0,0.01567230185130164
2026-01-19 12:15:00,AWS_01,0,normal,none,1,-0.06386513407089889
2026-01-19 12:30:00,AWS_01,0,normal,none,0,0.005272393412424747
2026-01-19 12:45:00,AWS_01,0,normal,none,0,0.004799617565100001
2026-01-19 13:00:00,AWS_01,0,normal,none,0,0.023346058517194068
2026-01-19 13:15:00,AWS_01,0,normal,none,0,0.019282537714128967
2026-01-19 13:30:00,AWS_01,0,normal,none,0,0.028002025479649806
2026-01-19 13:45:00,AWS_01,0,normal,none,0,0.0271440093306351
2026-01-19 14:00:00,AWS_01,0,normal,none,0,0.011079112586987239
2026-01-19 14:15:00,AWS_01,0,normal,none,0,0.004689547478825051
2026-01-19 14:30:00,AWS_01,0,normal,none,0,0.041263862056593326
2026-01-19 14:45:00,AWS_01,0,normal,none,0,0.02022587965555589
2026-01-19 15:00:00,AWS_01,0,normal,none,0,0.01644615341261385
2026-01-19 15:15:00,AWS_01,0,normal,none,1,-0.01940228317813164
2026-01-19 15:30:00,AWS_01,0,normal,none,0,0.028680660582423023
2026-01-19 15:45:00,AWS_01,0,normal,none,0,0.021248117034346592
2026-01-19 16:00:00,AWS_01,0,normal,none,0,0.04147555433605821
2026-01-19 16:15:00,AWS_01,0,normal,none,0,0.05178869400771047
2026-01-19 16:30:00,AWS_01,0,normal,none,1,-0.0006062447938142146
2026-01-19 16:45:00,AWS_01,0,normal,none,0,0.004843515663501441
2026-01-19 17:00:00,AWS_01,0,normal,none,0,0.012426399797314636
2026-01-19 17:15:00,AWS_01,0,normal,none,0,0.05174682712877576
2026-01-19 17:30:00,AWS_01,0,normal,none,0,0.052787181459607924
2026-01-19 17:45:00,AWS_01,0,normal,none,0,0.03495953356360032
2026-01-19 18:00:00,AWS_01,0,normal,none,0,0.0660563567907192
2026-01-19 18:15:00,AWS_01,0,normal,none,0,0.056289683427464265
2026-01-19 18:30:00,AWS_01,0,normal,none,0,0.07448109367994399
2026-01-19 18:45:00,AWS_01,0,normal,none,1,-0.04445898963882222
2026-01-19 19:00:00,AWS_01,0,normal,none,0,0.028637805790470094
2026-01-19 19:15:00,AWS_01,0,normal,none,0,0.09171534032866085
2026-01-19 19:30:00,AWS_01,0,normal,none,0,0.08084620993583808
2026-01-19 19:45:00,AWS_01,0,normal,none,0,0.06777392650593039
2026-01-19 20:00:00,AWS_01,0,normal,none,0,0.018498636501903754
2026-01-19 20:15:00,AWS_01,0,normal,none,0,0.06963171601405854
2026-01-19 20:30:00,AWS_01,0,normal,none,0,0.0748509000930197
2026-01-19 20:45:00,AWS_01,0,normal,none,0,0.08177480436420548
2026-01-19 21:00:00,AWS_01,0,normal,none,0,0.060185114614694724
2026-01-19 21:15:00,AWS_01,0,normal,none,0,0.05872360989953107
2026-01-19 21:30:00,AWS_01,0,normal,none,0,0.03570530003940797
2026-01-19 21:45:00,AWS_01,0,normal,none,0,0.012987344189430705
2026-01-19 22:00:00,AWS_01,0,normal,none,0,0.02646642341597316
2026-01-19 22:15:00,AWS_01,0,normal,none,0,0.031207693693112493
2026-01-19 22:30:00,AWS_01,0,normal,none,0,0.024825552263677553
2026-01-19 22:45:00,AWS_01,0,normal,none,0,0.03874097842430224
2026-01-19 23:00:00,AWS_01,0,normal,none,0,0.015610169427137999
2026-01-19 23:15:00,AWS_01,0,normal,none,0,0.083342994112242
2026-01-19 23:30:00,AWS_01,0,normal,none,0,0.08450281601514442
2026-01-19 23:45:00,AWS_01,0,normal,none,0,0.09263121411512343
2026-01-20 00:00:00,AWS_01,0,normal,none,0,0.09235878055418828
2026-01-20 00:15:00,AWS_01,0,normal,none,0,0.09015430080336834
2026-01-20 00:30:00,AWS_01,0,normal,none,0,0.09327886251764539
2026-01-20 00:45:00,AWS_01,0,normal,none,0,0.021844067253785737
2026-01-20 01:00:00,AWS_01,0,normal,none,0,0.08508167770070008
2026-01-20 01:15:00,AWS_01,0,normal,none,0,0.09403346745214247
2026-01-20 01:30:00,AWS_01,0,normal,none,0,0.06638957998766759
2026-01-20 01:45:00,AWS_01,0,normal,none,0,0.09222386117118747
2026-01-20 02:00:00,AWS_01,0,normal,none,0,0.07315325049861643
2026-01-20 02:15:00,AWS_01,0,normal,none,0,0.1036656300577124
2026-01-20 02:30:00,AWS_01,0,normal,none,0,0.07603281743389062
2026-01-20 02:45:00,AWS_01,0,normal,none,0,0.0773489230329269
2026-01-20 03:00:00,AWS_01,0,normal,none,0,0.09309649083468585
2026-01-20 03:15:00,AWS_01,0,normal,none,0,0.05867381989136233
2026-01-20 03:30:00,AWS_01,0,normal,none,0,0.08709532279285292
2026-01-20 03:45:00,AWS_01,0,normal,none,0,0.0809504411742995
2026-01-20 04:00:00,AWS_01,0,normal,none,0,0.07771900592032288
2026-01-20 04:15:00,AWS_01,0,normal,none,0,0.02710030140575298
2026-01-20 04:30:00,AWS_01,0,normal,none,0,0.08675500132149894
2026-01-20 04:45:00,AWS_01,0,normal,none,0,0.031034452522985367
2026-01-20 05:00:00,AWS_01,0,normal,none,0,0.0767622556742587
2026-01-20 05:15:00,AWS_01,0,normal,none,0,0.01877221444710231
2026-01-20 05:30:00,AWS_01,0,normal,none,0,0.009964766344225828
2026-01-20 05:45:00,AWS_01,0,normal,none,0,0.016719469344885496
2026-01-20 06:00:00,AWS_01,0,normal,none,0,0.00967350814838247
2026-01-20 06:15:00,AWS_01,0,normal,none,0,0.10915219655501529
2026-01-20 06:30:00,AWS_01,0,normal,none,0,0.09226217532089181
2026-01-20 06:45:00,AWS_01,0,normal,none,0,0.026744722326580594
2026-01-20 07:00:00,AWS_01,0,normal,none,0,0.04162861316569072
2026-01-20 07:15:00,AWS_01,0,normal,none,0,0.06641264346143005
2026-01-20 07:30:00,AWS_01,0,normal,none,0,0.08893675442438859
2026-01-20 07:45:00,AWS_01,0,normal,none,0,0.10840390590119414
2026-01-20 08:00:00,AWS_01,0,normal,none,0,0.08405922915006292
2026-01-20 08:15:00,AWS_01,0,normal,none,0,0.07908377688463297
2026-01-20 08:30:00,AWS_01,0,normal,none,0,0.025053361882221792
2026-01-20 08:45:00,AWS_01,0,normal,none,0,0.04476730355703801
2026-01-20 09:00:00,AWS_01,0,normal,none,0,0.07879246967207976
2026-01-20 09:15:00,AWS_01,0,normal,none,0,0.09234685275208776
2026-01-20 09:30:00,AWS_01,0,normal,none,0,0.09677780023899252
2026-01-20 09:45:00,AWS_01,0,normal,none,0,0.09472835454650602
2026-01-20 10:00:00,AWS_01,0,normal,none,0,0.06591064382026457
2026-01-20 10:15:00,AWS_01,0,normal,none,0,0.09086267237295681
2026-01-20 10:30:00,AWS_01,0,normal,none,0,0.06610460955562564
2026-01-20 10:45:00,AWS_01,0,normal,none,0,0.0489390477674464
2026-01-20 11:00:00,AWS_01,0,normal,none,0,0.08964116772212105
2026-01-20 11:15:00,AWS_01,0,normal,none,0,0.057693788115804445
2026-01-20 11:30:00,AWS_01,0,normal,none,0,0.09448067170278118
2026-01-20 11:45:00,AWS_01,0,normal,none,0,0.09754312971012813
2026-01-20 12:00:00,AWS_01,0,normal,none,0,0.09598740115731341
2026-01-20 12:15:00,AWS_01,0,normal,none,0,0.05886687446504013
2026-01-20 12:30:00,AWS_01,0,normal,none,0,0.044053888538651775
2026-01-20 12:45:00,AWS_01,0,normal,none,0,0.055990913132220654
2026-01-20 13:00:00,AWS_01,0,normal,none,0,0.02924904112942045
2026-01-20 13:15:00,AWS_01,0,normal,none,0,0.020320421017968826
2026-01-20 13:30:00,AWS_01,0,normal,none,1,-0.01563407839726172
2026-01-20 13:45:00,AWS_01,0,normal,none,0,0.02881038010719278
2026-01-20 14:00:00,AWS_01,0,normal,none,1,-0.04678499687907456
2026-01-20 14:15:00,AWS_01,0,normal,none,0,0.016546039255511125
2026-01-20 14:30:00,AWS_01,0,normal,none,0,0.0019601468098929264
2026-01-20 14:45:00,AWS_01,0,normal,none,0,0.04214532653580216
2026-01-20 15:00:00,AWS_01,0,normal,none,0,0.06645133567607653
2026-01-20 15:15:00,AWS_01,0,normal,none,0,0.05434531503402129
2026-01-20 15:30:00,AWS_01,0,normal,none,0,0.04882327769119049
2026-01-20 15:45:00,AWS_01,0,normal,none,0,0.0598092360843373
2026-01-20 16:00:00,AWS_01,0,normal,none,0,0.03000359593799029
2026-01-20 16:15:00,AWS_01,0,normal,none,0,0.04768615070197457
2026-01-20 16:30:00,AWS_01,0,normal,none,0,0.023424031653921984
2026-01-20 16:45:00,AWS_01,0,normal,none,0,0.04301631273688622
2026-01-20 17:00:00,AWS_01,0,normal,none,0,0.06166241901657682
2026-01-20 17:15:00,AWS_01,0,normal,none,0,0.05017464843690328
2026-01-20 17:30:00,AWS_01,0,normal,none,1,-0.016461431399835358
2026-01-20 17:45:00,AWS_01,0,normal,none,1,-0.02505947193562097
2026-01-20 18:00:00,AWS_01,0,normal,none,1,-0.008998308136090039
2026-01-20 18:15:00,AWS_01,0,normal,none,0,0.0177636312651262
2026-01-20 18:30:00,AWS_01,0,normal,none,0,0.058687815872523696
2026-01-20 18:45:00,AWS_01,0,normal,none,1,-0.043833010685345286
2026-01-20 19:00:00,AWS_01,0,normal,none,1,-0.020879899148059877
2026-01-20 19:15:00,AWS_01,0,normal,none,0,0.07108089553510755
2026-01-20 19:30:00,AWS_01,0,normal,none,0,0.08363200703871654
2026-01-20 19:45:00,AWS_01,0,normal,none,0,0.054095880134912844
2026-01-20 20:00:00,AWS_01,0,normal,none,0,0.02469471807495377
2026-01-20 20:15:00,AWS_01,0,normal,none,0,0.057484418907664536
2026-01-20 20:30:00,AWS_01,0,normal,none,0,0.09525130187267761
2026-01-20 20:45:00,AWS_01,0,normal,none,0,0.05641960372699134
2026-01-20 21:00:00,AWS_01,0,normal,none,1,-0.015348002199897515
2026-01-20 21:15:00,AWS_01,0,normal,none,0,0.007948447090646737
2026-01-20 21:30:00,AWS_01,0,normal,none,0,0.0925421240842546
2026-01-20 21:45:00,AWS_01,0,normal,none,0,0.09586998978787631
2026-01-20 22:00:00,AWS_01,0,normal,none,0,0.1115220775369341
2026-01-20 22:15:00,AWS_01,0,normal,none,0,0.0754400813751418
2026-01-20 22:30:00,AWS_01,0,normal,none,0,0.029085265605924226
2026-01-20 22:45:00,AWS_01,0,normal,none,0,0.02662831295376683
2026-01-20 23:00:00,AWS_01,0,normal,none,0,0.03799320392650918
2026-01-20 23:15:00,AWS_01,0,normal,none,0,0.044730431431092066
2026-01-20 23:30:00,AWS_01,0,normal,none,0,0.0924312709809621
2026-01-20 23:45:00,AWS_01,0,normal,none,0,0.059101715335246274
2026-01-21 00:00:00,AWS_01,0,normal,none,0,0.0559141849410027
2026-01-21 00:15:00,AWS_01,0,normal,none,0,0.06524127886032105
2026-01-21 00:30:00,AWS_01,0,normal,none,0,0.059013412264050547
2026-01-21 00:45:00,AWS_01,0,normal,none,0,0.09186387864078882
2026-01-21 01:00:00,AWS_01,0,normal,none,0,0.01945894173488205
2026-01-21 01:15:00,AWS_01,0,normal,none,1,-0.024014107268157003
2026-01-21 01:30:00,AWS_01,0,normal,none,0,0.022552333066388708
2026-01-21 01:45:00,AWS_01,0,normal,none,0,0.07636370275459031
2026-01-21 02:00:00,AWS_01,0,normal,none,0,0.07637231980427922
2026-01-21 02:15:00,AWS_01,0,normal,none,0,0.058382651257723295
2026-01-21 02:30:00,AWS_01,0,normal,none,0,0.030188766870492934
2026-01-21 02:45:00,AWS_01,0,normal,none,0,0.060551391847101343
2026-01-21 03:00:00,AWS_01,0,normal,none,0,0.038558911572852794
2026-01-21 03:15:00,AWS_01,0,normal,none,0,0.04960137111856783
2026-01-21 03:30:00,AWS_01,0,normal,none,0,0.027720078695729344
2026-01-21 03:45:00,AWS_01,0,normal,none,1,-0.0011657687951159845
2026-01-21 04:00:00,AWS_01,0,normal,none,0,0.06075841663277454
2026-01-21 04:15:00,AWS_01,0,normal,none,0,0.09420998597270047
2026-01-21 04:30:00,AWS_01,0,normal,none,0,0.06839056699686852
2026-01-21 04:45:00,AWS_01,0,normal,none,0,0.10020796671439947
2026-01-21 05:00:00,AWS_01,0,normal,none,0,0.10209800882867037
2026-01-21 05:15:00,AWS_01,0,normal,none,0,0.015742605257488496
2026-01-21 05:30:00,AWS_01,0,normal,none,0,0.014038888807504646
2026-01-21 05:45:00,AWS_01,0,normal,none,0,0.07901273121702707
2026-01-21 06:00:00,AWS_01,0,normal,none,0,0.09064909589522263
2026-01-21 06:15:00,AWS_01,0,normal,none,0,0.07725858746203279
2026-01-21 06:30:00,AWS_01,0,normal,none,0,0.07942132420258324
2026-01-21 06:45:00,AWS_01,0,normal,none,0,0.10058115339939933
2026-01-21 07:00:00,AWS_01,0,normal,none,0,0.0938872740474096
2026-01-21 07:15:00,AWS_01,0,normal,none,0,0.09755850769862967
2026-01-21 07:30:00,AWS_01,0,normal,none,0,0.0730522186296102
2026-01-21 07:45:00,AWS_01,0,normal,none,0,0.10885150752842493
2026-01-21 08:00:00,AWS_01,0,normal,none,0,0.10613727670003209
2026-01-21 08:15:00,AWS_01,0,normal,none,0,0.0992479435254725
2026-01-21 08:30:00,AWS_01,0,normal,none,0,0.09839523206446532
2026-01-21 08:45:00,AWS_01,0,normal,none,0,0.031145081380571482
2026-01-21 09:00:00,AWS_01,0,normal,none,0,0.09717236766930748
2026-01-21 09:15:00,AWS_01,0,normal,none,0,0.05048786860067167
2026-01-21 09:30:00,AWS_01,0,normal,none,0,0.0287908353004378
2026-01-21 09:45:00,AWS_01,0,normal,none,0,0.10515839090884826
2026-01-21 10:00:00,AWS_01,0,normal,none,0,0.1086662130454355
2026-01-21 10:15:00,AWS_01,0,normal,none,0,0.05858849951075168
2026-01-21 10:30:00,AWS_01,0,normal,none,0,0.08665730029162583
2026-01-21 10:45:00,AWS_01,0,normal,none,0,0.09016793422160357
2026-01-21 11:00:00,AWS_01,0,normal,none,0,0.0469138695220534
2026-01-21 11:15:00,AWS_01,0,normal,none,0,0.03188210550217635
2026-01-21 11:30:00,AWS_01,0,normal,none,0,0.06033651022347836
2026-01-21 11:45:00,AWS_01,0,normal,none,0,0.04789051490443058
2026-01-21 12:00:00,AWS_01,0,normal,none,0,0.09199838621666945
2026-01-21 12:15:00,AWS_01,0,normal,none,0,0.015274391360686868
2026-01-21 12:30:00,AWS_01,0,normal,none,0,0.07555864459067818
2026-01-21 12:45:00,AWS_01,0,normal,none,0,0.04685967237444805
2026-01-21 13:00:00,AWS_01,0,normal,none,0,0.08501557463318865
2026-01-21 13:15:00,AWS_01,0,normal,none,0,0.039563256823086534
2026-01-21 13:30:00,AWS_01,0,normal,none,0,0.04786997926483799
2026-01-21 13:45:00,AWS_01,0,normal,none,0,0.061254405468230244
2026-01-21 14:00:00,AWS_01,0,normal,none,0,0.07033880552925126
2026-01-21 14:15:00,AWS_01,0,normal,none,0,0.04397987500288658
2026-01-21 14:30:00,AWS_01,0,normal,none,0,0.046378058647351006
2026-01-21 14:45:00,AWS_01,0,normal,none,1,-0.014631940316682135
2026-01-21 15:00:00,AWS_01,0,normal,none,0,0.054172743017634306
2026-01-21 15:15:00,AWS_01,0,normal,none,0,0.05864851965020679
2026-01-21 15:30:00,AWS_01,0,normal,none,0,0.08115548891284996
2026-01-21 15:45:00,AWS_01,0,normal,none,0,0.0743835271074223
2026-01-21 16:00:00,AWS_01,0,normal,none,0,0.07107784802958439
2026-01-21 16:15:00,AWS_01,0,normal,none,0,0.04874058161030809
2026-01-21 16:30:00,AWS_01,0,normal,none,1,-0.020849457985732123
2026-01-21 16:45:00,AWS_01,0,normal,none,0,0.04203371092071728
2026-01-21 17:00:00,AWS_01,0,normal,none,0,0.05473947007836655
2026-01-21 17:15:00,AWS_01,0,normal,none,0,0.08265973499571999
2026-01-21 17:30:00,AWS_01,0,normal,none,0,0.02400710393099542
2026-01-21 17:45:00,AWS_01,0,normal,none,0,0.06720422578484436
2026-01-21 18:00:00,AWS_01,0,normal,none,0,0.07273456596333683
2026-01-21 18:15:00,AWS_01,0,normal,none,0,0.056467494734716794
2026-01-21 18:30:00,AWS_01,0,normal,none,0,0.050616083310636883
2026-01-21 18:45:00,AWS_01,0,normal,none,0,0.06285534280169303
2026-01-21 19:00:00,AWS_01,0,normal,none,0,0.08610254403534112
2026-01-21 19:15:00,AWS_01,0,normal,none,0,0.06788174856203316
2026-01-21 19:30:00,AWS_01,0,normal,none,0,0.05711631115620641
2026-01-21 19:45:00,AWS_01,0,normal,none,0,0.10172451652815162
2026-01-21 20:00:00,AWS_01,0,normal,none,0,0.09213597954210123
2026-01-21 20:15:00,AWS_01,0,normal,none,0,0.10645880796650065
2026-01-21 20:30:00,AWS_01,0,normal,none,0,0.030887128689724375
2026-01-21 20:45:00,AWS_01,0,normal,none,0,0.1023277841748707
2026-01-21 21:00:00,AWS_01,0,normal,none,0,0.0817245837918597
2026-01-21 21:15:00,AWS_01,0,normal,none,0,0.09326459497723644
2026-01-21 21:30:00,AWS_01,0,normal,none,0,0.033516908037236615
2026-01-21 21:45:00,AWS_01,0,normal,none,0,0.07416502386895324
2026-01-21 22:00:00,AWS_01,0,normal,none,0,0.09630374214968956
2026-01-21 22:15:00,AWS_01,0,normal,none,0,0.1078816009025938
2026-01-21 22:30:00,AWS_01,0,normal,none,0,0.025450127405142353
2026-01-21 22:45:00,AWS_01,0,normal,none,0,0.0884105205902484
2026-01-21 23:00:00,AWS_01,0,normal,none,0,0.0405798493207048
2026-01-21 23:15:00,AWS_01,0,normal,none,0,0.047928814755942795
2026-01-21 23:30:00,AWS_01,0,normal,none,0,0.057556016206339544
2026-01-21 23:45:00,AWS_01,0,normal,none,0,0.06095355212322823
2026-01-22 00:00:00,AWS_01,0,normal,none,0,0.05909324695292034
2026-01-22 00:15:00,AWS_01,0,normal,none,0,0.030897666965841175
2026-01-22 00:30:00,AWS_01,0,normal,none,0,0.04870524191090192
2026-01-22 00:45:00,AWS_01,0,normal,none,0,0.06613825604396495
2026-01-22 01:00:00,AWS_01,0,normal,none,0,0.0088010536916725
2026-01-22 01:15:00,AWS_01,0,normal,none,0,0.07786455782449869
2026-01-22 01:30:00,AWS_01,0,normal,none,0,0.032742036499709914
2026-01-22 01:45:00,AWS_01,0,normal,none,0,0.0016563933311579682
2026-01-22 02:00:00,AWS_01,0,normal,none,0,0.010908652836339405
2026-01-22 02:15:00,AWS_01,0,normal,none,0,0.0575949549587258
2026-01-22 02:30:00,AWS_01,0,normal,none,0,0.036613297413170875
2026-01-22 02:45:00,AWS_01,0,normal,none,0,0.06120007537232636
2026-01-22 03:00:00,AWS_01,0,normal,none,0,0.05273073369754905
2026-01-22 03:15:00,AWS_01,0,normal,none,0,0.07730875886754707
2026-01-22 03:30:00,AWS_01,0,normal,none,0,0.014514438792667506
2026-01-22 03:45:00,AWS_01,0,normal,none,0,0.059456521778464055
2026-01-22 04:00:00,AWS_01,0,normal,none,0,0.054198010078847
2026-01-22 04:15:00,AWS_01,0,normal,none,0,0.07492741905600209
2026-01-22 04:30:00,AWS_01,0,normal,none,0,0.03385452551116802
2026-01-22 04:45:00,AWS_01,0,normal,none,0,0.0067855495003849575
2026-01-22 05:00:00,AWS_01,0,normal,none,0,0.06776436644680839
2026-01-22 05:15:00,AWS_01,0,normal,none,0,0.047904266329862666
2026-01-22 05:30:00,AWS_01,0,normal,none,0,0.06725073034917434
2026-01-22 05:45:00,AWS_01,0,normal,none,0,0.08498101072128889
2026-01-22 06:00:00,AWS_01,0,normal,none,0,0.01002389492366379
2026-01-22 06:15:00,AWS_01,0,normal,none,0,0.0074720586548341905
2026-01-22 06:30:00,AWS_01,0,normal,none,0,0.07558333374442644
2026-01-22 06:45:00,AWS_01,0,normal,none,0,0.09510702556280481
2026-01-22 07:00:00,AWS_01,0,normal,none,0,0.04205843808157561
2026-01-22 07:15:00,AWS_01,0,normal,none,0,0.09224387898950948
2026-01-22 07:30:00,AWS_01,0,normal,none,0,0.06273104288899178
2026-01-22 07:45:00,AWS_01,0,normal,none,0,0.08936714664114986
2026-01-22 08:00:00,AWS_01,0,normal,none,0,0.09615674277056718
2026-01-22 08:15:00,AWS_01,0,normal,none,0,0.05766652226900765
2026-01-22 08:30:00,AWS_01,0,normal,none,0,0.07160960904146363
2026-01-22 08:45:00,AWS_01,0,normal,none,0,0.07339037710287588
2026-01-22 09:00:00,AWS_01,0,normal,none,0,0.027238688269780154
2026-01-22 09:15:00,AWS_01,0,normal,none,0,0.0744658667567984
2026-01-22 09:30:00,AWS_01,0,normal,none,0,0.09987456296117714
2026-01-22 09:45:00,AWS_01,0,normal,none,0,0.07276558255406401
2026-01-22 10:00:00,AWS_01,0,normal,none,0,0.06761701617133065
2026-01-22 10:15:00,AWS_01,0,normal,none,0,0.05309168460586178
2026-01-22 10:30:00,AWS_01,0,normal,none,0,0.07349879003747356
2026-01-22 10:45:00,AWS_01,0,normal,none,0,0.051407123033271995
2026-01-22 11:00:00,AWS_01,0,normal,none,0,0.035758165817899645
2026-01-22 11:15:00,AWS_01,0,normal,none,0,0.10914518424792591
2026-01-22 11:30:00,AWS_01,0,normal,none,0,0.04260289503957676
2026-01-22 11:45:00,AWS_01,0,normal,none,0,0.08875295183083609
2026-01-22 12:00:00,AWS_01,0,normal,none,0,0.046977769529800484
2026-01-22 12:15:00,AWS_01,0,normal,none,0,0.08543698185642817
2026-01-22 12:30:00,AWS_01,0,normal,none,0,0.06574695189825569
2026-01-22 12:45:00,AWS_01,0,normal,none,0,0.089828219665188
2026-01-22 13:00:00,AWS_01,0,normal,none,0,0.06985824195335744
2026-01-22 13:15:00,AWS_01,0,normal,none,0,0.06999337216234469
2026-01-22 13:30:00,AWS_01,0,normal,none,0,0.0791164602824519
2026-01-22 13:45:00,AWS_01,0,normal,none,0,0.07075115202805526
2026-01-22 14:00:00,AWS_01,0,normal,none,0,0.00031481069661415395
2026-01-22 14:15:00,AWS_01,0,normal,none,0,0.06239102958343146
2026-01-22 14:30:00,AWS_01,0,normal,none,0,0.048801149386612785
2026-01-22 14:45:00,AWS_01,0,normal,none,0,0.059375603952315836
2026-01-22 15:00:00,AWS_01,0,normal,none,0,0.015805970828830562
2026-01-22 15:15:00,AWS_01,0,normal,none,0,0.047510951249244815
2026-01-22 15:30:00,AWS_01,0,normal,none,0,0.0525308809886228
2026-01-22 15:45:00,AWS_01,0,normal,none,0,0.07374732890837904
2026-01-22 16:00:00,AWS_01,0,normal,none,0,0.029499540095760113
2026-01-22 16:15:00,AWS_01,0,normal,none,0,0.0391274367149696
2026-01-22 16:30:00,AWS_01,0,normal,none,0,0.0502376761133137
2026-01-22 16:45:00,AWS_01,0,normal,none,0,0.07726480198257507
2026-01-22 17:00:00,AWS_01,0,normal,none,0,0.09062095633805856
2026-01-22 17:15:00,AWS_01,0,normal,none,0,0.08811295672462838
2026-01-22 17:30:00,AWS_01,0,normal,none,0,0.08962542797389861
2026-01-22 17:45:00,AWS_01,0,normal,none,0,0.07085940781698208
2026-01-22 18:00:00,AWS_01,0,normal,none,0,0.06951075616983765
2026-01-22 18:15:00,AWS_01,0,normal,none,0,0.06267366255734846
2026-01-22 18:30:00,AWS_01,0,normal,none,0,0.09998296700369014
2026-01-22 18:45:00,AWS_01,0,normal,none,0,0.044476502981332044
2026-01-22 19:00:00,AWS_01,0,normal,none,0,0.06925788318218146
2026-01-22 19:15:00,AWS_01,0,normal,none,0,0.07927028576712608
2026-01-22 19:30:00,AWS_01,0,normal,none,0,0.0681659731295704
2026-01-22 19:45:00,AWS_01,0,normal,none,0,0.05975518206415398
2026-01-22 20:00:00,AWS_01,0,normal,none,1,-0.006700842616045644
2026-01-22 20:15:00,AWS_01,0,normal,none,0,0.02960397270720372
2026-01-22 20:30:00,AWS_01,0,normal,none,0,0.0799279976076786
2026-01-22 20:45:00,AWS_01,0,normal,none,0,0.07980110494300285
2026-01-22 21:00:00,AWS_01,0,normal,none,0,0.05773851671084346
2026-01-22 21:15:00,AWS_01,0,normal,none,0,0.08812975590163202
2026-01-22 21:30:00,AWS_01,0,normal,none,0,0.07193964476059056
2026-01-22 21:45:00,AWS_01,0,normal,none,0,0.10674736898310166
2026-01-22 22:00:00,AWS_01,0,normal,none,0,0.06362116986798177
2026-01-22 22:15:00,AWS_01,0,normal,none,0,0.05916582676201665
2026-01-22 22:30:00,AWS_01,0,normal,none,0,0.04458274116280658
2026-01-22 22:45:00,AWS_01,0,normal,none,0,0.10320819548340932
2026-01-22 23:00:00,AWS_01,0,normal,none,0,0.08788947312255979
2026-01-22 23:15:00,AWS_01,0,normal,none,0,0.04696515031468068
2026-01-22 23:30:00,AWS_01,0,normal,none,1,-0.004209231309777572
2026-01-22 23:45:00,AWS_01,0,normal,none,0,0.07152331810477613
2026-01-23 00:00:00,AWS_01,0,normal,none,0,0.02666223135534862
2026-01-23 00:15:00,AWS_01,0,normal,none,0,0.08722219382148477
2026-01-23 00:30:00,AWS_01,0,normal,none,0,0.07471715047599797
2026-01-23 00:45:00,AWS_01,0,normal,none,0,0.0898183318991071
2026-01-23 01:00:00,AWS_01,0,normal,none,0,0.09079349235696849
2026-01-23 01:15:00,AWS_01,0,normal,none,0,0.08672915910856094
2026-01-23 01:30:00,AWS_01,0,normal,none,1,-0.012940534607256082
2026-01-23 01:45:00,AWS_01,0,normal,none,0,0.031040985993683046
2026-01-23 02:00:00,AWS_01,0,normal,none,0,0.01018959307521744
2026-01-23 02:15:00,AWS_01,0,normal,none,0,0.05336948225150734
2026-01-23 02:30:00,AWS_01,0,normal,none,0,0.02449411122718964
2026-01-23 02:45:00,AWS_01,0,normal,none,0,0.008038707558651659
2026-01-23 03:00:00,AWS_01,0,normal,none,0,0.043440643732410966
2026-01-23 03:15:00,AWS_01,0,normal,none,0,0.03471663946745224
2026-01-23 03:30:00,AWS_01,0,normal,none,1,-0.012974185581979936
2026-01-23 03:45:00,AWS_01,0,normal,none,1,-0.03632815919221499
2026-01-23 04:00:00,AWS_01,0,normal,none,0,0.05300344371769222
2026-01-23 04:15:00,AWS_01,0,normal,none,0,0.026046789963909966
2026-01-23 04:30:00,AWS_01,0,normal,none,0,0.029314269053587583
2026-01-23 04:45:00,AWS_01,0,normal,none,0,0.032630359128123454
2026-01-23 05:00:00,AWS_01,0,normal,none,0,0.07030294808752563
2026-01-23 05:15:00,AWS_01,0,normal,none,0,0.06651223053038524
2026-01-23 05:30:00,AWS_01,0,normal,none,0,0.03906825484248777
2026-01-23 05:45:00,AWS_01,0,normal,none,0,0.05902730992420946
2026-01-23 06:00:00,AWS_01,0,normal,none,0,0.07349898435470315
2026-01-23 06:15:00,AWS_01,0,normal,none,1,-0.014331665391573711
2026-01-23 06:30:00,AWS_01,0,normal,none,0,0.04025384414521732
2026-01-23 06:45:00,AWS_01,0,normal,none,0,0.10263609999050005
2026-01-23 07:00:00,AWS_01,0,normal,none,0,0.05414565520941267
2026-01-23 07:15:00,AWS_01,0,normal,none,0,0.08123831500476036
2026-01-23 07:30:00,AWS_01,0,normal,none,0,0.10276214926102778
2026-01-23 07:45:00,AWS_01,0,normal,none,0,0.057209583470923864
2026-01-23 08:00:00,AWS_01,0,normal,none,0,0.025879299127243238
2026-01-23 08:15:00,AWS_01,0,normal,none,0,0.06487757241078584
2026-01-23 08:30:00,AWS_01,0,normal,none,0,0.10903596063569315
2026-01-23 08:45:00,AWS_01,0,normal,none,0,0.08924298480767656
2026-01-23 09:00:00,AWS_01,0,normal,none,0,0.027390858081122127
2026-01-23 09:15:00,AWS_01,0,normal,none,0,0.09894751985645012
2026-01-23 09:30:00,AWS_01,0,normal,none,0,0.09615416131161952
2026-01-23 09:45:00,AWS_01,0,normal,none,0,0.003931153479843019
2026-01-23 10:00:00,AWS_01,0,normal,none,0,0.10430818144660614
2026-01-23 10:15:00,AWS_01,0,normal,none,0,0.09038249422728095
2026-01-23 10:30:00,AWS_01,0,normal,none,0,0.10862483384572685
2026-01-23 10:45:00,AWS_01,0,normal,none,0,0.06903750505537004
2026-01-23 11:00:00,AWS_01,0,normal,none,0,0.06678419250371204
2026-01-23 11:15:00,AWS_01,0,normal,none,0,0.0280284847152501
2026-01-23 11:30:00,AWS_01,0,normal,none,1,-0.03012076003425712
2026-01-23 11:45:00,AWS_01,0,normal,none,0,0.09300614688115005
2026-01-23 12:00:00,AWS_01,0,normal,none,0,0.07582261030039333
2026-01-23 12:15:00,AWS_01,0,normal,none,0,0.09198548825037972
2026-01-23 12:30:00,AWS_01,0,normal,none,0,0.06903321453448008
2026-01-23 12:45:00,AWS_01,0,normal,none,0,0.08618417473276269
2026-01-23 13:00:00,AWS_01,0,normal,none,0,0.03785268918184892
2026-01-23 13:15:00,AWS_01,0,normal,none,0,0.03183871849410619
2026-01-23 13:30:00,AWS_01,0,normal,none,0,0.043759281651769566
2026-01-23 13:45:00,AWS_01,0,normal,none,0,0.042734480659700314
2026-01-23 14:00:00,AWS_01,0,normal,none,0,0.0634515948976686
2026-01-23 14:15:00,AWS_01,0,normal,none,0,0.06163602127878387
2026-01-23 14:30:00,AWS_01,0,normal,none,0,0.03780423524893617
2026-01-23 14:45:00,AWS_01,0,normal,none,0,0.0706352871938114
2026-01-23 15:00:00,AWS_01,0,normal,none,0,0.03044352714840337
2026-01-23 15:15:00,AWS_01,0,normal,none,0,0.04294573964411541
2026-01-23 15:30:00,AWS_01,0,normal,none,0,0.04813147281929436
2026-01-23 15:45:00,AWS_01,0,normal,none,0,0.039316997394039044
2026-01-23 16:00:00,AWS_01,0,normal,none,0,0.06717617620894617
2026-01-23 16:15:00,AWS_01,0,normal,none,1,-0.031573258507346824
2026-01-23 16:30:00,AWS_01,0,normal,none,0,0.040586012305483476
2026-01-23 16:45:00,AWS_01,0,normal,none,0,0.0409491012334281
2026-01-23 17:00:00,AWS_01,0,normal,none,1,-0.03039391119530832
2026-01-23 17:15:00,AWS_01,0,normal,none,0,0.0721401160305084
2026-01-23 17:30:00,AWS_01,0,normal,none,0,0.02705233496479581
2026-01-23 17:45:00,AWS_01,0,normal,none,0,0.052955949761664955
2026-01-23 18:00:00,AWS_01,0,normal,none,0,0.062364290728162464
2026-01-23 18:15:00,AWS_01,0,normal,none,0,0.0973305538878686
2026-01-23 18:30:00,AWS_01,0,normal,none,0,0.08905044631546422
2026-01-23 18:45:00,AWS_01,0,normal,none,0,0.10125910943474048
2026-01-23 19:00:00,AWS_01,0,normal,none,0,0.044231059073695234
2026-01-23 19:15:00,AWS_01,0,normal,none,0,0.09177639282291539
2026-01-23 19:30:00,AWS_01,0,normal,none,1,-0.050276036189392026
2026-01-23 19:45:00,AWS_01,0,normal,none,0,0.0812234695210014
2026-01-23 20:00:00,AWS_01,0,normal,none,0,0.08529503310501546
2026-01-23 20:15:00,AWS_01,0,normal,none,1,-0.0031302340270245033
2026-01-23 20:30:00,AWS_01,0,normal,none,0,0.06795913956100924
2026-01-23 20:45:00,AWS_01,0,normal,none,0,0.07550478080167655
2026-01-23 21:00:00,AWS_01,0,normal,none,0,0.08759795754398386
2026-01-23 21:15:00,AWS_01,0,normal,none,0,0.10267260003595313
2026-01-23 21:30:00,AWS_01,0,normal,none,0,0.08639614762176973
2026-01-23 21:45:00,AWS_01,0,normal,none,0,0.09460684219078969
2026-01-23 22:00:00,AWS_01,0,normal,none,0,0.07253704671830152
2026-01-23 22:15:00,AWS_01,0,normal,none,0,0.10192469856633002
2026-01-23 22:30:00,AWS_01,0,normal,none,0,0.11030270776460677
2026-01-23 22:45:00,AWS_01,0,normal,none,0,0.013945863914215206
2026-01-23 23:00:00,AWS_01,0,normal,none,0,0.09101594171639632
2026-01-23 23:15:00,AWS_01,0,normal,none,0,0.08816035183548665
2026-01-23 23:30:00,AWS_01,0,normal,none,0,0.07157544102653524
2026-01-23 23:45:00,AWS_01,0,normal,none,0,0.08979529715046458
2026-01-24 00:00:00,AWS_01,0,normal,none,0,0.08368909267555363
2026-01-24 00:15:00,AWS_01,0,normal,none,0,0.09505207319764947
2026-01-24 00:30:00,AWS_01,0,normal,none,1,-0.009976933429477475
2026-01-24 00:45:00,AWS_01,0,normal,none,0,0.03285139523099123
2026-01-24 01:00:00,AWS_01,0,normal,none,0,0.08950267355826835
2026-01-24 01:15:00,AWS_01,0,normal,none,0,0.08002124429996771
2026-01-24 01:30:00,AWS_01,0,normal,none,0,0.04303495741490465
2026-01-24 01:45:00,AWS_01,0,normal,none,0,0.05379245436035501
2026-01-24 02:00:00,AWS_01,0,normal,none,0,0.047707208228422004
2026-01-24 02:15:00,AWS_01,0,normal,none,0,0.010034687102425943
2026-01-24 02:30:00,AWS_01,0,normal,none,1,-0.002820456883711464
2026-01-24 02:45:00,AWS_01,0,normal,none,0,0.023647554867682052
2026-01-24 03:00:00,AWS_01,0,normal,none,0,0.09176287541604433
2026-01-24 03:15:00,AWS_01,0,normal,none,0,0.08652082605099548
2026-01-24 03:30:00,AWS_01,0,normal,none,0,0.08305157200776447
2026-01-24 03:45:00,AWS_01,0,normal,none,0,0.06204075041945495
2026-01-24 04:00:00,AWS_01,0,normal,none,0,0.09096247625051973
2026-01-24 04:15:00,AWS_01,0,normal,none,0,0.024284292243127392
2026-01-24 04:30:00,AWS_01,0,normal,none,0,0.06154465396546305
2026-01-24 04:45:00,AWS_01,0,normal,none,0,0.08047844019891759
2026-01-24 05:00:00,AWS_01,0,normal,none,0,0.014248546635627635
2026-01-24 05:15:00,AWS_01,0,normal,none,0,0.06178616672644227
2026-01-24 05:30:00,AWS_01,0,normal,none,0,0.08680120395227542
2026-01-24 05:45:00,AWS_01,0,normal,none,0,0.010359799963153837
2026-01-24 06:00:00,AWS_01,0,normal,none,0,0.037279086276349405
2026-01-24 06:15:00,AWS_01,0,normal,none,0,0.082634684026957
2026-01-24 06:30:00,AWS_01,0,normal,none,0,0.08500889680474033
2026-01-24 06:45:00,AWS_01,0,normal,none,1,-0.0072577903236403785
2026-01-24 07:00:00,AWS_01,0,normal,none,1,-0.031918360606986496
2026-01-24 07:15:00,AWS_01,0,normal,none,0,0.006329626848700476
2026-01-24 07:30:00,AWS_01,0,normal,none,0,0.06811048780086032
2026-01-24 07:45:00,AWS_01,0,normal,none,0,0.03616233209439307
2026-01-24 08:00:00,AWS_01,0,normal,none,0,0.10000686537152909
2026-01-24 08:15:00,AWS_01,0,normal,none,0,0.08811279231944635
2026-01-24 08:30:00,AWS_01,0,normal,none,0,0.06855896982628634
2026-01-24 08:45:00,AWS_01,0,normal,none,0,0.09227434217981412
2026-01-24 09:00:00,AWS_01,0,normal,none,0,0.018850483395355166
2026-01-24 09:15:00,AWS_01,0,normal,none,0,0.08560130862050436
2026-01-24 09:30:00,AWS_01,0,normal,none,0,0.0661355433897775
2026-01-24 09:45:00,AWS_01,0,normal,none,0,0.05522276408076915
2026-01-24 10:00:00,AWS_01,0,normal,none,0,0.0894094297079997
2026-01-24 10:15:00,AWS_01,0,normal,none,0,0.08703977884066522
2026-01-24 10:30:00,AWS_01,0,normal,none,0,0.0859847618344508
2026-01-24 10:45:00,AWS_01,0,normal,none,0,0.07167702013232696
2026-01-24 11:00:00,AWS_01,0,normal,none,0,0.08921170904281522
2026-01-24 11:15:00,AWS_01,0,normal,none,0,0.0977581113840682
2026-01-24 11:30:00,AWS_01,0,normal,none,0,0.017968279748290017
2026-01-24 11:45:00,AWS_01,0,normal,none,0,0.06759707283980143
2026-01-24 12:00:00,AWS_01,0,normal,none,0,0.041786557934320956
2026-01-24 12:15:00,AWS_01,0,normal,none,0,0.10170332740818994
2026-01-24 12:30:00,AWS_01,0,normal,none,0,0.04584918637339058
2026-01-24 12:45:00,AWS_01,0,normal,none,0,0.06294655378413505
2026-01-24 13:00:00,AWS_01,0,normal,none,0,0.08954619421833226
2026-01-24 13:15:00,AWS_01,0,normal,none,0,0.08613892203954715
2026-01-24 13:30:00,AWS_01,0,normal,none,0,0.055240483312132826
2026-01-24 13:45:00,AWS_01,0,normal,none,0,0.06878181675969453
2026-01-24 14:00:00,AWS_01,0,normal,none,0,0.04544481759259156
2026-01-24 14:15:00,AWS_01,0,normal,none,0,0.05022792548956734
2026-01-24 14:30:00,AWS_01,0,normal,none,0,0.05381999967572426
2026-01-24 14:45:00,AWS_01,0,normal,none,0,0.09631878889453455
2026-01-24 15:00:00,AWS_01,0,normal,none,0,0.0806266436059066
2026-01-24 15:15:00,AWS_01,0,normal,none,0,0.09342851917885703
2026-01-24 15:30:00,AWS_01,0,normal,none,0,0.05066527675732729
2026-01-24 15:45:00,AWS_01,0,normal,none,0,0.04769826340859007
2026-01-24 16:00:00,AWS_01,0,normal,none,0,0.056034885734324025
2026-01-24 16:15:00,AWS_01,0,normal,none,0,0.060469871731228864
2026-01-24 16:30:00,AWS_01,0,normal,none,0,0.07727724229410993
2026-01-24 16:45:00,AWS_01,0,normal,none,0,0.10015591847060007
2026-01-24 17:00:00,AWS_01,0,normal,none,0,0.10482952405231227
2026-01-24 17:15:00,AWS_01,0,normal,none,0,0.08398872152403214
2026-01-24 17:30:00,AWS_01,0,normal,none,0,0.06727889372525919
2026-01-24 17:45:00,AWS_01,0,normal,none,0,0.0831245300496527
2026-01-24 18:00:00,AWS_01,0,normal,none,0,0.07498368170537023
2026-01-24 18:15:00,AWS_01,0,normal,none,1,-0.008331329640859808
2026-01-24 18:30:00,AWS_01,0,normal,none,0,0.040437822751712316
2026-01-24 18:45:00,AWS_01,0,normal,none,0,0.08036495891853224
2026-01-24 19:00:00,AWS_01,0,normal,none,0,0.014498590704994374
2026-01-24 19:15:00,AWS_01,0,normal,none,0,0.021358076922439295
2026-01-24 19:30:00,AWS_01,0,normal,none,0,0.10370964455093129
2026-01-24 19:45:00,AWS_01,0,normal,none,0,0.10805060723141635
2026-01-24 20:00:00,AWS_01,0,normal,none,0,0.0922208274092573
2026-01-24 20:15:00,AWS_01,0,normal,none,0,0.10392212582988136
2026-01-24 20:30:00,AWS_01,0,normal,none,0,0.09422557277328647
2026-01-24 20:45:00,AWS_01,0,normal,none,0,0.06613072903142242
2026-01-24 21:00:00,AWS_01,0,normal,none,0,0.060025701455911074
2026-01-24 21:15:00,AWS_01,0,normal,none,0,0.07679524906700824
2026-01-24 21:30:00,AWS_01,0,normal,none,0,0.11066141218863595
2026-01-24 21:45:00,AWS_01,0,normal,none,0,0.09907184826107096
2026-01-24 22:00:00,AWS_01,0,normal,none,0,0.020035683805755378
2026-01-24 22:15:00,AWS_01,0,normal,none,0,0.100636434187166
2026-01-24 22:30:00,AWS_01,0,normal,none,0,0.059026485166438936
2026-01-24 22:45:00,AWS_01,0,normal,none,0,0.0209264767009677
2026-01-24 23:00:00,AWS_01,0,normal,none,0,0.08374184376028293
2026-01-24 23:15:00,AWS_01,0,normal,none,0,0.0629672104389511
2026-01-24 23:30:00,AWS_01,0,normal,none,0,0.04422871413302326
2026-01-24 23:45:00,AWS_01,0,normal,none,0,0.1035114746135567
2026-01-25 00:00:00,AWS_01,0,normal,none,0,0.0866677941994633
2026-01-25 00:15:00,AWS_01,0,normal,none,0,0.09070853464469913
2026-01-25 00:30:00,AWS_01,0,normal,none,0,0.07130949784433432
2026-01-25 00:45:00,AWS_01,0,normal,none,0,0.06479116370353222
2026-01-25 01:00:00,AWS_01,0,normal,none,0,0.08268805279354713
2026-01-25 01:15:00,AWS_01,0,normal,none,0,0.015425939000016986
2026-01-25 01:30:00,AWS_01,0,normal,none,0,0.01978514325146291
2026-01-25 01:45:00,AWS_01,0,normal,none,0,0.06222370236093594
2026-01-25 02:00:00,AWS_01,0,normal,none,0,0.1064669784243285
2026-01-25 02:15:00,AWS_01,0,normal,none,0,0.09564536577457822
2026-01-25 02:30:00,AWS_01,0,normal,none,0,0.09903081304613509
2026-01-25 02:45:00,AWS_01,0,normal,none,0,0.07313272559703754
2026-01-25 03:00:00,AWS_01,0,normal,none,0,0.05417535293506737
2026-01-25 03:15:00,AWS_01,0,normal,none,0,0.040588575800843574
2026-01-25 03:30:00,AWS_01,0,normal,none,0,0.08100764923087184
2026-01-25 03:45:00,AWS_01,0,normal,none,0,0.08232692781904366
2026-01-25 04:00:00,AWS_01,0,normal,none,0,0.041882534634973545
2026-01-25 04:15:00,AWS_01,0,normal,none,0,0.08478771086361842
2026-01-25 04:30:00,AWS_01,0,normal,none,0,0.0907407583893694
2026-01-25 04:45:00,AWS_01,0,normal,none,0,0.061711542346989834
2026-01-25 05:00:00,AWS_01,0,normal,none,0,0.07928329543365376
2026-01-25 05:15:00,AWS_01,0,normal,none,0,0.09689122955921114
2026-01-25 05:30:00,AWS_01,0,normal,none,0,0.101309322877422
2026-01-25 05:45:00,AWS_01,0,normal,none,0,0.0714602087675566
2026-01-25 06:00:00,AWS_01,0,normal,none,0,0.0880804174093765
2026-01-25 06:15:00,AWS_01,0,normal,none,0,0.07186875684279387
2026-01-25 06:30:00,AWS_01,0,normal,none,0,0.0948179991302629
2026-01-25 06:45:00,AWS_01,0,normal,none,0,0.0931594512004506
2026-01-25 07:00:00,AWS_01,0,normal,none,0,0.07913632793972142
2026-01-25 07:15:00,AWS_01,0,normal,none,0,0.0736231369341318
2026-01-25 07:30:00,AWS_01,0,normal,none,0,0.058233074531505
2026-01-25 07:45:00,AWS_01,0,normal,none,0,0.08035525273640992
2026-01-25 08:00:00,AWS_01,0,normal,none,0,0.08136284480617101
2026-01-25 08:15:00,AWS_01,0,normal,none,0,0.07814573953838133
2026-01-25 08:30:00,AWS_01,0,normal,none,0,0.04052053404686562
2026-01-25 08:45:00,AWS_01,0,normal,none,0,0.06534712064979847
2026-01-25 09:00:00,AWS_01,0,normal,none,1,-0.07415931640733597
2026-01-25 09:15:00,AWS_01,0,normal,none,0,0.054640577719643924
2026-01-25 09:30:00,AWS_01,0,normal,none,0,0.07018941643033683
2026-01-25 09:45:00,AWS_01,0,normal,none,0,0.08328636139082168
2026-01-25 10:00:00,AWS_01,0,normal,none,0,0.05946199085623882
2026-01-25 10:15:00,AWS_01,0,normal,none,0,0.020397233480413224
2026-01-25 10:30:00,AWS_01,0,normal,none,0,0.05024340349436385
2026-01-25 10:45:00,AWS_01,0,normal,none,0,0.03203041600777812
2026-01-25 11:00:00,AWS_01,0,normal,none,0,0.049987651836791824
2026-01-25 11:15:00,AWS_01,0,normal,none,0,0.06536212136589181
2026-01-25 11:30:00,AWS_01,0,normal,none,1,-0.0012785347354364873
2026-01-25 11:45:00,AWS_01,0,normal,none,0,0.048804543637129494
2026-01-25 12:00:00,AWS_01,0,normal,none,0,0.02372615201107736
2026-01-25 12:15:00,AWS_01,0,normal,none,0,0.05114749092639148
2026-01-25 12:30:00,AWS_01,0,normal,none,1,-0.023875922945459593
2026-01-25 12:45:00,AWS_01,0,normal,none,1,-0.020552860320064092
2026-01-25 13:00:00,AWS_01,0,normal,none,0,0.002583465172086019
2026-01-25 13:15:00,AWS_01,0,normal,none,1,-0.0007897744820258845
2026-01-25 13:30:00,AWS_01,0,normal,none,0,0.020473026521640958
2026-01-25 13:45:00,AWS_01,0,normal,none,0,0.00596758592256369
2026-01-25 14:00:00,AWS_01,0,normal,none,0,0.014453206742834623
2026-01-25 14:15:00,AWS_01,0,normal,none,0,0.02038908651104726
2026-01-25 14:30:00,AWS_01,0,normal,none,0,0.0558764170291407
2026-01-25 14:45:00,AWS_01,0,normal,none,0,0.039486010998018295
2026-01-25 15:00:00,AWS_01,0,normal,none,0,0.042913824054449545
2026-01-25 15:15:00,AWS_01,0,normal,none,0,0.03120926577658334
2026-01-25 15:30:00,AWS_01,0,normal,none,0,0.03313640017101066
2026-01-25 15:45:00,AWS_01,0,normal,none,0,0.021259299188708003
2026-01-25 16:00:00,AWS_01,0,normal,none,0,0.053232726222090854
2026-01-25 16:15:00,AWS_01,0,normal,none,0,0.05112946759791326
2026-01-25 16:30:00,AWS_01,0,normal,none,0,0.04397774944813476
2026-01-25 16:45:00,AWS_01,0,normal,none,0,0.06354013977168299
2026-01-25 17:00:00,AWS_01,0,normal,none,0,0.06432077099305988
2026-01-25 17:15:00,AWS_01,0,normal,none,0,0.0575014894915174
2026-01-25 17:30:00,AWS_01,0,normal,none,1,-0.01639871719714603
2026-01-25 17:45:00,AWS_01,0,normal,none,0,0.060868624303487884
2026-01-25 18:00:00,AWS_01,0,normal,none,0,0.05423304955410324
2026-01-25 18:15:00,AWS_01,0,normal,none,0,0.03718921084996435
2026-01-25 18:30:00,AWS_01,0,normal,none,0,0.045248074299068464
2026-01-25 18:45:00,AWS_01,0,normal,none,1,-0.013026993742333959
2026-01-25 19:00:00,AWS_01,0,normal,none,0,0.0615528661548857
2026-01-25 19:15:00,AWS_01,0,normal,none,1,-0.00671257307804729
2026-01-25 19:30:00,AWS_01,0,normal,none,0,0.039735867690183224
2026-01-25 19:45:00,AWS_01,0,normal,none,0,0.08012168617883814
2026-01-25 20:00:00,AWS_01,0,normal,none,0,0.0714133818998286
2026-01-25 20:15:00,AWS_01,0,normal,none,0,0.01743993563983931
2026-01-25 20:30:00,AWS_01,0,normal,none,0,0.0980123525008108
2026-01-25 20:45:00,AWS_01,0,normal,none,0,0.033688199376738004
2026-01-25 21:00:00,AWS_01,0,normal,none,0,0.04198049231451617
2026-01-25 21:15:00,AWS_01,0,normal,none,0,0.0925291934209932
2026-01-25 21:30:00,AWS_01,0,normal,none,0,0.09057947781262404
2026-01-25 21:45:00,AWS_01,0,normal,none,0,0.09681480183633479
2026-01-25 22:00:00,AWS_01,0,normal,none,1,-0.0248301819896124
2026-01-25 22:15:00,AWS_01,0,normal,none,0,0.05898131293686254
2026-01-25 22:30:00,AWS_01,0,normal,none,0,0.06250200372452525
2026-01-25 22:45:00,AWS_01,0,normal,none,0,0.08358093074531481
2026-01-25 23:00:00,AWS_01,0,normal,none,1,-0.03952054997091414
2026-01-25 23:15:00,AWS_01,0,normal,none,0,0.07955635539411438
2026-01-25 23:30:00,AWS_01,0,normal,none,0,0.07496244119257134
2026-01-25 23:45:00,AWS_01,0,normal,none,0,0.0765748612185661
2026-01-26 00:00:00,AWS_01,0,normal,none,1,-0.008001775665357647
2026-01-26 00:15:00,AWS_01,0,normal,none,0,0.06053340137110824
2026-01-26 00:30:00,AWS_01,0,normal,none,0,0.07188482173509192
2026-01-26 00:45:00,AWS_01,0,normal,none,0,0.06330413665026458
2026-01-26 01:00:00,AWS_01,0,normal_weather_event,temperature,1,-0.06058760092441484
2026-01-26 01:15:00,AWS_01,0,normal_weather_event,temperature,0,0.031063374529999743
2026-01-26 01:30:00,AWS_01,0,normal_weather_event,temperature,1,-0.012718240645377965
2026-01-26 01:45:00,AWS_01,0,normal_weather_event,temperature,1,-0.030810707281530125
2026-01-26 02:00:00,AWS_01,0,normal_weather_event,temperature,0,0.049012377063159085
2026-01-26 02:15:00,AWS_01,0,normal_weather_event,temperature,1,-0.014428327270496477
2026-01-26 02:30:00,AWS_01,0,normal_weather_event,temperature,0,0.035144442291390465
2026-01-26 02:45:00,AWS_01,0,normal_weather_event,temperature,0,0.008921562561382768
2026-01-26 03:00:00,AWS_01,0,normal_weather_event,temperature,1,-0.015106169937745717
2026-01-26 03:15:00,AWS_01,0,normal_weather_event,temperature,0,0.032036272328284154
2026-01-26 03:30:00,AWS_01,0,normal_weather_event,temperature,0,0.010187535784539237
2026-01-26 03:45:00,AWS_01,0,normal_weather_event,temperature,0,0.04280424062489979
2026-01-26 04:00:00,AWS_01,0,normal_weather_event,temperature,0,0.06085900092168739
2026-01-26 04:15:00,AWS_01,0,normal_weather_event,temperature,0,0.05621850938258688
2026-01-26 04:30:00,AWS_01,0,normal_weather_event,temperature,0,0.04043757509699458
2026-01-26 04:45:00,AWS_01,0,normal_weather_event,temperature,0,0.005719550187314237
2026-01-26 05:00:00,AWS_01,0,normal_weather_event,temperature,0,0.0029409617987476433
2026-01-26 05:15:00,AWS_01,0,normal_weather_event,temperature,0,0.07262504112856838
2026-01-26 05:30:00,AWS_01,0,normal_weather_event,temperature,0,0.002694151047189508
2026-01-26 05:45:00,AWS_01,0,normal_weather_event,temperature,0,0.04383592123527069
2026-01-26 06:00:00,AWS_01,0,normal_weather_event,temperature,0,0.06895712927485614
2026-01-26 06:15:00,AWS_01,0,normal_weather_event,temperature,0,0.031185927154139037
2026-01-26 06:30:00,AWS_01,0,normal_weather_event,temperature,0,0.09591603560479661
2026-01-26 06:45:00,AWS_01,0,normal_weather_event,temperature,0,0.05709212626222021
2026-01-26 07:00:00,AWS_01,0,normal_weather_event,temperature,0,0.056653255385755996
2026-01-26 07:15:00,AWS_01,0,normal_weather_event,temperature,0,0.08795077385102157
2026-01-26 07:30:00,AWS_01,0,normal_weather_event,temperature,0,0.05956118925086268
2026-01-26 07:45:00,AWS_01,0,normal_weather_event,temperature,0,0.0781659037243495
2026-01-26 08:00:00,AWS_01,0,normal_weather_event,temperature,0,0.0963715602462743
2026-01-26 08:15:00,AWS_01,0,normal_weather_event,temperature,0,0.08895110619441049
2026-01-26 08:30:00,AWS_01,0,normal_weather_event,temperature,0,0.09454536574644629
2026-01-26 08:45:00,AWS_01,0,normal_weather_event,temperature,0,0.10092530848719483
2026-01-26 09:00:00,AWS_01,0,normal_weather_event,temperature,0,0.0940536853704027
2026-01-26 09:15:00,AWS_01,0,normal_weather_event,temperature,0,0.06703486532547825
2026-01-26 09:30:00,AWS_01,0,normal_weather_event,temperature,0,0.08717115612647192
2026-01-26 09:45:00,AWS_01,0,normal_weather_event,temperature,0,0.07397382732117458
2026-01-26 10:00:00,AWS_01,0,normal_weather_event,temperature,0,0.046632023735598105
2026-01-26 10:15:00,AWS_01,0,normal_weather_event,temperature,0,0.04544520438461086
2026-01-26 10:30:00,AWS_01,0,normal_weather_event,temperature,0,0.047475364335425985
2026-01-26 10:45:00,AWS_01,0,normal_weather_event,temperature,0,0.07090257573163594
2026-01-26 11:00:00,AWS_01,0,normal_weather_event,temperature,0,0.10323598451264787
2026-01-26 11:15:00,AWS_01,0,normal_weather_event,temperature,0,0.07900759784232975
2026-01-26 11:30:00,AWS_01,0,normal_weather_event,temperature,0,0.1071751449255472
2026-01-26 11:45:00,AWS_01,0,normal_weather_event,temperature,0,0.08242810759214209
2026-01-26 12:00:00,AWS_01,0,normal_weather_event,temperature,0,0.01663142014388269
2026-01-26 12:15:00,AWS_01,0,normal_weather_event,temperature,1,-0.002386186722924566
2026-01-26 12:30:00,AWS_01,0,normal_weather_event,temperature,0,0.07848497702305274
2026-01-26 12:45:00,AWS_01,0,normal_weather_event,temperature,0,0.09596567336715434
2026-01-26 13:00:00,AWS_01,0,normal,none,1,-0.0018071983305736339
2026-01-26 13:15:00,AWS_01,0,normal,none,0,0.08329472572439023
2026-01-26 13:30:00,AWS_01,0,normal,none,0,0.0675349585875149
2026-01-26 13:45:00,AWS_01,0,normal,none,0,0.06883839784557066
2026-01-26 14:00:00,AWS_01,0,normal,none,0,0.04972855907652535
2026-01-26 14:15:00,AWS_01,0,normal,none,0,0.08106492328531772
2026-01-26 14:30:00,AWS_01,0,normal,none,0,0.07368045166230747
2026-01-26 14:45:00,AWS_01,0,normal,none,0,0.049379282602164565
2026-01-26 15:00:00,AWS_01,0,normal,none,0,0.05985517024033621
2026-01-26 15:15:00,AWS_01,0,normal,none,0,0.02368346763919249
2026-01-26 15:30:00,AWS_01,0,normal,none,0,0.05426352745083152
2026-01-26 15:45:00,AWS_01,0,normal,none,0,0.06424991100113298
2026-01-26 16:00:00,AWS_01,0,normal,none,0,0.07993439084202525
2026-01-26 16:15:00,AWS_01,0,normal,none,1,-0.027356663936468517
2026-01-26 16:30:00,AWS_01,0,normal,none,1,-0.013378596582105051
2026-01-26 16:45:00,AWS_01,0,normal,none,0,0.04182635937039064
2026-01-26 17:00:00,AWS_01,0,normal,none,0,0.0817334457056429
2026-01-26 17:15:00,AWS_01,0,normal,none,0,0.04064709165428387
2026-01-26 17:30:00,AWS_01,0,normal,none,0,0.07081666066234132
2026-01-26 17:45:00,AWS_01,0,normal,none,0,0.06825876434197403
2026-01-26 18:00:00,AWS_01,0,normal,none,0,0.07087663955933088
2026-01-26 18:15:00,AWS_01,0,normal,none,0,0.05593123365279107
2026-01-26 18:30:00,AWS_01,0,normal,none,0,9.500755147123785e-05
2026-01-26 18:45:00,AWS_01,0,normal,none,0,0.05287326592786995
2026-01-26 19:00:00,AWS_01,0,normal,none,0,0.05946173479706468
2026-01-26 19:15:00,AWS_01,0,normal,none,0,0.09540517423990774
2026-01-26 19:30:00,AWS_01,0,normal,none,0,0.017127934333633743
2026-01-26 19:45:00,AWS_01,0,normal,none,0,0.1021019924641155
2026-01-26 20:00:00,AWS_01,0,normal,none,0,0.09841742068189091
2026-01-26 20:15:00,AWS_01,0,normal,none,0,0.11046289961338734
2026-01-26 20:30:00,AWS_01,0,normal,none,0,0.09430846194423131
2026-01-26 20:45:00,AWS_01,0,normal,none,0,0.07953835264236314
2026-01-26 21:00:00,AWS_01,0,normal,none,0,0.06927711312190327
2026-01-26 21:15:00,AWS_01,0,normal,none,0,0.09032808724390873
2026-01-26 21:30:00,AWS_01,0,normal,none,1,-0.002970588923081219
2026-01-26 21:45:00,AWS_01,0,normal,none,0,0.08659133067657726
2026-01-26 22:00:00,AWS_01,0,normal,none,0,0.09733136037709766
2026-01-26 22:15:00,AWS_01,0,normal,none,0,0.03962302500192871
2026-01-26 22:30:00,AWS_01,0,normal,none,0,0.010259757124409519
2026-01-26 22:45:00,AWS_01,0,normal,none,0,0.05836673115841462
2026-01-26 23:00:00,AWS_01,0,normal,none,0,0.09587131398238474
2026-01-26 23:15:00,AWS_01,0,normal,none,0,0.07209963105237727
2026-01-26 23:30:00,AWS_01,0,normal,none,0,0.08144767381446472
2026-01-26 23:45:00,AWS_01,0,normal,none,0,0.09803369558528063
2026-01-27 00:00:00,AWS_01,0,normal,none,0,0.10207680401675934
2026-01-27 00:15:00,AWS_01,0,normal,none,0,0.010019838936066727
2026-01-27 00:30:00,AWS_01,0,normal,none,0,0.06699448416756565
2026-01-27 00:45:00,AWS_01,0,normal,none,0,0.097803809700862
2026-01-27 01:00:00,AWS_01,0,normal,none,0,0.09780828592320928
2026-01-27 01:15:00,AWS_01,0,normal,none,0,0.04526049982927871
2026-01-27 01:30:00,AWS_01,0,normal,none,0,0.05906028594780205
2026-01-27 01:45:00,AWS_01,0,normal,none,0,0.04646062969286657
2026-01-27 02:00:00,AWS_01,0,normal,none,0,0.06417778392934043
2026-01-27 02:15:00,AWS_01,0,normal,none,0,0.028362174448623156
2026-01-27 02:30:00,AWS_01,0,normal,none,0,0.012781904096807795
2026-01-27 02:45:00,AWS_01,0,normal,none,0,0.08652662899260272
2026-01-27 03:00:00,AWS_01,0,normal,none,0,0.07786361928714425
2026-01-27 03:15:00,AWS_01,0,normal,none,1,-0.03222124740219734
2026-01-27 03:30:00,AWS_01,0,normal,none,0,0.01926419517071082
2026-01-27 03:45:00,AWS_01,0,normal,none,0,0.10023723460544309
2026-01-27 04:00:00,AWS_01,0,normal,none,0,0.10032751939483286
2026-01-27 04:15:00,AWS_01,0,normal,none,0,0.09510038312264818
2026-01-27 04:30:00,AWS_01,0,normal,none,0,0.09631068843038465
2026-01-27 04:45:00,AWS_01,0,normal,none,0,0.035705525783566394
2026-01-27 05:00:00,AWS_01,0,normal,none,0,0.09573760211188276
2026-01-27 05:15:00,AWS_01,0,normal,none,0,0.09762664740379207
2026-01-27 05:30:00,AWS_01,0,normal,none,0,0.08212729193212898
2026-01-27 05:45:00,AWS_01,0,normal,none,0,0.07575881647549537
2026-01-27 06:00:00,AWS_01,0,normal,none,0,0.09584796553253089
2026-01-27 06:15:00,AWS_01,0,normal,none,1,-0.010037308856685079
2026-01-27 06:30:00,AWS_01,0,normal,none,0,0.0821835437020535
2026-01-27 06:45:00,AWS_01,0,normal,none,0,0.03558005328154523
2026-01-27 07:00:00,AWS_01,0,normal,none,0,0.09789024708146793
2026-01-27 07:15:00,AWS_01,0,normal,none,0,0.0564079632949408
2026-01-27 07:30:00,AWS_01,0,normal,none,0,0.08519045803519137
2026-01-27 07:45:00,AWS_01,0,normal,none,0,0.02353186568409943
2026-01-27 08:00:00,AWS_01,0,normal,none,0,0.074167236436532
2026-01-27 08:15:00,AWS_01,0,normal,none,0,0.09569256892824357
2026-01-27 08:30:00,AWS_01,0,normal,none,0,0.10564628708757029
2026-01-27 08:45:00,AWS_01,0,normal,none,0,0.10628171553012239
2026-01-27 09:00:00,AWS_01,0,normal,none,0,0.04443401230616956
2026-01-27 09:15:00,AWS_01,0,normal,none,0,0.07972820459994068
2026-01-27 09:30:00,AWS_01,0,normal,none,0,0.08598070052721318
2026-01-27 09:45:00,AWS_01,0,normal,none,0,0.08474860674725754
2026-01-27 10:00:00,AWS_01,0,normal,none,0,0.08751970916151325
2026-01-27 10:15:00,AWS_01,0,normal,none,0,0.07674146481777183
2026-01-27 10:30:00,AWS_01,0,normal,none,0,0.06801845441719273
2026-01-27 10:45:00,AWS_01,0,normal,none,0,0.10130864203022427
2026-01-27 11:00:00,AWS_01,0,normal,none,1,-0.0008708130654913049
2026-01-27 11:15:00,AWS_01,0,normal,none,0,0.04855650533213002
2026-01-27 11:30:00,AWS_01,0,normal,none,0,0.06697312727595528
2026-01-27 11:45:00,AWS_01,0,normal,none,0,0.08218639551793566
2026-01-27 12:00:00,AWS_01,0,normal,none,0,0.054791640269844455
2026-01-27 12:15:00,AWS_01,0,normal,none,0,0.059819376531935864
2026-01-27 12:30:00,AWS_01,0,normal,none,0,0.07275410983224306
2026-01-27 12:45:00,AWS_01,0,normal,none,0,0.08624981708036344
2026-01-27 13:00:00,AWS_01,0,normal,none,0,0.08541985348799636
2026-01-27 13:15:00,AWS_01,0,normal,none,0,0.006247079113286258
2026-01-27 13:30:00,AWS_01,0,normal,none,0,0.06620202858348223
2026-01-27 13:45:00,AWS_01,0,normal,none,0,0.06752622193726204
2026-01-27 14:00:00,AWS_01,0,normal,none,0,0.05020812755812737
2026-01-27 14:15:00,AWS_01,0,normal,none,0,0.04698122190316789
2026-01-27 14:30:00,AWS_01,0,normal,none,0,0.07224571163714888
2026-01-27 14:45:00,AWS_01,0,normal,none,0,0.06562091663723452
2026-01-27 15:00:00,AWS_01,0,normal,none,0,0.0014471292320459295
2026-01-27 15:15:00,AWS_01,0,normal,none,1,-0.00027647972014810396
2026-01-27 15:30:00,AWS_01,0,normal,none,0,0.024075348844809608
2026-01-27 15:45:00,AWS_01,0,normal,none,0,0.01849954366885348
2026-01-27 16:00:00,AWS_01,0,normal,none,0,0.02891497501052226
2026-01-27 16:15:00,AWS_01,0,normal,none,1,-0.02912304329116966
2026-01-27 16:30:00,AWS_01,0,normal,none,0,0.060242567794192015
2026-01-27 16:45:00,AWS_01,0,normal,none,0,0.09174779084891421
2026-01-27 17:00:00,AWS_01,0,normal,none,0,0.08594285066300988
2026-01-27 17:15:00,AWS_01,0,normal,none,0,0.08086362150882898
2026-01-27 17:30:00,AWS_01,0,normal,none,0,0.0726516990211653
2026-01-27 17:45:00,AWS_01,0,normal,none,0,0.05115444987083495
2026-01-27 18:00:00,AWS_01,0,normal,none,0,0.07116967161368548
2026-01-27 18:15:00,AWS_01,0,normal,none,0,0.07978185293784185
2026-01-27 18:30:00,AWS_01,0,normal,none,0,0.09666702381808767
2026-01-27 18:45:00,AWS_01,0,normal,none,0,0.10026444199678625
2026-01-27 19:00:00,AWS_01,0,normal,none,0,0.10721068592119964
2026-01-27 19:15:00,AWS_01,0,normal,none,0,0.057201778335741194
2026-01-27 19:30:00,AWS_01,0,normal,none,0,0.05473610359543429
2026-01-27 19:45:00,AWS_01,0,normal,none,0,0.09094499916432619
2026-01-27 20:00:00,AWS_01,0,normal,none,0,0.09927175917170034
2026-01-27 20:15:00,AWS_01,0,normal,none,0,0.10605670921117138
2026-01-27 20:30:00,AWS_01,0,normal,none,0,0.10075296760970176
2026-01-27 20:45:00,AWS_01,0,normal,none,0,0.0958849744088548
2026-01-27 21:00:00,AWS_01,0,normal,none,0,0.09888625640542681
2026-01-27 21:15:00,AWS_01,0,normal,none,0,0.11038747129603421
2026-01-27 21:30:00,AWS_01,0,normal,none,0,0.08761096056691142
2026-01-27 21:45:00,AWS_01,0,normal,none,0,0.07845310333168642
2026-01-27 22:00:00,AWS_01,0,normal,none,0,0.06375530958558595
2026-01-27 22:15:00,AWS_01,0,normal,none,0,0.007635314680749572
2026-01-27 22:30:00,AWS_01,0,normal,none,1,-0.003379884393399424
2026-01-27 22:45:00,AWS_01,0,normal,none,0,0.10208205624281608
2026-01-27 23:00:00,AWS_01,0,normal,none,0,0.08361740606240209
2026-01-27 23:15:00,AWS_01,0,normal,none,0,0.054836461816727855
2026-01-27 23:30:00,AWS_01,0,normal,none,0,0.07583926515793804
2026-01-27 23:45:00,AWS_01,0,normal,none,0,0.09259473033696569
2026-01-28 00:00:00,AWS_01,0,normal,none,0,0.06479575456792819
2026-01-28 00:15:00,AWS_01,0,normal,none,0,0.10831101825836825
2026-01-28 00:30:00,AWS_01,0,normal,none,0,0.06583743428421629
2026-01-28 00:45:00,AWS_01,0,normal,none,0,0.0971531457383778
2026-01-28 01:00:00,AWS_01,0,normal,none,0,0.0636358664621206
2026-01-28 01:15:00,AWS_01,0,normal,none,0,0.06550931628262818
2026-01-28 01:30:00,AWS_01,0,normal,none,0,0.08212026334921418
2026-01-28 01:45:00,AWS_01,0,normal,none,0,0.08959548750238244
2026-01-28 02:00:00,AWS_01,0,normal,none,0,0.05645449152105669
2026-01-28 02:15:00,AWS_01,0,normal,none,0,0.06577537916237336
2026-01-28 02:30:00,AWS_01,0,normal,none,0,0.04518863930684369
2026-01-28 02:45:00,AWS_01,0,normal,none,0,0.06671656936620846
2026-01-28 03:00:00,AWS_01,0,normal,none,0,0.01096565630492019
2026-01-28 03:15:00,AWS_01,0,normal,none,0,0.016296122205019137
2026-01-28 03:30:00,AWS_01,0,normal,none,0,0.05266763990177348
2026-01-28 03:45:00,AWS_01,0,normal,none,0,0.060018549983891945
2026-01-28 04:00:00,AWS_01,0,normal,none,0,0.03668733645665784
2026-01-28 04:15:00,AWS_01,0,normal,none,0,0.034918282220282926
2026-01-28 04:30:00,AWS_01,0,normal,none,0,0.040781582995537524
2026-01-28 04:45:00,AWS_01,0,normal,none,0,0.05169701305952962
2026-01-28 05:00:00,AWS_01,0,normal,none,0,0.07491387744388633
2026-01-28 05:15:00,AWS_01,0,normal,none,0,0.047245605890529785
2026-01-28 05:30:00,AWS_01,0,normal,none,0,0.08747086654966102
2026-01-28 05:45:00,AWS_01,0,normal,none,0,0.08653568956444707
2026-01-28 06:00:00,AWS_01,0,normal,none,1,-0.00515620573134179
2026-01-28 06:15:00,AWS_01,0,normal,none,0,0.06864111162825765
2026-01-28 06:30:00,AWS_01,0,normal,none,0,0.08251248025514779
2026-01-28 06:45:00,AWS_01,0,normal,none,0,0.003568148453992226
2026-01-28 07:00:00,AWS_01,0,normal,none,0,0.10501090428845494
2026-01-28 07:15:00,AWS_01,0,normal,none,0,0.09383490088663987
2026-01-28 07:30:00,AWS_01,0,normal,none,0,0.10346974978852802
2026-01-28 07:45:00,AWS_01,0,normal,none,0,0.091975880101142
2026-01-28 08:00:00,AWS_01,0,normal,none,0,0.05039768602789452
2026-01-28 08:15:00,AWS_01,0,normal,none,0,0.0888079506992745
2026-01-28 08:30:00,AWS_01,0,normal,none,0,0.075249145978309
2026-01-28 08:45:00,AWS_01,0,normal,none,0,0.07396703065681498
2026-01-28 09:00:00,AWS_01,0,normal,none,0,0.0676732127025308
2026-01-28 09:15:00,AWS_01,0,normal,none,0,0.09427516751687204
2026-01-28 09:30:00,AWS_01,0,normal,none,0,0.09441714139253837
2026-01-28 09:45:00,AWS_01,0,normal,none,0,0.02830263196846644
2026-01-28 10:00:00,AWS_01,0,normal,none,0,0.0926170534290654
2026-01-28 10:15:00,AWS_01,0,normal,none,0,0.06969081014603978
2026-01-28 10:30:00,AWS_01,0,normal,none,0,0.013437408483668645
2026-01-28 10:45:00,AWS_01,0,normal,none,0,0.08598250329345974
2026-01-28 11:00:00,AWS_01,0,normal,none,0,0.034735728607730554
2026-01-28 11:15:00,AWS_01,0,normal,none,0,0.02638889034256181
2026-01-28 11:30:00,AWS_01,0,normal,none,0,0.07589308133961548
2026-01-28 11:45:00,AWS_01,0,normal,none,0,0.05306268441699835
2026-01-28 12:00:00,AWS_01,0,normal,none,1,-0.010511368122323006
2026-01-28 12:15:00,AWS_01,0,normal,none,0,0.02748120778361135
2026-01-28 12:30:00,AWS_01,0,normal,none,0,0.06420064036944273
2026-01-28 12:45:00,AWS_01,0,normal,none,0,0.048097191844150844
2026-01-28 13:00:00,AWS_01,0,normal,none,0,0.068169159930767
2026-01-28 13:15:00,AWS_01,0,normal,none,0,0.08095635067994011
2026-01-28 13:30:00,AWS_01,0,normal,none,0,0.04210199175935425
2026-01-28 13:45:00,AWS_01,0,normal,none,0,0.05099871204413198
2026-01-28 14:00:00,AWS_01,0,normal,none,0,0.07776621310459453
2026-01-28 14:15:00,AWS_01,0,normal,none,0,0.0056734428640715096
2026-01-28 14:30:00,AWS_01,0,normal,none,0,0.04756259405604135
2026-01-28 14:45:00,AWS_01,0,normal,none,0,0.07798091696587184
2026-01-28 15:00:00,AWS_01,0,normal,none,1,-0.034611290556106344
2026-01-28 15:15:00,AWS_01,0,normal,none,0,0.05434943313332258
2026-01-28 15:30:00,AWS_01,0,normal,none,1,-0.0329096370416323
2026-01-28 15:45:00,AWS_01,0,normal,none,1,-0.0017032412561880372
2026-01-28 16:00:00,AWS_01,0,normal,none,1,-0.0022743766442832047
2026-01-28 16:15:00,AWS_01,0,normal,none,0,0.030667480969921057
2026-01-28 16:30:00,AWS_01,0,normal,none,0,0.06478580078226831
2026-01-28 16:45:00,AWS_01,0,normal,none,0,0.0487824658861436
2026-01-28 17:00:00,AWS_01,0,normal,none,0,0.04316442225323647
2026-01-28 17:15:00,AWS_01,0,normal,none,0,0.07665747286161645
2026-01-28 17:30:00,AWS_01,0,normal,none,0,0.07460196631285326
2026-01-28 17:45:00,AWS_01,0,normal,none,0,0.026865456751251904
2026-01-28 18:00:00,AWS_01,0,normal,none,0,0.08488164012902721
2026-01-28 18:15:00,AWS_01,0,normal,none,0,0.020109575702079385
2026-01-28 18:30:00,AWS_01,0,normal,none,0,0.03826464777657679
2026-01-28 18:45:00,AWS_01,0,normal,none,0,0.052709149019439794
2026-01-28 19:00:00,AWS_01,0,normal,none,0,0.0712003781356439
2026-01-28 19:15:00,AWS_01,0,normal,none,0,0.07848636269418141
2026-01-28 19:30:00,AWS_01,0,normal,none,1,-0.022903099339307786
2026-01-28 19:45:00,AWS_01,0,normal,none,0,0.0973151821628142
2026-01-28 20:00:00,AWS_01,0,normal,none,0,0.10148587949012783
2026-01-28 20:15:00,AWS_01,0,normal,none,0,0.10576712636407481
2026-01-28 20:30:00,AWS_01,0,normal,none,0,0.0749099680352609
2026-01-28 20:45:00,AWS_01,0,normal,none,0,0.0523617017330516
2026-01-28 21:00:00,AWS_01,0,normal,none,0,0.08238623038661014
2026-01-28 21:15:00,AWS_01,0,normal,none,0,0.10838700722112832
2026-01-28 21:30:00,AWS_01,0,normal,none,0,0.09769808680946712
2026-01-28 21:45:00,AWS_01,0,normal,none,0,0.11039445501476086
2026-01-28 22:00:00,AWS_01,0,normal,none,0,0.08475696153628859
2026-01-28 22:15:00,AWS_01,0,normal,none,0,0.10416413393971335
2026-01-28 22:30:00,AWS_01,0,normal,none,0,0.09035429944333428
2026-01-28 22:45:00,AWS_01,0,normal,none,0,0.07360473924577582
2026-01-28 23:00:00,AWS_01,0,normal,none,0,0.09429220869126642
2026-01-28 23:15:00,AWS_01,0,normal,none,0,0.10895351603479037
2026-01-28 23:30:00,AWS_01,0,normal,none,0,0.09635071422733366
2026-01-28 23:45:00,AWS_01,0,normal,none,0,0.05937814981882955
2026-01-29 00:00:00,AWS_01,0,normal,none,0,0.0655954172072738
2026-01-29 00:15:00,AWS_01,0,normal,none,0,0.02809139560268159
2026-01-29 00:30:00,AWS_01,0,normal,none,0,0.09746676243332286
2026-01-29 00:45:00,AWS_01,0,normal,none,0,0.018079528202432915
2026-01-29 01:00:00,AWS_01,0,normal,none,0,0.10105707435212785
2026-01-29 01:15:00,AWS_01,0,normal,none,0,0.0869444483239904
2026-01-29 01:30:00,AWS_01,0,normal,none,0,0.04439198767311886
2026-01-29 01:45:00,AWS_01,0,normal,none,0,0.051848619612665015
2026-01-29 02:00:00,AWS_01,0,normal,none,0,0.011030805294977797
2026-01-29 02:15:00,AWS_01,0,normal,none,0,0.09573334149322194
2026-01-29 02:30:00,AWS_01,0,normal,none,1,-0.018261454194563154
2026-01-29 02:45:00,AWS_01,0,normal,none,0,0.005085503552727022
2026-01-29 03:00:00,AWS_01,0,normal,none,0,0.07744867197561539
2026-01-29 03:15:00,AWS_01,0,normal,none,0,0.10375624636399045
2026-01-29 03:30:00,AWS_01,0,normal,none,0,0.07829321244320553
2026-01-29 03:45:00,AWS_01,0,normal,none,0,0.015858052365134212
2026-01-29 04:00:00,AWS_01,0,normal,none,0,0.08817153988495485
2026-01-29 04:15:00,AWS_01,0,normal,none,0,0.09866645586854772
2026-01-29 04:30:00,AWS_01,0,normal,none,0,0.08250593333940998
2026-01-29 04:45:00,AWS_01,0,normal,none,0,0.06747094426192735
2026-01-29 05:00:00,AWS_01,0,normal,none,0,0.03148912738340692
2026-01-29 05:15:00,AWS_01,0,normal,none,0,0.02835553098410304
2026-01-29 05:30:00,AWS_01,0,normal,none,0,0.04984122119762585
2026-01-29 05:45:00,AWS_01,0,normal,none,0,0.059341431979693604
2026-01-29 06:00:00,AWS_01,0,normal,none,0,0.09447429488642728
2026-01-29 06:15:00,AWS_01,0,normal,none,0,0.09725858091318706
2026-01-29 06:30:00,AWS_01,0,normal,none,0,0.08336494232636388
2026-01-29 06:45:00,AWS_01,0,normal,none,0,0.04497102235378153
2026-01-29 07:00:00,AWS_01,0,normal,none,0,0.03185918210448496
2026-01-29 07:15:00,AWS_01,0,normal,none,0,0.09506347438657808
2026-01-29 07:30:00,AWS_01,0,normal,none,0,0.09427645586662708
2026-01-29 07:45:00,AWS_01,0,normal,none,0,0.10066173959980135
2026-01-29 08:00:00,AWS_01,0,normal,none,0,0.08095304207463383
2026-01-29 08:15:00,AWS_01,0,normal,none,0,0.06200132976042061
2026-01-29 08:30:00,AWS_01,0,normal,none,0,0.10820170366533755
2026-01-29 08:45:00,AWS_01,0,normal,none,0,0.05014946815563509
2026-01-29 09:00:00,AWS_01,0,normal,none,0,0.054258521929997805
2026-01-29 09:15:00,AWS_01,0,normal,none,0,0.05336269854122566
2026-01-29 09:30:00,AWS_01,0,normal,none,0,0.07497298869961189
2026-01-29 09:45:00,AWS_01,0,normal,none,0,0.03331308665214183
2026-01-29 10:00:00,AWS_01,0,normal,none,0,0.00019954008271100276
2026-01-29 10:15:00,AWS_01,0,normal,none,0,0.034601389016459816
2026-01-29 10:30:00,AWS_01,0,normal,none,1,-0.060189523269447154
2026-01-29 10:45:00,AWS_01,0,normal,none,1,-0.04001620742254308
2026-01-29 11:00:00,AWS_01,0,normal,none,0,0.003465664853633754
2026-01-29 11:15:00,AWS_01,0,normal,none,0,0.040603973694132156
2026-01-29 11:30:00,AWS_01,0,normal,none,1,-0.0003372867751720854
2026-01-29 11:45:00,AWS_01,0,normal,none,0,0.030449172134356606
2026-01-29 12:00:00,AWS_01,0,normal,none,0,0.005075865770453547
2026-01-29 12:15:00,AWS_01,0,normal,none,0,0.03676637933859045
2026-01-29 12:30:00,AWS_01,0,normal,none,1,-0.011419015080174622
2026-01-29 12:45:00,AWS_01,0,normal,none,0,0.01034665499996984
2026-01-29 13:00:00,AWS_01,0,normal,none,0,0.006982157179552861
2026-01-29 13:15:00,AWS_01,0,normal,none,0,0.0033192987112440897
2026-01-29 13:30:00,AWS_01,0,normal,none,1,-0.05131682181313868
2026-01-29 13:45:00,AWS_01,0,normal,none,1,-0.07586672148976215
2026-01-29 14:00:00,AWS_01,0,normal,none,1,-0.042875793851004596
2026-01-29 14:15:00,AWS_01,0,normal,none,1,-0.000633702313716511
2026-01-29 14:30:00,AWS_01,0,normal,none,0,0.00919060023245355
2026-01-29 14:45:00,AWS_01,0,normal,none,0,0.013558326182261549
2026-01-29 15:00:00,AWS_01,0,normal,none,0,0.006444557207769375
2026-01-29 15:15:00,AWS_01,0,normal,none,0,0.011359860657021381
2026-01-29 15:30:00,AWS_01,0,normal,none,1,-0.008224880246230581
2026-01-29 15:45:00,AWS_01,0,normal,none,1,-0.09846179282596923
2026-01-29 16:00:00,AWS_01,0,normal,none,1,-0.07777054895082536
2026-01-29 16:15:00,AWS_01,0,normal,none,1,-0.0739532237735252
2026-01-29 16:30:00,AWS_01,0,normal,none,1,-0.015649750548249353
2026-01-29 16:45:00,AWS_01,0,normal,none,0,0.016767620283032525
2026-01-29 17:00:00,AWS_01,0,normal,none,0,0.011224350428952312
2026-01-29 17:15:00,AWS_01,0,normal,none,1,-0.033175926778172715
2026-01-29 17:30:00,AWS_01,0,normal,none,0,0.03065448589987202
2026-01-29 17:45:00,AWS_01,0,normal,none,0,0.04696402203242622
2026-01-29 18:00:00,AWS_01,0,normal,none,0,0.043233617089814214
2026-01-29 18:15:00,AWS_01,0,normal,none,0,0.0005409743440665804
2026-01-29 18:30:00,AWS_01,0,normal,none,0,0.032442110676582314
2026-01-29 18:45:00,AWS_01,0,normal,none,0,0.026126955889522185
2026-01-29 19:00:00,AWS_01,0,normal,none,0,0.05463577434385547
2026-01-29 19:15:00,AWS_01,0,normal,none,0,0.05696734402916953
2026-01-29 19:30:00,AWS_01,0,normal,none,0,0.07419573585108613
2026-01-29 19:45:00,AWS_01,0,normal,none,0,0.02980995867512176
2026-01-29 20:00:00,AWS_01,0,normal,none,0,0.003096218472733725
2026-01-29 20:15:00,AWS_01,0,normal,none,0,0.04088813308228062
2026-01-29 20:30:00,AWS_01,0,normal,none,0,0.029686976955531574
2026-01-29 20:45:00,AWS_01,0,normal,none,0,0.07049307345443145
2026-01-29 21:00:00,AWS_01,0,normal,none,0,0.014969748673199945
2026-01-29 21:15:00,AWS_01,0,normal,none,0,0.10571562288161063
2026-01-29 21:30:00,AWS_01,0,normal,none,0,0.07504472808765578
2026-01-29 21:45:00,AWS_01,0,normal,none,0,0.05657722295628698
2026-01-29 22:00:00,AWS_01,0,normal,none,0,0.08791831013738077
2026-01-29 22:15:00,AWS_01,0,normal,none,0,0.04394366928750304
2026-01-29 22:30:00,AWS_01,0,normal,none,0,0.017456333650505695
2026-01-29 22:45:00,AWS_01,0,normal,none,0,0.07612805652323035
2026-01-29 23:00:00,AWS_01,0,normal,none,0,0.09786991993501865
2026-01-29 23:15:00,AWS_01,0,normal,none,0,0.08817364536026623
2026-01-29 23:30:00,AWS_01,0,normal,none,0,0.08132380559922031
2026-01-29 23:45:00,AWS_01,0,normal,none,0,0.05597245356903974
2026-01-30 00:00:00,AWS_01,0,normal,none,0,0.10020020531508322
2026-01-30 00:15:00,AWS_01,0,normal,none,0,0.033886735892464825
2026-01-30 00:30:00,AWS_01,0,normal,none,0,0.04759383711860238
2026-01-30 00:45:00,AWS_01,0,normal,none,0,0.032460327799549216
2026-01-30 01:00:00,AWS_01,0,normal,none,0,0.04437451711031959
2026-01-30 01:15:00,AWS_01,0,normal,none,0,0.04110063643548528
2026-01-30 01:30:00,AWS_01,0,normal,none,0,0.09658311373975892
2026-01-30 01:45:00,AWS_01,0,normal,none,0,0.050890687613551644
2026-01-30 02:00:00,AWS_01,0,normal,none,0,0.0588582870495063
2026-01-30 02:15:00,AWS_01,0,normal,none,0,0.047935661449084954
2026-01-30 02:30:00,AWS_01,0,normal,none,0,0.025679137682372177
2026-01-30 02:45:00,AWS_01,0,normal,none,0,0.09676205234823848
2026-01-30 03:00:00,AWS_01,0,normal,none,0,0.07604346776825949
2026-01-30 03:15:00,AWS_01,0,normal,none,0,0.05632831914975872
2026-01-30 03:30:00,AWS_01,0,normal,none,0,0.07480063043691043
2026-01-30 03:45:00,AWS_01,0,normal,none,0,0.08676692639406686
2026-01-30 04:00:00,AWS_01,0,normal,none,0,0.08654740593937166
2026-01-30 04:15:00,AWS_01,0,normal,none,0,0.041254389617827014
2026-01-30 04:30:00,AWS_01,0,normal,none,0,0.10134081200718459
2026-01-30 04:45:00,AWS_01,0,normal,none,0,0.09123782849957729
2026-01-30 05:00:00,AWS_01,0,normal,none,0,0.0013889613769673126
2026-01-30 05:15:00,AWS_01,0,normal,none,0,0.055085262968998405
2026-01-30 05:30:00,AWS_01,0,normal,none,0,0.03742737292316933
2026-01-30 05:45:00,AWS_01,0,normal,none,0,0.03533703702421037
2026-01-30 06:00:00,AWS_01,0,normal,none,0,0.08735162522360052
2026-01-30 06:15:00,AWS_01,0,normal,none,0,0.03621069515318598
2026-01-30 06:30:00,AWS_01,0,normal,none,0,0.10908040598752311
2026-01-30 06:45:00,AWS_01,0,normal,none,0,0.10187601852195394
2026-01-30 07:00:00,AWS_01,0,normal,none,0,0.0214559186527693
2026-01-30 07:15:00,AWS_01,0,normal,none,0,0.10450330756391923
2026-01-30 07:30:00,AWS_01,0,normal,none,1,-0.03811260686065243
2026-01-30 07:45:00,AWS_01,0,normal,none,0,0.07790251543861754
2026-01-30 08:00:00,AWS_01,0,normal,none,0,0.0957606075800454
2026-01-30 08:15:00,AWS_01,0,normal,none,0,0.08343032297660558
2026-01-30 08:30:00,AWS_01,0,normal,none,0,0.03873969756528767
2026-01-30 08:45:00,AWS_01,0,normal,none,0,0.10905311269225787
2026-01-30 09:00:00,AWS_01,0,normal,none,0,0.03859780081951725
2026-01-30 09:15:00,AWS_01,0,normal,none,0,0.09434537524132719
2026-01-30 09:30:00,AWS_01,0,normal,none,0,0.07722898927726218
2026-01-30 09:45:00,AWS_01,0,normal,none,0,0.0926430836365627
2026-01-30 10:00:00,AWS_01,0,normal,none,0,0.01250566451231272
2026-01-30 10:15:00,AWS_01,0,normal,none,0,0.019644296180339693
2026-01-30 10:30:00,AWS_01,0,normal,none,1,-0.026707431672267634
2026-01-30 10:45:00,AWS_01,0,normal,none,0,0.10446761648022135
2026-01-30 11:00:00,AWS_01,0,normal,none,0,0.09363718774532237
2026-01-30 11:15:00,AWS_01,0,normal,none,0,0.06014004381742677
2026-01-30 11:30:00,AWS_01,0,normal,none,0,0.07747548789727099
2026-01-30 11:45:00,AWS_01,0,normal,none,0,0.06672997906074302
2026-01-30 12:00:00,AWS_01,0,normal,none,1,-0.005037672270228111
2026-01-30 12:15:00,AWS_01,0,normal,none,0,0.09092475256080601
2026-01-30 12:30:00,AWS_01,0,normal,none,0,0.07733180960524261
2026-01-30 12:45:00,AWS_01,0,normal,none,0,0.0847205559133431
2026-01-30 13:00:00,AWS_01,0,normal,none,0,0.04643032044636669
2026-01-30 13:15:00,AWS_01,0,normal,none,0,0.03451320547144998
2026-01-30 13:30:00,AWS_01,0,normal,none,1,-0.022572218141090117
2026-01-30 13:45:00,AWS_01,0,normal,none,0,0.033078011171631505
2026-01-30 14:00:00,AWS_01,0,normal,none,0,0.038330988181266845
2026-01-30 14:15:00,AWS_01,0,normal,none,0,0.06164544926165533
2026-01-30 14:30:00,AWS_01,0,normal,none,0,0.05031709426910502
2026-01-30 14:45:00,AWS_01,0,normal,none,0,0.061807769617001906
2026-01-30 15:00:00,AWS_01,0,normal,none,0,0.04743142503014525
2026-01-30 15:15:00,AWS_01,0,normal,none,0,0.06352703749504846
2026-01-30 15:30:00,AWS_01,0,normal,none,0,0.010684673103613596
2026-01-30 15:45:00,AWS_01,0,normal,none,0,0.06187174819852109
2026-01-30 16:00:00,AWS_01,0,normal,none,0,0.08001874171341389
2026-01-30 16:15:00,AWS_01,0,normal,none,0,0.062122255121405845
2026-01-30 16:30:00,AWS_01,0,normal,none,1,-0.02028857478221202
2026-01-30 16:45:00,AWS_01,0,normal,none,0,0.0789375087211906
2026-01-30 17:00:00,AWS_01,0,normal,none,0,0.07405890078826449
2026-01-30 17:15:00,AWS_01,0,normal,none,0,0.07826425593003505
2026-01-30 17:30:00,AWS_01,0,normal,none,0,0.09799056685981028
2026-01-30 17:45:00,AWS_01,0,normal,none,0,0.05819130472481987
2026-01-30 18:00:00,AWS_01,0,normal,none,0,0.075667917454525
2026-01-30 18:15:00,AWS_01,0,normal,none,0,0.06739157809606572
2026-01-30 18:30:00,AWS_01,0,normal,none,0,0.08934524765346608
2026-01-30 18:45:00,AWS_01,0,normal,none,0,0.10397962019264884
2026-01-30 19:00:00,AWS_01,0,normal,none,0,0.09003990471463913
2026-01-30 19:15:00,AWS_01,0,normal,none,0,0.07904389745752971
2026-01-30 19:30:00,AWS_01,0,normal,none,0,0.10644323272087464
2026-01-30 19:45:00,AWS_01,0,normal,none,0,0.0906842066192014
2026-01-30 20:00:00,AWS_01,0,normal,none,0,0.07592937603873112
2026-01-30 20:15:00,AWS_01,0,normal,none,0,0.08496056685148046
2026-01-30 20:30:00,AWS_01,0,normal,none,0,0.07769686475453841
2026-01-30 20:45:00,AWS_01,0,normal,none,0,0.0881529974291681
2026-01-30 21:00:00,AWS_01,0,normal,none,0,0.08189642580586348
2026-01-30 21:15:00,AWS_01,0,normal,none,0,0.10538629727384907
2026-01-30 21:30:00,AWS_01,0,normal,none,0,0.08828224092940223
2026-01-30 21:45:00,AWS_01,0,normal,none,0,0.07234746306366202
2026-01-30 22:00:00,AWS_01,0,normal,none,0,0.11205388741851585
2026-01-30 22:15:00,AWS_01,0,normal,none,0,0.045399310048702124
2026-01-30 22:30:00,AWS_01,0,normal,none,0,0.09812424612507775
2026-01-30 22:45:00,AWS_01,0,normal,none,0,0.054760467938935464
2026-01-30 23:00:00,AWS_01,0,normal,none,0,0.05388415942558239
2026-01-30 23:15:00,AWS_01,0,normal,none,0,0.03597981450558785
2026-01-30 23:30:00,AWS_01,0,normal,none,0,0.06250011189135163
2026-01-30 23:45:00,AWS_01,0,normal,none,0,0.08873076448836242
2026-01-01 00:15:00,AWS_02,0,normal,none,0,0.030499578315577758
2026-01-01 00:30:00,AWS_02,0,normal,none,0,0.053167462623333606
2026-01-01 00:45:00,AWS_02,0,normal,none,0,0.01734286826467396
2026-01-01 01:00:00,AWS_02,0,normal,none,0,0.06888277994267611
2026-01-01 01:15:00,AWS_02,0,normal,none,0,0.05857237959462808
2026-01-01 01:30:00,AWS_02,0,normal,none,0,0.09621228449632974
2026-01-01 01:45:00,AWS_02,0,normal,none,0,0.010523731314659612
2026-01-01 02:00:00,AWS_02,0,normal,none,0,0.075695925707566
2026-01-01 02:15:00,AWS_02,0,normal,none,0,0.06738914631376924
2026-01-01 02:30:00,AWS_02,0,normal,none,0,0.08012784059946326
2026-01-01 02:45:00,AWS_02,0,normal,none,0,0.03682882044414104
2026-01-01 03:00:00,AWS_02,0,normal,none,0,0.03926704069565856
2026-01-01 03:15:00,AWS_02,0,normal,none,0,0.05468896216569519
2026-01-01 03:30:00,AWS_02,0,normal,none,0,0.06136932674417467
2026-01-01 03:45:00,AWS_02,0,normal,none,0,0.08973865926338204
2026-01-01 04:00:00,AWS_02,0,normal,none,0,0.06911188986105182
2026-01-01 04:15:00,AWS_02,0,normal,none,0,0.09764178349282832
2026-01-01 04:30:00,AWS_02,0,normal,none,0,0.0797085181547495
2026-01-01 04:45:00,AWS_02,0,normal,none,0,0.0683852618346491
2026-01-01 05:00:00,AWS_02,0,normal,none,0,0.06170982916941736
2026-01-01 05:15:00,AWS_02,0,normal,none,0,0.09517394092468928
2026-01-01 05:30:00,AWS_02,0,normal,none,0,0.08699123020053001
2026-01-01 05:45:00,AWS_02,0,normal,none,0,0.09144501316187875
2026-01-01 06:00:00,AWS_02,0,normal,none,0,0.08464576539986057
2026-01-01 06:15:00,AWS_02,0,normal,none,0,0.0771969602482982
2026-01-01 06:30:00,AWS_02,0,normal,none,0,0.10050299768879634
2026-01-01 06:45:00,AWS_02,0,normal,none,0,0.05536083309918349
2026-01-01 07:00:00,AWS_02,0,normal,none,0,0.009916557693764705
2026-01-01 07:15:00,AWS_02,0,normal,none,0,0.041021505881664255
2026-01-01 07:30:00,AWS_02,0,normal,none,0,0.036583695470514654
2026-01-01 07:45:00,AWS_02,0,normal,none,0,0.04021280856750731
2026-01-01 08:00:00,AWS_02,0,normal,none,0,0.016633540523102064
2026-01-01 08:15:00,AWS_02,0,normal,none,0,0.07508245646907813
2026-01-01 08:30:00,AWS_02,0,normal,none,1,-0.005491886031555926
2026-01-01 08:45:00,AWS_02,0,normal,none,0,0.07086376151704438
2026-01-01 09:00:00,AWS_02,0,normal,none,0,0.08015702837594413
2026-01-01 09:15:00,AWS_02,0,normal,none,0,0.043036184575971415
2026-01-01 09:30:00,AWS_02,0,normal,none,0,0.07369773997597606
2026-01-01 09:45:00,AWS_02,0,normal,none,0,0.06111183771279449
2026-01-01 10:00:00,AWS_02,0,normal,none,0,0.08333495283455239
2026-01-01 10:15:00,AWS_02,0,normal,none,0,0.06099972968301154
2026-01-01 10:30:00,AWS_02,0,normal,none,0,0.07291975086609481
2026-01-01 10:45:00,AWS_02,0,normal,none,0,0.0002935610810416156
2026-01-01 11:00:00,AWS_02,0,normal,none,0,0.06235599963399685
2026-01-01 11:15:00,AWS_02,0,normal,none,0,0.05068270107264555
2026-01-01 11:30:00,AWS_02,0,normal,none,0,0.0489275979950054
2026-01-01 11:45:00,AWS_02,0,normal,none,0,0.05881435599494139
2026-01-01 12:00:00,AWS_02,0,normal,none,1,-0.014892381049015135
2026-01-01 12:15:00,AWS_02,0,normal,none,1,-0.030982433229156392
2026-01-01 12:30:00,AWS_02,0,normal,none,1,-0.05026022608587388
2026-01-01 12:45:00,AWS_02,0,normal,none,0,0.03510174007932132
2026-01-01 13:00:00,AWS_02,0,normal,none,0,0.02721588859364321
2026-01-01 13:15:00,AWS_02,0,normal,none,0,0.03457846132759823
2026-01-01 13:30:00,AWS_02,0,normal,none,0,0.01232892773328964
2026-01-01 13:45:00,AWS_02,0,normal,none,1,-0.03079408090554525
2026-01-01 14:00:00,AWS_02,0,normal,none,1,-0.06448625810699016
2026-01-01 14:15:00,AWS_02,0,normal,none,1,-0.05004258373834636
2026-01-01 14:30:00,AWS_02,0,normal,none,1,-0.020522506771432636
2026-01-01 14:45:00,AWS_02,0,normal,none,1,-0.042471474859475666
2026-01-01 15:00:00,AWS_02,0,normal,none,0,0.0038778329170306436
2026-01-01 15:15:00,AWS_02,0,normal,none,1,-0.009217448373033288
2026-01-01 15:30:00,AWS_02,0,normal,none,1,-0.030819394548341705
2026-01-01 15:45:00,AWS_02,0,normal,none,1,-0.01846655600810887
2026-01-01 16:00:00,AWS_02,0,normal,none,0,0.023786083935926294
2026-01-01 16:15:00,AWS_02,0,normal,none,0,0.03543576775276425
2026-01-01 16:30:00,AWS_02,0,normal,none,0,0.033899325268048563
2026-01-01 16:45:00,AWS_02,0,normal,none,1,-0.03875548289241193
2026-01-01 17:00:00,AWS_02,0,normal,none,1,-0.03155393457760536
2026-01-01 17:15:00,AWS_02,0,normal,none,0,0.023627738235570184
2026-01-01 17:30:00,AWS_02,0,normal,none,1,-0.0016604090941719774
2026-01-01 17:45:00,AWS_02,0,normal,none,0,0.04134603703896611
2026-01-01 18:00:00,AWS_02,0,normal,none,0,0.03134402680593501
2026-01-01 18:15:00,AWS_02,0,normal,none,0,0.02608854089263829
2026-01-01 18:30:00,AWS_02,0,normal,none,0,0.012459336599176862
2026-01-01 18:45:00,AWS_02,0,normal,none,0,0.03393661131144393
2026-01-01 19:00:00,AWS_02,0,normal,none,0,0.027704080122997687
2026-01-01 19:15:00,AWS_02,0,normal,none,0,0.07672690234826895
2026-01-01 19:30:00,AWS_02,0,normal,none,0,0.03722838677260004
2026-01-01 19:45:00,AWS_02,0,normal,none,0,0.04282546548353172
2026-01-01 20:00:00,AWS_02,0,normal,none,0,0.03476461710616746
2026-01-01 20:15:00,AWS_02,0,normal,none,0,0.06365472326840121
2026-01-01 20:30:00,AWS_02,0,normal,none,0,0.056850609133872465
2026-01-01 20:45:00,AWS_02,0,normal,none,0,0.09234728718381346
2026-01-01 21:00:00,AWS_02,0,normal,none,0,0.07494595802423887
2026-01-01 21:15:00,AWS_02,0,normal,none,0,0.08015058781527501
2026-01-01 21:30:00,AWS_02,0,normal,none,0,0.058778079190338506
2026-01-01 21:45:00,AWS_02,0,normal,none,1,-0.009648280844333001
2026-01-01 22:00:00,AWS_02,0,normal,none,0,0.04120731324783944
2026-01-01 22:15:00,AWS_02,0,normal,none,0,0.047854682791476366
2026-01-01 22:30:00,AWS_02,0,normal,none,0,0.05525708438215787
2026-01-01 22:45:00,AWS_02,0,normal,none,0,0.06965056644656892
2026-01-01 23:00:00,AWS_02,0,normal,none,0,0.06530195723929055
2026-01-01 23:15:00,AWS_02,0,normal,none,0,0.07780493754674195
2026-01-01 23:30:00,AWS_02,0,normal,none,0,0.009045006160650126
2026-01-01 23:45:00,AWS_02,0,normal,none,0,0.07142090188772449
2026-01-02 00:00:00,AWS_02,0,normal,none,0,0.048482644539889874
2026-01-02 00:15:00,AWS_02,0,normal,none,0,0.06700160866418309
2026-01-02 00:30:00,AWS_02,0,normal,none,0,0.08120989422567332
2026-01-02 00:45:00,AWS_02,0,normal,none,0,0.0367207531472204
2026-01-02 01:00:00,AWS_02,0,normal,none,0,0.053136849930485675
2026-01-02 01:15:00,AWS_02,0,normal,none,0,0.06685291257696724
2026-01-02 01:30:00,AWS_02,0,normal,none,0,0.07647161312076978
2026-01-02 01:45:00,AWS_02,0,normal,none,0,0.013328117372037762
2026-01-02 02:00:00,AWS_02,0,normal,none,0,0.043177914670257445
2026-01-02 02:15:00,AWS_02,0,normal,none,0,0.03556934601239997
2026-01-02 02:30:00,AWS_02,0,normal,none,1,-0.008289890228908692
2026-01-02 02:45:00,AWS_02,0,normal,none,0,0.05364320393266109
2026-01-02 03:00:00,AWS_02,0,normal,none,0,0.05911641618462038
2026-01-02 03:15:00,AWS_02,0,normal,none,0,0.056017039766884325
2026-01-02 03:30:00,AWS_02,0,normal,none,0,0.059976886505451854
2026-01-02 03:45:00,AWS_02,0,normal,none,0,0.007458264810503268
2026-01-02 04:00:00,AWS_02,0,normal,none,1,-0.007800490440214247
2026-01-02 04:15:00,AWS_02,0,normal,none,0,0.07544265840514947
2026-01-02 04:30:00,AWS_02,0,normal,none,0,0.0334179967368069
2026-01-02 04:45:00,AWS_02,0,normal,none,0,0.005142961875765684
2026-01-02 05:00:00,AWS_02,0,normal,none,1,-0.02288981066886131
2026-01-02 05:15:00,AWS_02,0,normal,none,0,0.033840618143646195
2026-01-02 05:30:00,AWS_02,0,normal,none,1,-0.007434792620609421
2026-01-02 05:45:00,AWS_02,0,normal,none,1,-0.029342442670920565
2026-01-02 06:00:00,AWS_02,0,normal,none,0,0.04836299477122996
2026-01-02 06:15:00,AWS_02,0,normal,none,0,0.08564815400551062
2026-01-02 06:30:00,AWS_02,0,normal,none,0,0.04320084714795003
2026-01-02 06:45:00,AWS_02,0,normal,none,0,0.07308614745715147
2026-01-02 07:00:00,AWS_02,0,normal,none,1,-0.020192132161058862
2026-01-02 07:15:00,AWS_02,0,normal,none,0,0.04865788210437799
2026-01-02 07:30:00,AWS_02,0,normal,none,0,0.05792507565625199
2026-01-02 07:45:00,AWS_02,0,normal,none,0,0.005458597738310034
2026-01-02 08:00:00,AWS_02,0,normal,none,0,0.06741346994456299
2026-01-02 08:15:00,AWS_02,0,normal,none,0,0.07010333217599796
2026-01-02 08:30:00,AWS_02,0,normal,none,0,0.0634470649782986
2026-01-02 08:45:00,AWS_02,0,normal,none,0,0.06229800075493547
2026-01-02 09:00:00,AWS_02,0,normal,none,0,0.029565125678761406
2026-01-02 09:15:00,AWS_02,0,normal,none,0,0.08598253802885514
2026-01-02 09:30:00,AWS_02,0,normal,none,0,0.06781024198406438
2026-01-02 09:45:00,AWS_02,0,normal,none,0,0.07343296121377241
2026-01-02 10:00:00,AWS_02,0,normal,none,0,0.005357289236725016
2026-01-02 10:15:00,AWS_02,0,normal,none,0,0.0745950210162602
2026-01-02 10:30:00,AWS_02,0,normal,none,0,0.06446737907497202
2026-01-02 10:45:00,AWS_02,0,normal,none,0,0.06978108741985328
2026-01-02 11:00:00,AWS_02,0,normal,none,0,0.0820809500149754
2026-01-02 11:15:00,AWS_02,0,normal,none,0,0.0858857488714051
2026-01-02 11:30:00,AWS_02,0,normal,none,0,0.07266982076556372
2026-01-02 11:45:00,AWS_02,0,normal,none,0,0.011401662236477428
2026-01-02 12:00:00,AWS_02,0,normal,none,0,0.0007551734748511563
2026-01-02 12:15:00,AWS_02,0,normal,none,0,0.03672951505648714
2026-01-02 12:30:00,AWS_02,0,normal,none,0,0.06862231570937433
2026-01-02 12:45:00,AWS_02,0,normal,none,0,0.07679485800828917
2026-01-02 13:00:00,AWS_02,0,normal,none,0,0.0220066943298296
2026-01-02 13:15:00,AWS_02,0,normal,none,1,-0.006248010308693042
2026-01-02 13:30:00,AWS_02,0,normal,none,0,0.05739402906057672
2026-01-02 13:45:00,AWS_02,0,normal,none,0,0.016156727188227527
2026-01-02 14:00:00,AWS_02,0,normal,none,0,0.012331823166581934
2026-01-02 14:15:00,AWS_02,0,normal,none,0,0.057353356435034586
2026-01-02 14:30:00,AWS_02,0,normal,none,0,0.024620345520531495
2026-01-02 14:45:00,AWS_02,0,normal,none,1,-0.039710737533463436
2026-01-02 15:00:00,AWS_02,0,normal,none,1,-0.02176548745797746
2026-01-02 15:15:00,AWS_02,0,normal,none,1,-0.002570555818688147
2026-01-02 15:30:00,AWS_02,0,normal,none,1,-0.0486048732304194
2026-01-02 15:45:00,AWS_02,0,normal,none,1,-0.005648355512465897
2026-01-02 16:00:00,AWS_02,0,normal,none,1,-0.0055033448128665174
2026-01-02 16:15:00,AWS_02,0,normal,none,0,0.03695119122617463
2026-01-02 16:30:00,AWS_02,0,normal,none,0,0.0020103619342835555
2026-01-02 16:45:00,AWS_02,0,normal,none,0,0.02934957287096901
2026-01-02 17:00:00,AWS_02,0,normal,none,0,0.004520483363214811
2026-01-02 17:15:00,AWS_02,0,normal,none,0,0.016139005464211265
2026-01-02 17:30:00,AWS_02,0,normal,none,0,0.07488728350490426
2026-01-02 17:45:00,AWS_02,0,normal,none,0,0.03575013868507154
2026-01-02 18:00:00,AWS_02,0,normal,none,0,0.07194557322377815
2026-01-02 18:15:00,AWS_02,0,normal,none,1,-0.0011281513630305717
2026-01-02 18:30:00,AWS_02,0,normal,none,0,0.07650097881525691
2026-01-02 18:45:00,AWS_02,0,normal,none,0,0.04626298192499806
2026-01-02 19:00:00,AWS_02,0,normal,none,0,0.05831025459129513
2026-01-02 19:15:00,AWS_02,0,normal,none,0,0.06331316310614205
2026-01-02 19:30:00,AWS_02,0,normal,none,0,0.04458613270214523
2026-01-02 19:45:00,AWS_02,0,normal,none,0,0.0412423708803063
2026-01-02 20:00:00,AWS_02,0,normal,none,0,0.07736399112859538
2026-01-02 20:15:00,AWS_02,0,normal,none,0,0.08345682305380009
2026-01-02 20:30:00,AWS_02,0,normal,none,0,0.08235533866190525
2026-01-02 20:45:00,AWS_02,0,normal,none,0,0.04151496766139107
2026-01-02 21:00:00,AWS_02,0,normal,none,0,0.005943118470138564
2026-01-02 21:15:00,AWS_02,0,normal,none,0,0.050215336429313584
2026-01-02 21:30:00,AWS_02,0,normal,none,0,0.05530170072430368
2026-01-02 21:45:00,AWS_02,0,normal,none,0,0.06676843501901802
2026-01-02 22:00:00,AWS_02,0,normal,none,0,0.07365353187211854
2026-01-02 22:15:00,AWS_02,0,normal,none,0,0.01594094594612039
2026-01-02 22:30:00,AWS_02,0,normal,none,1,-0.05261799393592881
2026-01-02 22:45:00,AWS_02,0,normal,none,1,-0.010425373597869436
2026-01-02 23:00:00,AWS_02,0,normal,none,0,0.03059337176341792
2026-01-02 23:15:00,AWS_02,0,normal,none,0,0.00048726630803802573
2026-01-02 23:30:00,AWS_02,0,normal,none,0,0.008522316814243092
2026-01-02 23:45:00,AWS_02,0,normal,none,0,0.012402940474350865
2026-01-03 00:00:00,AWS_02,0,normal,none,1,-0.041475133647011164
2026-01-03 00:15:00,AWS_02,0,normal,none,1,-0.020488797305986628
2026-01-03 00:30:00,AWS_02,0,normal,none,1,-0.02790670277688201
2026-01-03 00:45:00,AWS_02,0,normal,none,0,0.017140137355979912
2026-01-03 01:00:00,AWS_02,0,normal,none,0,0.02653543946267739
2026-01-03 01:15:00,AWS_02,0,normal,none,0,0.002499649183116015
2026-01-03 01:30:00,AWS_02,0,normal,none,0,0.0362299619027322
2026-01-03 01:45:00,AWS_02,0,normal,none,1,-0.09341945105199756
2026-01-03 02:00:00,AWS_02,0,normal,none,0,0.015440268199029383
2026-01-03 02:15:00,AWS_02,0,normal,none,1,-0.024112654820418356
2026-01-03 02:30:00,AWS_02,0,normal,none,1,-0.018057638034346013
2026-01-03 02:45:00,AWS_02,0,normal,none,0,0.016532893643152635
2026-01-03 03:00:00,AWS_02,0,normal,none,0,0.010223378786165915
2026-01-03 03:15:00,AWS_02,0,normal,none,0,0.04739147217732148
2026-01-03 03:30:00,AWS_02,0,normal,none,0,0.0222340404247936
2026-01-03 03:45:00,AWS_02,0,normal,none,1,-0.017368280515700496
2026-01-03 04:00:00,AWS_02,0,normal,none,1,-0.012085378938266222
2026-01-03 04:15:00,AWS_02,0,normal,none,0,0.021166245323029853
2026-01-03 04:30:00,AWS_02,0,normal,none,0,0.03699868077335483
2026-01-03 04:45:00,AWS_02,0,normal,none,0,0.04053970989998135
2026-01-03 05:00:00,AWS_02,0,normal,none,0,0.0478421964835401
2026-01-03 05:15:00,AWS_02,0,normal,none,0,0.050423839631100975
2026-01-03 05:30:00,AWS_02,0,normal,none,0,0.058451721320045225
2026-01-03 05:45:00,AWS_02,0,normal,none,0,0.03520559740800677
2026-01-03 06:00:00,AWS_02,0,normal,none,0,0.06439744058303987
2026-01-03 06:15:00,AWS_02,0,normal,none,0,0.05571115950274397
2026-01-03 06:30:00,AWS_02,0,normal,none,1,-0.005321094095799284
2026-01-03 06:45:00,AWS_02,0,normal,none,0,0.06016622777785058
2026-01-03 07:00:00,AWS_02,0,normal,none,0,0.024442828911669046
2026-01-03 07:15:00,AWS_02,0,normal,none,0,0.02151968398900833
2026-01-03 07:30:00,AWS_02,0,normal,none,0,0.02630116811636868
2026-01-03 07:45:00,AWS_02,0,normal,none,1,-0.008411193819255924
2026-01-03 08:00:00,AWS_02,0,normal,none,0,0.05645756576644978
2026-01-03 08:15:00,AWS_02,0,normal,none,0,0.046839365482317874
2026-01-03 08:30:00,AWS_02,0,normal,none,0,0.06287185262583772
2026-01-03 08:45:00,AWS_02,0,normal,none,0,0.04116283558141548
2026-01-03 09:00:00,AWS_02,0,normal,none,0,0.06008631342377768
2026-01-03 09:15:00,AWS_02,0,normal,none,1,-0.03261555039675046
2026-01-03 09:30:00,AWS_02,0,normal,none,0,0.007911673398658448
2026-01-03 09:45:00,AWS_02,0,normal,none,0,0.06292022315169388
2026-01-03 10:00:00,AWS_02,0,normal,none,0,0.05023926566720899
2026-01-03 10:15:00,AWS_02,0,normal,none,0,0.03788146762675576
2026-01-03 10:30:00,AWS_02,0,normal,none,0,0.06469762565544779
2026-01-03 10:45:00,AWS_02,0,normal,none,0,0.04671838631236597
2026-01-03 11:00:00,AWS_02,0,normal,none,1,-0.0423435406239997
2026-01-03 11:15:00,AWS_02,0,normal,none,0,0.02699847801775035
2026-01-03 11:30:00,AWS_02,0,normal,none,0,0.036039259944761814
2026-01-03 11:45:00,AWS_02,0,normal,none,0,0.05488818039737836
2026-01-03 12:00:00,AWS_02,0,normal,none,0,0.024595367085638697
2026-01-03 12:15:00,AWS_02,0,normal,none,0,0.03584278129912727
2026-01-03 12:30:00,AWS_02,0,normal,none,0,0.0305337604815879
2026-01-03 12:45:00,AWS_02,0,normal,none,0,0.03585841474385848
2026-01-03 13:00:00,AWS_02,0,normal,none,0,0.03763328345255734
2026-01-03 13:15:00,AWS_02,0,normal,none,0,0.03369675915479242
2026-01-03 13:30:00,AWS_02,0,normal,none,0,0.027721451342207437
2026-01-03 13:45:00,AWS_02,0,normal,none,0,0.04079847823528038
2026-01-03 14:00:00,AWS_02,0,normal,none,1,-0.014069901180326805
2026-01-03 14:15:00,AWS_02,0,normal,none,1,-0.006267302408965891
2026-01-03 14:30:00,AWS_02,0,normal,none,0,0.020212208481063865
2026-01-03 14:45:00,AWS_02,0,normal,none,0,0.014447919313653468
2026-01-03 15:00:00,AWS_02,0,normal,none,1,-0.007388039642308164
2026-01-03 15:15:00,AWS_02,0,normal,none,0,0.03670304299402133
2026-01-03 15:30:00,AWS_02,0,normal,none,0,0.02982540524784605
2026-01-03 15:45:00,AWS_02,0,normal,none,1,-0.014914693745676999
2026-01-03 16:00:00,AWS_02,0,normal,none,1,-0.03360909574729887
2026-01-03 16:15:00,AWS_02,0,normal,none,1,-0.04067446114485995
2026-01-03 16:30:00,AWS_02,0,normal,none,1,-0.013086080742662043
2026-01-03 16:45:00,AWS_02,0,normal,none,0,0.015276658386212727
2026-01-03 17:00:00,AWS_02,0,normal,none,1,-0.023043168409697556
2026-01-03 17:15:00,AWS_02,0,normal,none,0,0.01809431454293442
2026-01-03 17:30:00,AWS_02,0,normal,none,1,-0.03251002590625118
2026-01-03 17:45:00,AWS_02,0,normal,none,1,-0.005077406588859579
2026-01-03 18:00:00,AWS_02,0,normal,none,0,0.02808973751483773
2026-01-03 18:15:00,AWS_02,0,normal,none,0,0.05369168116176326
2026-01-03 18:30:00,AWS_02,0,normal,none,0,0.029395209342886308
2026-01-03 18:45:00,AWS_02,0,normal,none,0,0.04891620048117379
2026-01-03 19:00:00,AWS_02,0,normal,none,0,0.04435757998206441
2026-01-03 19:15:00,AWS_02,0,normal,none,0,0.03865196037965568
2026-01-03 19:30:00,AWS_02,0,normal,none,0,0.05990198225305565
2026-01-03 19:45:00,AWS_02,0,normal,none,0,0.0309387245391452
2026-01-03 20:00:00,AWS_02,0,normal,none,0,0.03464323657585194
2026-01-03 20:15:00,AWS_02,0,normal,none,0,0.07638968127417695
2026-01-03 20:30:00,AWS_02,0,normal,none,0,0.07488589745600427
2026-01-03 20:45:00,AWS_02,0,normal,none,0,0.03260684520704299
2026-01-03 21:00:00,AWS_02,0,normal,none,0,0.01585062526479253
2026-01-03 21:15:00,AWS_02,0,normal,none,0,0.06259683122497145
2026-01-03 21:30:00,AWS_02,0,normal,none,0,0.07222812319468197
2026-01-03 21:45:00,AWS_02,0,normal,none,1,-0.007033444429516811
2026-01-03 22:00:00,AWS_02,0,normal,none,1,-0.019992352122685464
2026-01-03 22:15:00,AWS_02,0,normal,none,0,0.04295966334976703
2026-01-03 22:30:00,AWS_02,0,normal,none,0,0.04518999344619329
2026-01-03 22:45:00,AWS_02,0,normal,none,1,-0.03368740468316467
2026-01-03 23:00:00,AWS_02,0,normal,none,0,0.07586883012058682
2026-01-03 23:15:00,AWS_02,0,normal,none,0,0.05319695250662548
2026-01-03 23:30:00,AWS_02,0,normal,none,0,0.06274448890073425
2026-01-03 23:45:00,AWS_02,0,normal,none,0,0.07662140563259368
2026-01-04 00:00:00,AWS_02,0,normal,none,0,0.08141936302453684
2026-01-04 00:15:00,AWS_02,0,normal,none,0,0.01712539969954263
2026-01-04 00:30:00,AWS_02,0,normal,none,0,0.06083103106626231
2026-01-04 00:45:00,AWS_02,0,normal,none,0,0.07131883484426066
2026-01-04 01:00:00,AWS_02,0,normal,none,0,0.04563292639222383
2026-01-04 01:15:00,AWS_02,0,normal,none,1,-0.005326782440146505
2026-01-04 01:30:00,AWS_02,0,normal,none,0,0.002840548848714264
2026-01-04 01:45:00,AWS_02,0,normal,none,0,0.055659557297781714
2026-01-04 02:00:00,AWS_02,0,normal,none,0,0.01609929244729047
2026-01-04 02:15:00,AWS_02,0,normal,none,0,0.05120972765876863
2026-01-04 02:30:00,AWS_02,0,normal,none,0,0.028740560114418445
2026-01-04 02:45:00,AWS_02,0,normal,none,0,0.06139947225176795
2026-01-04 03:00:00,AWS_02,0,normal,none,1,-0.0029692859364565116
2026-01-04 03:15:00,AWS_02,0,normal,none,0,0.0015743482905598571
2026-01-04 03:30:00,AWS_02,0,normal,none,0,0.022148894266152686
2026-01-04 03:45:00,AWS_02,0,normal,none,0,0.06866569174963594
2026-01-04 04:00:00,AWS_02,0,normal,none,0,0.04395797449845973
2026-01-04 04:15:00,AWS_02,0,normal,none,1,-0.013149767835455517
2026-01-04 04:30:00,AWS_02,0,normal,none,0,0.03196061347908369
2026-01-04 04:45:00,AWS_02,0,normal,none,0,0.06287159889990229
2026-01-04 05:00:00,AWS_02,0,normal,none,0,0.029144885154329225
2026-01-04 05:15:00,AWS_02,0,normal,none,0,0.05521871205938733
2026-01-04 05:30:00,AWS_02,0,normal,none,1,-0.019466082103164806
2026-01-04 05:45:00,AWS_02,0,normal,none,0,0.044992428666793205
2026-01-04 06:00:00,AWS_02,0,normal,none,0,0.047457781839218005
2026-01-04 06:15:00,AWS_02,0,normal,none,1,-0.010133687453516393
2026-01-04 06:30:00,AWS_02,0,normal,none,1,-0.03236102132780594
2026-01-04 06:45:00,AWS_02,0,normal,none,1,-0.028225049739496022
2026-01-04 07:00:00,AWS_02,0,normal,none,0,0.042606615822316896
2026-01-04 07:15:00,AWS_02,0,normal,none,0,0.062193128886077476
2026-01-04 07:30:00,AWS_02,0,normal,none,0,0.013580143458699345
2026-01-04 07:45:00,AWS_02,0,normal,none,0,0.024837277185491502
2026-01-04 08:00:00,AWS_02,0,normal,none,0,0.05556253818199963
2026-01-04 08:15:00,AWS_02,0,normal,none,0,0.0019852454410107523
2026-01-04 08:30:00,AWS_02,0,normal,none,0,0.06888784358298994
2026-01-04 08:45:00,AWS_02,0,normal,none,0,0.04699370278916137
2026-01-04 09:00:00,AWS_02,0,normal,none,0,0.049717307386974496
2026-01-04 09:15:00,AWS_02,0,normal,none,0,0.05591712667915277
2026-01-04 09:30:00,AWS_02,0,normal,none,0,0.05442067610369389
2026-01-04 09:45:00,AWS_02,0,normal,none,0,0.03894664453941998
2026-01-04 10:00:00,AWS_02,0,normal,none,0,0.021721626554197182
2026-01-04 10:15:00,AWS_02,0,normal,none,0,0.023389460098581116
2026-01-04 10:30:00,AWS_02,0,normal,none,0,0.052775571518471176
2026-01-04 10:45:00,AWS_02,0,normal,none,0,0.0747534146968355
2026-01-04 11:00:00,AWS_02,0,normal,none,0,0.040827705986362206
2026-01-04 11:15:00,AWS_02,0,normal,none,1,-0.0686404094821279
2026-01-04 11:30:00,AWS_02,0,normal,none,1,-0.072509143675214
2026-01-04 11:45:00,AWS_02,0,normal,none,0,0.045162034358066094
2026-01-04 12:00:00,AWS_02,0,normal,none,1,-0.005982069340537022
2026-01-04 12:15:00,AWS_02,0,normal,none,0,0.04472497639024581
2026-01-04 12:30:00,AWS_02,0,normal,none,0,0.026142303256609933
2026-01-04 12:45:00,AWS_02,0,normal,none,1,-0.0063862352751186124
2026-01-04 13:00:00,AWS_02,0,normal,none,0,0.04335992546415102
2026-01-04 13:15:00,AWS_02,0,normal,none,0,0.027508069582601935
2026-01-04 13:30:00,AWS_02,0,normal,none,0,0.01867331555130408
2026-01-04 13:45:00,AWS_02,0,normal,none,0,0.030440793457143234
2026-01-04 14:00:00,AWS_02,0,normal,none,1,-0.005848259585164772
2026-01-04 14:15:00,AWS_02,0,normal,none,0,0.028414378470617452
2026-01-04 14:30:00,AWS_02,0,normal,none,0,0.004383434934712216
2026-01-04 14:45:00,AWS_02,0,normal,none,1,-0.06241305230320504
2026-01-04 15:00:00,AWS_02,0,normal,none,1,-0.02664298408548893
2026-01-04 15:15:00,AWS_02,0,normal,none,0,0.003938432048329721
2026-01-04 15:30:00,AWS_02,0,normal,none,0,0.005073851528296369
2026-01-04 15:45:00,AWS_02,0,normal,none,0,0.0016428034815277326
2026-01-04 16:00:00,AWS_02,0,normal,none,0,0.018688115487246193
2026-01-04 16:15:00,AWS_02,0,normal,none,1,-0.001961872317385316
2026-01-04 16:30:00,AWS_02,0,normal,none,0,0.009782655192718981
2026-01-04 16:45:00,AWS_02,0,normal,none,0,0.024675231561825217
2026-01-04 17:00:00,AWS_02,0,normal,none,1,-0.015666607835851276
2026-01-04 17:15:00,AWS_02,0,normal,none,0,0.0017890701079134597
2026-01-04 17:30:00,AWS_02,0,normal,none,1,-0.008071388845681815
2026-01-04 17:45:00,AWS_02,0,normal,none,0,0.016469305900490727
2026-01-04 18:00:00,AWS_02,0,normal,none,0,0.04513298881642419
2026-01-04 18:15:00,AWS_02,0,normal,none,0,0.02898620042184752
2026-01-04 18:30:00,AWS_02,0,normal,none,0,0.05357886880123025
2026-01-04 18:45:00,AWS_02,0,normal,none,0,0.0584234277562829
2026-01-04 19:00:00,AWS_02,0,normal,none,0,0.045807351385559525
2026-01-04 19:15:00,AWS_02,0,normal,none,0,0.00021614322517671258
2026-01-04 19:30:00,AWS_02,0,normal,none,0,0.04030621622019842
2026-01-04 19:45:00,AWS_02,0,normal,none,0,0.05821040339216699
2026-01-04 20:00:00,AWS_02,0,normal,none,0,0.06691683215645122
2026-01-04 20:15:00,AWS_02,0,normal,none,0,0.03313277418436594
2026-01-04 20:30:00,AWS_02,0,normal,none,1,-0.0028283799030305312
2026-01-04 20:45:00,AWS_02,0,normal,none,0,0.05237576145216799
2026-01-04 21:00:00,AWS_02,0,normal,none,0,0.08741048357569259
2026-01-04 21:15:00,AWS_02,0,normal,none,0,0.07776295982529474
2026-01-04 21:30:00,AWS_02,0,normal,none,0,0.028867480057388872
2026-01-04 21:45:00,AWS_02,0,normal,none,0,0.09137604034051028
2026-01-04 22:00:00,AWS_02,0,normal,none,0,0.0897117052932041
2026-01-04 22:15:00,AWS_02,0,normal,none,0,0.00968303331252357
2026-01-04 22:30:00,AWS_02,0,normal,none,0,0.0199123492454667
2026-01-04 22:45:00,AWS_02,0,normal,none,0,0.07089664732901435
2026-01-04 23:00:00,AWS_02,0,normal,none,0,0.07111215346492572
2026-01-04 23:15:00,AWS_02,0,normal,none,1,-0.0051779084467658
2026-01-04 23:30:00,AWS_02,0,normal,none,0,0.02226809984870387
2026-01-04 23:45:00,AWS_02,0,normal,none,0,0.08586711245389234
2026-01-05 00:00:00,AWS_02,0,normal,none,0,0.09581369335482565
2026-01-05 00:15:00,AWS_02,0,normal,none,0,0.08846377056274646
2026-01-05 00:30:00,AWS_02,0,normal,none,0,0.10099498206237506
2026-01-05 00:45:00,AWS_02,0,normal,none,0,0.08032640008453129
2026-01-05 01:00:00,AWS_02,0,normal,none,0,0.09321394992717613
2026-01-05 01:15:00,AWS_02,0,normal,none,0,0.09286105802721345
2026-01-05 01:30:00,AWS_02,0,normal,none,0,0.08666604001269057
2026-01-05 01:45:00,AWS_02,0,normal,none,0,0.10005412849301554
2026-01-05 02:00:00,AWS_02,0,normal,none,0,0.08457915452591291
2026-01-05 02:15:00,AWS_02,0,normal,none,0,0.09805898971411292
2026-01-05 02:30:00,AWS_02,0,normal,none,0,0.033636180403269766
2026-01-05 02:45:00,AWS_02,0,normal,none,0,0.07354318992933512
2026-01-05 03:00:00,AWS_02,0,normal,none,0,0.06628373157501904
2026-01-05 03:15:00,AWS_02,0,normal,none,0,0.08215886079335782
2026-01-05 03:30:00,AWS_02,0,normal,none,0,0.08037827453239943
2026-01-05 03:45:00,AWS_02,0,normal,none,0,0.08001369157582439
2026-01-05 04:00:00,AWS_02,0,normal,none,0,0.05383996537927099
2026-01-05 04:15:00,AWS_02,0,normal,none,0,0.028360372673695344
2026-01-05 04:30:00,AWS_02,0,normal,none,0,0.027704114499467303
2026-01-05 04:45:00,AWS_02,0,normal,none,0,0.04595641370399245
2026-01-05 05:00:00,AWS_02,0,normal,none,0,0.01658149159352823
2026-01-05 05:15:00,AWS_02,0,normal,none,0,0.06075486991979773
2026-01-05 05:30:00,AWS_02,0,normal,none,0,0.07157400803785635
2026-01-05 05:45:00,AWS_02,0,normal,none,0,0.05710020021599688
2026-01-05 06:00:00,AWS_02,0,normal,none,0,0.04572731133829516
2026-01-05 06:15:00,AWS_02,0,normal,none,0,0.06579325522805396
2026-01-05 06:30:00,AWS_02,0,normal,none,0,0.04330004380210811
2026-01-05 06:45:00,AWS_02,0,normal,none,0,0.08267650503005675
2026-01-05 07:00:00,AWS_02,0,normal,none,0,0.004819999165574518
2026-01-05 07:15:00,AWS_02,0,normal,none,0,0.009539560990277807
2026-01-05 07:30:00,AWS_02,0,normal,none,0,0.08457193968171572
2026-01-05 07:45:00,AWS_02,0,normal,none,0,0.060718046184119134
2026-01-05 08:00:00,AWS_02,0,normal,none,0,0.054222557986081
2026-01-05 08:15:00,AWS_02,0,normal,none,0,0.013650332003382726
2026-01-05 08:30:00,AWS_02,0,normal,none,0,0.030626066158031595
2026-01-05 08:45:00,AWS_02,0,normal,none,0,0.03720628285623079
2026-01-05 09:00:00,AWS_02,0,normal,none,0,0.07359703078550472
2026-01-05 09:15:00,AWS_02,0,normal,none,0,0.09283557395582226
2026-01-05 09:30:00,AWS_02,0,normal,none,1,-0.025800594343757033
2026-01-05 09:45:00,AWS_02,0,normal,none,0,0.05587506520117963
2026-01-05 10:00:00,AWS_02,0,normal,none,0,0.06492401396277764
2026-01-05 10:15:00,AWS_02,0,normal,none,1,-0.013472661371659589
2026-01-05 10:30:00,AWS_02,0,normal,none,0,0.02834462122169601
2026-01-05 10:45:00,AWS_02,0,normal,none,0,0.018437738606731813
2026-01-05 11:00:00,AWS_02,0,normal,none,0,0.03226728984632621
2026-01-05 11:15:00,AWS_02,0,normal,none,0,0.04819440510513573
2026-01-05 11:30:00,AWS_02,0,normal,none,0,0.05516484327865462
2026-01-05 11:45:00,AWS_02,0,normal,none,0,0.03984426319244794
2026-01-05 12:00:00,AWS_02,0,normal,none,0,0.012476369523570063
2026-01-05 12:15:00,AWS_02,0,normal,none,0,0.013726103307180104
2026-01-05 12:30:00,AWS_02,0,normal,none,0,0.03682334864965203
2026-01-05 12:45:00,AWS_02,0,normal,none,0,0.032042205488626574
2026-01-05 13:00:00,AWS_02,0,normal,none,1,-0.03616421896215061
2026-01-05 13:15:00,AWS_02,0,normal,none,0,0.025706374722540337
2026-01-05 13:30:00,AWS_02,0,normal,none,0,0.014641539285748628
2026-01-05 13:45:00,AWS_02,0,normal,none,0,0.01174097899194515
2026-01-05 14:00:00,AWS_02,0,normal,none,0,0.02332798095978561
2026-01-05 14:15:00,AWS_02,0,normal,none,0,0.01634337613363701
2026-01-05 14:30:00,AWS_02,0,normal,none,0,0.03828255340958009
2026-01-05 14:45:00,AWS_02,0,normal,none,0,0.02199445549001061
2026-01-05 15:00:00,AWS_02,0,normal,none,0,0.034769034240978436
2026-01-05 15:15:00,AWS_02,0,normal,none,0,0.011115010750394116
2026-01-05 15:30:00,AWS_02,0,normal,none,1,-0.004481424074352147
2026-01-05 15:45:00,AWS_02,0,normal,none,0,0.003369744386847895
2026-01-05 16:00:00,AWS_02,0,normal,none,0,0.03193635094755032
2026-01-05 16:15:00,AWS_02,0,normal,none,1,-0.020225737536661237
2026-01-05 16:30:00,AWS_02,0,normal,none,0,0.04231717020857567
2026-01-05 16:45:00,AWS_02,0,normal,none,0,0.020879128996260987
2026-01-05 17:00:00,AWS_02,0,normal,none,0,0.024501124633041438
2026-01-05 17:15:00,AWS_02,0,normal,none,0,0.06410472683886892
2026-01-05 17:30:00,AWS_02,0,normal,none,0,0.04568243928217813
2026-01-05 17:45:00,AWS_02,0,normal,none,0,0.06103111737330902
2026-01-05 18:00:00,AWS_02,0,normal,none,1,-0.0028096002303727996
2026-01-05 18:15:00,AWS_02,0,normal,none,0,0.05156109834495637
2026-01-05 18:30:00,AWS_02,0,normal,none,0,0.015409471949202114
2026-01-05 18:45:00,AWS_02,0,normal,none,0,0.010721670597360566
2026-01-05 19:00:00,AWS_02,0,normal,none,0,0.05905808106638155
2026-01-05 19:15:00,AWS_02,0,normal,none,0,0.05199210451909936
2026-01-05 19:30:00,AWS_02,0,normal,none,0,0.019804792738797317
2026-01-05 19:45:00,AWS_02,0,normal,none,0,0.0877305002796675
2026-01-05 20:00:00,AWS_02,0,normal,none,0,0.02417645711177141
2026-01-05 20:15:00,AWS_02,0,normal,none,0,0.037654824671653986
2026-01-05 20:30:00,AWS_02,0,normal,none,0,0.01988324473144021
2026-01-05 20:45:00,AWS_02,0,normal,none,0,0.08089065079162122
2026-01-05 21:00:00,AWS_02,0,normal,none,0,0.08910239799386493
2026-01-05 21:15:00,AWS_02,0,normal,none,0,0.07903477470239645
2026-01-05 21:30:00,AWS_02,0,normal,none,0,0.07405296971251646
2026-01-05 21:45:00,AWS_02,0,normal,none,0,0.06438093749343499
2026-01-05 22:00:00,AWS_02,0,normal,none,0,0.0965089158054313
2026-01-05 22:15:00,AWS_02,0,normal,none,0,0.02331957394572992
2026-01-05 22:30:00,AWS_02,0,normal,none,0,0.06581687973925737
2026-01-05 22:45:00,AWS_02,0,normal,none,1,-0.03991481895069082
2026-01-05 23:00:00,AWS_02,0,normal,none,0,0.046665635595360966
2026-01-05 23:15:00,AWS_02,0,normal,none,0,0.09130258326165902
2026-01-05 23:30:00,AWS_02,0,normal,none,0,0.035721380204096376
2026-01-05 23:45:00,AWS_02,0,normal,none,0,0.10790872836829607
2026-01-06 00:00:00,AWS_02,0,normal,none,0,0.058626910682477495
2026-01-06 00:15:00,AWS_02,0,normal,none,0,0.00029841953364379004
2026-01-06 00:30:00,AWS_02,0,normal,none,0,0.08278119644615273
2026-01-06 00:45:00,AWS_02,0,normal,none,0,0.05774909523509725
2026-01-06 01:00:00,AWS_02,0,normal,none,0,0.08661247286463558
2026-01-06 01:15:00,AWS_02,1,temperature_drop,temperature,1,-0.0013017066607701189
2026-01-06 01:30:00,AWS_02,1,temperature_drop,temperature,1,-0.04209513401693221
2026-01-06 01:45:00,AWS_02,1,temperature_drop,temperature,1,-0.06366114163663172
2026-01-06 02:00:00,AWS_02,1,temperature_drop,temperature,1,-0.04943275679218018
2026-01-06 02:15:00,AWS_02,1,temperature_drop,temperature,1,-0.059912970316859715
2026-01-06 02:30:00,AWS_02,0,normal,none,1,-0.02854432230885262
2026-01-06 02:45:00,AWS_02,0,normal,none,0,0.04840704370063842
2026-01-06 03:00:00,AWS_02,0,normal,none,0,0.012716099770364975
2026-01-06 03:15:00,AWS_02,0,normal,none,0,0.07616282248863859
2026-01-06 03:30:00,AWS_02,0,normal,none,0,0.041909148964821175
2026-01-06 03:45:00,AWS_02,0,normal,none,0,0.014971424036331338
2026-01-06 04:00:00,AWS_02,0,normal,none,0,0.07552734677774092
2026-01-06 04:15:00,AWS_02,0,normal,none,0,0.0009025323673729213
2026-01-06 04:30:00,AWS_02,0,normal,none,0,0.05085580156721575
2026-01-06 04:45:00,AWS_02,0,normal,none,0,0.03894955897615571
2026-01-06 05:00:00,AWS_02,0,normal,none,0,0.0961545557042301
2026-01-06 05:15:00,AWS_02,0,normal,none,0,0.08178811167105665
2026-01-06 05:30:00,AWS_02,0,normal,none,0,0.08884951663852664
2026-01-06 05:45:00,AWS_02,0,normal,none,0,0.06366990014771517
2026-01-06 06:00:00,AWS_02,0,normal,none,0,0.09893934662989767
2026-01-06 06:15:00,AWS_02,0,normal,none,0,0.07198175593955564
2026-01-06 06:30:00,AWS_02,0,normal,none,1,-0.020816385359717637
2026-01-06 06:45:00,AWS_02,0,normal,none,0,0.0705846554678281
2026-01-06 07:00:00,AWS_02,0,normal,none,0,0.07174818084949497
2026-01-06 07:15:00,AWS_02,0,normal,none,0,0.11053817221407186
2026-01-06 07:30:00,AWS_02,0,normal,none,0,0.04205255438472971
2026-01-06 07:45:00,AWS_02,0,normal,none,0,0.03590623081172756
2026-01-06 08:00:00,AWS_02,0,normal,none,0,0.08088562833123258
2026-01-06 08:15:00,AWS_02,0,normal,none,0,0.059407854975390584
2026-01-06 08:30:00,AWS_02,0,normal,none,0,0.06225169308702955
2026-01-06 08:45:00,AWS_02,0,normal,none,0,0.09166006267835425
2026-01-06 09:00:00,AWS_02,0,normal,none,0,0.09346462891773072
2026-01-06 09:15:00,AWS_02,0,normal,none,0,0.04570837735966804
2026-01-06 09:30:00,AWS_02,0,normal,none,0,0.06963664318349544
2026-01-06 09:45:00,AWS_02,0,normal,none,0,0.10106630623584606
2026-01-06 10:00:00,AWS_02,0,normal,none,0,0.09432399712775957
2026-01-06 10:15:00,AWS_02,0,normal,none,1,-0.0012789801388964905
2026-01-06 10:30:00,AWS_02,0,normal,none,0,0.0866780712142955
2026-01-06 10:45:00,AWS_02,0,normal,none,0,0.06596109147577256
2026-01-06 11:00:00,AWS_02,0,normal,none,0,0.04409211071808128
2026-01-06 11:15:00,AWS_02,0,normal,none,0,0.088487559729796
2026-01-06 11:30:00,AWS_02,0,normal,none,0,0.07703157690558887
2026-01-06 11:45:00,AWS_02,0,normal,none,0,0.0842534952243984
2026-01-06 12:00:00,AWS_02,0,normal,none,0,0.051006538237291066
2026-01-06 12:15:00,AWS_02,0,normal,none,0,0.07215407192056972
2026-01-06 12:30:00,AWS_02,0,normal,none,0,0.05585067510580394
2026-01-06 12:45:00,AWS_02,0,normal,none,0,0.06696223570643733
2026-01-06 13:00:00,AWS_02,0,normal,none,0,0.083792162248224
2026-01-06 13:15:00,AWS_02,0,normal,none,0,0.07517780667788604
2026-01-06 13:30:00,AWS_02,0,normal,none,0,0.05084137449635823
2026-01-06 13:45:00,AWS_02,0,normal,none,0,0.043208020138242154
2026-01-06 14:00:00,AWS_02,0,normal,none,0,0.032201243419299364
2026-01-06 14:15:00,AWS_02,0,normal,none,0,0.019172229895115467
2026-01-06 14:30:00,AWS_02,0,normal,none,0,0.07096038707547364
2026-01-06 14:45:00,AWS_02,0,normal,none,0,0.03350663798683534
2026-01-06 15:00:00,AWS_02,0,normal,none,0,0.04525805767805047
2026-01-06 15:15:00,AWS_02,0,normal,none,0,0.005232129203553149
2026-01-06 15:30:00,AWS_02,0,normal,none,0,0.05532182870398222
2026-01-06 15:45:00,AWS_02,0,normal,none,0,0.07614670760975734
2026-01-06 16:00:00,AWS_02,0,normal,none,0,0.047649309755054214
2026-01-06 16:15:00,AWS_02,0,normal,none,0,0.006181885989857694
2026-01-06 16:30:00,AWS_02,0,normal,none,0,0.0649767405524464
2026-01-06 16:45:00,AWS_02,0,normal,none,0,0.05285609033257649
2026-01-06 17:00:00,AWS_02,0,normal,none,0,0.0003225915669421986
2026-01-06 17:15:00,AWS_02,0,normal,none,0,0.08568482739255256
2026-01-06 17:30:00,AWS_02,0,normal,none,0,0.03267702073587092
2026-01-06 17:45:00,AWS_02,0,normal,none,0,0.08873402201098829
2026-01-06 18:00:00,AWS_02,0,normal,none,0,0.09219206903748406
2026-01-06 18:15:00,AWS_02,0,normal,none,0,0.09244096849564926
2026-01-06 18:30:00,AWS_02,0,normal,none,0,0.08209537913542353
2026-01-06 18:45:00,AWS_02,0,normal,none,0,0.015446514747408602
2026-01-06 19:00:00,AWS_02,0,normal,none,1,-0.012721408992799499
2026-01-06 19:15:00,AWS_02,0,normal,none,0,0.06334694118727702
2026-01-06 19:30:00,AWS_02,0,normal,none,0,0.07025845048446361
2026-01-06 19:45:00,AWS_02,0,normal,none,0,0.08334464962667021
2026-01-06 20:00:00,AWS_02,0,normal,none,0,0.09385631340977091
2026-01-06 20:15:00,AWS_02,0,normal,none,0,0.02615324575912753
2026-01-06 20:30:00,AWS_02,0,normal,none,0,0.07417336593269708
2026-01-06 20:45:00,AWS_02,0,normal,none,0,0.07113868746179508
2026-01-06 21:00:00,AWS_02,0,normal,none,0,0.07580281027935476
2026-01-06 21:15:00,AWS_02,0,normal,none,0,0.08982704097597777
2026-01-06 21:30:00,AWS_02,0,normal,none,0,0.057757769483144816
2026-01-06 21:45:00,AWS_02,0,normal,none,0,0.05779415087058026
2026-01-06 22:00:00,AWS_02,0,normal,none,0,0.10575590432510235
2026-01-06 22:15:00,AWS_02,0,normal,none,0,0.03568631999416405
2026-01-06 22:30:00,AWS_02,0,normal,none,0,0.04849539161637623
2026-01-06 22:45:00,AWS_02,0,normal,none,0,0.07446084591681135
2026-01-06 23:00:00,AWS_02,0,normal,none,0,0.026264013079214554
2026-01-06 23:15:00,AWS_02,0,normal,none,0,0.07243488505512158
2026-01-06 23:30:00,AWS_02,0,normal,none,0,0.08810927368059146
2026-01-06 23:45:00,AWS_02,0,normal,none,0,0.08687474267637213
2026-01-07 00:00:00,AWS_02,0,normal,none,0,0.08373844125416602
2026-01-07 00:15:00,AWS_02,0,normal,none,0,0.05169491025124634
2026-01-07 00:30:00,AWS_02,0,normal,none,0,0.08113910872784708
2026-01-07 00:45:00,AWS_02,0,normal,none,0,0.054564714773187306
2026-01-07 01:00:00,AWS_02,0,normal,none,0,0.014006373106698722
2026-01-07 01:15:00,AWS_02,0,normal,none,0,0.01182723938208824
2026-01-07 01:30:00,AWS_02,0,normal,none,0,0.02929928673006932
2026-01-07 01:45:00,AWS_02,0,normal,none,0,0.023761531895441057
2026-01-07 02:00:00,AWS_02,0,normal,none,0,0.06893155671508
2026-01-07 02:15:00,AWS_02,0,normal,none,0,0.06784916297486154
2026-01-07 02:30:00,AWS_02,0,normal,none,0,0.0339514199935152
2026-01-07 02:45:00,AWS_02,0,normal,none,0,0.050236926898336365
2026-01-07 03:00:00,AWS_02,0,normal,none,0,0.0268637240172101
2026-01-07 03:15:00,AWS_02,0,normal,none,1,-0.06157203287574142
2026-01-07 03:30:00,AWS_02,0,normal,none,0,0.015623848673910423
2026-01-07 03:45:00,AWS_02,0,normal,none,0,0.03897510656326597
2026-01-07 04:00:00,AWS_02,0,normal,none,1,-0.03280359415667633
2026-01-07 04:15:00,AWS_02,0,normal,none,1,-0.018151071745645564
2026-01-07 04:30:00,AWS_02,0,normal,none,1,-0.027216765567327772
2026-01-07 04:45:00,AWS_02,0,normal,none,0,0.04044726649218111
2026-01-07 05:00:00,AWS_02,0,normal,none,0,0.05082632438454787
2026-01-07 05:15:00,AWS_02,0,normal,none,0,0.05522733302915539
2026-01-07 05:30:00,AWS_02,0,normal,none,0,0.07194044884433326
2026-01-07 05:45:00,AWS_02,0,normal,none,0,0.015529456366900007
2026-01-07 06:00:00,AWS_02,0,normal,none,0,0.04879119399137277
2026-01-07 06:15:00,AWS_02,0,normal,none,0,0.049712444082112395
2026-01-07 06:30:00,AWS_02,0,normal,none,0,0.04633020800053311
2026-01-07 06:45:00,AWS_02,0,normal,none,0,0.05237211205246084
2026-01-07 07:00:00,AWS_02,0,normal,none,0,0.09002806046540152
2026-01-07 07:15:00,AWS_02,0,normal,none,0,0.10030426281820642
2026-01-07 07:30:00,AWS_02,0,normal,none,1,-0.00999981111955317
2026-01-07 07:45:00,AWS_02,0,normal,none,0,0.07645846610040985
2026-01-07 08:00:00,AWS_02,0,normal,none,0,0.08817528518446771
2026-01-07 08:15:00,AWS_02,0,normal,none,0,0.02773717837228762
2026-01-07 08:30:00,AWS_02,0,normal,none,0,0.09209577713664685
2026-01-07 08:45:00,AWS_02,0,normal,none,0,0.10714910913205855
2026-01-07 09:00:00,AWS_02,0,normal,none,0,0.10702958639769938
2026-01-07 09:15:00,AWS_02,0,normal,none,0,0.05994489536508418
2026-01-07 09:30:00,AWS_02,0,normal,none,0,0.04275730695826896
2026-01-07 09:45:00,AWS_02,0,normal,none,0,0.07720489051973695
2026-01-07 10:00:00,AWS_02,0,normal,none,0,0.05565482112732478
2026-01-07 10:15:00,AWS_02,0,normal,none,0,0.06831044745633985
2026-01-07 10:30:00,AWS_02,0,normal,none,0,0.027335336304347535
2026-01-07 10:45:00,AWS_02,0,normal,none,0,0.07495754613705824
2026-01-07 11:00:00,AWS_02,0,normal,none,0,0.06892468392929196
2026-01-07 11:15:00,AWS_02,0,normal,none,0,0.08590059117163756
2026-01-07 11:30:00,AWS_02,0,normal,none,0,0.08152415397969653
2026-01-07 11:45:00,AWS_02,0,normal,none,0,0.09251347782346003
2026-01-07 12:00:00,AWS_02,0,normal,none,0,0.0881815606848621
2026-01-07 12:15:00,AWS_02,0,normal,none,0,0.07084758499224164
2026-01-07 12:30:00,AWS_02,0,normal,none,0,0.06923975956347578
2026-01-07 12:45:00,AWS_02,0,normal,none,0,0.0719017075320263
2026-01-07 13:00:00,AWS_02,0,normal,none,0,0.006081529779796313
2026-01-07 13:15:00,AWS_02,0,normal,none,0,0.066005507958047
2026-01-07 13:30:00,AWS_02,0,normal,none,0,0.08748000053166705
2026-01-07 13:45:00,AWS_02,0,normal,none,0,0.05225432528070517
2026-01-07 14:00:00,AWS_02,0,normal,none,1,-0.0036694449923988515
2026-01-07 14:15:00,AWS_02,0,normal,none,0,0.0844175964034996
2026-01-07 14:30:00,AWS_02,0,normal,none,0,0.03515703713299417
2026-01-07 14:45:00,AWS_02,0,normal,none,0,0.0795520494182107
2026-01-07 15:00:00,AWS_02,0,normal,none,0,0.07659008219501834
2026-01-07 15:15:00,AWS_02,0,normal,none,0,0.024625213843358806
2026-01-07 15:30:00,AWS_02,0,normal,none,0,0.06944978217639708
2026-01-07 15:45:00,AWS_02,0,normal,none,0,0.06363495256528368
2026-01-07 16:00:00,AWS_02,0,normal,none,0,0.06663901292283175
2026-01-07 16:15:00,AWS_02,0,normal,none,0,0.08951744804526363
2026-01-07 16:30:00,AWS_02,0,normal,none,0,0.05205828405800178
2026-01-07 16:45:00,AWS_02,0,normal,none,1,-0.0067850712224787335
2026-01-07 17:00:00,AWS_02,0,normal,none,0,0.025083203429789425
2026-01-07 17:15:00,AWS_02,0,normal,none,0,0.04908465442946919
2026-01-07 17:30:00,AWS_02,0,normal,none,0,0.05278403415856764
2026-01-07 17:45:00,AWS_02,0,normal,none,0,0.014168802231296018
2026-01-07 18:00:00,AWS_02,0,normal,none,0,0.015245244725221596
2026-01-07 18:15:00,AWS_02,0,normal,none,0,0.0885973842823401
2026-01-07 18:30:00,AWS_02,0,normal,none,1,-0.0032170781440877816
2026-01-07 18:45:00,AWS_02,0,normal,none,0,0.06851962574303488
2026-01-07 19:00:00,AWS_02,0,normal,none,0,0.09325039582089256
2026-01-07 19:15:00,AWS_02,0,normal,none,0,0.07110756208365693
2026-01-07 19:30:00,AWS_02,0,normal,none,0,0.07652409533414839
2026-01-07 19:45:00,AWS_02,0,normal,none,0,0.06508296735703722
2026-01-07 20:00:00,AWS_02,0,normal,none,0,0.05859962833491722
2026-01-07 20:15:00,AWS_02,0,normal,none,0,0.09515544605639975
2026-01-07 20:30:00,AWS_02,0,normal,none,0,0.07222127432566067
2026-01-07 20:45:00,AWS_02,0,normal,none,0,0.07686050530822974
2026-01-07 21:00:00,AWS_02,0,normal,none,0,0.06055324912926846
2026-01-07 21:15:00,AWS_02,0,normal,none,0,0.10125049777303796
2026-01-07 21:30:00,AWS_02,0,normal,none,0,0.08468000645288587
2026-01-07 21:45:00,AWS_02,0,normal,none,0,0.05448134225430745
2026-01-07 22:00:00,AWS_02,0,normal,none,0,0.07882751891825296
2026-01-07 22:15:00,AWS_02,0,normal,none,0,0.0793661585810495
2026-01-07 22:30:00,AWS_02,0,normal,none,0,0.07455489278777422
2026-01-07 22:45:00,AWS_02,0,normal,none,0,0.00860736174406379
2026-01-07 23:00:00,AWS_02,0,normal,none,0,0.04095864763221768
2026-01-07 23:15:00,AWS_02,0,normal,none,0,0.08781659164558359
2026-01-07 23:30:00,AWS_02,0,normal,none,1,-0.0002052441348049383
2026-01-07 23:45:00,AWS_02,0,normal,none,0,0.04275544538006609
2026-01-08 00:00:00,AWS_02,0,normal,none,0,0.05822623029106022
2026-01-08 00:15:00,AWS_02,0,normal,none,0,0.008008779831268131
2026-01-08 00:30:00,AWS_02,0,normal,none,0,0.06754843769177077
2026-01-08 00:45:00,AWS_02,0,normal,none,0,0.08749066356573071
2026-01-08 01:00:00,AWS_02,0,normal,none,0,0.09531902617053012
2026-01-08 01:15:00,AWS_02,0,normal,none,0,0.029019059810343417
2026-01-08 01:30:00,AWS_02,0,normal,none,0,0.05518557666878915
2026-01-08 01:45:00,AWS_02,0,normal,none,0,0.07115820900438763
2026-01-08 02:00:00,AWS_02,0,normal,none,0,0.07345887712573856
2026-01-08 02:15:00,AWS_02,0,normal,none,0,0.0831482979854612
2026-01-08 02:30:00,AWS_02,0,normal,none,1,-0.008989687160852133
2026-01-08 02:45:00,AWS_02,0,normal,none,0,0.061605678053475055
2026-01-08 03:00:00,AWS_02,0,normal,none,0,0.031134085034464798
2026-01-08 03:15:00,AWS_02,0,normal,none,0,0.07077400135518647
2026-01-08 03:30:00,AWS_02,0,normal,none,0,0.07139469822172001
2026-01-08 03:45:00,AWS_02,0,normal,none,0,0.03979313231756404
2026-01-08 04:00:00,AWS_02,0,normal,none,0,0.04418384858672447
2026-01-08 04:15:00,AWS_02,0,normal,none,0,0.054334518569899626
2026-01-08 04:30:00,AWS_02,0,normal,none,0,0.03766729296577992
2026-01-08 04:45:00,AWS_02,0,normal,none,0,0.06215102119030286
2026-01-08 05:00:00,AWS_02,0,normal,none,1,-0.0025980673742524996
2026-01-08 05:15:00,AWS_02,0,normal,none,0,0.04393818406145883
2026-01-08 05:30:00,AWS_02,0,normal,none,0,0.06312153116880759
2026-01-08 05:45:00,AWS_02,0,normal,none,0,0.02415084607358292
2026-01-08 06:00:00,AWS_02,0,normal,none,0,0.022118312445677357
2026-01-08 06:15:00,AWS_02,0,normal,none,0,0.04029017237990118
2026-01-08 06:30:00,AWS_02,0,normal,none,1,-0.010128685817812011
2026-01-08 06:45:00,AWS_02,0,normal,none,0,0.07264908557742722
2026-01-08 07:00:00,AWS_02,0,normal,none,0,0.08938750983719296
2026-01-08 07:15:00,AWS_02,0,normal,none,0,0.04579826859287267
2026-01-08 07:30:00,AWS_02,0,normal,none,0,0.10282347256463759
2026-01-08 07:45:00,AWS_02,0,normal,none,0,0.07851037250010312
2026-01-08 08:00:00,AWS_02,0,normal,none,0,0.027303454326248477
2026-01-08 08:15:00,AWS_02,0,normal,none,0,0.10416863173748292
2026-01-08 08:30:00,AWS_02,0,normal,none,0,0.014903411696959357
2026-01-08 08:45:00,AWS_02,0,normal,none,0,0.09378387789746329
2026-01-08 09:00:00,AWS_02,0,normal,none,0,0.03159450741922559
2026-01-08 09:15:00,AWS_02,0,normal,none,0,0.04887041935745534
2026-01-08 09:30:00,AWS_02,0,normal,none,0,0.09395827625027342
2026-01-08 09:45:00,AWS_02,0,normal,none,0,0.04136142952985622
2026-01-08 10:00:00,AWS_02,0,normal,none,0,0.09556129134913394
2026-01-08 10:15:00,AWS_02,0,normal,none,0,0.06590085379187222
2026-01-08 10:30:00,AWS_02,0,normal,none,0,0.08613420436118796
2026-01-08 10:45:00,AWS_02,0,normal,none,0,0.053041238568348914
2026-01-08 11:00:00,AWS_02,0,normal,none,0,0.07789655418439362
2026-01-08 11:15:00,AWS_02,0,normal,none,0,0.07546309632788145
2026-01-08 11:30:00,AWS_02,0,normal,none,0,0.02256237086618229
2026-01-08 11:45:00,AWS_02,0,normal,none,0,0.02588462916483103
2026-01-08 12:00:00,AWS_02,0,normal,none,0,0.08958164742875896
2026-01-08 12:15:00,AWS_02,0,normal,none,0,0.06040877935925082
2026-01-08 12:30:00,AWS_02,0,normal,none,0,0.04403122677082405
2026-01-08 12:45:00,AWS_02,0,normal,none,0,0.04831636300088116
2026-01-08 13:00:00,AWS_02,0,normal,none,0,0.05100246846570011
2026-01-08 13:15:00,AWS_02,0,normal,none,0,0.009789479167969184
2026-01-08 13:30:00,AWS_02,0,normal,none,0,0.02392801602659611
2026-01-08 13:45:00,AWS_02,0,normal,none,0,0.06672187033409183
2026-01-08 14:00:00,AWS_02,0,normal,none,0,0.0311790015576231
2026-01-08 14:15:00,AWS_02,0,normal,none,0,0.03678848131688722
2026-01-08 14:30:00,AWS_02,0,normal,none,0,0.02339209554524463
2026-01-08 14:45:00,AWS_02,0,normal,none,0,0.0237278980307003
2026-01-08 15:00:00,AWS_02,0,normal,none,1,-0.009002145274517592
2026-01-08 15:15:00,AWS_02,0,normal,none,0,0.003970626466190563
2026-01-08 15:30:00,AWS_02,0,normal,none,1,-0.019340908715428373
2026-01-08 15:45:00,AWS_02,0,normal,none,1,-0.04778387535122164
2026-01-08 16:00:00,AWS_02,0,normal,none,0,0.01923793710292393
2026-01-08 16:15:00,AWS_02,0,normal,none,0,0.014965854530049894
2026-01-08 16:30:00,AWS_02,0,normal,none,0,0.008554100177012525
2026-01-08 16:45:00,AWS_02,0,normal,none,0,0.0008661225667194183
2026-01-08 17:00:00,AWS_02,0,normal,none,0,0.03571744033551849
2026-01-08 17:15:00,AWS_02,0,normal,none,0,0.02583037175627112
2026-01-08 17:30:00,AWS_02,0,normal,none,0,0.06236537585747476
2026-01-08 17:45:00,AWS_02,0,normal,none,0,0.06075503068300658
2026-01-08 18:00:00,AWS_02,0,normal,none,0,0.04212290428725973
2026-01-08 18:15:00,AWS_02,0,normal,none,0,0.06871872952363328
2026-01-08 18:30:00,AWS_02,0,normal,none,0,0.037924059034630475
2026-01-08 18:45:00,AWS_02,0,normal,none,1,-0.023174972281671202
2026-01-08 19:00:00,AWS_02,0,normal,none,0,0.0031644078251582552
2026-01-08 19:15:00,AWS_02,0,normal,none,0,0.03343363989453069
2026-01-08 19:30:00,AWS_02,0,normal,none,0,0.03072061104715884
2026-01-08 19:45:00,AWS_02,0,normal,none,0,0.06617778508485128
2026-01-08 20:00:00,AWS_02,0,normal,none,0,0.032970496267618055
2026-01-08 20:15:00,AWS_02,0,normal,none,0,0.08423957780887265
2026-01-08 20:30:00,AWS_02,0,normal,none,0,0.059423506172740004
2026-01-08 20:45:00,AWS_02,0,normal,none,0,0.054698507231416116
2026-01-08 21:00:00,AWS_02,0,normal,none,0,0.01964739204617183
2026-01-08 21:15:00,AWS_02,0,normal,none,0,0.07929886186170432
2026-01-08 21:30:00,AWS_02,0,normal,none,0,0.09495214091559934
2026-01-08 21:45:00,AWS_02,0,normal,none,0,0.03001260764837199
2026-01-08 22:00:00,AWS_02,0,normal,none,0,0.06953061327708338
2026-01-08 22:15:00,AWS_02,0,normal,none,0,0.047146005442311456
2026-01-08 22:30:00,AWS_02,0,normal,none,0,0.018094158296418417
2026-01-08 22:45:00,AWS_02,0,normal,none,0,0.07159259269625834
2026-01-08 23:00:00,AWS_02,0,normal,none,0,0.02979827094777804
2026-01-08 23:15:00,AWS_02,0,normal,none,1,-0.021909812101345127
2026-01-08 23:30:00,AWS_02,0,normal,none,0,0.059901841468249784
2026-01-08 23:45:00,AWS_02,0,normal,none,0,0.05920326832246925
2026-01-09 00:00:00,AWS_02,0,normal,none,0,0.050562757053652874
2026-01-09 00:15:00,AWS_02,0,normal,none,0,0.049056963931806086
2026-01-09 00:30:00,AWS_02,0,normal,none,0,0.05688024442793277
2026-01-09 00:45:00,AWS_02,0,normal,none,0,0.03398804006630196
2026-01-09 01:00:00,AWS_02,0,normal,none,0,0.0007498992226727674
2026-01-09 01:15:00,AWS_02,0,normal,none,1,-0.03712544488628
2026-01-09 01:30:00,AWS_02,0,normal,none,0,0.06011659297492156
2026-01-09 01:45:00,AWS_02,0,normal,none,0,0.00595775534966575
2026-01-09 02:00:00,AWS_02,0,normal,none,0,0.04328234259442909
2026-01-09 02:15:00,AWS_02,0,normal,none,0,0.006680595827121771
2026-01-09 02:30:00,AWS_02,0,normal,none,0,0.06743427059771201
2026-01-09 02:45:00,AWS_02,0,normal,none,0,0.06768741018406793
2026-01-09 03:00:00,AWS_02,0,normal,none,0,0.09385937231549601
2026-01-09 03:15:00,AWS_02,0,normal,none,0,0.07691356371902558
2026-01-09 03:30:00,AWS_02,0,normal,none,0,0.08734065132260793
2026-01-09 03:45:00,AWS_02,0,normal,none,0,0.09076734609346682
2026-01-09 04:00:00,AWS_02,0,normal,none,0,0.015430827414936343
2026-01-09 04:15:00,AWS_02,0,normal,none,0,0.04223199919993503
2026-01-09 04:30:00,AWS_02,0,normal,none,0,0.0739922576974702
2026-01-09 04:45:00,AWS_02,0,normal,none,0,0.04836494860835078
2026-01-09 05:00:00,AWS_02,0,normal,none,0,0.03934279631541976
2026-01-09 05:15:00,AWS_02,0,normal,none,0,0.06570957939022926
2026-01-09 05:30:00,AWS_02,0,normal,none,0,0.07896361204143787
2026-01-09 05:45:00,AWS_02,0,normal,none,0,0.06888218357339798
2026-01-09 06:00:00,AWS_02,0,normal,none,0,0.033314233179375596
2026-01-09 06:15:00,AWS_02,0,normal,none,0,0.08122007533580639
2026-01-09 06:30:00,AWS_02,0,normal,none,0,0.09196906279136752
2026-01-09 06:45:00,AWS_02,0,normal,none,0,0.0529591692003572
2026-01-09 07:00:00,AWS_02,0,normal,none,0,0.052726770655105226
2026-01-09 07:15:00,AWS_02,0,normal,none,0,0.028282980756945908
2026-01-09 07:30:00,AWS_02,0,normal,none,0,0.08420394437228246
2026-01-09 07:45:00,AWS_02,0,normal,none,0,0.04325867073240308
2026-01-09 08:00:00,AWS_02,0,normal,none,0,0.09163505005901457
2026-01-09 08:15:00,AWS_02,0,normal,none,0,0.08781767512672645
2026-01-09 08:30:00,AWS_02,0,normal,none,0,0.10132394604436706
2026-01-09 08:45:00,AWS_02,0,normal,none,0,0.06802348899157346
2026-01-09 09:00:00,AWS_02,0,normal,none,0,0.05155995182292644
2026-01-09 09:15:00,AWS_02,0,normal,none,0,0.08744509196413303
2026-01-09 09:30:00,AWS_02,0,normal,none,0,0.09752523812653074
2026-01-09 09:45:00,AWS_02,0,normal,none,0,0.0904154010974263
2026-01-09 10:00:00,AWS_02,0,normal,none,0,0.07621207536443336
2026-01-09 10:15:00,AWS_02,0,normal,none,0,0.08317412519797096
2026-01-09 10:30:00,AWS_02,0,normal,none,0,0.10163165839695537
2026-01-09 10:45:00,AWS_02,0,normal,none,0,0.06941659681706025
2026-01-09 11:00:00,AWS_02,0,normal,none,0,0.06589427478464688
2026-01-09 11:15:00,AWS_02,0,normal,none,0,0.01619650404457107
2026-01-09 11:30:00,AWS_02,0,normal,none,0,0.07049999795431894
2026-01-09 11:45:00,AWS_02,0,normal,none,0,0.05415904825241796
2026-01-09 12:00:00,AWS_02,0,normal,none,0,0.08632363785858876
2026-01-09 12:15:00,AWS_02,0,normal,none,0,0.05547932425198743
2026-01-09 12:30:00,AWS_02,0,normal,none,0,0.07836982286892236
2026-01-09 12:45:00,AWS_02,0,normal,none,0,0.015029364703672166
2026-01-09 13:00:00,AWS_02,0,normal,none,0,0.021850299967922593
2026-01-09 13:15:00,AWS_02,0,normal,none,0,0.01900808494063716
2026-01-09 13:30:00,AWS_02,0,normal,none,0,0.03145108558517662
2026-01-09 13:45:00,AWS_02,0,normal,none,0,0.051455700146587235
2026-01-09 14:00:00,AWS_02,0,normal,none,0,0.04892491957056422
2026-01-09 14:15:00,AWS_02,0,normal,none,1,-0.01836190946076577
2026-01-09 14:30:00,AWS_02,0,normal,none,1,-0.010175531296764961
2026-01-09 14:45:00,AWS_02,0,normal,none,0,0.06652948614311699
2026-01-09 15:00:00,AWS_02,0,normal,none,0,0.044438185789094975
2026-01-09 15:15:00,AWS_02,0,normal,none,0,0.054339251918179454
2026-01-09 15:30:00,AWS_02,0,normal,none,0,0.03490262268912814
2026-01-09 15:45:00,AWS_02,0,normal,none,0,0.06618491419987271
2026-01-09 16:00:00,AWS_02,0,normal,none,0,0.06109374479618618
2026-01-09 16:15:00,AWS_02,0,normal,none,0,0.04167762638796757
2026-01-09 16:30:00,AWS_02,0,normal,none,0,0.022878852367680946
2026-01-09 16:45:00,AWS_02,0,normal,none,0,0.01900467540184969
2026-01-09 17:00:00,AWS_02,0,normal,none,0,0.06838065558191903
2026-01-09 17:15:00,AWS_02,0,normal,none,0,0.0534249782369603
2026-01-09 17:30:00,AWS_02,0,normal,none,1,-0.022566635257524004
2026-01-09 17:45:00,AWS_02,0,normal,none,0,0.026043239219661563
2026-01-09 18:00:00,AWS_02,0,normal,none,1,-0.01177142840594625
2026-01-09 18:15:00,AWS_02,0,normal,none,0,0.03159901202317483
2026-01-09 18:30:00,AWS_02,0,normal,none,0,0.03304177993801255
2026-01-09 18:45:00,AWS_02,0,normal,none,0,0.07898195142554981
2026-01-09 19:00:00,AWS_02,0,normal,none,0,0.08626108635075203
2026-01-09 19:15:00,AWS_02,0,normal,none,0,0.07643305476163037
2026-01-09 19:30:00,AWS_02,0,normal,none,0,0.05992984797226686
2026-01-09 19:45:00,AWS_02,0,normal,none,0,0.058007195701407555
2026-01-09 20:00:00,AWS_02,0,normal,none,0,0.06647400509498286
2026-01-09 20:15:00,AWS_02,0,normal,none,0,0.03653849171207968
2026-01-09 20:30:00,AWS_02,0,normal,none,0,0.06951744888615657
2026-01-09 20:45:00,AWS_02,0,normal,none,0,0.0994810110340375
2026-01-09 21:00:00,AWS_02,0,normal,none,0,0.09943858979945203
2026-01-09 21:15:00,AWS_02,0,normal,none,0,0.08374224723016632
2026-01-09 21:30:00,AWS_02,0,normal,none,0,0.11086270129172948
2026-01-09 21:45:00,AWS_02,0,normal,none,0,0.08122079884618977
2026-01-09 22:00:00,AWS_02,0,normal,none,0,0.03614220333448653
2026-01-09 22:15:00,AWS_02,0,normal,none,0,0.1035759728991813
2026-01-09 22:30:00,AWS_02,0,normal,none,0,0.10796729829657808
2026-01-09 22:45:00,AWS_02,0,normal,none,0,0.07410804645062286
2026-01-09 23:00:00,AWS_02,0,normal,none,0,0.05477783622821342
2026-01-09 23:15:00,AWS_02,0,normal,none,1,-0.021887011362151765
2026-01-09 23:30:00,AWS_02,0,normal,none,1,-0.014828269048923426
2026-01-09 23:45:00,AWS_02,0,normal,none,0,0.10422632719280783
2026-01-10 00:00:00,AWS_02,0,normal,none,0,0.09096989605732697
2026-01-10 00:15:00,AWS_02,0,normal,none,0,0.09691853248998605
2026-01-10 00:30:00,AWS_02,0,normal,none,0,0.07625207388467681
2026-01-10 00:45:00,AWS_02,0,normal,none,0,0.09267106759546911
2026-01-10 01:00:00,AWS_02,0,normal,none,0,0.10359943106517444
2026-01-10 01:15:00,AWS_02,0,normal,none,0,0.06639448194593273
2026-01-10 01:30:00,AWS_02,0,normal,none,0,0.09428804213751996
2026-01-10 01:45:00,AWS_02,0,normal,none,0,0.09934501432611353
2026-01-10 02:00:00,AWS_02,0,normal,none,0,0.09503943300516926
2026-01-10 02:15:00,AWS_02,0,normal,none,0,0.06742768942142857
2026-01-10 02:30:00,AWS_02,0,normal,none,0,0.10276345101140083
2026-01-10 02:45:00,AWS_02,0,normal,none,0,0.09581339769151359
2026-01-10 03:00:00,AWS_02,0,normal,none,0,0.10730159250429039
2026-01-10 03:15:00,AWS_02,0,normal,none,0,0.0984797762352691
2026-01-10 03:30:00,AWS_02,0,normal,none,0,0.06821417430221549
2026-01-10 03:45:00,AWS_02,0,normal,none,0,0.091136247140434
2026-01-10 04:00:00,AWS_02,0,normal,none,0,0.07143135061358641
2026-01-10 04:15:00,AWS_02,0,normal,none,0,0.10968233538670319
2026-01-10 04:30:00,AWS_02,0,normal,none,0,0.08302446009404496
2026-01-10 04:45:00,AWS_02,0,normal,none,0,0.09174694589414495
2026-01-10 05:00:00,AWS_02,0,normal,none,0,0.09257926199344368
2026-01-10 05:15:00,AWS_02,0,normal,none,0,0.05926480466275835
2026-01-10 05:30:00,AWS_02,0,normal,none,0,0.08252382406397613
2026-01-10 05:45:00,AWS_02,0,normal,none,0,0.06133524609712737
2026-01-10 06:00:00,AWS_02,0,normal,none,0,0.05777299814587883
2026-01-10 06:15:00,AWS_02,0,normal,none,0,0.08889287172694876
2026-01-10 06:30:00,AWS_02,0,normal,none,1,-0.008626866437894232
2026-01-10 06:45:00,AWS_02,0,normal,none,0,0.10360177294208744
2026-01-10 07:00:00,AWS_02,0,normal,none,0,0.09823789396751348
2026-01-10 07:15:00,AWS_02,0,normal,none,0,0.09059087982696312
2026-01-10 07:30:00,AWS_02,0,normal,none,0,0.09535796529201834
2026-01-10 07:45:00,AWS_02,0,normal,none,0,0.0018683614206598809
2026-01-10 08:00:00,AWS_02,0,normal,none,0,0.059557384095445975
2026-01-10 08:15:00,AWS_02,0,normal,none,0,0.052982164198654924
2026-01-10 08:30:00,AWS_02,0,normal,none,1,-0.019773122604203386
2026-01-10 08:45:00,AWS_02,0,normal,none,0,0.010641096357062785
2026-01-10 09:00:00,AWS_02,0,normal,none,0,0.04457724101071836
2026-01-10 09:15:00,AWS_02,0,normal,none,0,0.08972674938464487
2026-01-10 09:30:00,AWS_02,0,normal,none,0,0.09278527593543029
2026-01-10 09:45:00,AWS_02,0,normal,none,0,0.0933639226909706
2026-01-10 10:00:00,AWS_02,0,normal,none,0,0.06841800279340743
2026-01-10 10:15:00,AWS_02,0,normal,none,0,0.049142387457742354
2026-01-10 10:30:00,AWS_02,0,normal,none,0,0.05669480139985106
2026-01-10 10:45:00,AWS_02,0,normal,none,0,0.07348075251204705
2026-01-10 11:00:00,AWS_02,0,normal,none,0,0.06683358178226889
2026-01-10 11:15:00,AWS_02,0,normal,none,1,-0.01843458192085734
2026-01-10 11:30:00,AWS_02,0,normal,none,0,0.06919146914157359
2026-01-10 11:45:00,AWS_02,0,normal,none,1,-0.015339583897474696
2026-01-10 12:00:00,AWS_02,0,normal,none,0,0.05605474552322631
2026-01-10 12:15:00,AWS_02,0,normal,none,0,0.060526661967391815
2026-01-10 12:30:00,AWS_02,0,normal,none,0,0.023610027120953447
2026-01-10 12:45:00,AWS_02,0,normal,none,0,0.037959825177512785
2026-01-10 13:00:00,AWS_02,0,normal,none,1,-0.006931954461358192
2026-01-10 13:15:00,AWS_02,0,normal,none,1,-0.003907938905614694
2026-01-10 13:30:00,AWS_02,0,normal,none,0,0.015952387710803817
2026-01-10 13:45:00,AWS_02,0,normal,none,1,-0.036869857668079375
2026-01-10 14:00:00,AWS_02,0,normal,none,1,-0.01765074567575886
2026-01-10 14:15:00,AWS_02,0,normal,none,0,0.023023227025939563
2026-01-10 14:30:00,AWS_02,0,normal,none,1,-0.006682161579384283
2026-01-10 14:45:00,AWS_02,0,normal,none,0,0.017579083765712045
2026-01-10 15:00:00,AWS_02,0,normal,none,0,0.01732015320428193
2026-01-10 15:15:00,AWS_02,0,normal,none,1,-0.010280152056497904
2026-01-10 15:30:00,AWS_02,0,normal,none,0,0.04311715631638452
2026-01-10 15:45:00,AWS_02,0,normal,none,0,0.027585176794786503
2026-01-10 16:00:00,AWS_02,0,normal,none,0,0.00655037232401029
2026-01-10 16:15:00,AWS_02,0,normal,none,1,-0.018944503038970217
2026-01-10 16:30:00,AWS_02,0,normal,none,0,0.03456684734664767
2026-01-10 16:45:00,AWS_02,0,normal,none,0,0.029943391014941312
2026-01-10 17:00:00,AWS_02,0,normal,none,1,-0.028112462832105667
2026-01-10 17:15:00,AWS_02,0,normal,none,0,0.011839169964660667
2026-01-10 17:30:00,AWS_02,0,normal,none,0,0.003124440736838874
2026-01-10 17:45:00,AWS_02,0,normal,none,0,0.07260528500888691
2026-01-10 18:00:00,AWS_02,0,normal,none,0,0.05476510106974586
2026-01-10 18:15:00,AWS_02,0,normal,none,0,0.062000478364075684
2026-01-10 18:30:00,AWS_02,0,normal,none,0,0.038259887439989926
2026-01-10 18:45:00,AWS_02,0,normal,none,0,0.03944045753141645
2026-01-10 19:00:00,AWS_02,0,normal,none,0,0.04777225454054673
2026-01-10 19:15:00,AWS_02,0,normal,none,0,0.08182671250267987
2026-01-10 19:30:00,AWS_02,0,normal,none,0,0.09005118801269557
2026-01-10 19:45:00,AWS_02,0,normal,none,0,0.08740007612971401
2026-01-10 20:00:00,AWS_02,0,normal,none,0,0.06498608788062593
2026-01-10 20:15:00,AWS_02,0,normal,none,0,0.05427679154156034
2026-01-10 20:30:00,AWS_02,0,normal,none,0,0.09952071018580139
2026-01-10 20:45:00,AWS_02,0,normal,none,0,0.04523484254529225
2026-01-10 21:00:00,AWS_02,0,normal,none,0,0.09146976113930266
2026-01-10 21:15:00,AWS_02,0,normal,none,0,0.10037012971831222
2026-01-10 21:30:00,AWS_02,0,normal,none,0,0.04725854514307454
2026-01-10 21:45:00,AWS_02,0,normal,none,0,0.08795832512253954
2026-01-10 22:00:00,AWS_02,0,normal,none,0,0.08787971386316845
2026-01-10 22:15:00,AWS_02,0,normal,none,0,0.1032214128448588
2026-01-10 22:30:00,AWS_02,0,normal,none,0,0.06500184591577096
2026-01-10 22:45:00,AWS_02,0,normal,none,0,0.0996807716944218
2026-01-10 23:00:00,AWS_02,0,normal,none,0,0.10593491428570662
2026-01-10 23:15:00,AWS_02,0,normal,none,0,0.06611730710596309
2026-01-10 23:30:00,AWS_02,0,normal,none,0,0.03060447334192895
2026-01-10 23:45:00,AWS_02,0,normal,none,0,0.10688963078819042
2026-01-11 00:00:00,AWS_02,0,normal,none,0,0.11163677126539162
2026-01-11 00:15:00,AWS_02,0,normal,none,0,0.050630486499184835
2026-01-11 00:30:00,AWS_02,0,normal,none,0,0.08596616253301542
2026-01-11 00:45:00,AWS_02,0,normal,none,0,0.07952363188228073
2026-01-11 01:00:00,AWS_02,0,normal,none,0,0.02227339262806438
2026-01-11 01:15:00,AWS_02,0,normal,none,0,0.09088734903083817
2026-01-11 01:30:00,AWS_02,0,normal,none,0,0.07865847425897565
2026-01-11 01:45:00,AWS_02,0,normal,none,0,0.09848997393346415
2026-01-11 02:00:00,AWS_02,0,normal,none,0,0.05875249817325784
2026-01-11 02:15:00,AWS_02,0,normal,none,0,0.03871467950285046
2026-01-11 02:30:00,AWS_02,0,normal,none,0,0.03207410547668732
2026-01-11 02:45:00,AWS_02,0,normal,none,0,0.07566316303998916
2026-01-11 03:00:00,AWS_02,0,normal,none,0,0.03461589572361534
2026-01-11 03:15:00,AWS_02,0,normal,none,0,0.022629835856382674
2026-01-11 03:30:00,AWS_02,0,normal,none,0,0.06174281729941966
2026-01-11 03:45:00,AWS_02,0,normal,none,0,0.07101487204041684
2026-01-11 04:00:00,AWS_02,0,normal,none,0,0.101371759591874
2026-01-11 04:15:00,AWS_02,0,normal,none,0,0.09920558309878147
2026-01-11 04:30:00,AWS_02,0,normal,none,0,0.00599790677081985
2026-01-11 04:45:00,AWS_02,0,normal,none,0,0.06829322440934776
2026-01-11 05:00:00,AWS_02,0,normal,none,0,0.07348124339705914
2026-01-11 05:15:00,AWS_02,0,normal,none,0,0.05578499262682618
2026-01-11 05:30:00,AWS_02,0,normal,none,0,0.10657237352032439
2026-01-11 05:45:00,AWS_02,0,normal,none,0,0.09484339511347284
2026-01-11 06:00:00,AWS_02,0,normal,none,0,0.04115318208786922
2026-01-11 06:15:00,AWS_02,0,normal,none,0,0.09128938728474395
2026-01-11 06:30:00,AWS_02,0,normal,none,0,0.08602499478783243
2026-01-11 06:45:00,AWS_02,0,normal,none,0,0.08260904683391956
2026-01-11 07:00:00,AWS_02,0,normal,none,0,0.04996568264551671
2026-01-11 07:15:00,AWS_02,0,normal,none,0,0.06687535738407702
2026-01-11 07:30:00,AWS_02,0,normal,none,0,0.09940409690864482
2026-01-11 07:45:00,AWS_02,0,normal,none,1,-0.031945694341881437
2026-01-11 08:00:00,AWS_02,0,normal,none,0,0.09050969419947635
2026-01-11 08:15:00,AWS_02,0,normal,none,0,0.08298001031493024
2026-01-11 08:30:00,AWS_02,0,normal,none,1,-0.012693725481113138
2026-01-11 08:45:00,AWS_02,0,normal,none,1,-0.027352253229269263
2026-01-11 09:00:00,AWS_02,0,normal,none,0,0.07001764793227322
2026-01-11 09:15:00,AWS_02,0,normal,none,0,0.08258774601951974
2026-01-11 09:30:00,AWS_02,0,normal,none,0,0.10223730062225828
2026-01-11 09:45:00,AWS_02,0,normal,none,0,0.05613455163189607
2026-01-11 10:00:00,AWS_02,0,normal,none,0,0.07183008586596579
2026-01-11 10:15:00,AWS_02,0,normal,none,0,0.02751483585254505
2026-01-11 10:30:00,AWS_02,0,normal,none,0,0.08656965867012711
2026-01-11 10:45:00,AWS_02,0,normal,none,0,0.09726539795926348
2026-01-11 11:00:00,AWS_02,0,normal,none,0,0.05574711545995309
2026-01-11 11:15:00,AWS_02,0,normal,none,0,0.05863571476532631
2026-01-11 11:30:00,AWS_02,0,normal,none,0,0.019440533096711343
2026-01-11 11:45:00,AWS_02,0,normal,none,0,0.07494800899959986
2026-01-11 12:00:00,AWS_02,0,normal,none,0,0.09434197066971217
2026-01-11 12:15:00,AWS_02,0,normal,none,0,0.08857529204284198
2026-01-11 12:30:00,AWS_02,0,normal,none,0,0.02525778019974606
2026-01-11 12:45:00,AWS_02,0,normal,none,0,0.05225207380088154
2026-01-11 13:00:00,AWS_02,0,normal,none,0,0.060957187166573445
2026-01-11 13:15:00,AWS_02,0,normal,none,0,0.05985867008308843
2026-01-11 13:30:00,AWS_02,0,normal,none,0,0.0698777762462473
2026-01-11 13:45:00,AWS_02,0,normal,none,0,0.012154226778971267
2026-01-11 14:00:00,AWS_02,0,normal,none,0,0.06449019340981021
2026-01-11 14:15:00,AWS_02,0,normal,none,0,0.06208006538247257
2026-01-11 14:30:00,AWS_02,0,normal,none,0,0.06776783853795243
2026-01-11 14:45:00,AWS_02,0,normal,none,0,0.05482556897036717
2026-01-11 15:00:00,AWS_02,0,normal,none,0,0.04414880724387832
2026-01-11 15:15:00,AWS_02,0,normal,none,0,0.04286507103002035
2026-01-11 15:30:00,AWS_02,0,normal,none,0,0.02430290550273001
2026-01-11 15:45:00,AWS_02,0,normal,none,0,0.040629191351210736
2026-01-11 16:00:00,AWS_02,0,normal,none,0,0.05611237072368752
2026-01-11 16:15:00,AWS_02,0,normal,none,0,0.026407397722338632
2026-01-11 16:30:00,AWS_02,0,normal,none,0,0.03424031529741833
2026-01-11 16:45:00,AWS_02,0,normal,none,0,0.07411655355408658
2026-01-11 17:00:00,AWS_02,0,normal,none,0,0.07908088500017557
2026-01-11 17:15:00,AWS_02,0,normal,none,0,0.07966233527218342
2026-01-11 17:30:00,AWS_02,0,normal,none,0,0.07421306817200823
2026-01-11 17:45:00,AWS_02,0,normal,none,0,0.07446863304958662
2026-01-11 18:00:00,AWS_02,0,normal,none,0,0.044812279173762626
2026-01-11 18:15:00,AWS_02,0,normal,none,0,0.0372354897315324
2026-01-11 18:30:00,AWS_02,0,normal,none,0,0.07444490561197376
2026-01-11 18:45:00,AWS_02,0,normal,none,1,-0.0305898340925026
2026-01-11 19:00:00,AWS_02,0,normal,none,0,0.03095004525907502
2026-01-11 19:15:00,AWS_02,0,normal,none,0,0.020279609752222427
2026-01-11 19:30:00,AWS_02,0,normal,none,0,0.07516251058677353
2026-01-11 19:45:00,AWS_02,0,normal,none,1,-0.043848680630017234
2026-01-11 20:00:00,AWS_02,0,normal,none,0,0.0102431145257329
2026-01-11 20:15:00,AWS_02,0,normal,none,0,0.043372125687618224
2026-01-11 20:30:00,AWS_02,0,normal,none,0,0.08253354482199099
2026-01-11 20:45:00,AWS_02,0,normal,none,0,0.0642402371492794
2026-01-11 21:00:00,AWS_02,0,normal,none,0,0.07289842745120417
2026-01-11 21:15:00,AWS_02,0,normal,none,0,0.03475101859274876
2026-01-11 21:30:00,AWS_02,0,normal,none,0,0.02013043650225732
2026-01-11 21:45:00,AWS_02,0,normal,none,0,0.003520189077651892
2026-01-11 22:00:00,AWS_02,0,normal,none,0,0.020749424945096517
2026-01-11 22:15:00,AWS_02,0,normal,none,0,0.05790699385260434
2026-01-11 22:30:00,AWS_02,0,normal,none,0,0.07917803798989165
2026-01-11 22:45:00,AWS_02,0,normal,none,0,0.07351175919921715
2026-01-11 23:00:00,AWS_02,0,normal,none,0,0.08911082979509644
2026-01-11 23:15:00,AWS_02,0,normal,none,0,0.08105079190208747
2026-01-11 23:30:00,AWS_02,0,normal,none,0,0.08921441367493738
2026-01-11 23:45:00,AWS_02,0,normal,none,0,0.05566325584351428
2026-01-12 00:00:00,AWS_02,0,normal,none,0,0.010402962787993852
2026-01-12 00:15:00,AWS_02,0,normal,none,0,0.08540442253185238
2026-01-12 00:30:00,AWS_02,0,normal,none,0,0.060605654505939244
2026-01-12 00:45:00,AWS_02,0,normal,none,0,0.08802542344001463
2026-01-12 01:00:00,AWS_02,0,normal,none,0,0.04544808056216493
2026-01-12 01:15:00,AWS_02,0,normal,none,0,0.0864224917160617
2026-01-12 01:30:00,AWS_02,0,normal,none,0,0.012263801728351953
2026-01-12 01:45:00,AWS_02,0,normal,none,0,0.08684659247459847
2026-01-12 02:00:00,AWS_02,0,normal,none,0,0.048514983211723706
2026-01-12 02:15:00,AWS_02,0,normal,none,0,0.08135519030448535
2026-01-12 02:30:00,AWS_02,0,normal,none,0,0.07871145276400765
2026-01-12 02:45:00,AWS_02,0,normal,none,0,0.017272483418103113
2026-01-12 03:00:00,AWS_02,0,normal,none,0,0.03970542229659102
2026-01-12 03:15:00,AWS_02,0,normal,none,0,0.0907827884996551
2026-01-12 03:30:00,AWS_02,0,normal,none,0,0.05506884083494623
2026-01-12 03:45:00,AWS_02,0,normal,none,0,0.025772950801573324
2026-01-12 04:00:00,AWS_02,0,normal,none,0,0.08131803083282563
2026-01-12 04:15:00,AWS_02,0,normal,none,0,0.050115911303097505
2026-01-12 04:30:00,AWS_02,0,normal,none,0,0.08698340617555561
2026-01-12 04:45:00,AWS_02,0,normal,none,0,0.06402075253337686
2026-01-12 05:00:00,AWS_02,0,normal,none,0,0.03565949058247769
2026-01-12 05:15:00,AWS_02,0,normal,none,0,0.06864780436703227
2026-01-12 05:30:00,AWS_02,0,normal,none,0,0.09364783286839784
2026-01-12 05:45:00,AWS_02,0,normal,none,0,0.08781084650093401
2026-01-12 06:00:00,AWS_02,0,normal,none,0,0.08598093921716465
2026-01-12 06:15:00,AWS_02,0,normal,none,0,0.0630101820794477
2026-01-12 06:30:00,AWS_02,0,normal,none,0,0.051340732106908815
2026-01-12 06:45:00,AWS_02,0,normal,none,0,0.05474842567880539
2026-01-12 07:00:00,AWS_02,0,normal,none,0,0.0749709541842341
2026-01-12 07:15:00,AWS_02,0,normal,none,0,0.09486993329325233
2026-01-12 07:30:00,AWS_02,0,normal,none,0,0.09036488441372748
2026-01-12 07:45:00,AWS_02,0,normal,none,0,0.0418459870879615
2026-01-12 08:00:00,AWS_02,0,normal,none,0,0.05567266560071549
2026-01-12 08:15:00,AWS_02,0,normal,none,0,0.04546692770671218
2026-01-12 08:30:00,AWS_02,0,normal,none,0,0.06904588279791263
2026-01-12 08:45:00,AWS_02,0,normal,none,0,0.08907286602873693
2026-01-12 09:00:00,AWS_02,0,normal,none,1,-0.051536840306962484
2026-01-12 09:15:00,AWS_02,0,normal,none,1,-0.021090476508391465
2026-01-12 09:30:00,AWS_02,0,normal,none,0,0.048632719708982586
2026-01-12 09:45:00,AWS_02,0,normal,none,0,0.09573471605314393
2026-01-12 10:00:00,AWS_02,0,normal,none,0,0.09426380199766382
2026-01-12 10:15:00,AWS_02,0,normal,none,0,0.03690190763048529
2026-01-12 10:30:00,AWS_02,0,normal,none,0,0.09312242497542922
2026-01-12 10:45:00,AWS_02,0,normal,none,0,0.08227021182195082
2026-01-12 11:00:00,AWS_02,0,normal,none,0,0.052512991557565725
2026-01-12 11:15:00,AWS_02,0,normal,none,0,0.05028364702194449
2026-01-12 11:30:00,AWS_02,0,normal,none,0,0.06925572375318267
2026-01-12 11:45:00,AWS_02,0,normal,none,0,0.062426817872724305
2026-01-12 12:00:00,AWS_02,0,normal,none,0,0.0003887974126996485
2026-01-12 12:15:00,AWS_02,0,normal,none,0,0.07062444791004518
2026-01-12 12:30:00,AWS_02,0,normal,none,0,0.04438125815555222
2026-01-12 12:45:00,AWS_02,0,normal,none,0,0.073273928978204
2026-01-12 13:00:00,AWS_02,0,normal,none,0,0.06332661864820843
2026-01-12 13:15:00,AWS_02,0,normal,none,0,0.06525816550985764
2026-01-12 13:30:00,AWS_02,0,normal,none,0,0.07138000571975384
2026-01-12 13:45:00,AWS_02,0,normal,none,0,0.05063753988537084
2026-01-12 14:00:00,AWS_02,0,normal,none,0,0.05315235161058579
2026-01-12 14:15:00,AWS_02,0,normal,none,0,0.06918894933035541
2026-01-12 14:30:00,AWS_02,0,normal,none,1,-0.005336527539654079
2026-01-12 14:45:00,AWS_02,0,normal,none,0,0.0580073466863924
2026-01-12 15:00:00,AWS_02,0,normal,none,0,0.047780352031085216
2026-01-12 15:15:00,AWS_02,0,normal,none,0,0.011655097537679848
2026-01-12 15:30:00,AWS_02,0,normal,none,0,0.008655545991724356
2026-01-12 15:45:00,AWS_02,0,normal,none,0,0.045137463476878525
2026-01-12 16:00:00,AWS_02,0,normal,none,0,0.04179425022025646
2026-01-12 16:15:00,AWS_02,0,normal,none,0,0.024735110716189
2026-01-12 16:30:00,AWS_02,0,normal,none,0,0.045989673721975044
2026-01-12 16:45:00,AWS_02,0,normal,none,0,0.0650406114352804
2026-01-12 17:00:00,AWS_02,0,normal,none,0,0.04005223336641689
2026-01-12 17:15:00,AWS_02,0,normal,none,1,-0.08394306627743331
2026-01-12 17:30:00,AWS_02,0,normal,none,0,0.07604703395458434
2026-01-12 17:45:00,AWS_02,0,normal,none,0,0.049602898747703794
2026-01-12 18:00:00,AWS_02,0,normal,none,0,0.0550255013360037
2026-01-12 18:15:00,AWS_02,0,normal,none,0,0.08441465609131438
2026-01-12 18:30:00,AWS_02,0,normal,none,0,0.08856134561951795
2026-01-12 18:45:00,AWS_02,0,normal,none,0,0.06128492456532875
2026-01-12 19:00:00,AWS_02,0,normal,none,0,0.04905430283557466
2026-01-12 19:15:00,AWS_02,0,normal,none,0,0.06480970727141494
2026-01-12 19:30:00,AWS_02,0,normal,none,0,0.10109598577384366
2026-01-12 19:45:00,AWS_02,0,normal,none,0,0.07689477371496711
2026-01-12 20:00:00,AWS_02,0,normal,none,0,0.09104274085457398
2026-01-12 20:15:00,AWS_02,0,normal,none,0,0.07079654456507412
2026-01-12 20:30:00,AWS_02,0,normal,none,0,0.003384974790055284
2026-01-12 20:45:00,AWS_02,0,normal,none,0,0.023756251203999212
2026-01-12 21:00:00,AWS_02,0,normal,none,0,0.003743079008955319
2026-01-12 21:15:00,AWS_02,0,normal,none,0,0.07284057914601516
2026-01-12 21:30:00,AWS_02,0,normal,none,0,0.10873629721037537
2026-01-12 21:45:00,AWS_02,0,normal,none,0,0.07151318238116816
2026-01-12 22:00:00,AWS_02,0,normal,none,0,0.10169263048286886
2026-01-12 22:15:00,AWS_02,0,normal,none,0,0.10755706971410361
2026-01-12 22:30:00,AWS_02,0,normal,none,0,0.03699922569570119
2026-01-12 22:45:00,AWS_02,0,normal,none,0,0.01896457713427313
2026-01-12 23:00:00,AWS_02,0,normal,none,0,0.06455670127437735
2026-01-12 23:15:00,AWS_02,0,normal,none,0,0.03626171846106069
2026-01-12 23:30:00,AWS_02,0,normal,none,0,0.10199251675819426
2026-01-12 23:45:00,AWS_02,0,normal,none,0,0.07421032350089823
2026-01-13 00:00:00,AWS_02,0,normal,none,0,0.09706356004523076
2026-01-13 00:15:00,AWS_02,0,normal,none,0,0.06653825003221236
2026-01-13 00:30:00,AWS_02,0,normal,none,0,0.07418404405672191
2026-01-13 00:45:00,AWS_02,0,normal,none,0,0.08258382452572594
2026-01-13 01:00:00,AWS_02,0,normal,none,0,0.10440032602708305
2026-01-13 01:15:00,AWS_02,0,normal,none,0,0.08422315785117157
2026-01-13 01:30:00,AWS_02,0,normal,none,0,0.09021253791300565
2026-01-13 01:45:00,AWS_02,0,normal,none,0,0.09099800785415052
2026-01-13 02:00:00,AWS_02,0,normal,none,0,0.05020012461867035
2026-01-13 02:15:00,AWS_02,0,normal,none,0,0.056270512494454694
2026-01-13 02:30:00,AWS_02,0,normal,none,0,0.08874196378942434
2026-01-13 02:45:00,AWS_02,0,normal,none,0,0.07953059981859195
2026-01-13 03:00:00,AWS_02,0,normal,none,0,0.0557086744055198
2026-01-13 03:15:00,AWS_02,0,normal,none,0,0.07327263498029712
2026-01-13 03:30:00,AWS_02,0,normal,none,0,0.08272715089203891
2026-01-13 03:45:00,AWS_02,0,normal,none,0,0.09424293810080664
2026-01-13 04:00:00,AWS_02,0,normal,none,0,0.09566265467559071
2026-01-13 04:15:00,AWS_02,0,normal,none,0,0.05596477319648974
2026-01-13 04:30:00,AWS_02,0,normal,none,0,0.055522974971122296
2026-01-13 04:45:00,AWS_02,0,normal,none,0,0.08935061798880634
2026-01-13 05:00:00,AWS_02,0,normal,none,0,0.0944252836329657
2026-01-13 05:15:00,AWS_02,0,normal,none,0,0.09817593729711654
2026-01-13 05:30:00,AWS_02,0,normal,none,0,0.09505546495850942
2026-01-13 05:45:00,AWS_02,0,normal,none,0,0.04984023513508973
2026-01-13 06:00:00,AWS_02,0,normal,none,1,-0.038150295653776256
2026-01-13 06:15:00,AWS_02,0,normal,none,0,0.021335542254227402
2026-01-13 06:30:00,AWS_02,0,normal,none,0,0.03123150975742872
2026-01-13 06:45:00,AWS_02,0,normal,none,0,0.02314992972470442
2026-01-13 07:00:00,AWS_02,0,normal,none,0,0.10161223630201399
2026-01-13 07:15:00,AWS_02,0,normal,none,0,0.06852893337187083
2026-01-13 07:30:00,AWS_02,0,normal,none,0,0.0752405265375759
2026-01-13 07:45:00,AWS_02,0,normal,none,0,0.07980300258691775
2026-01-13 08:00:00,AWS_02,0,normal,none,0,0.07503350798846242
2026-01-13 08:15:00,AWS_02,0,normal,none,0,0.07601987310604635
2026-01-13 08:30:00,AWS_02,0,normal,none,0,0.0872909532640398
2026-01-13 08:45:00,AWS_02,0,normal,none,0,0.08186823571674312
2026-01-13 09:00:00,AWS_02,0,normal,none,0,0.045863267351720804
2026-01-13 09:15:00,AWS_02,0,normal,none,0,0.07436168480490152
2026-01-13 09:30:00,AWS_02,0,normal,none,0,0.09049919499006803
2026-01-13 09:45:00,AWS_02,0,normal,none,0,0.044922612412084006
2026-01-13 10:00:00,AWS_02,0,normal,none,0,0.10820898803719431
2026-01-13 10:15:00,AWS_02,0,normal,none,0,0.0841746449239259
2026-01-13 10:30:00,AWS_02,0,normal,none,0,0.007841700987885503
2026-01-13 10:45:00,AWS_02,0,normal,none,0,0.046425656024730255
2026-01-13 11:00:00,AWS_02,0,normal,none,0,0.04775313844811452
2026-01-13 11:15:00,AWS_02,0,normal,none,0,0.080259700629634
2026-01-13 11:30:00,AWS_02,0,normal,none,1,-0.03586049023860027
2026-01-13 11:45:00,AWS_02,0,normal,none,0,0.07741761772256966
2026-01-13 12:00:00,AWS_02,0,normal,none,0,0.08179941297692717
2026-01-13 12:15:00,AWS_02,0,normal,none,0,0.014881061169546905
2026-01-13 12:30:00,AWS_02,0,normal,none,0,0.012805500978977924
2026-01-13 12:45:00,AWS_02,0,normal,none,1,-0.004522379367259077
2026-01-13 13:00:00,AWS_02,0,normal,none,1,-0.01644427408693383
2026-01-13 13:15:00,AWS_02,0,normal,none,1,-0.010156861274751683
2026-01-13 13:30:00,AWS_02,0,normal,none,1,-0.030490368667122514
2026-01-13 13:45:00,AWS_02,0,normal,none,1,-0.05539380511735481
2026-01-13 14:00:00,AWS_02,0,normal,none,0,0.025079947593312057
2026-01-13 14:15:00,AWS_02,0,normal,none,0,0.028102251196456596
2026-01-13 14:30:00,AWS_02,0,normal,none,0,0.02639749995405377
2026-01-13 14:45:00,AWS_02,0,normal,none,0,0.01369221385414332
2026-01-13 15:00:00,AWS_02,0,normal,none,0,0.028715025670070504
2026-01-13 15:15:00,AWS_02,0,normal,none,1,-0.05381715036593504
2026-01-13 15:30:00,AWS_02,0,normal,none,1,-0.028080966660733897
2026-01-13 15:45:00,AWS_02,0,normal,none,1,-0.028864486415672075
2026-01-13 16:00:00,AWS_02,0,normal,none,0,0.029507145061353546
2026-01-13 16:15:00,AWS_02,0,normal,none,0,0.03367388127861859
2026-01-13 16:30:00,AWS_02,0,normal,none,0,0.009609424320057736
2026-01-13 16:45:00,AWS_02,0,normal,none,0,0.00860872454527456
2026-01-13 17:00:00,AWS_02,0,normal,none,1,-0.025005363987704254
2026-01-13 17:15:00,AWS_02,0,normal,none,1,-0.02587869727160652
2026-01-13 17:30:00,AWS_02,0,normal,none,1,-0.010987045111134353
2026-01-13 17:45:00,AWS_02,0,normal,none,0,0.0520544125997538
2026-01-13 18:00:00,AWS_02,0,normal,none,0,0.032348650348590746
2026-01-13 18:15:00,AWS_02,0,normal,none,0,0.03519688141057731
2026-01-13 18:30:00,AWS_02,0,normal,none,0,0.02162490527946509
2026-01-13 18:45:00,AWS_02,0,normal,none,0,0.04793971458946261
2026-01-13 19:00:00,AWS_02,0,normal,none,0,0.049128970444145215
2026-01-13 19:15:00,AWS_02,0,normal,none,0,0.06838387107039978
2026-01-13 19:30:00,AWS_02,0,normal,none,0,0.08450562519258026
2026-01-13 19:45:00,AWS_02,0,normal,none,0,0.05994735021670422
2026-01-13 20:00:00,AWS_02,0,normal,none,1,-0.0007079821178679335
2026-01-13 20:15:00,AWS_02,0,normal,none,1,-0.011449524614855822
2026-01-13 20:30:00,AWS_02,0,normal,none,1,-0.01058773703570648
2026-01-13 20:45:00,AWS_02,0,normal,none,0,0.03886367902033144
2026-01-13 21:00:00,AWS_02,0,normal,none,0,0.06952726284114163
2026-01-13 21:15:00,AWS_02,0,normal,none,0,0.07335218912615005
2026-01-13 21:30:00,AWS_02,0,normal,none,0,0.03049564088061435
2026-01-13 21:45:00,AWS_02,0,normal,none,0,0.03999572375687854
2026-01-13 22:00:00,AWS_02,0,normal,none,0,0.0831039947522556
2026-01-13 22:15:00,AWS_02,0,normal,none,0,0.08558340044228513
2026-01-13 22:30:00,AWS_02,0,normal,none,0,0.02766593667659928
2026-01-13 22:45:00,AWS_02,0,normal,none,0,0.06157660233747553
2026-01-13 23:00:00,AWS_02,0,normal,none,0,0.08079929159273935
2026-01-13 23:15:00,AWS_02,0,normal,none,0,0.0861177346301073
2026-01-13 23:30:00,AWS_02,0,normal,none,0,0.07066598211209457
2026-01-13 23:45:00,AWS_02,0,normal,none,0,0.042329901459786545
2026-01-14 00:00:00,AWS_02,0,normal,none,0,0.06648483358796625
2026-01-14 00:15:00,AWS_02,0,normal,none,0,0.033637621496372894
2026-01-14 00:30:00,AWS_02,0,normal,none,0,0.07339736700940586
2026-01-14 00:45:00,AWS_02,0,normal,none,0,0.06816984425457312
2026-01-14 01:00:00,AWS_02,0,normal,none,0,0.05255428346294694
2026-01-14 01:15:00,AWS_02,0,normal,none,1,-0.04330637861897613
2026-01-14 01:30:00,AWS_02,0,normal,none,0,0.05564508458528339
2026-01-14 01:45:00,AWS_02,0,normal,none,0,0.04671536693678935
2026-01-14 02:00:00,AWS_02,0,normal,none,0,0.04588947461194248
2026-01-14 02:15:00,AWS_02,0,normal,none,0,0.034239974535725526
2026-01-14 02:30:00,AWS_02,0,normal,none,0,0.07727630883730485
2026-01-14 02:45:00,AWS_02,0,normal,none,1,-0.017365296248661788
2026-01-14 03:00:00,AWS_02,0,normal,none,0,0.04270405919172443
2026-01-14 03:15:00,AWS_02,0,normal,none,0,0.0355857326664587
2026-01-14 03:30:00,AWS_02,0,normal,none,0,0.019496886052765783
2026-01-14 03:45:00,AWS_02,0,normal,none,0,0.06060051350803036
2026-01-14 04:00:00,AWS_02,0,normal,none,0,0.0143591779077063
2026-01-14 04:15:00,AWS_02,0,normal,none,0,0.02294370875271451
2026-01-14 04:30:00,AWS_02,0,normal,none,0,0.08648200028470787
2026-01-14 04:45:00,AWS_02,0,normal,none,0,0.07559230852822069
2026-01-14 05:00:00,AWS_02,0,normal,none,0,0.08169105349922384
2026-01-14 05:15:00,AWS_02,0,normal,none,0,0.09020392320489828
2026-01-14 05:30:00,AWS_02,0,normal,none,0,0.04868702293187738
2026-01-14 05:45:00,AWS_02,0,normal,none,0,0.08933012609888763
2026-01-14 06:00:00,AWS_02,0,normal,none,0,0.08809880073962878
2026-01-14 06:15:00,AWS_02,0,normal,none,0,0.0918738772997329
2026-01-14 06:30:00,AWS_02,0,normal,none,0,0.08203042381008258
2026-01-14 06:45:00,AWS_02,0,normal,none,0,0.02078064723112738
2026-01-14 07:00:00,AWS_02,0,normal,none,0,0.0772619012267386
2026-01-14 07:15:00,AWS_02,0,normal,none,0,0.039051839117658915
2026-01-14 07:30:00,AWS_02,0,normal,none,1,-0.0004487001794261092
2026-01-14 07:45:00,AWS_02,0,normal,none,0,0.07983471053611052
2026-01-14 08:00:00,AWS_02,0,normal,none,0,0.06981893119572219
2026-01-14 08:15:00,AWS_02,0,normal,none,0,0.050141920474338686
2026-01-14 08:30:00,AWS_02,0,normal,none,0,0.09129870053270939
2026-01-14 08:45:00,AWS_02,0,normal,none,0,0.0203584232775324
2026-01-14 09:00:00,AWS_02,0,normal,none,0,0.04092999281450349
2026-01-14 09:15:00,AWS_02,0,normal,none,0,0.0640536621507034
2026-01-14 09:30:00,AWS_02,0,normal,none,0,0.06825148152126087
2026-01-14 09:45:00,AWS_02,0,normal,none,0,0.055950320848619506
2026-01-14 10:00:00,AWS_02,0,normal,none,0,0.07302155735526278
2026-01-14 10:15:00,AWS_02,0,normal,none,0,0.06934225327358651
2026-01-14 10:30:00,AWS_02,0,normal,none,0,0.07764794709293205
2026-01-14 10:45:00,AWS_02,0,normal,none,1,-0.0633274161689702
2026-01-14 11:00:00,AWS_02,0,normal,none,0,0.04610710530315493
2026-01-14 11:15:00,AWS_02,0,normal,none,0,0.0567800983038535
2026-01-14 11:30:00,AWS_02,0,normal,none,0,0.07469646583840306
2026-01-14 11:45:00,AWS_02,0,normal,none,0,0.07267919733126271
2026-01-14 12:00:00,AWS_02,0,normal,none,0,0.06978764388977549
2026-01-14 12:15:00,AWS_02,0,normal,none,0,0.009371022148633279
2026-01-14 12:30:00,AWS_02,0,normal,none,0,0.02190158832325062
2026-01-14 12:45:00,AWS_02,0,normal,none,0,0.06656821946257918
2026-01-14 13:00:00,AWS_02,0,normal,none,0,0.05245287820306421
2026-01-14 13:15:00,AWS_02,0,normal,none,0,0.05132129599240548
2026-01-14 13:30:00,AWS_02,0,normal,none,0,0.05568316237668208
2026-01-14 13:45:00,AWS_02,0,normal,none,0,0.03995323090120134
2026-01-14 14:00:00,AWS_02,0,normal,none,0,0.0038431649743830287
2026-01-14 14:15:00,AWS_02,0,normal,none,0,0.05660219265817046
2026-01-14 14:30:00,AWS_02,0,normal,none,0,0.05561877073127036
2026-01-14 14:45:00,AWS_02,0,normal,none,0,0.03894943003217344
2026-01-14 15:00:00,AWS_02,0,normal,none,1,-0.05014047998796434
2026-01-14 15:15:00,AWS_02,0,normal,none,0,0.009613325470660461
2026-01-14 15:30:00,AWS_02,0,normal,none,1,-0.07093141226845434
2026-01-14 15:45:00,AWS_02,0,normal,none,0,0.0011934034921748382
2026-01-14 16:00:00,AWS_02,0,normal,none,0,0.06159500106308741
2026-01-14 16:15:00,AWS_02,0,normal,none,0,0.057229382136047446
2026-01-14 16:30:00,AWS_02,0,normal,none,0,0.028245517365741823
2026-01-14 16:45:00,AWS_02,0,normal,none,0,0.00955231934644013
2026-01-14 17:00:00,AWS_02,0,normal,none,0,0.023735113077757053
2026-01-14 17:15:00,AWS_02,0,normal,none,0,0.06412791968217085
2026-01-14 17:30:00,AWS_02,0,normal,none,0,0.06586379944370124
2026-01-14 17:45:00,AWS_02,0,normal,none,0,0.030321478497118692
2026-01-14 18:00:00,AWS_02,0,normal,none,0,0.026344318166536707
2026-01-14 18:15:00,AWS_02,0,normal,none,0,0.05690644527083427
2026-01-14 18:30:00,AWS_02,0,normal,none,0,0.06831489555718917
2026-01-14 18:45:00,AWS_02,0,normal,none,0,0.07583754103083451
2026-01-14 19:00:00,AWS_02,0,normal,none,0,0.06753039242932102
2026-01-14 19:15:00,AWS_02,0,normal,none,0,0.04084241717898823
2026-01-14 19:30:00,AWS_02,0,normal,none,0,0.06659411106246615
2026-01-14 19:45:00,AWS_02,0,normal,none,0,0.08396770608692156
2026-01-14 20:00:00,AWS_02,0,normal,none,0,0.089506875394878
2026-01-14 20:15:00,AWS_02,0,normal,none,0,0.08140067635292808
2026-01-14 20:30:00,AWS_02,0,normal,none,0,0.06050186760470483
2026-01-14 20:45:00,AWS_02,0,normal,none,0,0.049928759438953696
2026-01-14 21:00:00,AWS_02,0,normal,none,0,0.06144196088955545
2026-01-14 21:15:00,AWS_02,0,normal,none,1,-0.033193553521619235
2026-01-14 21:30:00,AWS_02,0,normal,none,0,0.04254290196687738
2026-01-14 21:45:00,AWS_02,0,normal,none,0,0.09404266952087936
2026-01-14 22:00:00,AWS_02,0,normal,none,0,0.08746759639257612
2026-01-14 22:15:00,AWS_02,0,normal,none,0,0.050007312539664395
2026-01-14 22:30:00,AWS_02,0,normal,none,1,-0.015266951596769718
2026-01-14 22:45:00,AWS_02,0,normal,none,0,0.06530218715888125
2026-01-14 23:00:00,AWS_02,0,normal,none,0,0.08158506719468156
2026-01-14 23:15:00,AWS_02,0,normal,none,0,0.0065048355145334025
2026-01-14 23:30:00,AWS_02,0,normal,none,1,-0.005591033168578452
2026-01-14 23:45:00,AWS_02,0,normal,none,0,0.0932499149338985
2026-01-15 00:00:00,AWS_02,0,normal,none,0,0.04446290205589304
2026-01-15 00:15:00,AWS_02,0,normal,none,1,-0.002652855059440129
2026-01-15 00:30:00,AWS_02,0,normal,none,1,-0.016957608909435096
2026-01-15 00:45:00,AWS_02,0,normal,none,0,0.05008004588443399
2026-01-15 01:00:00,AWS_02,0,normal,none,0,0.016152045144244065
2026-01-15 01:15:00,AWS_02,0,normal,none,0,0.023644330728768814
2026-01-15 01:30:00,AWS_02,0,normal,none,0,0.04694645426655647
2026-01-15 01:45:00,AWS_02,0,normal,none,0,0.025333221048743415
2026-01-15 02:00:00,AWS_02,0,normal,none,1,-0.012862570282813013
2026-01-15 02:15:00,AWS_02,0,normal,none,1,-0.0033468820305407876
2026-01-15 02:30:00,AWS_02,0,normal,none,1,-0.03772503742701372
2026-01-15 02:45:00,AWS_02,0,normal,none,0,0.018944612517801718
2026-01-15 03:00:00,AWS_02,0,normal,none,0,0.032345998905895346
2026-01-15 03:15:00,AWS_02,0,normal,none,0,0.04114767858332291
2026-01-15 03:30:00,AWS_02,0,normal,none,1,-0.0041523161979379886
2026-01-15 03:45:00,AWS_02,0,normal,none,0,0.033293483449459316
2026-01-15 04:00:00,AWS_02,0,normal,none,0,0.029713378746309693
2026-01-15 04:15:00,AWS_02,0,normal,none,0,0.08848754915273843
2026-01-15 04:30:00,AWS_02,0,normal,none,0,0.07394952802771043
2026-01-15 04:45:00,AWS_02,0,normal,none,0,0.08911524519916392
2026-01-15 05:00:00,AWS_02,0,normal,none,0,0.06720270042998822
2026-01-15 05:15:00,AWS_02,0,normal,none,0,0.03076781093585912
2026-01-15 05:30:00,AWS_02,0,normal,none,1,-0.008378391504314409
2026-01-15 05:45:00,AWS_02,0,normal,none,0,0.07885380868778469
2026-01-15 06:00:00,AWS_02,0,normal,none,0,0.0696793816250722
2026-01-15 06:15:00,AWS_02,0,normal,none,0,0.05021618049619764
2026-01-15 06:30:00,AWS_02,0,normal,none,0,0.07119554124458016
2026-01-15 06:45:00,AWS_02,0,normal,none,0,0.08639489112278081
2026-01-15 07:00:00,AWS_02,0,normal,none,0,0.10463754764901373
2026-01-15 07:15:00,AWS_02,0,normal,none,0,0.10683186249298948
2026-01-15 07:30:00,AWS_02,0,normal,none,0,0.06466974140859999
2026-01-15 07:45:00,AWS_02,0,normal,none,0,0.09161911512429272
2026-01-15 08:00:00,AWS_02,0,normal,none,0,0.05354591584514379
2026-01-15 08:15:00,AWS_02,0,normal,none,0,0.07307056460854106
2026-01-15 08:30:00,AWS_02,0,normal,none,0,0.08732200200943041
2026-01-15 08:45:00,AWS_02,0,normal,none,0,0.09885853856611199
2026-01-15 09:00:00,AWS_02,0,normal,none,0,0.08544029607164949
2026-01-15 09:15:00,AWS_02,0,normal,none,0,0.10019414001826871
2026-01-15 09:30:00,AWS_02,0,normal,none,0,0.10814867936451616
2026-01-15 09:45:00,AWS_02,0,normal,none,0,0.09876977764602718
2026-01-15 10:00:00,AWS_02,0,normal,none,1,-0.017198702290724288
2026-01-15 10:15:00,AWS_02,0,normal,none,0,0.09559293927221496
2026-01-15 10:30:00,AWS_02,0,normal,none,0,0.07772548499755977
2026-01-15 10:45:00,AWS_02,0,normal,none,0,0.06563221750370413
2026-01-15 11:00:00,AWS_02,0,normal,none,0,0.08292515303112757
2026-01-15 11:15:00,AWS_02,0,normal,none,0,0.10528592403076337
2026-01-15 11:30:00,AWS_02,0,normal,none,0,0.0623783832377105
2026-01-15 11:45:00,AWS_02,0,normal,none,0,0.09550166385305364
2026-01-15 12:00:00,AWS_02,0,normal,none,0,0.06117788283128589
2026-01-15 12:15:00,AWS_02,0,normal,none,0,0.09896998016374375
2026-01-15 12:30:00,AWS_02,0,normal,none,0,0.0580383685736377
2026-01-15 12:45:00,AWS_02,0,normal,none,0,0.01946407196239186
2026-01-15 13:00:00,AWS_02,0,normal,none,0,0.00496191159052356
2026-01-15 13:15:00,AWS_02,0,normal,none,0,0.05179234590652265
2026-01-15 13:30:00,AWS_02,0,normal,none,1,-0.022021546100654432
2026-01-15 13:45:00,AWS_02,0,normal,none,0,0.04060117669536306
2026-01-15 14:00:00,AWS_02,0,normal,none,0,0.028202178788223342
2026-01-15 14:15:00,AWS_02,0,normal,none,0,0.05835381529788092
2026-01-15 14:30:00,AWS_02,0,normal,none,1,-0.006026774483231856
2026-01-15 14:45:00,AWS_02,0,normal,none,0,0.06076506458564451
2026-01-15 15:00:00,AWS_02,0,normal,none,0,0.06942705935741
2026-01-15 15:15:00,AWS_02,0,normal,none,0,0.06587806744835112
2026-01-15 15:30:00,AWS_02,0,normal,none,1,-0.0017470491196581728
2026-01-15 15:45:00,AWS_02,0,normal,none,0,0.08352410310292524
2026-01-15 16:00:00,AWS_02,0,normal,none,0,0.08603335255760292
2026-01-15 16:15:00,AWS_02,0,normal,none,0,0.08704318721314136
2026-01-15 16:30:00,AWS_02,0,normal,none,0,0.08265222457021243
2026-01-15 16:45:00,AWS_02,0,normal,none,0,0.07378924583910434
2026-01-15 17:00:00,AWS_02,0,normal,none,0,0.08221696916288929
2026-01-15 17:15:00,AWS_02,0,normal,none,0,0.07893686789524496
2026-01-15 17:30:00,AWS_02,0,normal,none,0,0.08525635316572538
2026-01-15 17:45:00,AWS_02,0,normal,none,0,0.07612711756011997
2026-01-15 18:00:00,AWS_02,0,normal,none,0,0.06795772178261411
2026-01-15 18:15:00,AWS_02,0,normal,none,0,0.027978895546909632
2026-01-15 18:30:00,AWS_02,0,normal,none,0,0.030007396015053034
2026-01-15 18:45:00,AWS_02,0,normal,none,0,0.02373576797442023
2026-01-15 19:00:00,AWS_02,0,normal,none,0,0.04451105153143392
2026-01-15 19:15:00,AWS_02,0,normal,none,0,0.09366852982807122
2026-01-15 19:30:00,AWS_02,0,normal,none,0,0.06720418280094714
2026-01-15 19:45:00,AWS_02,0,normal,none,0,0.05134065116966985
2026-01-15 20:00:00,AWS_02,0,normal,none,0,0.00892575589136202
2026-01-15 20:15:00,AWS_02,0,normal,none,0,0.03237313831908217
2026-01-15 20:30:00,AWS_02,0,normal,none,0,0.07208392013868303
2026-01-15 20:45:00,AWS_02,0,normal,none,0,0.04827276219601856
2026-01-15 21:00:00,AWS_02,0,normal,none,0,0.0017634223331747245
2026-01-15 21:15:00,AWS_02,0,normal,none,0,0.06063235117163568
2026-01-15 21:30:00,AWS_02,0,normal,none,0,0.09410169808327229
2026-01-15 21:45:00,AWS_02,0,normal,none,0,0.04772057045966177
2026-01-15 22:00:00,AWS_02,0,normal,none,0,0.039618881848497545
2026-01-15 22:15:00,AWS_02,0,normal,none,0,0.0932537016367449
2026-01-15 22:30:00,AWS_02,0,normal,none,0,0.09646333128759155
2026-01-15 22:45:00,AWS_02,0,normal,none,0,0.06849021810972328
2026-01-15 23:00:00,AWS_02,0,normal,none,0,0.06736996468618994
2026-01-15 23:15:00,AWS_02,0,normal,none,0,0.0251070186563907
2026-01-15 23:30:00,AWS_02,0,normal,none,0,0.0679029153453986
2026-01-15 23:45:00,AWS_02,0,normal,none,0,0.041275845138637246
2026-01-16 00:00:00,AWS_02,0,normal,none,0,0.019091181729994577
2026-01-16 00:15:00,AWS_02,0,normal,none,0,0.06431463442508678
2026-01-16 00:30:00,AWS_02,0,normal,none,0,0.07615189241287951
2026-01-16 00:45:00,AWS_02,0,normal,none,0,0.06697027606842781
2026-01-16 01:00:00,AWS_02,0,normal,none,0,0.07509281247184191
2026-01-16 01:15:00,AWS_02,0,normal,none,0,0.055370472509191304
2026-01-16 01:30:00,AWS_02,0,normal,none,0,0.05471627777134774
2026-01-16 01:45:00,AWS_02,0,normal,none,0,0.06609736197723148
2026-01-16 02:00:00,AWS_02,0,normal,none,0,0.05388417042912891
2026-01-16 02:15:00,AWS_02,0,normal,none,0,0.07091693830111279
2026-01-16 02:30:00,AWS_02,0,normal,none,0,0.0453269039599391
2026-01-16 02:45:00,AWS_02,0,normal,none,0,0.04212903288475278
2026-01-16 03:00:00,AWS_02,0,normal,none,0,0.0128148569551228
2026-01-16 03:15:00,AWS_02,0,normal,none,0,0.012469281166734902
2026-01-16 03:30:00,AWS_02,0,normal,none,0,0.06773282289224469
2026-01-16 03:45:00,AWS_02,0,normal,none,0,0.06891692126601162
2026-01-16 04:00:00,AWS_02,0,normal,none,0,0.039597432581324477
2026-01-16 04:15:00,AWS_02,0,normal,none,0,0.054163431289831476
2026-01-16 04:30:00,AWS_02,0,normal,none,0,0.055362703799048174
2026-01-16 04:45:00,AWS_02,0,normal,none,0,0.00018240040072858843
2026-01-16 05:00:00,AWS_02,0,normal,none,1,-0.0008094390810905461
2026-01-16 05:15:00,AWS_02,0,normal,none,0,0.04336231140047386
2026-01-16 05:30:00,AWS_02,0,normal,none,0,0.006092470498024749
2026-01-16 05:45:00,AWS_02,0,normal,none,0,0.081109602026953
2026-01-16 06:00:00,AWS_02,0,normal,none,0,0.00636311468780526
2026-01-16 06:15:00,AWS_02,0,normal,none,0,0.05420426945767798
2026-01-16 06:30:00,AWS_02,0,normal,none,0,0.0750781797007179
2026-01-16 06:45:00,AWS_02,0,normal,none,0,0.08381555217587949
2026-01-16 07:00:00,AWS_02,0,normal,none,0,0.05010473034234275
2026-01-16 07:15:00,AWS_02,0,normal,none,1,-0.014435572607979563
2026-01-16 07:30:00,AWS_02,0,normal,none,0,0.07210338755872675
2026-01-16 07:45:00,AWS_02,0,normal,none,0,0.0832106939279465
2026-01-16 08:00:00,AWS_02,0,normal,none,0,0.10117401134212384
2026-01-16 08:15:00,AWS_02,0,normal,none,0,0.05705561317310115
2026-01-16 08:30:00,AWS_02,0,normal,none,0,0.010219654390753119
2026-01-16 08:45:00,AWS_02,0,normal,none,0,0.04432265289397552
2026-01-16 09:00:00,AWS_02,0,normal,none,0,0.07395510434472485
2026-01-16 09:15:00,AWS_02,0,normal,none,0,0.06632027031209475
2026-01-16 09:30:00,AWS_02,0,normal,none,0,0.07270839343132762
2026-01-16 09:45:00,AWS_02,0,normal,none,0,0.08438428399436299
2026-01-16 10:00:00,AWS_02,0,normal,none,0,0.05933870477213221
2026-01-16 10:15:00,AWS_02,0,normal,none,0,0.03811182150040737
2026-01-16 10:30:00,AWS_02,0,normal,none,0,0.07526583690445271
2026-01-16 10:45:00,AWS_02,0,normal,none,0,0.09299038516793395
2026-01-16 11:00:00,AWS_02,0,normal,none,0,0.08416531979557107
2026-01-16 11:15:00,AWS_02,0,normal,none,0,0.0911130927858419
2026-01-16 11:30:00,AWS_02,0,normal,none,0,0.06939809221546211
2026-01-16 11:45:00,AWS_02,0,normal,none,0,0.0828920198865789
2026-01-16 12:00:00,AWS_02,0,normal,none,0,0.08800978946982996
2026-01-16 12:15:00,AWS_02,0,normal,none,0,0.0609696157743046
2026-01-16 12:30:00,AWS_02,0,normal,none,0,0.05970811676593557
2026-01-16 12:45:00,AWS_02,0,normal,none,0,0.09526561909117776
2026-01-16 13:00:00,AWS_02,0,normal,none,0,0.0843140618468105
2026-01-16 13:15:00,AWS_02,0,normal,none,0,0.07108101106628867
2026-01-16 13:30:00,AWS_02,0,normal,none,0,0.06282398149548679
2026-01-16 13:45:00,AWS_02,0,normal,none,0,0.08011417455425907
2026-01-16 14:00:00,AWS_02,0,normal,none,0,0.06264126242035017
2026-01-16 14:15:00,AWS_02,0,normal,none,0,0.034140226112094774
2026-01-16 14:30:00,AWS_02,0,normal,none,0,0.06171806780403738
2026-01-16 14:45:00,AWS_02,0,normal,none,0,0.08060806941258314
2026-01-16 15:00:00,AWS_02,0,normal,none,0,0.03296949112689984
2026-01-16 15:15:00,AWS_02,0,normal,none,0,0.03754884493211452
2026-01-16 15:30:00,AWS_02,0,normal,none,0,0.05436399113404583
2026-01-16 15:45:00,AWS_02,0,normal,none,0,0.057276945279851665
2026-01-16 16:00:00,AWS_02,0,normal,none,0,0.03357440448649279
2026-01-16 16:15:00,AWS_02,0,normal,none,0,0.04205711204856405
2026-01-16 16:30:00,AWS_02,0,normal,none,0,0.06451314967985206
2026-01-16 16:45:00,AWS_02,0,normal,none,0,0.04600832447994008
2026-01-16 17:00:00,AWS_02,0,normal,none,0,0.08165412980459563
2026-01-16 17:15:00,AWS_02,0,normal,none,0,0.004385233984764647
2026-01-16 17:30:00,AWS_02,0,normal,none,0,0.046150819662802434
2026-01-16 17:45:00,AWS_02,0,normal,none,0,0.04421917061139857
2026-01-16 18:00:00,AWS_02,0,normal,none,0,0.07237578670920441
2026-01-16 18:15:00,AWS_02,0,normal,none,0,0.042148220147134874
2026-01-16 18:30:00,AWS_02,0,normal,none,0,0.05769836822981872
2026-01-16 18:45:00,AWS_02,0,normal,none,0,0.08089207259787856
2026-01-16 19:00:00,AWS_02,0,normal,none,0,0.06933166841191257
2026-01-16 19:15:00,AWS_02,0,normal,none,0,0.016952572744286964
2026-01-16 19:30:00,AWS_02,0,normal,none,0,0.08374099386233114
2026-01-16 19:45:00,AWS_02,0,normal,none,0,0.09999020592972785
2026-01-16 20:00:00,AWS_02,0,normal,none,0,0.038336775412190716
2026-01-16 20:15:00,AWS_02,0,normal,none,0,0.09680372124311648
2026-01-16 20:30:00,AWS_02,0,normal,none,0,0.09972395832069608
2026-01-16 20:45:00,AWS_02,0,normal,none,0,0.10552133232203648
2026-01-16 21:00:00,AWS_02,0,normal,none,0,0.07670571247281033
2026-01-16 21:15:00,AWS_02,0,normal,none,0,0.02053332369610872
2026-01-16 21:30:00,AWS_02,0,normal,none,0,0.09310106852183592
2026-01-16 21:45:00,AWS_02,0,normal,none,0,0.05758362893700025
2026-01-16 22:00:00,AWS_02,0,normal,none,0,0.07254061235166165
2026-01-16 22:15:00,AWS_02,0,normal,none,0,0.06523500779027064
2026-01-16 22:30:00,AWS_02,0,normal,none,0,0.07286335360852275
2026-01-16 22:45:00,AWS_02,0,normal,none,0,0.03742329610370149
2026-01-16 23:00:00,AWS_02,0,normal,none,1,-0.025023042784354632
2026-01-16 23:15:00,AWS_02,0,normal,none,1,-0.06979505340662684
2026-01-16 23:30:00,AWS_02,0,normal,none,1,-0.06197638629380664
2026-01-16 23:45:00,AWS_02,0,normal,none,0,0.07279868762342112
2026-01-17 00:00:00,AWS_02,0,normal,none,0,0.027615738465667228
2026-01-17 00:15:00,AWS_02,0,normal,none,0,0.08845977121756254
2026-01-17 00:30:00,AWS_02,0,normal,none,0,0.06016650011952818
2026-01-17 00:45:00,AWS_02,0,normal,none,0,0.09759483126488128
2026-01-17 01:00:00,AWS_02,0,normal,none,0,0.034432933923838116
2026-01-17 01:15:00,AWS_02,0,normal,none,0,0.07742233028269413
2026-01-17 01:30:00,AWS_02,0,normal,none,0,0.09038321532789922
2026-01-17 01:45:00,AWS_02,0,normal,none,0,0.06375457720259553
2026-01-17 02:00:00,AWS_02,0,normal,none,0,0.0920407921792214
2026-01-17 02:15:00,AWS_02,0,normal,none,0,0.03359537956598402
2026-01-17 02:30:00,AWS_02,0,normal,none,0,0.06703537010833066
2026-01-17 02:45:00,AWS_02,0,normal,none,0,0.07528037392761994
2026-01-17 03:00:00,AWS_02,0,normal,none,0,0.03328591092736016
2026-01-17 03:15:00,AWS_02,0,normal,none,0,0.09856720161014687
2026-01-17 03:30:00,AWS_02,0,normal,none,0,0.07304013432160883
2026-01-17 03:45:00,AWS_02,0,normal,none,0,0.07518716982814216
2026-01-17 04:00:00,AWS_02,0,normal,none,0,0.003823963314099399
2026-01-17 04:15:00,AWS_02,0,normal,none,0,0.023572935702250608
2026-01-17 04:30:00,AWS_02,0,normal,none,0,0.10133225862201811
2026-01-17 04:45:00,AWS_02,0,normal,none,0,0.10797975471372667
2026-01-17 05:00:00,AWS_02,0,normal,none,0,0.005587150321412437
2026-01-17 05:15:00,AWS_02,0,normal,none,0,0.07892364779719363
2026-01-17 05:30:00,AWS_02,0,normal,none,0,0.08282627952267857
2026-01-17 05:45:00,AWS_02,0,normal,none,0,0.08362813328798702
2026-01-17 06:00:00,AWS_02,0,normal,none,0,0.10014739680935109
2026-01-17 06:15:00,AWS_02,0,normal,none,0,0.07264425292675569
2026-01-17 06:30:00,AWS_02,0,normal,none,0,0.02514863515683685
2026-01-17 06:45:00,AWS_02,0,normal,none,0,0.08810042149104719
2026-01-17 07:00:00,AWS_02,0,normal,none,0,0.04723740436351154
2026-01-17 07:15:00,AWS_02,0,normal,none,0,0.10514238291728417
2026-01-17 07:30:00,AWS_02,0,normal,none,0,0.004294540124023749
2026-01-17 07:45:00,AWS_02,0,normal,none,1,-0.008779370087676708
2026-01-17 08:00:00,AWS_02,0,normal,none,0,0.1031464436129984
2026-01-17 08:15:00,AWS_02,0,normal,none,0,0.09006865301865613
2026-01-17 08:30:00,AWS_02,0,normal,none,0,0.02596656200324421
2026-01-17 08:45:00,AWS_02,0,normal,none,1,-0.0347230301730046
2026-01-17 09:00:00,AWS_02,0,normal,none,0,0.050624558497965155
2026-01-17 09:15:00,AWS_02,0,normal,none,0,0.06733653461222283
2026-01-17 09:30:00,AWS_02,0,normal,none,0,0.06715570981996122
2026-01-17 09:45:00,AWS_02,0,normal,none,0,0.01765452133573353
2026-01-17 10:00:00,AWS_02,0,normal,none,0,0.06576588786932974
2026-01-17 10:15:00,AWS_02,0,normal,none,0,0.04412336560949426
2026-01-17 10:30:00,AWS_02,0,normal,none,0,0.09242888274091382
2026-01-17 10:45:00,AWS_02,0,normal,none,0,0.07376368465907063
2026-01-17 11:00:00,AWS_02,0,normal,none,0,0.05420390219767668
2026-01-17 11:15:00,AWS_02,0,normal,none,0,0.05319972894101449
2026-01-17 11:30:00,AWS_02,0,normal,none,0,0.05744009003439299
2026-01-17 11:45:00,AWS_02,0,normal,none,0,0.07600667803973155
2026-01-17 12:00:00,AWS_02,0,normal,none,0,0.05038967396347216
2026-01-17 12:15:00,AWS_02,0,normal,none,0,0.04932027936285294
2026-01-17 12:30:00,AWS_02,0,normal,none,0,0.0063891175654905985
2026-01-17 12:45:00,AWS_02,0,normal,none,0,0.04842268797146976
2026-01-17 13:00:00,AWS_02,0,normal,none,1,-0.013758644118803898
2026-01-17 13:15:00,AWS_02,0,normal,none,0,0.037734201294947645
2026-01-17 13:30:00,AWS_02,0,normal,none,0,0.06396971623169168
2026-01-17 13:45:00,AWS_02,0,normal,none,0,0.06100789490681652
2026-01-17 14:00:00,AWS_02,0,normal,none,0,0.05676317221310795
2026-01-17 14:15:00,AWS_02,0,normal,none,0,0.03454797955681249
2026-01-17 14:30:00,AWS_02,0,normal,none,1,-0.0008199641108923572
2026-01-17 14:45:00,AWS_02,0,normal,none,0,0.04458072697578547
2026-01-17 15:00:00,AWS_02,0,normal,none,0,0.03604865701163412
2026-01-17 15:15:00,AWS_02,0,normal,none,0,0.03901099966323407
2026-01-17 15:30:00,AWS_02,0,normal,none,0,0.020615151860862824
2026-01-17 15:45:00,AWS_02,0,normal,none,0,0.012537829345750262
2026-01-17 16:00:00,AWS_02,0,normal,none,0,0.03238191556123626
2026-01-17 16:15:00,AWS_02,0,normal,none,0,0.06346923350533079
2026-01-17 16:30:00,AWS_02,0,normal,none,0,0.005889125556905461
2026-01-17 16:45:00,AWS_02,0,normal,none,0,0.061051435497974704
2026-01-17 17:00:00,AWS_02,0,normal,none,0,0.038307744021261914
2026-01-17 17:15:00,AWS_02,0,normal,none,0,0.02207459885373264
2026-01-17 17:30:00,AWS_02,0,normal,none,0,0.08964144956682729
2026-01-17 17:45:00,AWS_02,0,normal,none,0,0.058831110363352423
2026-01-17 18:00:00,AWS_02,0,normal,none,0,0.047552304398951806
2026-01-17 18:15:00,AWS_02,0,normal,none,0,0.07240810203432319
2026-01-17 18:30:00,AWS_02,0,normal,none,0,0.05684820120751777
2026-01-17 18:45:00,AWS_02,0,normal,none,0,0.06996967694933631
2026-01-17 19:00:00,AWS_02,0,normal,none,0,0.057487688156597994
2026-01-17 19:15:00,AWS_02,0,normal,none,0,0.019509558291781193
2026-01-17 19:30:00,AWS_02,0,normal,none,0,0.01982973384148934
2026-01-17 19:45:00,AWS_02,0,normal,none,1,-0.02636223463082199
2026-01-17 20:00:00,AWS_02,0,normal,none,0,0.07204663526871186
2026-01-17 20:15:00,AWS_02,0,normal,none,0,0.10226154616435829
2026-01-17 20:30:00,AWS_02,0,normal,none,0,0.076728897329771
2026-01-17 20:45:00,AWS_02,0,normal,none,0,0.06390250422983301
2026-01-17 21:00:00,AWS_02,0,normal,none,0,0.09147990906052544
2026-01-17 21:15:00,AWS_02,0,normal,none,0,0.0423662059475195
2026-01-17 21:30:00,AWS_02,0,normal,none,1,-0.007377035676812471
2026-01-17 21:45:00,AWS_02,0,normal,none,0,0.09263048403862317
2026-01-17 22:00:00,AWS_02,0,normal,none,0,0.09337297761241842
2026-01-17 22:15:00,AWS_02,0,normal,none,0,0.019638465144937833
2026-01-17 22:30:00,AWS_02,0,normal,none,0,0.09022264585011008
2026-01-17 22:45:00,AWS_02,0,normal,none,0,0.037094841707690174
2026-01-17 23:00:00,AWS_02,0,normal,none,0,0.004102966413300269
2026-01-17 23:15:00,AWS_02,0,normal,none,0,0.07470316060727689
2026-01-17 23:30:00,AWS_02,0,normal,none,0,0.09744340426175369
2026-01-17 23:45:00,AWS_02,0,normal,none,0,0.06678070172752826
2026-01-18 00:00:00,AWS_02,0,normal,none,0,0.07733888652904591
2026-01-18 00:15:00,AWS_02,0,normal,none,0,0.050666435747779015
2026-01-18 00:30:00,AWS_02,0,normal,none,0,0.04963260503860317
2026-01-18 00:45:00,AWS_02,0,normal,none,0,0.07280577784116943
2026-01-18 01:00:00,AWS_02,0,normal,none,0,0.066094661409139
2026-01-18 01:15:00,AWS_02,0,normal,none,0,0.04681593719291233
2026-01-18 01:30:00,AWS_02,0,normal,none,0,0.040687196115515634
2026-01-18 01:45:00,AWS_02,0,normal,none,0,0.0622485703413132
2026-01-18 02:00:00,AWS_02,0,normal,none,0,0.03985887564301044
2026-01-18 02:15:00,AWS_02,0,normal,none,1,-0.015879311793091544
2026-01-18 02:30:00,AWS_02,0,normal,none,0,0.04736871619064792
2026-01-18 02:45:00,AWS_02,0,normal,none,0,0.06915369767356355
2026-01-18 03:00:00,AWS_02,0,normal,none,0,0.04412991556314205
2026-01-18 03:15:00,AWS_02,0,normal,none,1,-0.002957357561831797
2026-01-18 03:30:00,AWS_02,0,normal,none,0,0.05134445387261771
2026-01-18 03:45:00,AWS_02,0,normal,none,0,0.04020233959227709
2026-01-18 04:00:00,AWS_02,0,normal,none,1,-0.05411728949473826
2026-01-18 04:15:00,AWS_02,0,normal,none,1,-0.008552435451093299
2026-01-18 04:30:00,AWS_02,0,normal,none,0,0.03974472454487038
2026-01-18 04:45:00,AWS_02,0,normal,none,0,0.007649247939893966
2026-01-18 05:00:00,AWS_02,0,normal,none,0,0.03341042873033884
2026-01-18 05:15:00,AWS_02,0,normal,none,0,0.05032895820813099
2026-01-18 05:30:00,AWS_02,0,normal,none,0,0.051433552755596024
2026-01-18 05:45:00,AWS_02,0,normal,none,0,0.05827413850447799
2026-01-18 06:00:00,AWS_02,0,normal,none,0,0.03462838244090982
2026-01-18 06:15:00,AWS_02,0,normal,none,0,0.05070338994437623
2026-01-18 06:30:00,AWS_02,0,normal,none,1,-0.0029642360858264105
2026-01-18 06:45:00,AWS_02,0,normal,none,1,-0.032244728055580874
2026-01-18 07:00:00,AWS_02,0,normal,none,0,0.08942804604285154
2026-01-18 07:15:00,AWS_02,0,normal,none,0,0.052327297876492485
2026-01-18 07:30:00,AWS_02,0,normal,none,0,0.028981641987294082
2026-01-18 07:45:00,AWS_02,0,normal,none,0,0.07038592208591854
2026-01-18 08:00:00,AWS_02,0,normal,none,0,0.0635225870612876
2026-01-18 08:15:00,AWS_02,0,normal,none,0,0.09658837184185509
2026-01-18 08:30:00,AWS_02,0,normal,none,0,0.07603048776198146
2026-01-18 08:45:00,AWS_02,0,normal,none,0,0.09575733191811903
2026-01-18 09:00:00,AWS_02,0,normal,none,0,0.10705088530600138
2026-01-18 09:15:00,AWS_02,0,normal,none,1,-0.02148350746502703
2026-01-18 09:30:00,AWS_02,0,normal,none,0,0.07949510847899577
2026-01-18 09:45:00,AWS_02,0,normal,none,0,0.10327467400418411
2026-01-18 10:00:00,AWS_02,0,normal,none,0,0.09205385330107074
2026-01-18 10:15:00,AWS_02,0,normal,none,0,0.019787483805488226
2026-01-18 10:30:00,AWS_02,0,normal,none,0,0.05156960817472306
2026-01-18 10:45:00,AWS_02,0,normal,none,0,0.0568251682395145
2026-01-18 11:00:00,AWS_02,0,normal,none,0,0.058827976460122
2026-01-18 11:15:00,AWS_02,0,normal,none,0,0.09205995941627015
2026-01-18 11:30:00,AWS_02,0,normal,none,0,0.06545303727757035
2026-01-18 11:45:00,AWS_02,0,normal,none,0,0.10779732579559415
2026-01-18 12:00:00,AWS_02,0,normal,none,0,0.09925943153730121
2026-01-18 12:15:00,AWS_02,0,normal,none,0,0.020044121990667463
2026-01-18 12:30:00,AWS_02,0,normal,none,0,0.07530251370336744
2026-01-18 12:45:00,AWS_02,0,normal,none,0,0.08227750867513062
2026-01-18 13:00:00,AWS_02,0,normal,none,0,0.08857919822538862
2026-01-18 13:15:00,AWS_02,0,normal,none,0,0.0240517368416876
2026-01-18 13:30:00,AWS_02,0,normal,none,0,0.04467680401010349
2026-01-18 13:45:00,AWS_02,0,normal,none,0,0.07512274593731288
2026-01-18 14:00:00,AWS_02,0,normal,none,0,0.03543099197253613
2026-01-18 14:15:00,AWS_02,0,normal,none,0,0.09065175769848621
2026-01-18 14:30:00,AWS_02,0,normal,none,0,0.016775479402939886
2026-01-18 14:45:00,AWS_02,0,normal,none,0,0.03162537667258186
2026-01-18 15:00:00,AWS_02,0,normal,none,0,0.020407740025205456
2026-01-18 15:15:00,AWS_02,0,normal,none,0,0.05166869887732278
2026-01-18 15:30:00,AWS_02,0,normal,none,0,0.030350866906917906
2026-01-18 15:45:00,AWS_02,0,normal,none,0,0.09278854805656944
2026-01-18 16:00:00,AWS_02,0,normal,none,0,0.04407970000952588
2026-01-18 16:15:00,AWS_02,0,normal,none,1,-0.0019768557509360907
2026-01-18 16:30:00,AWS_02,0,normal,none,1,-0.004680682887707177
2026-01-18 16:45:00,AWS_02,0,normal,none,0,0.051646872702527435
2026-01-18 17:00:00,AWS_02,0,normal,none,0,0.07087633100997565
2026-01-18 17:15:00,AWS_02,0,normal,none,0,0.05602264310078425
2026-01-18 17:30:00,AWS_02,0,normal,none,0,0.0024280395685562506
2026-01-18 17:45:00,AWS_02,0,normal,none,0,0.03860096743875163
2026-01-18 18:00:00,AWS_02,0,normal,none,0,0.06844690014721061
2026-01-18 18:15:00,AWS_02,0,normal,none,0,0.0697467736865941
2026-01-18 18:30:00,AWS_02,0,normal,none,0,0.07311448356807337
2026-01-18 18:45:00,AWS_02,0,normal,none,0,0.060854516868325215
2026-01-18 19:00:00,AWS_02,0,normal,none,0,0.06045203956830203
2026-01-18 19:15:00,AWS_02,0,normal,none,0,0.09415333452703017
2026-01-18 19:30:00,AWS_02,0,normal,none,0,0.08754069920052565
2026-01-18 19:45:00,AWS_02,0,normal,none,0,0.011080765387419367
2026-01-18 20:00:00,AWS_02,0,normal,none,0,0.0815491218622677
2026-01-18 20:15:00,AWS_02,0,normal,none,0,0.09098679176909008
2026-01-18 20:30:00,AWS_02,0,normal,none,0,0.08248831938659179
2026-01-18 20:45:00,AWS_02,0,normal,none,0,0.08526786781995133
2026-01-18 21:00:00,AWS_02,0,normal,none,0,0.07315239998272766
2026-01-18 21:15:00,AWS_02,0,normal,none,0,0.07448327380673897
2026-01-18 21:30:00,AWS_02,0,normal,none,0,0.016835614136508026
2026-01-18 21:45:00,AWS_02,0,normal,none,0,0.09176811717419803
2026-01-18 22:00:00,AWS_02,0,normal,none,0,0.08773171375278138
2026-01-18 22:15:00,AWS_02,0,normal,none,0,0.08770035709942359
2026-01-18 22:30:00,AWS_02,0,normal,none,0,0.06511298813478411
2026-01-18 22:45:00,AWS_02,0,normal,none,0,0.08334187994954778
2026-01-18 23:00:00,AWS_02,0,normal,none,0,0.05912358341016727
2026-01-18 23:15:00,AWS_02,0,normal,none,0,0.06286089100199782
2026-01-18 23:30:00,AWS_02,0,normal,none,0,0.0654955487444775
2026-01-18 23:45:00,AWS_02,0,normal,none,0,0.0835357047957252
2026-01-19 00:00:00,AWS_02,0,normal,none,0,0.08807886586270697
2026-01-19 00:15:00,AWS_02,0,normal,none,0,0.07850092478944976
2026-01-19 00:30:00,AWS_02,0,normal,none,0,0.067207228566109
2026-01-19 00:45:00,AWS_02,0,normal,none,0,0.07136756113028947
2026-01-19 01:00:00,AWS_02,0,normal,none,0,0.03783095562463146
2026-01-19 01:15:00,AWS_02,0,normal,none,0,0.07514263214121436
2026-01-19 01:30:00,AWS_02,0,normal,none,0,0.061679971836635816
2026-01-19 01:45:00,AWS_02,0,normal,none,0,0.07950694341641856
2026-01-19 02:00:00,AWS_02,0,normal,none,0,0.07578062906663863
2026-01-19 02:15:00,AWS_02,0,normal,none,0,0.06259721414180114
2026-01-19 02:30:00,AWS_02,0,normal,none,0,0.011052662935861546
2026-01-19 02:45:00,AWS_02,0,normal,none,1,-0.021060898869262434
2026-01-19 03:00:00,AWS_02,0,normal,none,0,0.0597209074850531
2026-01-19 03:15:00,AWS_02,0,normal,none,0,0.07477979039354182
2026-01-19 03:30:00,AWS_02,0,normal,none,0,0.014944353355248186
2026-01-19 03:45:00,AWS_02,0,normal,none,0,0.07854439139545732
2026-01-19 04:00:00,AWS_02,0,normal,none,0,0.07823773716044746
2026-01-19 04:15:00,AWS_02,0,normal,none,0,0.04864287572621362
2026-01-19 04:30:00,AWS_02,0,normal,none,0,0.007420658042631367
2026-01-19 04:45:00,AWS_02,0,normal,none,0,0.051448932045859375
2026-01-19 05:00:00,AWS_02,0,normal,none,0,0.05346487604720784
2026-01-19 05:15:00,AWS_02,0,normal,none,0,0.07586506087456862
2026-01-19 05:30:00,AWS_02,0,normal,none,0,0.08786692032075705
2026-01-19 05:45:00,AWS_02,0,normal,none,0,0.07852334370244002
2026-01-19 06:00:00,AWS_02,0,normal,none,0,0.06550885218805114
2026-01-19 06:15:00,AWS_02,0,normal,none,0,0.06974822271266151
2026-01-19 06:30:00,AWS_02,0,normal,none,0,0.09407476809761778
2026-01-19 06:45:00,AWS_02,0,normal,none,0,0.08102199010379219
2026-01-19 07:00:00,AWS_02,0,normal,none,0,0.08285106132060133
2026-01-19 07:15:00,AWS_02,0,normal,none,0,0.05292510129071287
2026-01-19 07:30:00,AWS_02,0,normal,none,0,0.03029896373529456
2026-01-19 07:45:00,AWS_02,0,normal,none,0,0.10023402631243733
2026-01-19 08:00:00,AWS_02,0,normal,none,0,0.05313399268016289
2026-01-19 08:15:00,AWS_02,0,normal,none,0,0.014607936519385412
2026-01-19 08:30:00,AWS_02,0,normal,none,0,0.08683240776839884
2026-01-19 08:45:00,AWS_02,0,normal,none,0,0.08997506295900493
2026-01-19 09:00:00,AWS_02,0,normal,none,0,0.0889355223848286
2026-01-19 09:15:00,AWS_02,0,normal,none,0,0.10059955754330213
2026-01-19 09:30:00,AWS_02,0,normal,none,0,0.036705819567770304
2026-01-19 09:45:00,AWS_02,0,normal,none,0,0.038848881752335696
2026-01-19 10:00:00,AWS_02,0,normal,none,0,0.011154441475340449
2026-01-19 10:15:00,AWS_02,0,normal,none,1,-0.013436195953870245
2026-01-19 10:30:00,AWS_02,0,normal,none,0,0.07751480107517689
2026-01-19 10:45:00,AWS_02,0,normal,none,0,0.03274306636432328
2026-01-19 11:00:00,AWS_02,0,normal,none,0,0.08786292393163897
2026-01-19 11:15:00,AWS_02,0,normal,none,0,0.05877450960280367
2026-01-19 11:30:00,AWS_02,0,normal,none,0,0.06564414872033275
2026-01-19 11:45:00,AWS_02,0,normal,none,0,0.022390490104628402
2026-01-19 12:00:00,AWS_02,0,normal,none,0,0.06394443601782662
2026-01-19 12:15:00,AWS_02,0,normal,none,0,0.04898094296236044
2026-01-19 12:30:00,AWS_02,0,normal,none,0,0.008892826526914532
2026-01-19 12:45:00,AWS_02,0,normal,none,0,0.051068753113432286
2026-01-19 13:00:00,AWS_02,0,normal,none,0,0.03286355078839387
2026-01-19 13:15:00,AWS_02,0,normal,none,0,0.04065044959497327
2026-01-19 13:30:00,AWS_02,0,normal,none,0,0.021763706625028578
2026-01-19 13:45:00,AWS_02,0,normal,none,0,0.030346906378906524
2026-01-19 14:00:00,AWS_02,0,normal,none,0,0.010962928433502328
2026-01-19 14:15:00,AWS_02,0,normal,none,0,0.00755908228218477
2026-01-19 14:30:00,AWS_02,0,normal,none,1,-0.07316674244974963
2026-01-19 14:45:00,AWS_02,0,normal,none,1,-0.0019579766866935078
2026-01-19 15:00:00,AWS_02,0,normal,none,0,0.04089016074285401
2026-01-19 15:15:00,AWS_02,0,normal,none,0,0.004563208181060985
2026-01-19 15:30:00,AWS_02,0,normal,none,0,0.028337933839582108
2026-01-19 15:45:00,AWS_02,0,normal,none,0,0.004834770297234281
2026-01-19 16:00:00,AWS_02,0,normal,none,1,-0.04597610396509866
2026-01-19 16:15:00,AWS_02,0,normal,none,1,-0.0007264712213377322
2026-01-19 16:30:00,AWS_02,0,normal,none,1,-0.03764960967744568
2026-01-19 16:45:00,AWS_02,0,normal,none,1,-0.0035750939501789647
2026-01-19 17:00:00,AWS_02,0,normal,none,1,-0.014265397609106834
2026-01-19 17:15:00,AWS_02,0,normal,none,0,0.016263863910853327
2026-01-19 17:30:00,AWS_02,0,normal,none,0,0.06300348982224202
2026-01-19 17:45:00,AWS_02,0,normal,none,0,0.038773701367215196
2026-01-19 18:00:00,AWS_02,0,normal,none,0,0.05329311606839798
2026-01-19 18:15:00,AWS_02,0,normal,none,0,0.03571589111459106
2026-01-19 18:30:00,AWS_02,0,normal,none,0,0.03574521379607437
2026-01-19 18:45:00,AWS_02,0,normal,none,0,0.06267091448069217
2026-01-19 19:00:00,AWS_02,0,normal,none,0,0.055187635482423614
2026-01-19 19:15:00,AWS_02,0,normal,none,0,0.07711319973320219
2026-01-19 19:30:00,AWS_02,0,normal,none,0,0.08014437197615493
2026-01-19 19:45:00,AWS_02,0,normal,none,0,0.05538780608680727
2026-01-19 20:00:00,AWS_02,0,normal,none,0,0.08390572698481247
2026-01-19 20:15:00,AWS_02,0,normal,none,0,0.07316718540416023
2026-01-19 20:30:00,AWS_02,0,normal,none,0,0.05326243526587404
2026-01-19 20:45:00,AWS_02,0,normal,none,0,0.0878932312900742
2026-01-19 21:00:00,AWS_02,0,normal,none,0,0.08722241486382015
2026-01-19 21:15:00,AWS_02,0,normal,none,0,0.04419913643240364
2026-01-19 21:30:00,AWS_02,0,normal,none,0,0.08531193147265814
2026-01-19 21:45:00,AWS_02,0,normal,none,0,0.083887902169819
2026-01-19 22:00:00,AWS_02,0,normal,none,0,0.11030564187902331
2026-01-19 22:15:00,AWS_02,0,normal,none,0,0.056876096156247835
2026-01-19 22:30:00,AWS_02,0,normal,none,0,0.11041362453614795
2026-01-19 22:45:00,AWS_02,0,normal,none,0,0.09899670428238444
2026-01-19 23:00:00,AWS_02,0,normal,none,0,0.0628418492891002
2026-01-19 23:15:00,AWS_02,0,normal,none,0,0.07029095914837385
2026-01-19 23:30:00,AWS_02,0,normal,none,0,0.06981761208041487
2026-01-19 23:45:00,AWS_02,0,normal,none,0,0.02062030701673906
2026-01-20 00:00:00,AWS_02,0,normal,none,0,0.08520453729729383
2026-01-20 00:15:00,AWS_02,0,normal,none,0,0.10586494422606418
2026-01-20 00:30:00,AWS_02,0,normal,none,0,0.04553026019830936
2026-01-20 00:45:00,AWS_02,0,normal,none,0,0.08448794380152191
2026-01-20 01:00:00,AWS_02,0,normal,none,0,0.03832331223095614
2026-01-20 01:15:00,AWS_02,0,normal,none,0,0.06280215908253922
2026-01-20 01:30:00,AWS_02,0,normal,none,0,0.05805541772416256
2026-01-20 01:45:00,AWS_02,0,normal,none,0,0.0641556518360692
2026-01-20 02:00:00,AWS_02,0,normal,none,0,0.057307243421696186
2026-01-20 02:15:00,AWS_02,0,normal,none,0,0.07872052132374446
2026-01-20 02:30:00,AWS_02,0,normal,none,0,0.05847584962110147
2026-01-20 02:45:00,AWS_02,0,normal,none,0,0.048530890705530794
2026-01-20 03:00:00,AWS_02,0,normal,none,0,0.06760197141970548
2026-01-20 03:15:00,AWS_02,0,normal,none,0,0.09868434852066627
2026-01-20 03:30:00,AWS_02,0,normal,none,0,0.06256403598602245
2026-01-20 03:45:00,AWS_02,0,normal,none,0,0.04864942613114409
2026-01-20 04:00:00,AWS_02,0,normal,none,0,0.03661158127422648
2026-01-20 04:15:00,AWS_02,0,normal,none,0,0.04652821692396708
2026-01-20 04:30:00,AWS_02,0,normal,none,0,0.10316314473558541
2026-01-20 04:45:00,AWS_02,0,normal,none,0,0.07833344852369362
2026-01-20 05:00:00,AWS_02,0,normal,none,0,0.08358977071699303
2026-01-20 05:15:00,AWS_02,0,normal,none,0,0.0650506832612911
2026-01-20 05:30:00,AWS_02,0,normal,none,0,0.039080279588671274
2026-01-20 05:45:00,AWS_02,0,normal,none,0,0.07317752901333019
2026-01-20 06:00:00,AWS_02,0,normal,none,0,0.08990726050135411
2026-01-20 06:15:00,AWS_02,0,normal,none,0,0.04018020243389131
2026-01-20 06:30:00,AWS_02,0,normal,none,0,0.08568127871858766
2026-01-20 06:45:00,AWS_02,0,normal,none,0,0.039974424042277745
2026-01-20 07:00:00,AWS_02,0,normal,none,0,0.095694613249248
2026-01-20 07:15:00,AWS_02,0,normal,none,0,0.056309455308995116
2026-01-20 07:30:00,AWS_02,0,normal,none,0,0.06927635965190193
2026-01-20 07:45:00,AWS_02,0,normal,none,0,0.08939524131655735
2026-01-20 08:00:00,AWS_02,0,normal,none,0,0.08169515135575678
2026-01-20 08:15:00,AWS_02,0,normal,none,0,0.0924211127341904
2026-01-20 08:30:00,AWS_02,0,normal,none,0,0.05014070389193537
2026-01-20 08:45:00,AWS_02,0,normal,none,1,-0.01631812600054794
2026-01-20 09:00:00,AWS_02,0,normal,none,0,0.0649461596314157
2026-01-20 09:15:00,AWS_02,0,normal,none,0,0.09369938346874074
2026-01-20 09:30:00,AWS_02,0,normal,none,0,0.022385599171730497
2026-01-20 09:45:00,AWS_02,0,normal,none,0,0.0035468549812849304
2026-01-20 10:00:00,AWS_02,0,normal,none,0,0.052510337643878024
2026-01-20 10:15:00,AWS_02,0,normal,none,0,0.08302251229551755
2026-01-20 10:30:00,AWS_02,0,normal,none,0,0.09223503669049415
2026-01-20 10:45:00,AWS_02,0,normal,none,0,0.02173624613573938
2026-01-20 11:00:00,AWS_02,0,normal,none,0,0.061585117369173215
2026-01-20 11:15:00,AWS_02,0,normal,none,0,0.0894665981432976
2026-01-20 11:30:00,AWS_02,0,normal,none,0,0.10450742548424108
2026-01-20 11:45:00,AWS_02,0,normal,none,0,0.005221460708797199
2026-01-20 12:00:00,AWS_02,0,normal,none,0,0.10320572192925942
2026-01-20 12:15:00,AWS_02,0,normal,none,0,0.08568943428805931
2026-01-20 12:30:00,AWS_02,0,normal,none,0,0.07349236098385137
2026-01-20 12:45:00,AWS_02,0,normal,none,0,0.01690158909601941
2026-01-20 13:00:00,AWS_02,0,normal,none,0,0.09505231264926012
2026-01-20 13:15:00,AWS_02,0,normal,none,0,0.07761414362755664
2026-01-20 13:30:00,AWS_02,0,normal,none,0,0.07697924691855329
2026-01-20 13:45:00,AWS_02,0,normal,none,0,0.040591842697127345
2026-01-20 14:00:00,AWS_02,0,normal,none,0,0.06506499320203651
2026-01-20 14:15:00,AWS_02,0,normal,none,0,0.05301361403918642
2026-01-20 14:30:00,AWS_02,0,normal,none,0,0.0687608354545648
2026-01-20 14:45:00,AWS_02,0,normal,none,0,0.05722914603273499
2026-01-20 15:00:00,AWS_02,0,normal,none,0,0.024887359224988803
2026-01-20 15:15:00,AWS_02,0,normal,none,1,-0.04625893054748853
2026-01-20 15:30:00,AWS_02,0,normal,none,0,0.009062620871993776
2026-01-20 15:45:00,AWS_02,0,normal,none,0,0.03769729771658403
2026-01-20 16:00:00,AWS_02,0,normal,none,0,0.08590769678490462
2026-01-20 16:15:00,AWS_02,0,normal,none,0,0.04540647290405825
2026-01-20 16:30:00,AWS_02,0,normal,none,0,0.044929910131474404
2026-01-20 16:45:00,AWS_02,0,normal,none,0,0.022979618201668328
2026-01-20 17:00:00,AWS_02,0,normal,none,0,0.08460796689744537
2026-01-20 17:15:00,AWS_02,0,normal,none,0,0.04952058830196754
2026-01-20 17:30:00,AWS_02,0,normal,none,0,0.08663062594464677
2026-01-20 17:45:00,AWS_02,0,normal,none,0,0.011444710254941537
2026-01-20 18:00:00,AWS_02,0,normal,none,0,0.0808622807672219
2026-01-20 18:15:00,AWS_02,0,normal,none,0,0.0655203111617077
2026-01-20 18:30:00,AWS_02,0,normal,none,0,0.07627433613759832
2026-01-20 18:45:00,AWS_02,0,normal,none,0,0.06135487683308377
2026-01-20 19:00:00,AWS_02,0,normal,none,0,0.08112396450106357
2026-01-20 19:15:00,AWS_02,0,normal,none,0,0.05786845731869544
2026-01-20 19:30:00,AWS_02,0,normal,none,0,0.08267417573308289
2026-01-20 19:45:00,AWS_02,0,normal,none,0,0.0804358851163211
2026-01-20 20:00:00,AWS_02,0,normal,none,0,0.09457739274516402
2026-01-20 20:15:00,AWS_02,0,normal,none,0,0.09292001427331803
2026-01-20 20:30:00,AWS_02,0,normal,none,0,0.038175914179214565
2026-01-20 20:45:00,AWS_02,0,normal,none,0,0.09488910492178182
2026-01-20 21:00:00,AWS_02,0,normal,none,0,0.09381680296426459
2026-01-20 21:15:00,AWS_02,0,normal,none,0,0.10422600871743964
2026-01-20 21:30:00,AWS_02,0,normal,none,0,0.0939279964520231
2026-01-20 21:45:00,AWS_02,0,normal,none,0,0.061289289516591405
2026-01-20 22:00:00,AWS_02,0,normal,none,0,0.08476358868569678
2026-01-20 22:15:00,AWS_02,0,normal,none,0,0.022968490065558067
2026-01-20 22:30:00,AWS_02,0,normal,none,0,0.021684657468630575
2026-01-20 22:45:00,AWS_02,0,normal,none,0,0.07720850295612464
2026-01-20 23:00:00,AWS_02,0,normal,none,0,0.0903153203281371
2026-01-20 23:15:00,AWS_02,0,normal,none,0,0.019097114633978896
2026-01-20 23:30:00,AWS_02,0,normal,none,0,0.048091357363500176
2026-01-20 23:45:00,AWS_02,0,normal,none,0,0.09738436664675049
2026-01-21 00:00:00,AWS_02,0,normal,none,0,0.08726058949970472
2026-01-21 00:15:00,AWS_02,0,normal,none,0,0.08134213790677636
2026-01-21 00:30:00,AWS_02,0,normal,none,0,0.015744336887653865
2026-01-21 00:45:00,AWS_02,0,normal,none,0,0.020481221122978177
2026-01-21 01:00:00,AWS_02,0,normal,none,0,0.09826317082358582
2026-01-21 01:15:00,AWS_02,0,normal,none,0,0.0812096277385948
2026-01-21 01:30:00,AWS_02,0,normal,none,0,0.06728794736224081
2026-01-21 01:45:00,AWS_02,0,normal,none,0,0.0430298368987489
2026-01-21 02:00:00,AWS_02,0,normal,none,0,0.06621258237542299
2026-01-21 02:15:00,AWS_02,0,normal,none,0,0.08795509876100077
2026-01-21 02:30:00,AWS_02,0,normal,none,0,0.11121638232605363
2026-01-21 02:45:00,AWS_02,0,normal,none,0,0.06371415665235769
2026-01-21 03:00:00,AWS_02,0,normal,none,0,0.0533073770485869
2026-01-21 03:15:00,AWS_02,0,normal,none,0,0.07668456033476634
2026-01-21 03:30:00,AWS_02,0,normal,none,0,0.05980341349902896
2026-01-21 03:45:00,AWS_02,0,normal,none,0,0.01661514840044237
2026-01-21 04:00:00,AWS_02,0,normal,none,0,0.002437659657776925
2026-01-21 04:15:00,AWS_02,0,normal,none,0,0.05037381199780028
2026-01-21 04:30:00,AWS_02,0,normal,none,0,0.050092703273275696
2026-01-21 04:45:00,AWS_02,0,normal,none,0,0.08442781198548888
2026-01-21 05:00:00,AWS_02,0,normal,none,0,0.028070426523185754
2026-01-21 05:15:00,AWS_02,0,normal,none,0,0.06892259597257805
2026-01-21 05:30:00,AWS_02,0,normal,none,0,0.03444381663509283
2026-01-21 05:45:00,AWS_02,0,normal,none,0,0.10712721536734648
2026-01-21 06:00:00,AWS_02,0,normal,none,0,0.041814344306460305
2026-01-21 06:15:00,AWS_02,0,normal,none,0,0.07048374351045028
2026-01-21 06:30:00,AWS_02,0,normal,none,0,0.08387490502751604
2026-01-21 06:45:00,AWS_02,0,normal,none,0,0.027896288464717756
2026-01-21 07:00:00,AWS_02,0,normal,none,0,0.06197845038916788
2026-01-21 07:15:00,AWS_02,0,normal,none,0,0.059387291140140464
2026-01-21 07:30:00,AWS_02,0,normal,none,0,0.09395382672325331
2026-01-21 07:45:00,AWS_02,0,normal,none,0,0.10698882000043991
2026-01-21 08:00:00,AWS_02,0,normal,none,0,0.106588919461788
2026-01-21 08:15:00,AWS_02,0,normal,none,0,0.09260775788107123
2026-01-21 08:30:00,AWS_02,0,normal,none,0,0.04780165462025232
2026-01-21 08:45:00,AWS_02,0,normal,none,0,0.05999161473982251
2026-01-21 09:00:00,AWS_02,0,normal,none,0,0.044821655528459514
2026-01-21 09:15:00,AWS_02,0,normal,none,0,0.054740824070787064
2026-01-21 09:30:00,AWS_02,0,normal,none,1,-0.013582436270433984
2026-01-21 09:45:00,AWS_02,0,normal,none,0,0.09646405142780218
2026-01-21 10:00:00,AWS_02,0,normal,none,1,-0.04319251540008151
2026-01-21 10:15:00,AWS_02,0,normal,none,0,0.07234265039947974
2026-01-21 10:30:00,AWS_02,0,normal,none,0,0.08540630846048508
2026-01-21 10:45:00,AWS_02,0,normal,none,0,0.028604629811075866
2026-01-21 11:00:00,AWS_02,0,normal,none,0,0.04370594792380578
2026-01-21 11:15:00,AWS_02,0,normal,none,0,0.06431713745467821
2026-01-21 11:30:00,AWS_02,0,normal,none,0,0.03134604619461251
2026-01-21 11:45:00,AWS_02,0,normal,none,1,-0.017550586420416625
2026-01-21 12:00:00,AWS_02,0,normal,none,0,0.04459332382993908
2026-01-21 12:15:00,AWS_02,0,normal,none,0,0.024987977526598593
2026-01-21 12:30:00,AWS_02,0,normal,none,0,0.037254931531178204
2026-01-21 12:45:00,AWS_02,0,normal,none,0,0.037607399158728905
2026-01-21 13:00:00,AWS_02,0,normal,none,0,0.022367494340474692
2026-01-21 13:15:00,AWS_02,0,normal,none,0,0.01191506361443434
2026-01-21 13:30:00,AWS_02,0,normal,none,1,-0.027627840217071986
2026-01-21 13:45:00,AWS_02,0,normal,none,0,0.003233040811268295
2026-01-21 14:00:00,AWS_02,0,normal,none,0,0.01090291590993342
2026-01-21 14:15:00,AWS_02,0,normal,none,0,0.0231761984668285
2026-01-21 14:30:00,AWS_02,0,normal,none,0,0.01368743430613878
2026-01-21 14:45:00,AWS_02,0,normal,none,0,0.01026413740965737
2026-01-21 15:00:00,AWS_02,0,normal,none,0,0.027604942136641775
2026-01-21 15:15:00,AWS_02,0,normal,none,0,0.04935151256414072
2026-01-21 15:30:00,AWS_02,0,normal,none,0,0.05664295791085033
2026-01-21 15:45:00,AWS_02,0,normal,none,0,0.0014953749490499435
2026-01-21 16:00:00,AWS_02,0,normal,none,0,0.032744170721473564
2026-01-21 16:15:00,AWS_02,0,normal,none,0,0.04767845558967798
2026-01-21 16:30:00,AWS_02,0,normal,none,1,-0.04793703839103214
2026-01-21 16:45:00,AWS_02,0,normal,none,1,-0.058789839143814526
2026-01-21 17:00:00,AWS_02,0,normal,none,0,0.008777181098434228
2026-01-21 17:15:00,AWS_02,0,normal,none,0,0.04028322978104204
2026-01-21 17:30:00,AWS_02,0,normal,none,0,0.022904012999256207
2026-01-21 17:45:00,AWS_02,0,normal,none,0,0.05289049971131349
2026-01-21 18:00:00,AWS_02,0,normal,none,0,0.05910348455205705
2026-01-21 18:15:00,AWS_02,0,normal,none,0,0.029239910655739443
2026-01-21 18:30:00,AWS_02,0,normal,none,0,0.015888284075055437
2026-01-21 18:45:00,AWS_02,0,normal,none,0,0.04508209769076865
2026-01-21 19:00:00,AWS_02,0,normal,none,0,0.01276436188288782
2026-01-21 19:15:00,AWS_02,0,normal,none,0,0.0889045170647294
2026-01-21 19:30:00,AWS_02,0,normal,none,0,0.08722352269545075
2026-01-21 19:45:00,AWS_02,0,normal,none,0,0.008771232587251598
2026-01-21 20:00:00,AWS_02,0,normal,none,1,-0.016893491632544166
2026-01-21 20:15:00,AWS_02,0,normal,none,0,0.08798375551690424
2026-01-21 20:30:00,AWS_02,0,normal,none,0,0.10441057960367373
2026-01-21 20:45:00,AWS_02,0,normal,none,0,0.03392589437296745
2026-01-21 21:00:00,AWS_02,0,normal,none,0,0.056898164519538774
2026-01-21 21:15:00,AWS_02,0,normal,none,0,0.08690225172050264
2026-01-21 21:30:00,AWS_02,0,normal,none,0,0.06319398075065014
2026-01-21 21:45:00,AWS_02,0,normal,none,0,0.05817596774746425
2026-01-21 22:00:00,AWS_02,0,normal,none,0,0.0811332345874945
2026-01-21 22:15:00,AWS_02,0,normal,none,0,0.07594103240532335
2026-01-21 22:30:00,AWS_02,0,normal,none,0,0.03640843002077798
2026-01-21 22:45:00,AWS_02,0,normal,none,0,0.10924783809241428
2026-01-21 23:00:00,AWS_02,0,normal,none,0,0.11348405717968607
2026-01-21 23:15:00,AWS_02,0,normal,none,0,0.0833887219494639
2026-01-21 23:30:00,AWS_02,0,normal,none,0,0.09258516822484852
2026-01-21 23:45:00,AWS_02,0,normal,none,0,0.10226310563730445
2026-01-22 00:00:00,AWS_02,0,normal,none,0,0.0874927814628752
2026-01-22 00:15:00,AWS_02,0,normal,none,0,0.06875213155958704
2026-01-22 00:30:00,AWS_02,0,normal,none,0,0.06217307675623235
2026-01-22 00:45:00,AWS_02,0,normal,none,0,0.09264786376362316
2026-01-22 01:00:00,AWS_02,0,normal,none,0,0.107434575074207
2026-01-22 01:15:00,AWS_02,0,normal,none,0,0.0966534023236229
2026-01-22 01:30:00,AWS_02,0,normal,none,0,0.0885645456277665
2026-01-22 01:45:00,AWS_02,0,normal,none,0,0.10458800317682981
2026-01-22 02:00:00,AWS_02,0,normal,none,0,0.10394110703190512
2026-01-22 02:15:00,AWS_02,0,normal,none,0,0.10085250966770037
2026-01-22 02:30:00,AWS_02,0,normal,none,0,0.07232987016710157
2026-01-22 02:45:00,AWS_02,0,normal,none,0,0.0563442296354012
2026-01-22 03:00:00,AWS_02,0,normal,none,1,-0.058429309316391786
2026-01-22 03:15:00,AWS_02,0,normal,none,1,-0.021510580655145217
2026-01-22 03:30:00,AWS_02,0,normal,none,0,0.06087734103578468
2026-01-22 03:45:00,AWS_02,0,normal,none,0,0.11204516405106463
2026-01-22 04:00:00,AWS_02,0,normal,none,0,0.0756643247208365
2026-01-22 04:15:00,AWS_02,0,normal,none,0,0.09058826190988511
2026-01-22 04:30:00,AWS_02,0,normal,none,0,0.08552841491002156
2026-01-22 04:45:00,AWS_02,0,normal,none,0,0.10458560160693842
2026-01-22 05:00:00,AWS_02,0,normal,none,0,0.06866102380947992
2026-01-22 05:15:00,AWS_02,0,normal,none,0,0.09275269613420617
2026-01-22 05:30:00,AWS_02,0,normal,none,0,0.08859478962396855
2026-01-22 05:45:00,AWS_02,0,normal,none,0,0.0888877188528015
2026-01-22 06:00:00,AWS_02,0,normal,none,0,0.07695452068214598
2026-01-22 06:15:00,AWS_02,0,normal,none,0,0.04549078076777191
2026-01-22 06:30:00,AWS_02,0,normal,none,0,0.06868767928735492
2026-01-22 06:45:00,AWS_02,0,normal,none,0,0.09544086307431726
2026-01-22 07:00:00,AWS_02,0,normal,none,0,0.06357695756747683
2026-01-22 07:15:00,AWS_02,0,normal,none,0,0.08650253497512705
2026-01-22 07:30:00,AWS_02,0,normal,none,0,0.016532875781841094
2026-01-22 07:45:00,AWS_02,0,normal,none,0,0.06850645643531228
2026-01-22 08:00:00,AWS_02,0,normal,none,0,0.0790609359091346
2026-01-22 08:15:00,AWS_02,0,normal,none,0,0.08802179757490952
2026-01-22 08:30:00,AWS_02,0,normal,none,0,0.043780344907342394
2026-01-22 08:45:00,AWS_02,0,normal,none,0,0.06695260647268891
2026-01-22 09:00:00,AWS_02,0,normal,none,0,0.0687142976727469
2026-01-22 09:15:00,AWS_02,0,normal,none,0,0.08834212489907511
2026-01-22 09:30:00,AWS_02,0,normal,none,1,-0.022104203259061928
2026-01-22 09:45:00,AWS_02,0,normal,none,0,0.014154702961460486
2026-01-22 10:00:00,AWS_02,0,normal,none,0,0.07320061222913304
2026-01-22 10:15:00,AWS_02,0,normal,none,0,0.0591333244126952
2026-01-22 10:30:00,AWS_02,0,normal,none,0,0.06093985000069363
2026-01-22 10:45:00,AWS_02,0,normal,none,0,0.07351766401594312
2026-01-22 11:00:00,AWS_02,0,normal,none,0,0.08572521590761739
2026-01-22 11:15:00,AWS_02,0,normal,none,0,0.07295045768557923
2026-01-22 11:30:00,AWS_02,0,normal,none,1,-0.02716129391518507
2026-01-22 11:45:00,AWS_02,0,normal,none,0,0.03598843744005559
2026-01-22 12:00:00,AWS_02,0,normal,none,0,0.03297615974152268
2026-01-22 12:15:00,AWS_02,0,normal,none,0,0.022890931367371692
2026-01-22 12:30:00,AWS_02,0,normal,none,1,-0.012180683625961142
2026-01-22 12:45:00,AWS_02,0,normal,none,0,0.03104116405413898
2026-01-22 13:00:00,AWS_02,0,normal,none,1,-0.012246813351152297
2026-01-22 13:15:00,AWS_02,0,normal,none,0,0.04280362060197307
2026-01-22 13:30:00,AWS_02,0,normal,none,0,0.05898001804142
2026-01-22 13:45:00,AWS_02,0,normal,none,0,0.04818824194825805
2026-01-22 14:00:00,AWS_02,0,normal,none,0,0.056155417296768595
2026-01-22 14:15:00,AWS_02,0,normal,none,1,-0.0016808212927598154
2026-01-22 14:30:00,AWS_02,0,normal,none,0,0.03030991969515473
2026-01-22 14:45:00,AWS_02,0,normal,none,0,0.06456353177114138
2026-01-22 15:00:00,AWS_02,0,normal,none,0,0.01682106339028222
2026-01-22 15:15:00,AWS_02,0,normal,none,1,-0.012651970465638374
2026-01-22 15:30:00,AWS_02,0,normal,none,1,-0.052253217074974545
2026-01-22 15:45:00,AWS_02,0,normal,none,1,-0.024482761576896994
2026-01-22 16:00:00,AWS_02,0,normal,none,0,0.058031021980599895
2026-01-22 16:15:00,AWS_02,0,normal,none,0,0.060484939700316764
2026-01-22 16:30:00,AWS_02,0,normal,none,0,0.0639132916926125
2026-01-22 16:45:00,AWS_02,0,normal,none,0,0.02921656555623181
2026-01-22 17:00:00,AWS_02,0,normal,none,1,-0.002019380404729265
2026-01-22 17:15:00,AWS_02,0,normal,none,0,0.03705466040464611
2026-01-22 17:30:00,AWS_02,0,normal,none,1,-0.028338572741042234
2026-01-22 17:45:00,AWS_02,0,normal,none,0,0.012266683507944964
2026-01-22 18:00:00,AWS_02,0,normal,none,0,0.05896037547751165
2026-01-22 18:15:00,AWS_02,0,normal,none,0,0.05796775053418746
2026-01-22 18:30:00,AWS_02,0,normal,none,0,0.011510325078298078
2026-01-22 18:45:00,AWS_02,0,normal,none,0,0.06608176245119601
2026-01-22 19:00:00,AWS_02,0,normal,none,0,0.08447938124183535
2026-01-22 19:15:00,AWS_02,0,normal,none,0,0.06034116181622057
2026-01-22 19:30:00,AWS_02,0,normal,none,0,0.04466310032195253
2026-01-22 19:45:00,AWS_02,0,normal,none,0,0.07967888181561994
2026-01-22 20:00:00,AWS_02,0,normal,none,0,0.050430662862755715
2026-01-22 20:15:00,AWS_02,0,normal,none,0,0.08552882926189614
2026-01-22 20:30:00,AWS_02,0,normal,none,0,0.04744351972163913
2026-01-22 20:45:00,AWS_02,0,normal,none,0,0.028769559504617515
2026-01-22 21:00:00,AWS_02,0,normal,none,0,0.041749762721395633
2026-01-22 21:15:00,AWS_02,0,normal,none,0,0.027048606029637934
2026-01-22 21:30:00,AWS_02,0,normal,none,0,0.07184105954056463
2026-01-22 21:45:00,AWS_02,0,normal,none,0,0.0919576357324472
2026-01-22 22:00:00,AWS_02,0,normal,none,0,0.10771302338707145
2026-01-22 22:15:00,AWS_02,0,normal,none,0,0.05165549199624253
2026-01-22 22:30:00,AWS_02,0,normal,none,0,0.0925885478545011
2026-01-22 22:45:00,AWS_02,0,normal,none,0,0.07674013049841216
2026-01-22 23:00:00,AWS_02,0,normal,none,0,0.06064976260385274
2026-01-22 23:15:00,AWS_02,0,normal,none,0,0.05917822777964321
2026-01-22 23:30:00,AWS_02,0,normal,none,0,0.060275882045284335
2026-01-22 23:45:00,AWS_02,0,normal,none,0,0.09135222581149555
2026-01-23 00:00:00,AWS_02,0,normal,none,0,0.11221166809601885
2026-01-23 00:15:00,AWS_02,0,normal,none,0,0.08162662269143706
2026-01-23 00:30:00,AWS_02,0,normal,none,0,0.031064973786973593
2026-01-23 00:45:00,AWS_02,0,normal,none,0,0.09466221881283737
2026-01-23 01:00:00,AWS_02,0,normal,none,0,0.07979768219438443
2026-01-23 01:15:00,AWS_02,0,normal,none,0,0.10716647131035939
2026-01-23 01:30:00,AWS_02,0,normal,none,0,0.03516692594415255
2026-01-23 01:45:00,AWS_02,0,normal,none,0,0.09655142807138911
2026-01-23 02:00:00,AWS_02,0,normal,none,0,0.09449042515934508
2026-01-23 02:15:00,AWS_02,0,normal,none,0,0.09550381361859406
2026-01-23 02:30:00,AWS_02,0,normal,none,0,0.07551430313393076
2026-01-23 02:45:00,AWS_02,0,normal,none,0,0.10029579059808863
2026-01-23 03:00:00,AWS_02,0,normal,none,0,0.045665436734987463
2026-01-23 03:15:00,AWS_02,0,normal,none,0,0.09990617473511243
2026-01-23 03:30:00,AWS_02,0,normal,none,0,0.09493092561596367
2026-01-23 03:45:00,AWS_02,0,normal,none,0,0.08851703578169401
2026-01-23 04:00:00,AWS_02,0,normal,none,0,0.10246051022800945
2026-01-23 04:15:00,AWS_02,0,normal,none,0,0.09188077556329693
2026-01-23 04:30:00,AWS_02,0,normal,none,0,0.05912477933174026
2026-01-23 04:45:00,AWS_02,0,normal,none,0,0.09506475381678087
2026-01-23 05:00:00,AWS_02,0,normal,none,0,0.020720689215081634
2026-01-23 05:15:00,AWS_02,0,normal,none,0,0.07312930508456356
2026-01-23 05:30:00,AWS_02,0,normal,none,0,0.11286870460537213
2026-01-23 05:45:00,AWS_02,0,normal,none,0,0.09521670219779255
2026-01-23 06:00:00,AWS_02,0,normal,none,0,0.09196829726190997
2026-01-23 06:15:00,AWS_02,0,normal,none,0,0.058639544160890456
2026-01-23 06:30:00,AWS_02,0,normal,none,0,0.03175449482831327
2026-01-23 06:45:00,AWS_02,0,normal,none,0,0.08677597739097603
2026-01-23 07:00:00,AWS_02,0,normal,none,0,0.012577556427259495
2026-01-23 07:15:00,AWS_02,0,normal,none,0,0.047958414767419355
2026-01-23 07:30:00,AWS_02,0,normal,none,0,0.10558536829216442
2026-01-23 07:45:00,AWS_02,0,normal,none,0,0.05704679390211753
2026-01-23 08:00:00,AWS_02,0,normal,none,0,0.036125287883651824
2026-01-23 08:15:00,AWS_02,0,normal,none,0,0.06227124777192827
2026-01-23 08:30:00,AWS_02,0,normal,none,0,0.10800590049042041
2026-01-23 08:45:00,AWS_02,0,normal,none,0,0.09860020027379757
2026-01-23 09:00:00,AWS_02,0,normal,none,0,0.0778164051023636
2026-01-23 09:15:00,AWS_02,0,normal,none,0,0.07982943406910875
2026-01-23 09:30:00,AWS_02,0,normal,none,0,0.022541392139952765
2026-01-23 09:45:00,AWS_02,0,normal,none,0,0.08987216512907892
2026-01-23 10:00:00,AWS_02,0,normal,none,0,0.07858131349447689
2026-01-23 10:15:00,AWS_02,0,normal,none,0,0.1066790312601576
2026-01-23 10:30:00,AWS_02,0,normal,none,0,0.10387429651797697
2026-01-23 10:45:00,AWS_02,0,normal,none,0,0.07365711514272566
2026-01-23 11:00:00,AWS_02,0,normal,none,0,0.0009543397909933526
2026-01-23 11:15:00,AWS_02,0,normal,none,0,0.07775842319849746
2026-01-23 11:30:00,AWS_02,0,normal,none,0,0.06856987143199439
2026-01-23 11:45:00,AWS_02,0,normal,none,0,0.0882762554053767
2026-01-23 12:00:00,AWS_02,0,normal,none,0,0.08096542053134315
2026-01-23 12:15:00,AWS_02,0,normal,none,0,0.029953557025603983
2026-01-23 12:30:00,AWS_02,0,normal,none,0,0.03906139800516939
2026-01-23 12:45:00,AWS_02,0,normal,none,0,0.003718645995219816
2026-01-23 13:00:00,AWS_02,0,normal,none,0,0.00015466249648099506
2026-01-23 13:15:00,AWS_02,0,normal,none,0,0.013804703301681931
2026-01-23 13:30:00,AWS_02,0,normal,none,0,0.0581214793485037
2026-01-23 13:45:00,AWS_02,0,normal,none,0,0.03060112665862763
2026-01-23 14:00:00,AWS_02,0,normal,none,0,0.03443844543054819
2026-01-23 14:15:00,AWS_02,0,normal,none,0,0.05022895426340529
2026-01-23 14:30:00,AWS_02,0,normal,none,0,0.041299961893387804
2026-01-23 14:45:00,AWS_02,0,normal,none,1,-0.0057019503820131545
2026-01-23 15:00:00,AWS_02,0,normal,none,0,0.0369433064323722
2026-01-23 15:15:00,AWS_02,0,normal,none,0,0.036337675170422745
2026-01-23 15:30:00,AWS_02,0,normal,none,0,0.0399568111987989
2026-01-23 15:45:00,AWS_02,0,normal,none,0,0.04811494760659324
2026-01-23 16:00:00,AWS_02,0,normal,none,0,0.03734317856472141
2026-01-23 16:15:00,AWS_02,0,normal,none,0,0.02073537635090117
2026-01-23 16:30:00,AWS_02,0,normal,none,0,0.039930382038023515
2026-01-23 16:45:00,AWS_02,0,normal,none,0,0.006142663704942819
2026-01-23 17:00:00,AWS_02,0,normal,none,0,0.029696632239830212
2026-01-23 17:15:00,AWS_02,0,normal,none,0,0.061822357617917545
2026-01-23 17:30:00,AWS_02,0,normal,none,0,0.006171140283434129
2026-01-23 17:45:00,AWS_02,0,normal,none,0,0.015587265266591932
2026-01-23 18:00:00,AWS_02,0,normal,none,0,0.04342907134165497
2026-01-23 18:15:00,AWS_02,0,normal,none,1,-0.012767871734506664
2026-01-23 18:30:00,AWS_02,0,normal,none,0,0.06054137120210551
2026-01-23 18:45:00,AWS_02,0,normal,none,0,0.07529725753034872
2026-01-23 19:00:00,AWS_02,0,normal,none,0,0.059262445142023334
2026-01-23 19:15:00,AWS_02,0,normal,none,0,0.09191250117495942
2026-01-23 19:30:00,AWS_02,0,normal,none,0,0.025577459393725466
2026-01-23 19:45:00,AWS_02,0,normal,none,0,0.049285988547751736
2026-01-23 20:00:00,AWS_02,0,normal,none,0,0.03338423982130234
2026-01-23 20:15:00,AWS_02,0,normal,none,0,0.06240807854945457
2026-01-23 20:30:00,AWS_02,0,normal,none,0,0.08143673979685884
2026-01-23 20:45:00,AWS_02,0,normal,none,0,0.10735144097934096
2026-01-23 21:00:00,AWS_02,0,normal,none,0,0.07888530622457834
2026-01-23 21:15:00,AWS_02,0,normal,none,0,0.09575899447437736
2026-01-23 21:30:00,AWS_02,0,normal,none,1,-0.0324014411600444
2026-01-23 21:45:00,AWS_02,0,normal,none,0,0.033757473950213834
2026-01-23 22:00:00,AWS_02,0,normal,none,1,-0.02390038268466599
2026-01-23 22:15:00,AWS_02,0,normal,none,0,0.044287710543386594
2026-01-23 22:30:00,AWS_02,0,normal,none,0,0.0070288378319232625
2026-01-23 22:45:00,AWS_02,0,normal,none,0,0.10287376692355388
2026-01-23 23:00:00,AWS_02,0,normal,none,0,0.11323680679655113
2026-01-23 23:15:00,AWS_02,0,normal,none,0,0.09875662546226721
2026-01-23 23:30:00,AWS_02,0,normal,none,0,0.09749261846276364
2026-01-23 23:45:00,AWS_02,0,normal,none,0,0.0977261380616462
2026-01-24 00:00:00,AWS_02,0,normal,none,0,0.08447227069118662
2026-01-24 00:15:00,AWS_02,0,normal,none,0,0.07797107151952248
2026-01-24 00:30:00,AWS_02,0,normal,none,0,0.04909319325135286
2026-01-24 00:45:00,AWS_02,0,normal,none,0,0.010659346152712135
2026-01-24 01:00:00,AWS_02,0,normal,none,0,0.051761738395681656
2026-01-24 01:15:00,AWS_02,0,normal,none,0,0.09075213923481529
2026-01-24 01:30:00,AWS_02,0,normal,none,0,0.03213894318255922
2026-01-24 01:45:00,AWS_02,0,normal,none,0,0.10752770742768941
2026-01-24 02:00:00,AWS_02,0,normal,none,0,0.05512949592345329
2026-01-24 02:15:00,AWS_02,0,normal,none,0,0.10652705717710625
2026-01-24 02:30:00,AWS_02,0,normal,none,0,0.09960973327197076
2026-01-24 02:45:00,AWS_02,0,normal,none,0,0.0782543161148978
2026-01-24 03:00:00,AWS_02,0,normal,none,0,0.0739715388046005
2026-01-24 03:15:00,AWS_02,0,normal,none,0,0.09790522417683029
2026-01-24 03:30:00,AWS_02,0,normal,none,0,0.09099944625712686
2026-01-24 03:45:00,AWS_02,0,normal,none,0,0.05672068932294583
2026-01-24 04:00:00,AWS_02,0,normal,none,0,0.04881234490607317
2026-01-24 04:15:00,AWS_02,0,normal,none,0,0.09258534289270648
2026-01-24 04:30:00,AWS_02,0,normal,none,0,0.07823015278572998
2026-01-24 04:45:00,AWS_02,0,normal,none,0,0.02320360943074068
2026-01-24 05:00:00,AWS_02,0,normal,none,0,0.031082071326754224
2026-01-24 05:15:00,AWS_02,0,normal,none,0,0.08842609730723744
2026-01-24 05:30:00,AWS_02,0,normal,none,0,0.07041423371205596
2026-01-24 05:45:00,AWS_02,0,normal,none,0,0.06008034605039109
2026-01-24 06:00:00,AWS_02,0,normal,none,0,0.09143463298882193
2026-01-24 06:15:00,AWS_02,0,normal,none,0,0.07175559819148025
2026-01-24 06:30:00,AWS_02,0,normal,none,0,0.07958084841956142
2026-01-24 06:45:00,AWS_02,0,normal,none,0,0.0635731352701091
2026-01-24 07:00:00,AWS_02,0,normal,none,0,0.013335886921676199
2026-01-24 07:15:00,AWS_02,0,normal,none,0,0.09135582653748253
2026-01-24 07:30:00,AWS_02,0,normal,none,0,0.09638101603907068
2026-01-24 07:45:00,AWS_02,0,normal,none,0,0.10480613908539405
2026-01-24 08:00:00,AWS_02,0,normal,none,1,-0.03643798367998219
2026-01-24 08:15:00,AWS_02,0,normal,none,0,0.09729565576835192
2026-01-24 08:30:00,AWS_02,0,normal,none,0,0.10331380748328756
2026-01-24 08:45:00,AWS_02,0,normal,none,0,0.04285588788369288
2026-01-24 09:00:00,AWS_02,0,normal,none,0,0.0011822592265992027
2026-01-24 09:15:00,AWS_02,0,normal,none,0,0.08590256046352623
2026-01-24 09:30:00,AWS_02,0,normal,none,0,0.08254799470905655
2026-01-24 09:45:00,AWS_02,0,normal,none,0,0.005137531481638702
2026-01-24 10:00:00,AWS_02,0,normal,none,0,0.012165727412634442
2026-01-24 10:15:00,AWS_02,0,normal,none,0,0.05987396396703715
2026-01-24 10:30:00,AWS_02,0,normal,none,0,0.0883383857721266
2026-01-24 10:45:00,AWS_02,0,normal,none,0,0.06445064236498971
2026-01-24 11:00:00,AWS_02,0,normal,none,0,0.06949485146941109
2026-01-24 11:15:00,AWS_02,0,normal,none,0,0.039551089860148714
2026-01-24 11:30:00,AWS_02,0,normal,none,0,0.05409339981317712
2026-01-24 11:45:00,AWS_02,0,normal,none,0,0.03892253589291966
2026-01-24 12:00:00,AWS_02,0,normal,none,0,0.01537470576738642
2026-01-24 12:15:00,AWS_02,0,normal,none,0,0.055437178639103524
2026-01-24 12:30:00,AWS_02,0,normal,none,0,0.05030598805806796
2026-01-24 12:45:00,AWS_02,0,normal,none,0,0.04503697748802299
2026-01-24 13:00:00,AWS_02,0,normal,none,0,0.0575422590453642
2026-01-24 13:15:00,AWS_02,0,normal,none,0,0.036386779531009605
2026-01-24 13:30:00,AWS_02,0,normal,none,0,0.005420938070441361
2026-01-24 13:45:00,AWS_02,0,normal,none,0,0.025758759668727815
2026-01-24 14:00:00,AWS_02,0,normal,none,0,0.010274938445680448
2026-01-24 14:15:00,AWS_02,0,normal,none,1,-0.048358816906719615
2026-01-24 14:30:00,AWS_02,0,normal,none,0,0.01681516398795968
2026-01-24 14:45:00,AWS_02,0,normal,none,0,0.035833047477680735
2026-01-24 15:00:00,AWS_02,0,normal,none,0,0.001954477522457365
2026-01-24 15:15:00,AWS_02,0,normal,none,0,0.021946424369698292
2026-01-24 15:30:00,AWS_02,0,normal,none,0,0.04994242938439597
2026-01-24 15:45:00,AWS_02,0,normal,none,0,0.025408716275998944
2026-01-24 16:00:00,AWS_02,0,normal,none,0,0.023169491782276674
2026-01-24 16:15:00,AWS_02,0,normal,none,0,0.06162342211074501
2026-01-24 16:30:00,AWS_02,0,normal,none,0,0.07662491055505433
2026-01-24 16:45:00,AWS_02,0,normal,none,0,0.0016404135716643897
2026-01-24 17:00:00,AWS_02,0,normal,none,0,0.061142494105065615
2026-01-24 17:15:00,AWS_02,0,normal,none,0,0.010603313414443982
2026-01-24 17:30:00,AWS_02,0,normal,none,1,-0.01400683593676555
2026-01-24 17:45:00,AWS_02,0,normal,none,0,0.05347608808707155
2026-01-24 18:00:00,AWS_02,0,normal,none,0,0.06509238765982867
2026-01-24 18:15:00,AWS_02,0,normal,none,0,0.0243223172327659
2026-01-24 18:30:00,AWS_02,0,normal,none,1,-0.04428417851146138
2026-01-24 18:45:00,AWS_02,0,normal,none,0,0.05362141932854142
2026-01-24 19:00:00,AWS_02,0,normal,none,0,0.03665470592573017
2026-01-24 19:15:00,AWS_02,0,normal,none,0,0.09074033678107019
2026-01-24 19:30:00,AWS_02,0,normal,none,0,0.06673795490269085
2026-01-24 19:45:00,AWS_02,0,normal,none,0,0.08236472707248704
2026-01-24 20:00:00,AWS_02,0,normal,none,0,0.08522086027217218
2026-01-24 20:15:00,AWS_02,0,normal,none,0,0.09635880609223907
2026-01-24 20:30:00,AWS_02,0,normal,none,0,0.10067564064076628
2026-01-24 20:45:00,AWS_02,0,normal,none,0,0.1004060728741995
2026-01-24 21:00:00,AWS_02,0,normal,none,0,0.07107858817105672
2026-01-24 21:15:00,AWS_02,0,normal,none,0,0.022414359780567106
2026-01-24 21:30:00,AWS_02,0,normal,none,0,0.062204458723439215
2026-01-24 21:45:00,AWS_02,0,normal,none,0,0.06402577598088027
2026-01-24 22:00:00,AWS_02,0,normal,none,0,0.06298589477231481
2026-01-24 22:15:00,AWS_02,0,normal,none,0,0.10425927959455095
2026-01-24 22:30:00,AWS_02,0,normal,none,0,0.06746708690820014
2026-01-24 22:45:00,AWS_02,0,normal,none,0,0.09687086670329498
2026-01-24 23:00:00,AWS_02,0,normal,none,0,0.09799409605730053
2026-01-24 23:15:00,AWS_02,0,normal,none,0,0.03479072673726569
2026-01-24 23:30:00,AWS_02,0,normal,none,0,0.04500702694995945
2026-01-24 23:45:00,AWS_02,0,normal,none,0,0.039485270853683585
2026-01-25 00:00:00,AWS_02,0,normal,none,0,0.008324188065437943
2026-01-25 00:15:00,AWS_02,0,normal,none,0,0.09581991590678746
2026-01-25 00:30:00,AWS_02,0,normal,none,0,0.09239675155230592
2026-01-25 00:45:00,AWS_02,0,normal,none,0,0.06455640085878905
2026-01-25 01:00:00,AWS_02,0,normal,none,0,0.07812382820323471
2026-01-25 01:15:00,AWS_02,0,normal,none,0,0.10301798480753582
2026-01-25 01:30:00,AWS_02,0,normal,none,1,-0.023387110939918188
2026-01-25 01:45:00,AWS_02,0,normal,none,0,0.04455674595421327
2026-01-25 02:00:00,AWS_02,0,normal,none,0,0.0735243574287745
2026-01-25 02:15:00,AWS_02,0,normal,none,0,0.08862130778771676
2026-01-25 02:30:00,AWS_02,0,normal,none,0,0.07832133772881184
2026-01-25 02:45:00,AWS_02,0,normal,none,0,0.08557915180584369
2026-01-25 03:00:00,AWS_02,0,normal,none,0,0.0420757206676764
2026-01-25 03:15:00,AWS_02,0,normal,none,0,0.061554188576920965
2026-01-25 03:30:00,AWS_02,0,normal,none,0,0.04526300643068071
2026-01-25 03:45:00,AWS_02,0,normal,none,0,0.0749171111087894
2026-01-25 04:00:00,AWS_02,0,normal,none,0,0.01565935301429011
2026-01-25 04:15:00,AWS_02,0,normal,none,0,0.07095370123552158
2026-01-25 04:30:00,AWS_02,0,normal,none,0,0.07559838811176889
2026-01-25 04:45:00,AWS_02,0,normal,none,0,0.06032777278272233
2026-01-25 05:00:00,AWS_02,0,normal,none,0,0.08964545523997158
2026-01-25 05:15:00,AWS_02,0,normal,none,0,0.10577825714180311
2026-01-25 05:30:00,AWS_02,0,normal,none,0,0.09490565543015017
2026-01-25 05:45:00,AWS_02,0,normal,none,0,0.01941627443219701
2026-01-25 06:00:00,AWS_02,0,normal,none,0,0.09247596345108128
2026-01-25 06:15:00,AWS_02,0,normal,none,0,0.09573570278988691
2026-01-25 06:30:00,AWS_02,0,normal,none,0,0.06878087444395581
2026-01-25 06:45:00,AWS_02,0,normal,none,0,0.08226445987138925
2026-01-25 07:00:00,AWS_02,0,normal,none,0,0.05439453208884537
2026-01-25 07:15:00,AWS_02,0,normal,none,0,0.093616613846423
2026-01-25 07:30:00,AWS_02,0,normal,none,0,0.09859635932036631
2026-01-25 07:45:00,AWS_02,0,normal,none,1,-0.042030632964298764
2026-01-25 08:00:00,AWS_02,0,normal,none,0,0.07888953069705523
2026-01-25 08:15:00,AWS_02,0,normal,none,0,0.11165430109426155
2026-01-25 08:30:00,AWS_02,0,normal,none,0,0.006660042938623045
2026-01-25 08:45:00,AWS_02,0,normal,none,0,0.005577277188553276
2026-01-25 09:00:00,AWS_02,0,normal,none,0,0.018497133542836885
2026-01-25 09:15:00,AWS_02,0,normal,none,0,0.044859583502088574
2026-01-25 09:30:00,AWS_02,0,normal,none,0,0.044623608208286814
2026-01-25 09:45:00,AWS_02,0,normal,none,0,0.012963094907082195
2026-01-25 10:00:00,AWS_02,0,normal,none,0,0.015111298199029954
2026-01-25 10:15:00,AWS_02,0,normal,none,0,0.0724745752215894
2026-01-25 10:30:00,AWS_02,0,normal,none,0,0.06373847182946585
2026-01-25 10:45:00,AWS_02,0,normal,none,0,0.09585807721743556
2026-01-25 11:00:00,AWS_02,0,normal,none,0,0.0936491503718902
2026-01-25 11:15:00,AWS_02,0,normal,none,0,0.023117622436078122
2026-01-25 11:30:00,AWS_02,0,normal,none,0,0.08832284812615371
2026-01-25 11:45:00,AWS_02,0,normal,none,1,-0.02340222792511104
2026-01-25 12:00:00,AWS_02,0,normal,none,0,0.051196931049319494
2026-01-25 12:15:00,AWS_02,0,normal,none,0,0.05539424346662236
2026-01-25 12:30:00,AWS_02,0,normal,none,0,0.0705752335667778
2026-01-25 12:45:00,AWS_02,0,normal,none,0,0.04719838887305383
2026-01-25 13:00:00,AWS_02,0,normal,none,1,-0.015841179387873994
2026-01-25 13:15:00,AWS_02,0,normal,none,1,-0.008896786867797712
2026-01-25 13:30:00,AWS_02,0,normal,none,0,0.0480143315319308
2026-01-25 13:45:00,AWS_02,0,normal,none,0,0.033050554079056604
2026-01-25 14:00:00,AWS_02,0,normal,none,1,-0.011406982645877028
2026-01-25 14:15:00,AWS_02,0,normal,none,0,0.03634989662988408
2026-01-25 14:30:00,AWS_02,0,normal,none,1,-0.035992706853119505
2026-01-25 14:45:00,AWS_02,0,normal,none,1,-0.005100727225692325
2026-01-25 15:00:00,AWS_02,0,normal,none,0,0.02927726954468418
2026-01-25 15:15:00,AWS_02,0,normal,none,1,-0.02064904965962555
2026-01-25 15:30:00,AWS_02,0,normal,none,0,0.010565978570266421
2026-01-25 15:45:00,AWS_02,0,normal,none,1,-0.03570862780578543
2026-01-25 16:00:00,AWS_02,0,normal,none,1,-0.04369151607979593
2026-01-25 16:15:00,AWS_02,0,normal,none,0,0.015426993377292753
2026-01-25 16:30:00,AWS_02,0,normal,none,0,0.026626082821243457
2026-01-25 16:45:00,AWS_02,0,normal,none,0,0.00028984909723955843
2026-01-25 17:00:00,AWS_02,0,normal,none,0,0.053620908551179236
2026-01-25 17:15:00,AWS_02,0,normal,none,0,0.0027465224951907508
2026-01-25 17:30:00,AWS_02,0,normal,none,0,0.03256805724133777
2026-01-25 17:45:00,AWS_02,0,normal,none,0,0.04048009056256191
2026-01-25 18:00:00,AWS_02,0,normal,none,1,-0.020433777146621313
2026-01-25 18:15:00,AWS_02,0,normal,none,0,0.04514800676389691
2026-01-25 18:30:00,AWS_02,0,normal,none,0,0.024108716484709025
2026-01-25 18:45:00,AWS_02,0,normal,none,0,0.08714376118217437
2026-01-25 19:00:00,AWS_02,0,normal,none,0,0.07100531723240788
2026-01-25 19:15:00,AWS_02,0,normal,none,0,0.07095226630962459
2026-01-25 19:30:00,AWS_02,0,normal,none,0,0.0871990661993407
2026-01-25 19:45:00,AWS_02,0,normal,none,0,0.10123142032305704
2026-01-25 20:00:00,AWS_02,0,normal,none,0,0.06548052318161218
2026-01-25 20:15:00,AWS_02,0,normal,none,0,0.07996633156450339
2026-01-25 20:30:00,AWS_02,0,normal,none,0,0.08309300586549084
2026-01-25 20:45:00,AWS_02,0,normal,none,0,0.0885207234380177
2026-01-25 21:00:00,AWS_02,0,normal,none,0,0.06408553375899517
2026-01-25 21:15:00,AWS_02,0,normal,none,0,0.06429286230398773
2026-01-25 21:30:00,AWS_02,0,normal,none,0,0.022402441427517572
2026-01-25 21:45:00,AWS_02,0,normal,none,1,-0.02361408535463172
2026-01-25 22:00:00,AWS_02,0,normal,none,1,-0.0007166191722220994
2026-01-25 22:15:00,AWS_02,0,normal,none,0,0.055077768091067625
2026-01-25 22:30:00,AWS_02,0,normal,none,1,-0.0028285007853723343
2026-01-25 22:45:00,AWS_02,0,normal,none,0,0.09783101021796808
2026-01-25 23:00:00,AWS_02,0,normal,none,0,0.04381670781739566
2026-01-25 23:15:00,AWS_02,0,normal,none,0,0.011657619280422027
2026-01-25 23:30:00,AWS_02,0,normal,none,0,0.09757581808636445
2026-01-25 23:45:00,AWS_02,0,normal,none,0,0.09199074835347043
2026-01-26 00:00:00,AWS_02,0,normal,none,0,0.06885186042989544
2026-01-26 00:15:00,AWS_02,0,normal,none,0,0.09444355033497032
2026-01-26 00:30:00,AWS_02,0,normal,none,0,0.09351833245743718
2026-01-26 00:45:00,AWS_02,0,normal,none,0,0.10623300905409905
2026-01-26 01:00:00,AWS_02,0,normal_weather_event,temperature,1,-0.06224043570165061
2026-01-26 01:15:00,AWS_02,0,normal_weather_event,temperature,0,0.019751759059347784
2026-01-26 01:30:00,AWS_02,0,normal_weather_event,temperature,0,0.050700517143926815
2026-01-26 01:45:00,AWS_02,0,normal_weather_event,temperature,0,0.0028159573113548664
2026-01-26 02:00:00,AWS_02,0,normal_weather_event,temperature,0,0.0011135121265755665
2026-01-26 02:15:00,AWS_02,0,normal_weather_event,temperature,0,0.029305161261101442
2026-01-26 02:30:00,AWS_02,0,normal_weather_event,temperature,0,0.003424795011908066
2026-01-26 02:45:00,AWS_02,0,normal_weather_event,temperature,1,-0.0075853251893264195
2026-01-26 03:00:00,AWS_02,0,normal_weather_event,temperature,0,0.05696749166557069
2026-01-26 03:15:00,AWS_02,0,normal_weather_event,temperature,0,0.05219672376939716
2026-01-26 03:30:00,AWS_02,0,normal_weather_event,temperature,0,0.04819891906688578
2026-01-26 03:45:00,AWS_02,0,normal_weather_event,temperature,1,-0.03867691291857933
2026-01-26 04:00:00,AWS_02,0,normal_weather_event,temperature,0,0.00124692151262229
2026-01-26 04:15:00,AWS_02,0,normal_weather_event,temperature,0,0.03949460203375449
2026-01-26 04:30:00,AWS_02,0,normal_weather_event,temperature,0,0.057112607509268
2026-01-26 04:45:00,AWS_02,0,normal_weather_event,temperature,0,0.0622921915993791
2026-01-26 05:00:00,AWS_02,0,normal_weather_event,temperature,0,0.048339019800553995
2026-01-26 05:15:00,AWS_02,0,normal_weather_event,temperature,0,0.0022476851555416344
2026-01-26 05:30:00,AWS_02,0,normal_weather_event,temperature,0,0.023747273055157447
2026-01-26 05:45:00,AWS_02,0,normal_weather_event,temperature,0,0.08642337117777527
2026-01-26 06:00:00,AWS_02,0,normal_weather_event,temperature,0,0.08075399902271546
2026-01-26 06:15:00,AWS_02,0,normal_weather_event,temperature,0,0.06658312765253649
2026-01-26 06:30:00,AWS_02,0,normal_weather_event,temperature,0,0.08364264255873233
2026-01-26 06:45:00,AWS_02,0,normal_weather_event,temperature,0,0.02031670252311002
2026-01-26 07:00:00,AWS_02,0,normal_weather_event,temperature,0,0.09739338744818044
2026-01-26 07:15:00,AWS_02,0,normal_weather_event,temperature,0,0.04680033084798396
2026-01-26 07:30:00,AWS_02,0,normal_weather_event,temperature,0,0.09388122741196636
2026-01-26 07:45:00,AWS_02,0,normal_weather_event,temperature,0,0.07688944650985874
2026-01-26 08:00:00,AWS_02,0,normal_weather_event,temperature,0,0.07518860638789993
2026-01-26 08:15:00,AWS_02,0,normal_weather_event,temperature,0,0.0678269412365331
2026-01-26 08:30:00,AWS_02,0,normal_weather_event,temperature,0,0.05446246461139331
2026-01-26 08:45:00,AWS_02,0,normal_weather_event,temperature,0,0.10990301371986672
2026-01-26 09:00:00,AWS_02,0,normal_weather_event,temperature,0,0.05962246251143155
2026-01-26 09:15:00,AWS_02,0,normal_weather_event,temperature,0,0.044903425955771126
2026-01-26 09:30:00,AWS_02,0,normal_weather_event,temperature,0,0.047573366876801526
2026-01-26 09:45:00,AWS_02,0,normal_weather_event,temperature,0,0.0820060673434887
2026-01-26 10:00:00,AWS_02,0,normal_weather_event,temperature,0,0.06846870072513656
2026-01-26 10:15:00,AWS_02,0,normal_weather_event,temperature,0,0.06742833354353095
2026-01-26 10:30:00,AWS_02,0,normal_weather_event,temperature,0,0.09904131718837356
2026-01-26 10:45:00,AWS_02,0,normal_weather_event,temperature,0,0.026704307276328942
2026-01-26 11:00:00,AWS_02,0,normal_weather_event,temperature,0,0.05866151453198376
2026-01-26 11:15:00,AWS_02,0,normal_weather_event,temperature,0,0.07865344059224538
2026-01-26 11:30:00,AWS_02,0,normal_weather_event,temperature,0,0.02801159236045736
2026-01-26 11:45:00,AWS_02,0,normal_weather_event,temperature,0,0.10446342713917289
2026-01-26 12:00:00,AWS_02,0,normal_weather_event,temperature,0,0.04929911893591399
2026-01-26 12:15:00,AWS_02,0,normal_weather_event,temperature,0,0.04506162226171223
2026-01-26 12:30:00,AWS_02,0,normal_weather_event,temperature,0,0.06930930562584797
2026-01-26 12:45:00,AWS_02,0,normal_weather_event,temperature,0,0.06699241447599669
2026-01-26 13:00:00,AWS_02,0,normal,none,1,-0.049193960724434604
2026-01-26 13:15:00,AWS_02,0,normal,none,1,-0.00024664275470909214
2026-01-26 13:30:00,AWS_02,0,normal,none,0,0.06769327683014048
2026-01-26 13:45:00,AWS_02,0,normal,none,0,0.06377792747963429
2026-01-26 14:00:00,AWS_02,0,normal,none,0,0.010579440434618947
2026-01-26 14:15:00,AWS_02,0,normal,none,0,0.05440210996288197
2026-01-26 14:30:00,AWS_02,0,normal,none,0,0.043300681895310056
2026-01-26 14:45:00,AWS_02,0,normal,none,0,0.062136610257864155
2026-01-26 15:00:00,AWS_02,0,normal,none,0,0.06174074681640562
2026-01-26 15:15:00,AWS_02,0,normal,none,0,0.05513565685925037
2026-01-26 15:30:00,AWS_02,0,normal,none,0,0.06784251030258859
2026-01-26 15:45:00,AWS_02,0,normal,none,0,0.07392111030332166
2026-01-26 16:00:00,AWS_02,0,normal,none,0,0.07122248341248305
2026-01-26 16:15:00,AWS_02,0,normal,none,0,0.056504644317809494
2026-01-26 16:30:00,AWS_02,0,normal,none,0,0.0363323385997113
2026-01-26 16:45:00,AWS_02,0,normal,none,0,0.03279601210591876
2026-01-26 17:00:00,AWS_02,0,normal,none,0,0.04879624910508307
2026-01-26 17:15:00,AWS_02,0,normal,none,0,0.04999828750932478
2026-01-26 17:30:00,AWS_02,0,normal,none,0,0.06631978644971886
2026-01-26 17:45:00,AWS_02,0,normal,none,0,0.061739000480101724
2026-01-26 18:00:00,AWS_02,0,normal,none,0,0.07643797989485751
2026-01-26 18:15:00,AWS_02,0,normal,none,0,0.021578505387934932
2026-01-26 18:30:00,AWS_02,0,normal,none,0,0.07866393778782721
2026-01-26 18:45:00,AWS_02,0,normal,none,0,0.06669541925976619
2026-01-26 19:00:00,AWS_02,0,normal,none,0,0.08021729599124999
2026-01-26 19:15:00,AWS_02,0,normal,none,0,0.08783466387958411
2026-01-26 19:30:00,AWS_02,0,normal,none,0,0.09823961437082984
2026-01-26 19:45:00,AWS_02,0,normal,none,0,0.07068044526145728
2026-01-26 20:00:00,AWS_02,0,normal,none,0,0.018561893046962652
2026-01-26 20:15:00,AWS_02,0,normal,none,0,0.09707614689278116
2026-01-26 20:30:00,AWS_02,0,normal,none,0,0.09531567140066322
2026-01-26 20:45:00,AWS_02,0,normal,none,0,0.08400157234847261
2026-01-26 21:00:00,AWS_02,0,normal,none,0,0.1029261769017144
2026-01-26 21:15:00,AWS_02,0,normal,none,0,0.10654487811402619
2026-01-26 21:30:00,AWS_02,0,normal,none,0,0.0637320303137125
2026-01-26 21:45:00,AWS_02,0,normal,none,0,0.10086179786624033
2026-01-26 22:00:00,AWS_02,0,normal,none,0,0.09171622425225301
2026-01-26 22:15:00,AWS_02,0,normal,none,0,0.09024689338259079
2026-01-26 22:30:00,AWS_02,0,normal,none,0,0.009799545344066296
2026-01-26 22:45:00,AWS_02,0,normal,none,0,0.06640668945313022
2026-01-26 23:00:00,AWS_02,0,normal,none,0,0.04581436400346495
2026-01-26 23:15:00,AWS_02,0,normal,none,0,0.021835129620643157
2026-01-26 23:30:00,AWS_02,0,normal,none,0,0.10168682944937352
2026-01-26 23:45:00,AWS_02,0,normal,none,0,0.07359550980419616
2026-01-27 00:00:00,AWS_02,0,normal,none,0,0.06711095514067106
2026-01-27 00:15:00,AWS_02,0,normal,none,0,0.08725610314630444
2026-01-27 00:30:00,AWS_02,0,normal,none,0,0.06503811954858085
2026-01-27 00:45:00,AWS_02,0,normal,none,0,0.06908676127727337
2026-01-27 01:00:00,AWS_02,0,normal,none,0,0.10019746396577534
2026-01-27 01:15:00,AWS_02,0,normal,none,0,0.08633984759448515
2026-01-27 01:30:00,AWS_02,0,normal,none,0,0.043174253416622344
2026-01-27 01:45:00,AWS_02,0,normal,none,0,0.1003880044169218
2026-01-27 02:00:00,AWS_02,0,normal,none,0,0.04006156915070391
2026-01-27 02:15:00,AWS_02,0,normal,none,1,-0.017214218733099695
2026-01-27 02:30:00,AWS_02,0,normal,none,0,0.060331123846327606
2026-01-27 02:45:00,AWS_02,0,normal,none,0,0.082644587627824
2026-01-27 03:00:00,AWS_02,0,normal,none,0,0.07981274028438579
2026-01-27 03:15:00,AWS_02,0,normal,none,0,0.089101448927492
2026-01-27 03:30:00,AWS_02,0,normal,none,0,0.05080079431638912
2026-01-27 03:45:00,AWS_02,0,normal,none,0,0.09118309508679034
2026-01-27 04:00:00,AWS_02,0,normal,none,0,0.043634377029846516
2026-01-27 04:15:00,AWS_02,0,normal,none,0,0.029014521974730256
2026-01-27 04:30:00,AWS_02,0,normal,none,0,0.07021216516759354
2026-01-27 04:45:00,AWS_02,0,normal,none,0,0.057226887928006454
2026-01-27 05:00:00,AWS_02,0,normal,none,0,0.10192776762706879
2026-01-27 05:15:00,AWS_02,0,normal,none,0,0.08020238382538225
2026-01-27 05:30:00,AWS_02,0,normal,none,0,0.09674614200751297
2026-01-27 05:45:00,AWS_02,0,normal,none,0,0.10470019723053109
2026-01-27 06:00:00,AWS_02,0,normal,none,0,0.04783160355481081
2026-01-27 06:15:00,AWS_02,0,normal,none,0,0.10062947978490688
2026-01-27 06:30:00,AWS_02,0,normal,none,0,0.09359586568227435
2026-01-27 06:45:00,AWS_02,0,normal,none,0,0.09822159960042376
2026-01-27 07:00:00,AWS_02,0,normal,none,0,0.0937807229919938
2026-01-27 07:15:00,AWS_02,0,normal,none,0,0.08467836459867539
2026-01-27 07:30:00,AWS_02,0,normal,none,0,0.003383775213914586
2026-01-27 07:45:00,AWS_02,0,normal,none,0,0.06101405789147146
2026-01-27 08:00:00,AWS_02,0,normal,none,0,0.08328094822867349
2026-01-27 08:15:00,AWS_02,0,normal,none,0,0.029869994984076498
2026-01-27 08:30:00,AWS_02,0,normal,none,1,-0.0014143450766822552
2026-01-27 08:45:00,AWS_02,0,normal,none,0,0.044296161718385685
2026-01-27 09:00:00,AWS_02,0,normal,none,0,0.029126633921709555
2026-01-27 09:15:00,AWS_02,0,normal,none,1,-0.02867632804238729
2026-01-27 09:30:00,AWS_02,0,normal,none,0,0.01753276646637575
2026-01-27 09:45:00,AWS_02,0,normal,none,1,-0.03776864821567316
2026-01-27 10:00:00,AWS_02,0,normal,none,0,0.03160374337198174
2026-01-27 10:15:00,AWS_02,0,normal,none,0,0.03888741670831947
2026-01-27 10:30:00,AWS_02,0,normal,none,1,-0.017410466313382056
2026-01-27 10:45:00,AWS_02,0,normal,none,0,0.03444563247933208
2026-01-27 11:00:00,AWS_02,0,normal,none,0,0.019139660651821544
2026-01-27 11:15:00,AWS_02,0,normal,none,0,0.05310848616217523
2026-01-27 11:30:00,AWS_02,0,normal,none,0,0.003000485067010117
2026-01-27 11:45:00,AWS_02,0,normal,none,0,0.016053803304280523
2026-01-27 12:00:00,AWS_02,0,normal,none,0,0.021814658764178096
2026-01-27 12:15:00,AWS_02,0,normal,none,0,0.024399949121602593
2026-01-27 12:30:00,AWS_02,0,normal,none,1,-0.004889062209600392
2026-01-27 12:45:00,AWS_02,0,normal,none,1,-0.028187557925862805
2026-01-27 13:00:00,AWS_02,0,normal,none,0,0.03513731692793448
2026-01-27 13:15:00,AWS_02,0,normal,none,0,0.02658122184317524
2026-01-27 13:30:00,AWS_02,0,normal,none,0,0.015925961237320763
2026-01-27 13:45:00,AWS_02,0,normal,none,0,0.011376586780500741
2026-01-27 14:00:00,AWS_02,0,normal,none,1,-0.026434937581958806
2026-01-27 14:15:00,AWS_02,0,normal,none,1,-0.007604019142256502
2026-01-27 14:30:00,AWS_02,0,normal,none,0,0.01456222482434033
2026-01-27 14:45:00,AWS_02,0,normal,none,1,-0.025176769654647546
2026-01-27 15:00:00,AWS_02,0,normal,none,0,0.005099033133947772
2026-01-27 15:15:00,AWS_02,0,normal,none,0,0.008865452092869264
2026-01-27 15:30:00,AWS_02,0,normal,none,1,-0.01294436669310095
2026-01-27 15:45:00,AWS_02,0,normal,none,0,0.017245509194623643
2026-01-27 16:00:00,AWS_02,0,normal,none,1,-0.007225869637756732
2026-01-27 16:15:00,AWS_02,0,normal,none,1,-0.020516043426187625
2026-01-27 16:30:00,AWS_02,0,normal,none,0,0.005558757540439496
2026-01-27 16:45:00,AWS_02,0,normal,none,1,-0.022222234039534827
2026-01-27 17:00:00,AWS_02,0,normal,none,0,0.031261445567575374
2026-01-27 17:15:00,AWS_02,0,normal,none,0,0.028912991777348518
2026-01-27 17:30:00,AWS_02,0,normal,none,0,0.043768005487451855
2026-01-27 17:45:00,AWS_02,0,normal,none,0,0.01931114615982693
2026-01-27 18:00:00,AWS_02,0,normal,none,0,0.033601602832956934
2026-01-27 18:15:00,AWS_02,0,normal,none,0,0.02156453739264086
2026-01-27 18:30:00,AWS_02,0,normal,none,0,0.026720800236116837
2026-01-27 18:45:00,AWS_02,0,normal,none,0,0.028047595133416148
2026-01-27 19:00:00,AWS_02,0,normal,none,0,0.01298367184131255
2026-01-27 19:15:00,AWS_02,0,normal,none,0,0.04475128031267506
2026-01-27 19:30:00,AWS_02,0,normal,none,0,0.0733633517351136
2026-01-27 19:45:00,AWS_02,0,normal,none,0,0.10280457810866389
2026-01-27 20:00:00,AWS_02,0,normal,none,0,0.090179048230491
2026-01-27 20:15:00,AWS_02,0,normal,none,0,0.06500654413962026
2026-01-27 20:30:00,AWS_02,0,normal,none,0,0.022789260829211344
2026-01-27 20:45:00,AWS_02,0,normal,none,0,0.09246221573712332
2026-01-27 21:00:00,AWS_02,0,normal,none,0,0.09164811569189746
2026-01-27 21:15:00,AWS_02,0,normal,none,0,0.10308169047697169
2026-01-27 21:30:00,AWS_02,0,normal,none,0,0.08476805308013852
2026-01-27 21:45:00,AWS_02,0,normal,none,0,0.028998651534503705
2026-01-27 22:00:00,AWS_02,0,normal,none,0,0.05339675945788186
2026-01-27 22:15:00,AWS_02,0,normal,none,0,0.07541170370832484
2026-01-27 22:30:00,AWS_02,0,normal,none,0,0.10219497943529837
2026-01-27 22:45:00,AWS_02,0,normal,none,0,0.00902897317689616
2026-01-27 23:00:00,AWS_02,0,normal,none,0,0.023359751549101693
2026-01-27 23:15:00,AWS_02,0,normal,none,0,0.056715669593317475
2026-01-27 23:30:00,AWS_02,0,normal,none,0,0.09121972715627458
2026-01-27 23:45:00,AWS_02,0,normal,none,0,0.07113750015671444
2026-01-28 00:00:00,AWS_02,0,normal,none,0,0.052575676204378474
2026-01-28 00:15:00,AWS_02,0,normal,none,0,0.10084760154471056
2026-01-28 00:30:00,AWS_02,0,normal,none,0,0.10126325100049166
2026-01-28 00:45:00,AWS_02,0,normal,none,0,0.02396853911336616
2026-01-28 01:00:00,AWS_02,0,normal,none,0,0.011305090528656636
2026-01-28 01:15:00,AWS_02,0,normal,none,0,0.01240398657742553
2026-01-28 01:30:00,AWS_02,0,normal,none,0,0.0807780088344005
2026-01-28 01:45:00,AWS_02,0,normal,none,0,0.08715385899833178
2026-01-28 02:00:00,AWS_02,0,normal,none,0,0.06280136865676222
2026-01-28 02:15:00,AWS_02,0,normal,none,0,0.08796551980132655
2026-01-28 02:30:00,AWS_02,0,normal,none,0,0.047213040981446575
2026-01-28 02:45:00,AWS_02,0,normal,none,1,-0.02532245438357006
2026-01-28 03:00:00,AWS_02,0,normal,none,0,0.01489990489020393
2026-01-28 03:15:00,AWS_02,0,normal,none,0,0.07791127223559002
2026-01-28 03:30:00,AWS_02,0,normal,none,0,0.05209467424072939
2026-01-28 03:45:00,AWS_02,0,normal,none,0,0.009796455474916033
2026-01-28 04:00:00,AWS_02,0,normal,none,0,0.04918318153371842
2026-01-28 04:15:00,AWS_02,0,normal,none,0,0.058927495969907095
2026-01-28 04:30:00,AWS_02,0,normal,none,0,0.0322807903478568
2026-01-28 04:45:00,AWS_02,0,normal,none,0,0.060234170016706556
2026-01-28 05:00:00,AWS_02,0,normal,none,0,0.08145355331757531
2026-01-28 05:15:00,AWS_02,0,normal,none,0,0.06783973667760135
2026-01-28 05:30:00,AWS_02,0,normal,none,0,0.06148074927399133
2026-01-28 05:45:00,AWS_02,0,normal,none,0,0.088158405500184
2026-01-28 06:00:00,AWS_02,0,normal,none,0,0.08993324592297375
2026-01-28 06:15:00,AWS_02,0,normal,none,0,0.08068590189014685
2026-01-28 06:30:00,AWS_02,0,normal,none,0,0.026446991326089186
2026-01-28 06:45:00,AWS_02,0,normal,none,0,0.05668533968054229
2026-01-28 07:00:00,AWS_02,0,normal,none,0,0.07555859520987696
2026-01-28 07:15:00,AWS_02,0,normal,none,0,0.07316790236595477
2026-01-28 07:30:00,AWS_02,0,normal,none,0,0.08133803496771119
2026-01-28 07:45:00,AWS_02,0,normal,none,0,0.045709936258178485
2026-01-28 08:00:00,AWS_02,0,normal,none,1,-0.03932816667096806
2026-01-28 08:15:00,AWS_02,0,normal,none,0,0.033872615835194686
2026-01-28 08:30:00,AWS_02,0,normal,none,0,0.08638425373016206
2026-01-28 08:45:00,AWS_02,0,normal,none,0,0.08406666175591787
2026-01-28 09:00:00,AWS_02,0,normal,none,0,0.0501883324865493
2026-01-28 09:15:00,AWS_02,0,normal,none,0,0.10081336349784631
2026-01-28 09:30:00,AWS_02,0,normal,none,0,0.015083278632310126
2026-01-28 09:45:00,AWS_02,0,normal,none,1,-0.03586158830622921
2026-01-28 10:00:00,AWS_02,0,normal,none,1,-0.004835913040348805
2026-01-28 10:15:00,AWS_02,0,normal,none,1,-0.012826167245482356
2026-01-28 10:30:00,AWS_02,0,normal,none,0,0.08884569119814617
2026-01-28 10:45:00,AWS_02,0,normal,none,0,0.05463129308823261
2026-01-28 11:00:00,AWS_02,0,normal,none,0,0.08951579574451651
2026-01-28 11:15:00,AWS_02,0,normal,none,0,0.08687781472736156
2026-01-28 11:30:00,AWS_02,0,normal,none,0,0.05755107614006594
2026-01-28 11:45:00,AWS_02,0,normal,none,0,0.08335747005790412
2026-01-28 12:00:00,AWS_02,0,normal,none,0,0.09737941120402893
2026-01-28 12:15:00,AWS_02,0,normal,none,0,0.06720346299194568
2026-01-28 12:30:00,AWS_02,0,normal,none,0,0.01909526500680847
2026-01-28 12:45:00,AWS_02,0,normal,none,1,-0.0011947733785663273
2026-01-28 13:00:00,AWS_02,0,normal,none,0,0.022106894211187222
2026-01-28 13:15:00,AWS_02,0,normal,none,0,0.08669852376724047
2026-01-28 13:30:00,AWS_02,0,normal,none,0,0.046358981974462754
2026-01-28 13:45:00,AWS_02,0,normal,none,0,0.044804020869961214
2026-01-28 14:00:00,AWS_02,0,normal,none,0,0.05853416560299329
2026-01-28 14:15:00,AWS_02,0,normal,none,0,0.030784332928576352
2026-01-28 14:30:00,AWS_02,0,normal,none,0,0.06676448641575106
2026-01-28 14:45:00,AWS_02,0,normal,none,0,0.07449516069215156
2026-01-28 15:00:00,AWS_02,0,normal,none,0,0.06761859203159476
2026-01-28 15:15:00,AWS_02,0,normal,none,0,0.06577308578894103
2026-01-28 15:30:00,AWS_02,0,normal,none,0,0.07078496765626147
2026-01-28 15:45:00,AWS_02,0,normal,none,0,0.055884920014638295
2026-01-28 16:00:00,AWS_02,0,normal,none,0,0.08679942958660847
2026-01-28 16:15:00,AWS_02,0,normal,none,0,0.07714840141858192
2026-01-28 16:30:00,AWS_02,0,normal,none,0,0.06514092338072991
2026-01-28 16:45:00,AWS_02,0,normal,none,0,0.05775371086422365
2026-01-28 17:00:00,AWS_02,0,normal,none,0,0.054904051637012175
2026-01-28 17:15:00,AWS_02,0,normal,none,0,0.08495906643831308
2026-01-28 17:30:00,AWS_02,0,normal,none,0,0.09073011074416987
2026-01-28 17:45:00,AWS_02,0,normal,none,1,-0.05159512938400834
2026-01-28 18:00:00,AWS_02,0,normal,none,0,0.04031464674853019
2026-01-28 18:15:00,AWS_02,0,normal,none,0,0.08883032068985913
2026-01-28 18:30:00,AWS_02,0,normal,none,0,0.024448594638274257
2026-01-28 18:45:00,AWS_02,0,normal,none,0,0.07996851266705435
2026-01-28 19:00:00,AWS_02,0,normal,none,0,0.09269853932604122
2026-01-28 19:15:00,AWS_02,0,normal,none,0,0.0716480577757505
2026-01-28 19:30:00,AWS_02,0,normal,none,1,-0.03196859688171627
2026-01-28 19:45:00,AWS_02,0,normal,none,0,0.10108358544340484
2026-01-28 20:00:00,AWS_02,0,normal,none,0,0.0947565499199427
2026-01-28 20:15:00,AWS_02,0,normal,none,0,0.10829310265293052
2026-01-28 20:30:00,AWS_02,0,normal,none,0,0.09836419709950583
2026-01-28 20:45:00,AWS_02,0,normal,none,0,0.05880280151248862
2026-01-28 21:00:00,AWS_02,0,normal,none,0,0.08158888125891672
2026-01-28 21:15:00,AWS_02,0,normal,none,0,0.09039119297589582
2026-01-28 21:30:00,AWS_02,0,normal,none,0,0.083803698416902
2026-01-28 21:45:00,AWS_02,0,normal,none,0,0.057958646181260454
2026-01-28 22:00:00,AWS_02,0,normal,none,0,0.09399783227125791
2026-01-28 22:15:00,AWS_02,0,normal,none,0,0.10696781193244892
2026-01-28 22:30:00,AWS_02,0,normal,none,1,-0.0022954108215125224
2026-01-28 22:45:00,AWS_02,0,normal,none,0,0.045324605130101114
2026-01-28 23:00:00,AWS_02,0,normal,none,0,0.0704688272963564
2026-01-28 23:15:00,AWS_02,0,normal,none,0,0.07483976227635913
2026-01-28 23:30:00,AWS_02,0,normal,none,0,0.08888372907812875
2026-01-28 23:45:00,AWS_02,0,normal,none,0,0.09079597906443782
2026-01-29 00:00:00,AWS_02,0,normal,none,0,0.09208358062651573
2026-01-29 00:15:00,AWS_02,0,normal,none,0,0.09724478704527495
2026-01-29 00:30:00,AWS_02,0,normal,none,0,0.08939315128190428
2026-01-29 00:45:00,AWS_02,0,normal,none,0,0.09825753721539482
2026-01-29 01:00:00,AWS_02,0,normal,none,0,0.03347071160315962
2026-01-29 01:15:00,AWS_02,0,normal,none,0,0.06337347460200349
2026-01-29 01:30:00,AWS_02,0,normal,none,0,0.07165727109786646
2026-01-29 01:45:00,AWS_02,0,normal,none,0,0.046729390977877705
2026-01-29 02:00:00,AWS_02,0,normal,none,0,0.03802087905077334
2026-01-29 02:15:00,AWS_02,0,normal,none,0,0.017759636958750213
2026-01-29 02:30:00,AWS_02,0,normal,none,0,0.04732456928316092
2026-01-29 02:45:00,AWS_02,0,normal,none,0,0.02926928062119938
2026-01-29 03:00:00,AWS_02,0,normal,none,0,0.042964852168122736
2026-01-29 03:15:00,AWS_02,0,normal,none,0,0.0708808204287601
2026-01-29 03:30:00,AWS_02,0,normal,none,0,0.06524748071752956
2026-01-29 03:45:00,AWS_02,0,normal,none,0,0.06688767569455284
2026-01-29 04:00:00,AWS_02,0,normal,none,0,0.010732681850268766
2026-01-29 04:15:00,AWS_02,0,normal,none,0,0.028673764968959348
2026-01-29 04:30:00,AWS_02,0,normal,none,0,0.03223909460612362
2026-01-29 04:45:00,AWS_02,0,normal,none,0,0.07591568078965244
2026-01-29 05:00:00,AWS_02,0,normal,none,0,0.0452016927752395
2026-01-29 05:15:00,AWS_02,0,normal,none,0,0.07089566692374122
2026-01-29 05:30:00,AWS_02,0,normal,none,0,0.060437757045952833
2026-01-29 05:45:00,AWS_02,0,normal,none,0,0.03732146318173096
2026-01-29 06:00:00,AWS_02,0,normal,none,0,0.056866038907679106
2026-01-29 06:15:00,AWS_02,0,normal,none,0,0.0648689533430552
2026-01-29 06:30:00,AWS_02,0,normal,none,0,0.07573169517826978
2026-01-29 06:45:00,AWS_02,0,normal,none,0,0.04320111335205845
2026-01-29 07:00:00,AWS_02,0,normal,none,0,0.07685128082694404
2026-01-29 07:15:00,AWS_02,0,normal,none,0,0.0856852616089539
2026-01-29 07:30:00,AWS_02,0,normal,none,0,0.09355183956762769
2026-01-29 07:45:00,AWS_02,0,normal,none,0,0.10266363041065335
2026-01-29 08:00:00,AWS_02,0,normal,none,0,0.037471187397953576
2026-01-29 08:15:00,AWS_02,0,normal,none,0,0.04397488069983002
2026-01-29 08:30:00,AWS_02,0,normal,none,0,0.03717888517880441
2026-01-29 08:45:00,AWS_02,0,normal,none,0,0.10054010268519781
2026-01-29 09:00:00,AWS_02,0,normal,none,0,0.08870864155604036
2026-01-29 09:15:00,AWS_02,0,normal,none,0,0.04927043384546026
2026-01-29 09:30:00,AWS_02,0,normal,none,0,0.0450634995659821
2026-01-29 09:45:00,AWS_02,0,normal,none,0,0.016916203556029075
2026-01-29 10:00:00,AWS_02,0,normal,none,0,0.10071546598114983
2026-01-29 10:15:00,AWS_02,0,normal,none,0,0.018222488746150345
2026-01-29 10:30:00,AWS_02,0,normal,none,0,0.07114900714075012
2026-01-29 10:45:00,AWS_02,0,normal,none,0,0.04113889269252802
2026-01-29 11:00:00,AWS_02,0,normal,none,1,-0.028581805777549985
2026-01-29 11:15:00,AWS_02,0,normal,none,0,0.10039434518422369
2026-01-29 11:30:00,AWS_02,0,normal,none,0,0.08815394164277629
2026-01-29 11:45:00,AWS_02,0,normal,none,0,0.058166469088672734
2026-01-29 12:00:00,AWS_02,0,normal,none,0,0.031616283872210826
2026-01-29 12:15:00,AWS_02,0,normal,none,0,0.0881278890443759
2026-01-29 12:30:00,AWS_02,0,normal,none,0,0.08602883185639937
2026-01-29 12:45:00,AWS_02,0,normal,none,1,-0.012377461456065553
2026-01-29 13:00:00,AWS_02,0,normal,none,0,0.07014944072554319
2026-01-29 13:15:00,AWS_02,0,normal,none,0,0.07270029395543304
2026-01-29 13:30:00,AWS_02,0,normal,none,0,0.07907724472058392
2026-01-29 13:45:00,AWS_02,0,normal,none,0,0.03795772151495874
2026-01-29 14:00:00,AWS_02,0,normal,none,0,0.0799385768632856
2026-01-29 14:15:00,AWS_02,0,normal,none,1,-0.015187790625538988
2026-01-29 14:30:00,AWS_02,0,normal,none,0,0.004185628755650539
2026-01-29 14:45:00,AWS_02,0,normal,none,0,0.025589324597549923
2026-01-29 15:00:00,AWS_02,0,normal,none,0,0.008338752249697767
2026-01-29 15:15:00,AWS_02,0,normal,none,0,0.03159239890893184
2026-01-29 15:30:00,AWS_02,0,normal,none,0,0.041990500034278344
2026-01-29 15:45:00,AWS_02,0,normal,none,0,0.0438474231312071
2026-01-29 16:00:00,AWS_02,0,normal,none,0,0.025055241752216573
2026-01-29 16:15:00,AWS_02,0,normal,none,0,0.0308449172951219
2026-01-29 16:30:00,AWS_02,0,normal,none,1,-0.03467754424910108
2026-01-29 16:45:00,AWS_02,0,normal,none,0,0.07309082678488693
2026-01-29 17:00:00,AWS_02,0,normal,none,0,0.07571247275235277
2026-01-29 17:15:00,AWS_02,0,normal,none,0,0.07578954035629604
2026-01-29 17:30:00,AWS_02,0,normal,none,0,0.07194876625262375
2026-01-29 17:45:00,AWS_02,0,normal,none,0,0.05875214678705054
2026-01-29 18:00:00,AWS_02,0,normal,none,0,0.04883365942415008
2026-01-29 18:15:00,AWS_02,0,normal,none,0,0.06914768584498021
2026-01-29 18:30:00,AWS_02,0,normal,none,0,0.029187921450169407
2026-01-29 18:45:00,AWS_02,0,normal,none,1,-0.008255227728765746
2026-01-29 19:00:00,AWS_02,0,normal,none,0,0.03605728408747766
2026-01-29 19:15:00,AWS_02,0,normal,none,0,0.089305759013521
2026-01-29 19:30:00,AWS_02,0,normal,none,0,0.07615525276259294
2026-01-29 19:45:00,AWS_02,0,normal,none,0,0.02724524186926297
2026-01-29 20:00:00,AWS_02,0,normal,none,0,0.013901768518741198
2026-01-29 20:15:00,AWS_02,0,normal,none,0,0.03788367336987292
2026-01-29 20:30:00,AWS_02,0,normal,none,1,-0.004406132877210256
2026-01-29 20:45:00,AWS_02,0,normal,none,0,0.03380795128088876
2026-01-29 21:00:00,AWS_02,0,normal,none,0,0.08263511374795829
2026-01-29 21:15:00,AWS_02,0,normal,none,1,-0.07248298847952783
2026-01-29 21:30:00,AWS_02,0,normal,none,0,0.06141146159358607
2026-01-29 21:45:00,AWS_02,0,normal,none,0,0.04687667492328673
2026-01-29 22:00:00,AWS_02,0,normal,none,1,-0.00549824417490119
2026-01-29 22:15:00,AWS_02,0,normal,none,0,0.05617856123874282
2026-01-29 22:30:00,AWS_02,0,normal,none,0,0.069810067975968
2026-01-29 22:45:00,AWS_02,0,normal,none,1,-0.047014976614795145
2026-01-29 23:00:00,AWS_02,0,normal,none,1,-0.03291138986110442
2026-01-29 23:15:00,AWS_02,0,normal,none,0,0.003202852182649485
2026-01-29 23:30:00,AWS_02,0,normal,none,0,0.06230900349505536
2026-01-29 23:45:00,AWS_02,0,normal,none,0,0.05018780559786118
2026-01-30 00:00:00,AWS_02,0,normal,none,0,0.023314233986437838
2026-01-30 00:15:00,AWS_02,0,normal,none,0,0.03252424575603413
2026-01-30 00:30:00,AWS_02,0,normal,none,1,-0.009390768931060944
2026-01-30 00:45:00,AWS_02,0,normal,none,0,0.04562861197071938
2026-01-30 01:00:00,AWS_02,0,normal,none,0,0.02449166127607033
2026-01-30 01:15:00,AWS_02,0,normal,none,1,-0.05534137803069894
2026-01-30 01:30:00,AWS_02,0,normal,none,0,0.018904292210753793
2026-01-30 01:45:00,AWS_02,0,normal,none,0,0.02283914117632474
2026-01-30 02:00:00,AWS_02,0,normal,none,0,0.01999684457458667
2026-01-30 02:15:00,AWS_02,0,normal,none,1,-0.028864965718405466
2026-01-30 02:30:00,AWS_02,0,normal,none,0,0.019007999397563702
2026-01-30 02:45:00,AWS_02,0,normal,none,1,-0.04574348347977264
2026-01-30 03:00:00,AWS_02,0,normal,none,1,-0.03023444662897501
2026-01-30 03:15:00,AWS_02,0,normal,none,1,-0.010518700888403787
2026-01-30 03:30:00,AWS_02,0,normal,none,0,0.027163956007205614
2026-01-30 03:45:00,AWS_02,0,normal,none,0,0.019923544642670488
2026-01-30 04:00:00,AWS_02,0,normal,none,1,-0.027728947586119324
2026-01-30 04:15:00,AWS_02,0,normal,none,1,-0.03200699713418853
2026-01-30 04:30:00,AWS_02,0,normal,none,1,-0.03753288711213609
2026-01-30 04:45:00,AWS_02,0,normal,none,0,0.010756014733117658
2026-01-30 05:00:00,AWS_02,0,normal,none,0,0.015663471409956387
2026-01-30 05:15:00,AWS_02,0,normal,none,1,-0.011441173466015031
2026-01-30 05:30:00,AWS_02,0,normal,none,1,-0.03137482157520577
2026-01-30 05:45:00,AWS_02,0,normal,none,0,0.00436560719890744
2026-01-30 06:00:00,AWS_02,0,normal,none,1,-0.015713755307003807
2026-01-30 06:15:00,AWS_02,0,normal,none,1,-0.005365334847336811
2026-01-30 06:30:00,AWS_02,0,normal,none,0,0.07362438749415312
2026-01-30 06:45:00,AWS_02,0,normal,none,0,0.05306614634681228
2026-01-30 07:00:00,AWS_02,0,normal,none,0,0.06761428687119275
2026-01-30 07:15:00,AWS_02,0,normal,none,0,0.031360724880661606
2026-01-30 07:30:00,AWS_02,0,normal,none,0,0.06266054869495774
2026-01-30 07:45:00,AWS_02,0,normal,none,0,0.07832043060330834
2026-01-30 08:00:00,AWS_02,0,normal,none,0,0.02632394239587893
2026-01-30 08:15:00,AWS_02,0,normal,none,0,0.013386953670222301
2026-01-30 08:30:00,AWS_02,0,normal,none,0,0.043195373550852956
2026-01-30 08:45:00,AWS_02,0,normal,none,0,0.03991386367494676
2026-01-30 09:00:00,AWS_02,0,normal,none,0,0.051086578605984256
2026-01-30 09:15:00,AWS_02,0,normal,none,0,0.07442614415581933
2026-01-30 09:30:00,AWS_02,0,normal,none,0,0.054311708533522185
2026-01-30 09:45:00,AWS_02,0,normal,none,0,0.021719335289905772
2026-01-30 10:00:00,AWS_02,0,normal,none,0,0.058116799970640565
2026-01-30 10:15:00,AWS_02,0,normal,none,0,0.07637790369914582
2026-01-30 10:30:00,AWS_02,0,normal,none,0,0.017488436647231098
2026-01-30 10:45:00,AWS_02,0,normal,none,0,0.08767037290073448
2026-01-30 11:00:00,AWS_02,0,normal,none,0,0.06311642897038416
2026-01-30 11:15:00,AWS_02,0,normal,none,0,0.062212365250877144
2026-01-30 11:30:00,AWS_02,0,normal,none,0,0.08365390690369245
2026-01-30 11:45:00,AWS_02,0,normal,none,0,0.08666099925085963
2026-01-30 12:00:00,AWS_02,0,normal,none,0,0.07119361096628185
2026-01-30 12:15:00,AWS_02,0,normal,none,0,0.07064953579634681
2026-01-30 12:30:00,AWS_02,0,normal,none,0,0.062013182389138055
2026-01-30 12:45:00,AWS_02,0,normal,none,0,0.04531749028682097
2026-01-30 13:00:00,AWS_02,0,normal,none,1,-0.03319733238240463
2026-01-30 13:15:00,AWS_02,0,normal,none,0,0.045479920884615
2026-01-30 13:30:00,AWS_02,0,normal,none,0,0.06868690219610168
2026-01-30 13:45:00,AWS_02,0,normal,none,1,-0.0006293289582111061
2026-01-30 14:00:00,AWS_02,0,normal,none,0,0.06400875985663468
2026-01-30 14:15:00,AWS_02,0,normal,none,0,0.06933401117176141
2026-01-30 14:30:00,AWS_02,0,normal,none,0,0.07009722073084246
2026-01-30 14:45:00,AWS_02,0,normal,none,0,0.060000406578075816
2026-01-30 15:00:00,AWS_02,0,normal,none,0,0.07097647152373643
2026-01-30 15:15:00,AWS_02,0,normal,none,1,-0.02728881100127023
2026-01-30 15:30:00,AWS_02,0,normal,none,1,-0.08345903589547166
2026-01-30 15:45:00,AWS_02,0,normal,none,0,0.061750065770379337
2026-01-30 16:00:00,AWS_02,0,normal,none,0,0.05385858853670655
2026-01-30 16:15:00,AWS_02,0,normal,none,0,0.04241680050729035
2026-01-30 16:30:00,AWS_02,0,normal,none,0,0.03779519174556789
2026-01-30 16:45:00,AWS_02,0,normal,none,0,0.06600602723687643
2026-01-30 17:00:00,AWS_02,0,normal,none,0,0.06069100954035955
2026-01-30 17:15:00,AWS_02,0,normal,none,0,0.07027002783463848
2026-01-30 17:30:00,AWS_02,0,normal,none,0,0.04085300594262797
2026-01-30 17:45:00,AWS_02,0,normal,none,1,-0.016159919622023455
2026-01-30 18:00:00,AWS_02,0,normal,none,1,-0.000749285540868394
2026-01-30 18:15:00,AWS_02,0,normal,none,0,0.07421970673062434
2026-01-30 18:30:00,AWS_02,0,normal,none,0,0.07441335757550266
2026-01-30 18:45:00,AWS_02,0,normal,none,1,-0.05866597642876448
2026-01-30 19:00:00,AWS_02,0,normal,none,0,0.03456640594430588
2026-01-30 19:15:00,AWS_02,0,normal,none,1,-0.023804207710037217
2026-01-30 19:30:00,AWS_02,0,normal,none,1,-0.027828031424456112
2026-01-30 19:45:00,AWS_02,0,normal,none,0,0.012012260825376764
2026-01-30 20:00:00,AWS_02,0,normal,none,0,0.08797468195700703
2026-01-30 20:15:00,AWS_02,0,normal,none,0,0.0923902889348851
2026-01-30 20:30:00,AWS_02,0,normal,none,0,0.055218028303213984
2026-01-30 20:45:00,AWS_02,0,normal,none,0,0.0655967272594643
2026-01-30 21:00:00,AWS_02,0,normal,none,0,0.0674078197882424
2026-01-30 21:15:00,AWS_02,0,normal,none,0,0.04856032742093319
2026-01-30 21:30:00,AWS_02,0,normal,none,0,0.0014573929978926037
2026-01-30 21:45:00,AWS_02,0,normal,none,1,-0.07776081446468153
2026-01-30 22:00:00,AWS_02,0,normal,none,0,0.08109174428244975
2026-01-30 22:15:00,AWS_02,0,normal,none,0,0.0789980430447797
2026-01-30 22:30:00,AWS_02,0,normal,none,0,0.0705130668778054
2026-01-30 22:45:00,AWS_02,0,normal,none,0,0.043976827264486484
2026-01-30 23:00:00,AWS_02,0,normal,none,0,0.080113516774458
2026-01-30 23:15:00,AWS_02,0,normal,none,0,0.05289148848126579
2026-01-30 23:30:00,AWS_02,0,normal,none,1,-0.02858553154025867
2026-01-30 23:45:00,AWS_02,0,normal,none,0,0.0677172397822442
2026-01-01 00:15:00,AWS_03,0,normal,none,0,0.07540952104753185
2026-01-01 00:30:00,AWS_03,0,normal,none,0,0.06650000401041711
2026-01-01 00:45:00,AWS_03,0,normal,none,0,0.042449513530976535
2026-01-01 01:00:00,AWS_03,0,normal,none,0,0.04355724477826578
2026-01-01 01:15:00,AWS_03,0,normal,none,0,0.06344955588251622
2026-01-01 01:30:00,AWS_03,0,normal,none,0,0.06582779149770002
2026-01-01 01:45:00,AWS_03,0,normal,none,0,0.019337567229210872
2026-01-01 02:00:00,AWS_03,0,normal,none,0,0.037402353936778265
2026-01-01 02:15:00,AWS_03,0,normal,none,0,0.027550827838814684
2026-01-01 02:30:00,AWS_03,0,normal,none,0,0.04157427373680861
2026-01-01 02:45:00,AWS_03,0,normal,none,0,0.0506138490923444
2026-01-01 03:00:00,AWS_03,0,normal,none,0,0.05894749267369531
2026-01-01 03:15:00,AWS_03,0,normal,none,0,0.07862578716891944
2026-01-01 03:30:00,AWS_03,0,normal,none,0,0.04977501479505414
2026-01-01 03:45:00,AWS_03,0,normal,none,0,0.05711853026439401
2026-01-01 04:00:00,AWS_03,0,normal,none,0,0.06549131401122904
2026-01-01 04:15:00,AWS_03,0,normal,none,0,0.09057595162198062
2026-01-01 04:30:00,AWS_03,0,normal,none,0,0.0367386776871248
2026-01-01 04:45:00,AWS_03,0,normal,none,0,0.049232009896426066
2026-01-01 05:00:00,AWS_03,0,normal,none,1,-0.004972681503143339
2026-01-01 05:15:00,AWS_03,0,normal,none,0,0.010021398951922278
2026-01-01 05:30:00,AWS_03,0,normal,none,0,0.035679993732845416
2026-01-01 05:45:00,AWS_03,0,normal,none,0,0.02329589837317192
2026-01-01 06:00:00,AWS_03,0,normal,none,0,0.06371232010464489
2026-01-01 06:15:00,AWS_03,0,normal,none,0,0.06979392471188134
2026-01-01 06:30:00,AWS_03,0,normal,none,0,0.08158848606151992
2026-01-01 06:45:00,AWS_03,0,normal,none,0,0.09369392727476356
2026-01-01 07:00:00,AWS_03,0,normal,none,0,0.05747897065788482
2026-01-01 07:15:00,AWS_03,0,normal,none,0,0.04101827403006347
2026-01-01 07:30:00,AWS_03,0,normal,none,0,0.07366477685904244
2026-01-01 07:45:00,AWS_03,0,normal,none,0,0.06800447212628291
2026-01-01 08:00:00,AWS_03,0,normal,none,0,0.055963073862955015
2026-01-01 08:15:00,AWS_03,0,normal,none,0,0.0061308085501438625
2026-01-01 08:30:00,AWS_03,0,normal,none,0,0.09274906404920047
2026-01-01 08:45:00,AWS_03,0,normal,none,1,-0.03327121727814397
2026-01-01 09:00:00,AWS_03,0,normal,none,1,-0.01647314627710339
2026-01-01 09:15:00,AWS_03,0,normal,none,0,0.04712555645397387
2026-01-01 09:30:00,AWS_03,0,normal,none,0,0.09065831700469917
2026-01-01 09:45:00,AWS_03,0,normal,none,1,-0.011084794362277495
2026-01-01 10:00:00,AWS_03,0,normal,none,1,-0.005260100627859421
2026-01-01 10:15:00,AWS_03,0,normal,none,0,0.007815168096379999
2026-01-01 10:30:00,AWS_03,0,normal,none,0,0.056765874891645196
2026-01-01 10:45:00,AWS_03,0,normal,none,0,0.03609057889364237
2026-01-01 11:00:00,AWS_03,0,normal,none,0,0.010361566612116846
2026-01-01 11:15:00,AWS_03,0,normal,none,0,0.05963472253056584
2026-01-01 11:30:00,AWS_03,0,normal,none,0,0.07329427221566809
2026-01-01 11:45:00,AWS_03,0,normal,none,0,0.0062284132474991205
2026-01-01 12:00:00,AWS_03,0,normal,none,0,0.05776856178708262
2026-01-01 12:15:00,AWS_03,0,normal,none,0,0.0638098372404673
2026-01-01 12:30:00,AWS_03,0,normal,none,1,-0.005236705543035569
2026-01-01 12:45:00,AWS_03,0,normal,none,1,-0.08327861265256808
2026-01-01 13:00:00,AWS_03,0,normal,none,1,-0.004811346037924102
2026-01-01 13:15:00,AWS_03,0,normal,none,0,0.04680139001040412
2026-01-01 13:30:00,AWS_03,0,normal,none,0,0.046608972567380724
2026-01-01 13:45:00,AWS_03,0,normal,none,0,0.020113745769638036
2026-01-01 14:00:00,AWS_03,0,normal,none,0,0.04847476179499527
2026-01-01 14:15:00,AWS_03,0,normal,none,0,0.020690251731680542
2026-01-01 14:30:00,AWS_03,0,normal,none,0,0.03589428967664898
2026-01-01 14:45:00,AWS_03,0,normal,none,0,0.03603703242870471
2026-01-01 15:00:00,AWS_03,0,normal,none,0,0.04045325017624096
2026-01-01 15:15:00,AWS_03,0,normal,none,0,0.05321725038702968
2026-01-01 15:30:00,AWS_03,0,normal,none,0,0.0404845501502506
2026-01-01 15:45:00,AWS_03,0,normal,none,1,-0.018332484589579368
2026-01-01 16:00:00,AWS_03,0,normal,none,1,-0.0017013477694725054
2026-01-01 16:15:00,AWS_03,0,normal,none,0,0.026982169115077115
2026-01-01 16:30:00,AWS_03,0,normal,none,0,0.03797241350252584
2026-01-01 16:45:00,AWS_03,0,normal,none,0,0.02133689238856995
2026-01-01 17:00:00,AWS_03,0,normal,none,0,0.012562875932571993
2026-01-01 17:15:00,AWS_03,0,normal,none,0,0.025870764889872944
2026-01-01 17:30:00,AWS_03,0,normal,none,0,0.04480836996743287
2026-01-01 17:45:00,AWS_03,0,normal,none,0,0.06387302954133378
2026-01-01 18:00:00,AWS_03,0,normal,none,0,0.013050080825335375
2026-01-01 18:15:00,AWS_03,0,normal,none,0,0.052040821824867356
2026-01-01 18:30:00,AWS_03,0,normal,none,0,0.018628897847665637
2026-01-01 18:45:00,AWS_03,0,normal,none,0,0.05717260715530731
2026-01-01 19:00:00,AWS_03,0,normal,none,1,-0.02519176696250347
2026-01-01 19:15:00,AWS_03,0,normal,none,0,0.03806170554107802
2026-01-01 19:30:00,AWS_03,0,normal,none,0,0.07300445048026899
2026-01-01 19:45:00,AWS_03,0,normal,none,0,0.044996619938813986
2026-01-01 20:00:00,AWS_03,0,normal,none,0,0.06297419215176031
2026-01-01 20:15:00,AWS_03,0,normal,none,0,0.08337703755793385
2026-01-01 20:30:00,AWS_03,0,normal,none,0,0.016901001128429793
2026-01-01 20:45:00,AWS_03,0,normal,none,0,0.05457710115924025
2026-01-01 21:00:00,AWS_03,0,normal,none,0,0.010073259049446615
2026-01-01 21:15:00,AWS_03,0,normal,none,0,0.049136636599399264
2026-01-01 21:30:00,AWS_03,0,normal,none,0,0.07618213422810377
2026-01-01 21:45:00,AWS_03,0,normal,none,0,0.0758762818346736
2026-01-01 22:00:00,AWS_03,0,normal,none,0,0.05469053879444752
2026-01-01 22:15:00,AWS_03,0,normal,none,0,0.062124201720499705
2026-01-01 22:30:00,AWS_03,0,normal,none,0,0.06922533612292647
2026-01-01 22:45:00,AWS_03,0,normal,none,0,0.056239729269176864
2026-01-01 23:00:00,AWS_03,0,normal,none,0,0.024679949156297287
2026-01-01 23:15:00,AWS_03,0,normal,none,0,0.014859051695733094
2026-01-01 23:30:00,AWS_03,0,normal,none,0,0.08049292913704426
2026-01-01 23:45:00,AWS_03,0,normal,none,0,0.08009902246888045
2026-01-02 00:00:00,AWS_03,0,normal,none,0,0.06170117713810286
2026-01-02 00:15:00,AWS_03,0,normal,none,0,0.0387698037482016
2026-01-02 00:30:00,AWS_03,0,normal,none,0,0.007525007292516039
2026-01-02 00:45:00,AWS_03,0,normal,none,0,0.05308450035946233
2026-01-02 01:00:00,AWS_03,0,normal,none,0,0.057921854985742094
2026-01-02 01:15:00,AWS_03,0,normal,none,0,0.08280118949046561
2026-01-02 01:30:00,AWS_03,0,normal,none,0,0.03745425872488323
2026-01-02 01:45:00,AWS_03,0,normal,none,0,0.04355814979439421
2026-01-02 02:00:00,AWS_03,0,normal,none,0,0.007501041461326796
2026-01-02 02:15:00,AWS_03,0,normal,none,1,-0.0029086168823512226
2026-01-02 02:30:00,AWS_03,0,normal,none,0,0.05753478065862666
2026-01-02 02:45:00,AWS_03,0,normal,none,0,0.07076496832933143
2026-01-02 03:00:00,AWS_03,0,normal,none,0,0.004247283184521333
2026-01-02 03:15:00,AWS_03,0,normal,none,0,0.062593086474859
2026-01-02 03:30:00,AWS_03,0,normal,none,0,0.032908209004587796
2026-01-02 03:45:00,AWS_03,0,normal,none,0,0.03853980239267024
2026-01-02 04:00:00,AWS_03,0,normal,none,0,0.06653619859444992
2026-01-02 04:15:00,AWS_03,0,normal,none,0,0.06460025659620522
2026-01-02 04:30:00,AWS_03,0,normal,none,0,0.0372065713496923
2026-01-02 04:45:00,AWS_03,0,normal,none,0,0.0010125338291355757
2026-01-02 05:00:00,AWS_03,0,normal,none,0,0.05687771262138114
2026-01-02 05:15:00,AWS_03,0,normal,none,1,-0.023526891801979755
2026-01-02 05:30:00,AWS_03,0,normal,none,0,0.019028727836433
2026-01-02 05:45:00,AWS_03,0,normal,none,0,0.06196388807968639
2026-01-02 06:00:00,AWS_03,0,normal,none,1,-0.044124702367555946
2026-01-02 06:15:00,AWS_03,0,normal,none,0,0.06207278431684482
2026-01-02 06:30:00,AWS_03,0,normal,none,0,0.030426291703470165
2026-01-02 06:45:00,AWS_03,0,normal,none,1,-0.031816402232955454
2026-01-02 07:00:00,AWS_03,0,normal,none,1,-0.05250100575025196
2026-01-02 07:15:00,AWS_03,0,normal,none,0,0.06277716723210369
2026-01-02 07:30:00,AWS_03,0,normal,none,0,0.01315566907695992
2026-01-02 07:45:00,AWS_03,0,normal,none,0,0.03603362447244263
2026-01-02 08:00:00,AWS_03,0,normal,none,0,0.0360770220585655
2026-01-02 08:15:00,AWS_03,0,normal,none,0,0.022506193549097386
2026-01-02 08:30:00,AWS_03,0,normal,none,0,0.06295346960283493
2026-01-02 08:45:00,AWS_03,0,normal,none,0,0.026835317822383575
2026-01-02 09:00:00,AWS_03,0,normal,none,0,0.061708796415738176
2026-01-02 09:15:00,AWS_03,0,normal,none,1,-0.06006880679528337
2026-01-02 09:30:00,AWS_03,0,normal,none,0,0.06384198212872172
2026-01-02 09:45:00,AWS_03,0,normal,none,0,0.07215183180390455
2026-01-02 10:00:00,AWS_03,0,normal,none,0,0.06312612047542843
2026-01-02 10:15:00,AWS_03,0,normal,none,0,0.015250212245845718
2026-01-02 10:30:00,AWS_03,0,normal,none,1,-0.0016571399834871547
2026-01-02 10:45:00,AWS_03,0,normal,none,0,0.0357024082123763
2026-01-02 11:00:00,AWS_03,0,normal,none,0,0.060537108716352206
2026-01-02 11:15:00,AWS_03,0,normal,none,0,0.055672372453421826
2026-01-02 11:30:00,AWS_03,0,normal,none,0,0.05946668499220087
2026-01-02 11:45:00,AWS_03,0,normal,none,0,0.032472676818511625
2026-01-02 12:00:00,AWS_03,0,normal,none,0,0.0615446646326715
2026-01-02 12:15:00,AWS_03,0,normal,none,0,0.010383044257046448
2026-01-02 12:30:00,AWS_03,0,normal,none,1,-0.04544566190380972
2026-01-02 12:45:00,AWS_03,0,normal,none,1,-0.002040364056309585
2026-01-02 13:00:00,AWS_03,0,normal,none,0,0.01224987760164803
2026-01-02 13:15:00,AWS_03,0,normal,none,1,-0.011170973436396392
2026-01-02 13:30:00,AWS_03,0,normal,none,0,0.02467613571791427
2026-01-02 13:45:00,AWS_03,0,normal,none,0,0.008495945399953353
2026-01-02 14:00:00,AWS_03,0,normal,none,0,0.022710298878739155
2026-01-02 14:15:00,AWS_03,0,normal,none,1,-0.022530467733087978
2026-01-02 14:30:00,AWS_03,0,normal,none,1,-0.04867611758468471
2026-01-02 14:45:00,AWS_03,0,normal,none,0,0.022057843245069597
2026-01-02 15:00:00,AWS_03,0,normal,none,0,0.043952256997633776
2026-01-02 15:15:00,AWS_03,0,normal,none,0,0.0455992270652808
2026-01-02 15:30:00,AWS_03,0,normal,none,1,-0.012849443449613585
2026-01-02 15:45:00,AWS_03,0,normal,none,1,-0.018118055352753903
2026-01-02 16:00:00,AWS_03,0,normal,none,1,-0.02966690283864759
2026-01-02 16:15:00,AWS_03,0,normal,none,0,0.017133443989165276
2026-01-02 16:30:00,AWS_03,0,normal,none,0,0.053424148092008183
2026-01-02 16:45:00,AWS_03,0,normal,none,0,0.06268088040349862
2026-01-02 17:00:00,AWS_03,0,normal,none,0,0.028841320714764307
2026-01-02 17:15:00,AWS_03,0,normal,none,0,0.019624301901653318
2026-01-02 17:30:00,AWS_03,0,normal,none,0,0.040094653509311795
2026-01-02 17:45:00,AWS_03,0,normal,none,0,0.06808235251935413
2026-01-02 18:00:00,AWS_03,0,normal,none,0,0.04629823874151123
2026-01-02 18:15:00,AWS_03,0,normal,none,0,0.013263190097518585
2026-01-02 18:30:00,AWS_03,0,normal,none,0,0.06996548440614081
2026-01-02 18:45:00,AWS_03,0,normal,none,0,0.06918273134170316
2026-01-02 19:00:00,AWS_03,0,normal,none,0,0.07991706583492514
2026-01-02 19:15:00,AWS_03,0,normal,none,0,0.04058095367259068
2026-01-02 19:30:00,AWS_03,0,normal,none,0,0.030472251798965955
2026-01-02 19:45:00,AWS_03,0,normal,none,0,0.049838108944699755
2026-01-02 20:00:00,AWS_03,0,normal,none,0,0.07131506262130993
2026-01-02 20:15:00,AWS_03,0,normal,none,0,0.08850453871611286
2026-01-02 20:30:00,AWS_03,0,normal,none,0,0.08394267746913042
2026-01-02 20:45:00,AWS_03,0,normal,none,0,0.0046803116959927005
2026-01-02 21:00:00,AWS_03,0,normal,none,1,-0.00982519325175113
2026-01-02 21:15:00,AWS_03,0,normal,none,1,-0.011460759327010295
2026-01-02 21:30:00,AWS_03,0,normal,none,0,0.08319346844879427
2026-01-02 21:45:00,AWS_03,0,normal,none,0,0.08404958926566836
2026-01-02 22:00:00,AWS_03,0,normal,none,0,0.08350261927299157
2026-01-02 22:15:00,AWS_03,0,normal,none,0,0.07510016249949508
2026-01-02 22:30:00,AWS_03,0,normal,none,0,0.04117344410291618
2026-01-02 22:45:00,AWS_03,0,normal,none,0,0.07938413523510479
2026-01-02 23:00:00,AWS_03,0,normal,none,0,0.09110826833129154
2026-01-02 23:15:00,AWS_03,0,normal,none,0,0.07249674051018129
2026-01-02 23:30:00,AWS_03,0,normal,none,0,0.05816991082183531
2026-01-02 23:45:00,AWS_03,0,normal,none,0,0.0784062727851616
2026-01-03 00:00:00,AWS_03,0,normal,none,0,0.08361120665098554
2026-01-03 00:15:00,AWS_03,0,normal,none,0,0.00379328457547623
2026-01-03 00:30:00,AWS_03,0,normal,none,0,0.044793437871774366
2026-01-03 00:45:00,AWS_03,0,normal,none,0,0.042666429477287715
2026-01-03 01:00:00,AWS_03,0,normal,none,0,0.08256067463915107
2026-01-03 01:15:00,AWS_03,0,normal,none,0,0.06218695729533025
2026-01-03 01:30:00,AWS_03,0,normal,none,0,0.03116266578794269
2026-01-03 01:45:00,AWS_03,0,normal,none,0,0.05944485854053749
2026-01-03 02:00:00,AWS_03,0,normal,none,0,0.0747300912731726
2026-01-03 02:15:00,AWS_03,0,normal,none,0,0.07936808597071943
2026-01-03 02:30:00,AWS_03,0,normal,none,0,0.03823852496391866
2026-01-03 02:45:00,AWS_03,0,normal,none,1,-0.022031740368370856
2026-01-03 03:00:00,AWS_03,0,normal,none,1,-0.024139795019101684
2026-01-03 03:15:00,AWS_03,0,normal,none,0,0.06573165058366787
2026-01-03 03:30:00,AWS_03,0,normal,none,0,0.017804508425218912
2026-01-03 03:45:00,AWS_03,0,normal,none,1,-0.0058377130889096795
2026-01-03 04:00:00,AWS_03,0,normal,none,0,0.0474631081035603
2026-01-03 04:15:00,AWS_03,0,normal,none,0,0.014812508353912568
2026-01-03 04:30:00,AWS_03,0,normal,none,1,-0.0004972580424023043
2026-01-03 04:45:00,AWS_03,0,normal,none,0,0.04908319302210218
2026-01-03 05:00:00,AWS_03,0,normal,none,1,-0.05019136149986381
2026-01-03 05:15:00,AWS_03,0,normal,none,0,0.03337070233276318
2026-01-03 05:30:00,AWS_03,0,normal,none,0,0.008515778171660215
2026-01-03 05:45:00,AWS_03,0,normal,none,0,0.06708293931795306
2026-01-03 06:00:00,AWS_03,0,normal,none,0,0.056343518074066457
2026-01-03 06:15:00,AWS_03,0,normal,none,1,-0.007883907705594884
2026-01-03 06:30:00,AWS_03,0,normal,none,0,0.018810840693090136
2026-01-03 06:45:00,AWS_03,0,normal,none,0,0.06898167600195826
2026-01-03 07:00:00,AWS_03,0,normal,none,0,0.08254255829700502
2026-01-03 07:15:00,AWS_03,0,normal,none,0,0.06274146263162195
2026-01-03 07:30:00,AWS_03,0,normal,none,0,0.03389476932487967
2026-01-03 07:45:00,AWS_03,0,normal,none,0,0.0550268258077678
2026-01-03 08:00:00,AWS_03,0,normal,none,1,-0.0469909177675949
2026-01-03 08:15:00,AWS_03,0,normal,none,0,0.043959297035545464
2026-01-03 08:30:00,AWS_03,0,normal,none,0,0.056355503510069405
2026-01-03 08:45:00,AWS_03,0,normal,none,1,-0.02364202704843532
2026-01-03 09:00:00,AWS_03,0,normal,none,1,-0.003622393867229623
2026-01-03 09:15:00,AWS_03,0,normal,none,0,0.044586292420526086
2026-01-03 09:30:00,AWS_03,0,normal,none,0,0.01731366734639045
2026-01-03 09:45:00,AWS_03,0,normal,none,0,0.05266658886566561
2026-01-03 10:00:00,AWS_03,0,normal,none,0,0.0443253164680687
2026-01-03 10:15:00,AWS_03,0,normal,none,0,0.00013230852115325709
2026-01-03 10:30:00,AWS_03,0,normal,none,0,0.04202767379697281
2026-01-03 10:45:00,AWS_03,0,normal,none,0,0.04616451311057207
2026-01-03 11:00:00,AWS_03,0,normal,none,0,0.052657395140675356
2026-01-03 11:15:00,AWS_03,0,normal,none,0,0.0481660974174245
2026-01-03 11:30:00,AWS_03,0,normal,none,0,0.03585493057223199
2026-01-03 11:45:00,AWS_03,0,normal,none,0,0.04537459245149966
2026-01-03 12:00:00,AWS_03,0,normal,none,0,0.05241837070714905
2026-01-03 12:15:00,AWS_03,0,normal,none,0,0.058209839499997196
2026-01-03 12:30:00,AWS_03,0,normal,none,0,0.026981110001830566
2026-01-03 12:45:00,AWS_03,0,normal,none,1,-0.017149465555772903
2026-01-03 13:00:00,AWS_03,0,normal,none,0,0.013131262614119288
2026-01-03 13:15:00,AWS_03,0,normal,none,1,-0.018396652652410417
2026-01-03 13:30:00,AWS_03,0,normal,none,1,-0.0022430802156162555
2026-01-03 13:45:00,AWS_03,0,normal,none,0,0.008915974792930936
2026-01-03 14:00:00,AWS_03,0,normal,none,1,-0.004210936008620658
2026-01-03 14:15:00,AWS_03,0,normal,none,0,0.016322574761336306
2026-01-03 14:30:00,AWS_03,0,normal,none,1,-0.036238652506830005
2026-01-03 14:45:00,AWS_03,0,normal,none,1,-0.01924038025005248
2026-01-03 15:00:00,AWS_03,0,normal,none,1,-0.07916552765065987
2026-01-03 15:15:00,AWS_03,0,normal,none,1,-0.037072025489537586
2026-01-03 15:30:00,AWS_03,0,normal,none,0,0.015608200802403882
2026-01-03 15:45:00,AWS_03,0,normal,none,0,0.016106372993378915
2026-01-03 16:00:00,AWS_03,0,normal,none,0,0.024756648321073327
2026-01-03 16:15:00,AWS_03,0,normal,none,0,0.017819720690536722
2026-01-03 16:30:00,AWS_03,0,normal,none,0,0.022177893617769118
2026-01-03 16:45:00,AWS_03,0,normal,none,0,0.007144640347831632
2026-01-03 17:00:00,AWS_03,0,normal,none,0,0.03985457406944043
2026-01-03 17:15:00,AWS_03,0,normal,none,0,0.03288610645974527
2026-01-03 17:30:00,AWS_03,0,normal,none,0,0.034344425988942995
2026-01-03 17:45:00,AWS_03,0,normal,none,1,-0.0035463181953895306
2026-01-03 18:00:00,AWS_03,0,normal,none,0,0.02026784324436165
2026-01-03 18:15:00,AWS_03,0,normal,none,0,0.045415888298830864
2026-01-03 18:30:00,AWS_03,0,normal,none,0,0.05824102023257671
2026-01-03 18:45:00,AWS_03,0,normal,none,0,0.03455166135297427
2026-01-03 19:00:00,AWS_03,0,normal,none,1,-0.032609397739100765
2026-01-03 19:15:00,AWS_03,0,normal,none,1,-0.0051736223978055
2026-01-03 19:30:00,AWS_03,0,normal,none,0,0.05414277874248352
2026-01-03 19:45:00,AWS_03,0,normal,none,0,0.05370485862307528
2026-01-03 20:00:00,AWS_03,0,normal,none,0,0.055062181857432224
2026-01-03 20:15:00,AWS_03,0,normal,none,0,0.06273310020590572
2026-01-03 20:30:00,AWS_03,0,normal,none,0,0.02434018058582299
2026-01-03 20:45:00,AWS_03,0,normal,none,0,0.05463379481094632
2026-01-03 21:00:00,AWS_03,0,normal,none,0,0.03867614824276183
2026-01-03 21:15:00,AWS_03,0,normal,none,0,0.053225322142679166
2026-01-03 21:30:00,AWS_03,0,normal,none,0,0.027358894217522745
2026-01-03 21:45:00,AWS_03,0,normal,none,0,0.07423447018423307
2026-01-03 22:00:00,AWS_03,0,normal,none,0,0.045338618446364776
2026-01-03 22:15:00,AWS_03,0,normal,none,0,0.04202208654632805
2026-01-03 22:30:00,AWS_03,0,normal,none,0,0.05060356403450511
2026-01-03 22:45:00,AWS_03,0,normal,none,0,0.019354738925432546
2026-01-03 23:00:00,AWS_03,0,normal,none,0,0.03075430465723933
2026-01-03 23:15:00,AWS_03,0,normal,none,0,0.06266145491006042
2026-01-03 23:30:00,AWS_03,0,normal,none,0,0.003186097477237637
2026-01-03 23:45:00,AWS_03,0,normal,none,0,0.01189806795085352
2026-01-04 00:00:00,AWS_03,0,normal,none,0,0.04390499421666949
2026-01-04 00:15:00,AWS_03,0,normal,none,0,0.05568288632231866
2026-01-04 00:30:00,AWS_03,0,normal,none,1,-0.068421049831484
2026-01-04 00:45:00,AWS_03,0,normal,none,0,0.019010969604046968
2026-01-04 01:00:00,AWS_03,0,normal,none,0,0.027392837894855526
2026-01-04 01:15:00,AWS_03,0,normal,none,0,0.024984303671530872
2026-01-04 01:30:00,AWS_03,0,normal,none,0,0.00958500587000688
2026-01-04 01:45:00,AWS_03,0,normal,none,0,0.041380142089827265
2026-01-04 02:00:00,AWS_03,0,normal,none,0,0.01154772324226816
2026-01-04 02:15:00,AWS_03,0,normal,none,0,0.06218149681999935
2026-01-04 02:30:00,AWS_03,0,normal,none,0,0.015925108694576917
2026-01-04 02:45:00,AWS_03,0,normal,none,0,0.0466364221512412
2026-01-04 03:00:00,AWS_03,0,normal,none,0,0.029186704581796785
2026-01-04 03:15:00,AWS_03,0,normal,none,0,0.012035523723287145
2026-01-04 03:30:00,AWS_03,0,normal,none,1,-0.02760583387968152
2026-01-04 03:45:00,AWS_03,0,normal,none,0,0.04431404460162519
2026-01-04 04:00:00,AWS_03,0,normal,none,0,0.021678035141351637
2026-01-04 04:15:00,AWS_03,0,normal,none,0,0.053828035539510544
2026-01-04 04:30:00,AWS_03,0,normal,none,0,0.036477298104538924
2026-01-04 04:45:00,AWS_03,0,normal,none,0,0.030440982206342337
2026-01-04 05:00:00,AWS_03,0,normal,none,1,-0.00438953823681576
2026-01-04 05:15:00,AWS_03,0,normal,none,0,0.016109746567783245
2026-01-04 05:30:00,AWS_03,0,normal,none,0,0.023266814082028797
2026-01-04 05:45:00,AWS_03,0,normal,none,0,0.05101865321589227
2026-01-04 06:00:00,AWS_03,0,normal,none,0,0.030944111901565152
2026-01-04 06:15:00,AWS_03,0,normal,none,1,-0.05693315481591743
2026-01-04 06:30:00,AWS_03,0,normal,none,0,0.049457651457851304
2026-01-04 06:45:00,AWS_03,0,normal,none,0,0.045613041011073996
2026-01-04 07:00:00,AWS_03,0,normal,none,0,0.06574898772243387
2026-01-04 07:15:00,AWS_03,0,normal,none,0,0.02200852796993813
2026-01-04 07:30:00,AWS_03,0,normal,none,0,0.07104122723635864
2026-01-04 07:45:00,AWS_03,0,normal,none,0,0.02086104544216083
2026-01-04 08:00:00,AWS_03,0,normal,none,0,0.060002166808962976
2026-01-04 08:15:00,AWS_03,0,normal,none,0,0.0427945006883505
2026-01-04 08:30:00,AWS_03,0,normal,none,0,0.0614662438640865
2026-01-04 08:45:00,AWS_03,0,normal,none,0,0.03508500620284649
2026-01-04 09:00:00,AWS_03,0,normal,none,0,0.03215382592881444
2026-01-04 09:15:00,AWS_03,0,normal,none,0,0.07472481988109525
2026-01-04 09:30:00,AWS_03,0,normal,none,0,0.08213584396981477
2026-01-04 09:45:00,AWS_03,0,normal,none,0,0.0670961444367098
2026-01-04 10:00:00,AWS_03,0,normal,none,0,0.06954639659717943
2026-01-04 10:15:00,AWS_03,0,normal,none,0,0.08729039596156352
2026-01-04 10:30:00,AWS_03,0,normal,none,0,0.08142550503171742
2026-01-04 10:45:00,AWS_03,0,normal,none,0,0.07497699657182672
2026-01-04 11:00:00,AWS_03,0,normal,none,1,-0.015569147270269479
2026-01-04 11:15:00,AWS_03,0,normal,none,0,0.05962101913099915
2026-01-04 11:30:00,AWS_03,0,normal,none,0,0.028312620892265217
2026-01-04 11:45:00,AWS_03,0,normal,none,0,0.04667871507106364
2026-01-04 12:00:00,AWS_03,0,normal,none,0,0.043447977722671505
2026-01-04 12:15:00,AWS_03,0,normal,none,0,0.013205306956620422
2026-01-04 12:30:00,AWS_03,0,normal,none,0,0.050706401936919554
2026-01-04 12:45:00,AWS_03,0,normal,none,0,0.006821317035014762
2026-01-04 13:00:00,AWS_03,0,normal,none,0,0.004906591799195337
2026-01-04 13:15:00,AWS_03,0,normal,none,0,0.016325744984876267
2026-01-04 13:30:00,AWS_03,0,normal,none,1,-0.03148573207991712
2026-01-04 13:45:00,AWS_03,0,normal,none,0,0.03644810483453165
2026-01-04 14:00:00,AWS_03,0,normal,none,1,-0.08580952630547833
2026-01-04 14:15:00,AWS_03,0,normal,none,0,0.02475247767840122
2026-01-04 14:30:00,AWS_03,0,normal,none,0,0.008689475445898598
2026-01-04 14:45:00,AWS_03,0,normal,none,1,-0.0046137873360202475
2026-01-04 15:00:00,AWS_03,0,normal,none,0,0.010491342859761832
2026-01-04 15:15:00,AWS_03,0,normal,none,1,-0.02038342209383226
2026-01-04 15:30:00,AWS_03,0,normal,none,1,-0.01017827355479406
2026-01-04 15:45:00,AWS_03,0,normal,none,0,0.032653931960260674
2026-01-04 16:00:00,AWS_03,0,normal,none,0,0.04741130230992763
2026-01-04 16:15:00,AWS_03,0,normal,none,1,-0.027464943446382062
2026-01-04 16:30:00,AWS_03,0,normal,none,0,0.034529684248198134
2026-01-04 16:45:00,AWS_03,0,normal,none,0,0.026001268597933114
2026-01-04 17:00:00,AWS_03,0,normal,none,0,0.026173747539077974
2026-01-04 17:15:00,AWS_03,0,normal,none,0,0.048348662142380816
2026-01-04 17:30:00,AWS_03,0,normal,none,0,0.0280168982736958
2026-01-04 17:45:00,AWS_03,0,normal,none,0,0.058149820537954866
2026-01-04 18:00:00,AWS_03,0,normal,none,0,0.024254046933586626
2026-01-04 18:15:00,AWS_03,0,normal,none,0,0.03738045523471406
2026-01-04 18:30:00,AWS_03,0,normal,none,0,0.014986012887792888
2026-01-04 18:45:00,AWS_03,0,normal,none,0,0.043496003980940945
2026-01-04 19:00:00,AWS_03,0,normal,none,1,-0.015868562813907028
2026-01-04 19:15:00,AWS_03,0,normal,none,1,-0.04389565455371103
2026-01-04 19:30:00,AWS_03,0,normal,none,0,0.0833413089086194
2026-01-04 19:45:00,AWS_03,0,normal,none,0,0.04243845626036835
2026-01-04 20:00:00,AWS_03,0,normal,none,0,0.0862364901513446
2026-01-04 20:15:00,AWS_03,0,normal,none,0,0.0866414677745665
2026-01-04 20:30:00,AWS_03,0,normal,none,0,0.07239326588637612
2026-01-04 20:45:00,AWS_03,0,normal,none,0,0.07327572820376527
2026-01-04 21:00:00,AWS_03,0,normal,none,1,-0.01032776443311989
2026-01-04 21:15:00,AWS_03,0,normal,none,0,0.015756493604721644
2026-01-04 21:30:00,AWS_03,0,normal,none,0,0.09224855041290603
2026-01-04 21:45:00,AWS_03,0,normal,none,0,0.04618248174775458
2026-01-04 22:00:00,AWS_03,0,normal,none,0,0.026957204427648096
2026-01-04 22:15:00,AWS_03,0,normal,none,0,0.044591650175339004
2026-01-04 22:30:00,AWS_03,0,normal,none,0,0.009962693761118357
2026-01-04 22:45:00,AWS_03,0,normal,none,0,0.00705901338101278
2026-01-04 23:00:00,AWS_03,0,normal,none,0,0.001425996501974447
2026-01-04 23:15:00,AWS_03,0,normal,none,0,0.04240692908613575
2026-01-04 23:30:00,AWS_03,0,normal,none,0,0.044200875376531557
2026-01-04 23:45:00,AWS_03,0,normal,none,0,0.03767141365755533
2026-01-05 00:00:00,AWS_03,0,normal,none,0,0.028970314562798083
2026-01-05 00:15:00,AWS_03,0,normal,none,0,0.05161734554208969
2026-01-05 00:30:00,AWS_03,0,normal,none,1,-0.0594278309739682
2026-01-05 00:45:00,AWS_03,0,normal,none,0,0.032742022750295974
2026-01-05 01:00:00,AWS_03,0,normal,none,0,0.02040953963906611
2026-01-05 01:15:00,AWS_03,0,normal,none,0,0.013418731948126428
2026-01-05 01:30:00,AWS_03,0,normal,none,0,0.01391747992842507
2026-01-05 01:45:00,AWS_03,0,normal,none,0,0.005532853315473263
2026-01-05 02:00:00,AWS_03,0,normal,none,0,0.025051628414791027
2026-01-05 02:15:00,AWS_03,0,normal,none,0,0.031870733687548
2026-01-05 02:30:00,AWS_03,0,normal,none,0,0.000248500206330049
2026-01-05 02:45:00,AWS_03,0,normal,none,0,0.019533311454567936
2026-01-05 03:00:00,AWS_03,0,normal,none,1,-0.010265164086352918
2026-01-05 03:15:00,AWS_03,0,normal,none,0,0.017389976780029404
2026-01-05 03:30:00,AWS_03,0,normal,none,0,0.005275919957436037
2026-01-05 03:45:00,AWS_03,0,normal,none,1,-0.053304010563780424
2026-01-05 04:00:00,AWS_03,0,normal,none,1,-0.024868257801702764
2026-01-05 04:15:00,AWS_03,0,normal,none,1,-0.02245417980260167
2026-01-05 04:30:00,AWS_03,0,normal,none,0,0.020709368099963654
2026-01-05 04:45:00,AWS_03,0,normal,none,1,-0.01893985629927364
2026-01-05 05:00:00,AWS_03,0,normal,none,1,-0.007612965459883991
2026-01-05 05:15:00,AWS_03,0,normal,none,0,0.014247223575708012
2026-01-05 05:30:00,AWS_03,0,normal,none,1,-0.03958529999673699
2026-01-05 05:45:00,AWS_03,0,normal,none,1,-0.003925154230257744
2026-01-05 06:00:00,AWS_03,0,normal,none,0,0.03722573057230544
2026-01-05 06:15:00,AWS_03,0,normal,none,0,0.03846565030401089
2026-01-05 06:30:00,AWS_03,0,normal,none,0,0.03391064088969359
2026-01-05 06:45:00,AWS_03,0,normal,none,0,0.0043767576660953544
2026-01-05 07:00:00,AWS_03,0,normal,none,0,0.03867037443658239
2026-01-05 07:15:00,AWS_03,0,normal,none,0,0.022610056768176345
2026-01-05 07:30:00,AWS_03,0,normal,none,0,0.053309312018020305
2026-01-05 07:45:00,AWS_03,0,normal,none,0,0.06793691033388621
2026-01-05 08:00:00,AWS_03,0,normal,none,0,0.049209065009419684
2026-01-05 08:15:00,AWS_03,0,normal,none,0,0.05258815535457362
2026-01-05 08:30:00,AWS_03,0,normal,none,0,0.07178780972628146
2026-01-05 08:45:00,AWS_03,0,normal,none,0,0.07815777804683527
2026-01-05 09:00:00,AWS_03,0,normal,none,0,0.013734490797109367
2026-01-05 09:15:00,AWS_03,0,normal,none,0,0.006648879776018524
2026-01-05 09:30:00,AWS_03,0,normal,none,0,0.020050037168488632
2026-01-05 09:45:00,AWS_03,0,normal,none,0,0.031697295275887105
2026-01-05 10:00:00,AWS_03,0,normal,none,1,-0.021320772038687097
2026-01-05 10:15:00,AWS_03,0,normal,none,0,0.05637230535321125
2026-01-05 10:30:00,AWS_03,0,normal,none,0,0.060780133599656005
2026-01-05 10:45:00,AWS_03,0,normal,none,0,0.025613667362326953
2026-01-05 11:00:00,AWS_03,0,normal,none,0,0.008022306413609681
2026-01-05 11:15:00,AWS_03,0,normal,none,0,0.03825787626638072
2026-01-05 11:30:00,AWS_03,0,normal,none,0,0.04395082477346285
2026-01-05 11:45:00,AWS_03,0,normal,none,0,0.0548857286719468
2026-01-05 12:00:00,AWS_03,0,normal,none,0,0.060982471131402094
2026-01-05 12:15:00,AWS_03,0,normal,none,1,-0.009144672505955742
2026-01-05 12:30:00,AWS_03,0,normal,none,1,-0.014358429804471218
2026-01-05 12:45:00,AWS_03,0,normal,none,1,-0.06498345699745578
2026-01-05 13:00:00,AWS_03,0,normal,none,0,0.03460210297738203
2026-01-05 13:15:00,AWS_03,0,normal,none,0,0.027077840331276304
2026-01-05 13:30:00,AWS_03,0,normal,none,0,0.019173300471203525
2026-01-05 13:45:00,AWS_03,0,normal,none,0,0.023485514024791432
2026-01-05 14:00:00,AWS_03,0,normal,none,0,0.015937225487355045
2026-01-05 14:15:00,AWS_03,0,normal,none,1,-0.03596665091082851
2026-01-05 14:30:00,AWS_03,0,normal,none,0,0.006803880810990592
2026-01-05 14:45:00,AWS_03,0,normal,none,0,0.0013722303036763361
2026-01-05 15:00:00,AWS_03,0,normal,none,1,-0.010292716240968391
2026-01-05 15:15:00,AWS_03,0,normal,none,0,0.016324036738527337
2026-01-05 15:30:00,AWS_03,0,normal,none,0,0.020709629234488935
2026-01-05 15:45:00,AWS_03,0,normal,none,1,-0.05717285170465247
2026-01-05 16:00:00,AWS_03,0,normal,none,0,0.024582664916160457
2026-01-05 16:15:00,AWS_03,0,normal,none,0,0.02502871567264342
2026-01-05 16:30:00,AWS_03,0,normal,none,1,-0.06643072897259017
2026-01-05 16:45:00,AWS_03,0,normal,none,1,-0.03650839691750807
2026-01-05 17:00:00,AWS_03,0,normal,none,1,-0.023369536723442108
2026-01-05 17:15:00,AWS_03,0,normal,none,1,-0.0169115902549698
2026-01-05 17:30:00,AWS_03,0,normal,none,0,0.015522092507237573
2026-01-05 17:45:00,AWS_03,0,normal,none,1,-0.05929447027665358
2026-01-05 18:00:00,AWS_03,0,normal,none,0,0.00848167132134614
2026-01-05 18:15:00,AWS_03,0,normal,none,0,0.004633734250039323
2026-01-05 18:30:00,AWS_03,0,normal,none,0,0.03772200106779866
2026-01-05 18:45:00,AWS_03,0,normal,none,0,0.019454730993809732
2026-01-05 19:00:00,AWS_03,0,normal,none,0,0.05207695801907747
2026-01-05 19:15:00,AWS_03,0,normal,none,0,0.023047172292480156
2026-01-05 19:30:00,AWS_03,0,normal,none,0,0.005870665375144135
2026-01-05 19:45:00,AWS_03,0,normal,none,0,0.06214149520118323
2026-01-05 20:00:00,AWS_03,0,normal,none,0,0.07378929923396632
2026-01-05 20:15:00,AWS_03,0,normal,none,0,0.039540495998299785
2026-01-05 20:30:00,AWS_03,0,normal,none,0,0.07045491871140025
2026-01-05 20:45:00,AWS_03,0,normal,none,0,0.08892300946606418
2026-01-05 21:00:00,AWS_03,0,normal,none,0,0.05606993205782779
2026-01-05 21:15:00,AWS_03,0,normal,none,0,0.003755957066713611
2026-01-05 21:30:00,AWS_03,0,normal,none,0,0.05750317904855923
2026-01-05 21:45:00,AWS_03,0,normal,none,0,0.04113661195889701
2026-01-05 22:00:00,AWS_03,0,normal,none,0,0.08350123629258954
2026-01-05 22:15:00,AWS_03,0,normal,none,0,0.0392982930569446
2026-01-05 22:30:00,AWS_03,0,normal,none,0,0.0776228196087006
2026-01-05 22:45:00,AWS_03,0,normal,none,0,0.08105248890807554
2026-01-05 23:00:00,AWS_03,0,normal,none,0,0.04121121175428105
2026-01-05 23:15:00,AWS_03,0,normal,none,0,0.008696011004914128
2026-01-05 23:30:00,AWS_03,0,normal,none,0,0.06774494892610933
2026-01-05 23:45:00,AWS_03,0,normal,none,0,0.001499541646836744
2026-01-06 00:00:00,AWS_03,0,normal,none,0,0.05458712224211765
2026-01-06 00:15:00,AWS_03,0,normal,none,1,-0.021946591938556748
2026-01-06 00:30:00,AWS_03,0,normal,none,0,0.030110300842473348
2026-01-06 00:45:00,AWS_03,0,normal,none,0,0.06732172430447675
2026-01-06 01:00:00,AWS_03,0,normal,none,0,0.05395095012541218
2026-01-06 01:15:00,AWS_03,0,normal,none,0,0.049632035536874786
2026-01-06 01:30:00,AWS_03,0,normal,none,0,0.05538427945662622
2026-01-06 01:45:00,AWS_03,0,normal,none,0,0.05659050827775114
2026-01-06 02:00:00,AWS_03,0,normal,none,0,0.044013536165384115
2026-01-06 02:15:00,AWS_03,0,normal,none,0,0.018851742187600773
2026-01-06 02:30:00,AWS_03,0,normal,none,0,0.012473909990373344
2026-01-06 02:45:00,AWS_03,0,normal,none,1,-0.06285310241559183
2026-01-06 03:00:00,AWS_03,0,normal,none,0,0.05298272942624971
2026-01-06 03:15:00,AWS_03,0,normal,none,0,0.03046083037396513
2026-01-06 03:30:00,AWS_03,0,normal,none,0,0.025437767182138915
2026-01-06 03:45:00,AWS_03,0,normal,none,0,0.046876592859474375
2026-01-06 04:00:00,AWS_03,0,normal,none,1,-0.027080391646239987
2026-01-06 04:15:00,AWS_03,0,normal,none,0,0.014828640708505203
2026-01-06 04:30:00,AWS_03,0,normal,none,1,-0.012898666957534055
2026-01-06 04:45:00,AWS_03,0,normal,none,0,0.038505742743917215
2026-01-06 05:00:00,AWS_03,0,normal,none,0,0.0689667316899828
2026-01-06 05:15:00,AWS_03,0,normal,none,0,0.07471550343674965
2026-01-06 05:30:00,AWS_03,0,normal,none,0,0.04876597471909616
2026-01-06 05:45:00,AWS_03,0,normal,none,0,0.050530446053836164
2026-01-06 06:00:00,AWS_03,0,normal,none,0,0.04257431762672842
2026-01-06 06:15:00,AWS_03,0,normal,none,0,0.07006592471598205
2026-01-06 06:30:00,AWS_03,0,normal,none,1,-0.005431833315262868
2026-01-06 06:45:00,AWS_03,0,normal,none,0,0.03601850541714757
2026-01-06 07:00:00,AWS_03,0,normal,none,0,0.012610771387535913
2026-01-06 07:15:00,AWS_03,0,normal,none,0,0.037951827831016416
2026-01-06 07:30:00,AWS_03,0,normal,none,0,0.014096139324215495
2026-01-06 07:45:00,AWS_03,0,normal,none,0,0.009269000579210651
2026-01-06 08:00:00,AWS_03,0,normal,none,0,0.05564684695800087
2026-01-06 08:15:00,AWS_03,0,normal,none,0,0.06152675484848247
2026-01-06 08:30:00,AWS_03,0,normal,none,0,0.06592637907582083
2026-01-06 08:45:00,AWS_03,0,normal,none,0,0.05518091344245313
2026-01-06 09:00:00,AWS_03,0,normal,none,0,0.07619892672162493
2026-01-06 09:15:00,AWS_03,0,normal,none,0,0.07004150758801142
2026-01-06 09:30:00,AWS_03,0,normal,none,0,0.020028210575746552
2026-01-06 09:45:00,AWS_03,0,normal,none,0,0.03728133288704938
2026-01-06 10:00:00,AWS_03,0,normal,none,0,0.06712270887981525
2026-01-06 10:15:00,AWS_03,0,normal,none,0,0.06463681900330609
2026-01-06 10:30:00,AWS_03,0,normal,none,0,0.0680142239238376
2026-01-06 10:45:00,AWS_03,0,normal,none,1,-0.012170354084425017
2026-01-06 11:00:00,AWS_03,0,normal,none,0,0.023138849769128833
2026-01-06 11:15:00,AWS_03,0,normal,none,0,0.03206749403722192
2026-01-06 11:30:00,AWS_03,0,normal,none,0,0.0532497007342812
2026-01-06 11:45:00,AWS_03,0,normal,none,0,0.047942914611385556
2026-01-06 12:00:00,AWS_03,0,normal,none,0,0.056119687673686414
2026-01-06 12:15:00,AWS_03,0,normal,none,0,0.056621383016361215
2026-01-06 12:30:00,AWS_03,0,normal,none,0,0.06393257618230669
2026-01-06 12:45:00,AWS_03,0,normal,none,1,-0.004765272254408703
2026-01-06 13:00:00,AWS_03,0,normal,none,1,-0.05507025071574845
2026-01-06 13:15:00,AWS_03,0,normal,none,0,0.022678879770920313
2026-01-06 13:30:00,AWS_03,0,normal,none,0,0.05787878807988561
2026-01-06 13:45:00,AWS_03,0,normal,none,0,0.008004201389633536
2026-01-06 14:00:00,AWS_03,0,normal,none,0,0.02448155311007083
2026-01-06 14:15:00,AWS_03,0,normal,none,1,-0.041846456647467556
2026-01-06 14:30:00,AWS_03,0,normal,none,0,0.020070068248316586
2026-01-06 14:45:00,AWS_03,0,normal,none,0,0.01952786302824444
2026-01-06 15:00:00,AWS_03,0,normal,none,0,0.03498759683788
2026-01-06 15:15:00,AWS_03,0,normal,none,0,0.025460594090471134
2026-01-06 15:30:00,AWS_03,0,normal,none,1,-0.027718086858868785
2026-01-06 15:45:00,AWS_03,0,normal,none,1,-0.014403884488954577
2026-01-06 16:00:00,AWS_03,0,normal,none,0,0.024699599920719906
2026-01-06 16:15:00,AWS_03,0,normal,none,0,0.026642105979024666
2026-01-06 16:30:00,AWS_03,0,normal,none,0,0.005090386618124776
2026-01-06 16:45:00,AWS_03,0,normal,none,1,-0.015990956142409307
2026-01-06 17:00:00,AWS_03,0,normal,none,1,-0.018508791111647382
2026-01-06 17:15:00,AWS_03,0,normal,none,0,0.0455177080448298
2026-01-06 17:30:00,AWS_03,0,normal,none,0,0.04766060650917531
2026-01-06 17:45:00,AWS_03,0,normal,none,0,0.046830518921339104
2026-01-06 18:00:00,AWS_03,0,normal,none,0,0.04540401356980012
2026-01-06 18:15:00,AWS_03,0,normal,none,0,0.010020864242680172
2026-01-06 18:30:00,AWS_03,0,normal,none,0,0.0713186916800519
2026-01-06 18:45:00,AWS_03,0,normal,none,0,0.06195486426343222
2026-01-06 19:00:00,AWS_03,0,normal,none,0,0.08470149753374445
2026-01-06 19:15:00,AWS_03,0,normal,none,0,0.07287594150916243
2026-01-06 19:30:00,AWS_03,0,normal,none,0,0.019538411016144674
2026-01-06 19:45:00,AWS_03,0,normal,none,0,0.08643791619299118
2026-01-06 20:00:00,AWS_03,0,normal,none,1,-0.03914678106195013
2026-01-06 20:15:00,AWS_03,0,normal,none,1,-0.013623665285827369
2026-01-06 20:30:00,AWS_03,0,normal,none,0,0.046267835425258974
2026-01-06 20:45:00,AWS_03,0,normal,none,0,0.08191916395167786
2026-01-06 21:00:00,AWS_03,0,normal,none,0,0.007653575258174394
2026-01-06 21:15:00,AWS_03,0,normal,none,0,0.056143099457393264
2026-01-06 21:30:00,AWS_03,0,normal,none,0,0.043024740753008495
2026-01-06 21:45:00,AWS_03,0,normal,none,0,0.03219542421326338
2026-01-06 22:00:00,AWS_03,0,normal,none,0,0.007525040568198027
2026-01-06 22:15:00,AWS_03,0,normal,none,0,0.03423549170411738
2026-01-06 22:30:00,AWS_03,0,normal,none,0,0.037583469037833495
2026-01-06 22:45:00,AWS_03,0,normal,none,0,0.06793715037124809
2026-01-06 23:00:00,AWS_03,0,normal,none,0,0.07934871923872505
2026-01-06 23:15:00,AWS_03,0,normal,none,0,0.07840373670486112
2026-01-06 23:30:00,AWS_03,0,normal,none,0,0.07207742129879446
2026-01-06 23:45:00,AWS_03,0,normal,none,0,0.07355295231727577
2026-01-07 00:00:00,AWS_03,0,normal,none,0,0.014194231448116101
2026-01-07 00:15:00,AWS_03,0,normal,none,0,0.029982890547780083
2026-01-07 00:30:00,AWS_03,0,normal,none,0,0.046964198833144954
2026-01-07 00:45:00,AWS_03,0,normal,none,0,0.030506218798078133
2026-01-07 01:00:00,AWS_03,0,normal,none,0,0.06789800824820541
2026-01-07 01:15:00,AWS_03,0,normal,none,0,0.031198302929390853
2026-01-07 01:30:00,AWS_03,0,normal,none,0,0.035467953065780544
2026-01-07 01:45:00,AWS_03,0,normal,none,0,0.025284310868324056
2026-01-07 02:00:00,AWS_03,0,normal,none,0,0.05071565320775129
2026-01-07 02:15:00,AWS_03,0,normal,none,0,0.07094781745503126
2026-01-07 02:30:00,AWS_03,0,normal,none,0,0.06630137990072366
2026-01-07 02:45:00,AWS_03,0,normal,none,0,0.006477256287234223
2026-01-07 03:00:00,AWS_03,0,normal,none,0,0.03715323971031781
2026-01-07 03:15:00,AWS_03,0,normal,none,0,0.06379854249648903
2026-01-07 03:30:00,AWS_03,0,normal,none,0,0.0506509432526554
2026-01-07 03:45:00,AWS_03,0,normal,none,0,0.04934281570760474
2026-01-07 04:00:00,AWS_03,0,normal,none,0,0.06389002394842275
2026-01-07 04:15:00,AWS_03,0,normal,none,0,0.06102260955018396
2026-01-07 04:30:00,AWS_03,0,normal,none,0,0.035275733448962454
2026-01-07 04:45:00,AWS_03,0,normal,none,0,0.031696594290618496
2026-01-07 05:00:00,AWS_03,0,normal,none,0,0.05990645699993152
2026-01-07 05:15:00,AWS_03,0,normal,none,0,0.008902236859004875
2026-01-07 05:30:00,AWS_03,0,normal,none,0,0.0658026651286609
2026-01-07 05:45:00,AWS_03,0,normal,none,0,0.06375739031890937
2026-01-07 06:00:00,AWS_03,0,normal,none,0,0.017086475665716083
2026-01-07 06:15:00,AWS_03,0,normal,none,0,0.07428998637074374
2026-01-07 06:30:00,AWS_03,0,normal,none,0,0.06775087455410844
2026-01-07 06:45:00,AWS_03,0,normal,none,0,0.06921634415670364
2026-01-07 07:00:00,AWS_03,0,normal,none,0,0.00024174203286930762
2026-01-07 07:15:00,AWS_03,0,normal,none,0,0.04105650592436583
2026-01-07 07:30:00,AWS_03,0,normal,none,0,0.019221883286694608
2026-01-07 07:45:00,AWS_03,0,normal,none,0,0.056188332720211454
2026-01-07 08:00:00,AWS_03,0,normal,none,0,0.048515224356512066
2026-01-07 08:15:00,AWS_03,0,normal,none,0,0.09206011889792465
2026-01-07 08:30:00,AWS_03,0,normal,none,0,0.06277608752185082
2026-01-07 08:45:00,AWS_03,0,normal,none,1,-0.056746529666435674
2026-01-07 09:00:00,AWS_03,0,normal,none,0,0.043744520509065465
2026-01-07 09:15:00,AWS_03,0,normal,none,0,0.07693655059464294
2026-01-07 09:30:00,AWS_03,0,normal,none,0,0.06248999532219873
2026-01-07 09:45:00,AWS_03,0,normal,none,0,0.07905997264404413
2026-01-07 10:00:00,AWS_03,0,normal,none,1,-0.0038226708911358598
2026-01-07 10:15:00,AWS_03,0,normal,none,0,0.04021028188080478
2026-01-07 10:30:00,AWS_03,0,normal,none,0,0.014142084280253098
2026-01-07 10:45:00,AWS_03,0,normal,none,0,0.06033299024355315
2026-01-07 11:00:00,AWS_03,0,normal,none,0,0.04749912620119312
2026-01-07 11:15:00,AWS_03,0,normal,none,0,0.0686918381940661
2026-01-07 11:30:00,AWS_03,0,normal,none,0,0.01564273273566341
2026-01-07 11:45:00,AWS_03,0,normal,none,0,0.03534607016221497
2026-01-07 12:00:00,AWS_03,0,normal,none,0,0.04507943255614738
2026-01-07 12:15:00,AWS_03,0,normal,none,0,0.019055165830808074
2026-01-07 12:30:00,AWS_03,0,normal,none,0,0.05228413049447839
2026-01-07 12:45:00,AWS_03,0,normal,none,0,0.046984428354736985
2026-01-07 13:00:00,AWS_03,0,normal,none,1,-0.014849631572695587
2026-01-07 13:15:00,AWS_03,0,normal,none,0,0.01530491756186697
2026-01-07 13:30:00,AWS_03,0,normal,none,1,-0.008319540857836927
2026-01-07 13:45:00,AWS_03,0,normal,none,0,0.02953725422521808
2026-01-07 14:00:00,AWS_03,0,normal,none,1,-0.025374173959973545
2026-01-07 14:15:00,AWS_03,0,normal,none,0,0.009807747818787238
2026-01-07 14:30:00,AWS_03,0,normal,none,1,-0.02893681088333888
2026-01-07 14:45:00,AWS_03,0,normal,none,1,-0.006488615475757298
2026-01-07 15:00:00,AWS_03,0,normal,none,1,-0.006982956565283804
2026-01-07 15:15:00,AWS_03,0,normal,none,0,0.008789123722887371
2026-01-07 15:30:00,AWS_03,0,normal,none,0,0.01854565416805176
2026-01-07 15:45:00,AWS_03,0,normal,none,1,-0.02959014244027336
2026-01-07 16:00:00,AWS_03,0,normal,none,0,0.023301133877145608
2026-01-07 16:15:00,AWS_03,0,normal,none,1,-0.04876782131063373
2026-01-07 16:30:00,AWS_03,0,normal,none,0,0.008027579339644264
2026-01-07 16:45:00,AWS_03,0,normal,none,0,0.010777063705125656
2026-01-07 17:00:00,AWS_03,0,normal,none,0,0.01116056440152241
2026-01-07 17:15:00,AWS_03,0,normal,none,1,-0.009274336360048707
2026-01-07 17:30:00,AWS_03,0,normal,none,0,0.02266170014673785
2026-01-07 17:45:00,AWS_03,0,normal,none,0,0.035378560923181424
2026-01-07 18:00:00,AWS_03,0,normal,none,0,0.04306123660141625
2026-01-07 18:15:00,AWS_03,0,normal,none,0,0.028560372275732326
2026-01-07 18:30:00,AWS_03,0,normal,none,1,-0.012807766367168405
2026-01-07 18:45:00,AWS_03,0,normal,none,0,0.018616253502289404
2026-01-07 19:00:00,AWS_03,0,normal,none,0,0.02869178839488562
2026-01-07 19:15:00,AWS_03,0,normal,none,0,0.037345281843601474
2026-01-07 19:30:00,AWS_03,0,normal,none,0,0.030913159053613304
2026-01-07 19:45:00,AWS_03,0,normal,none,0,0.01448119500026146
2026-01-07 20:00:00,AWS_03,0,normal,none,0,0.009022618549950734
2026-01-07 20:15:00,AWS_03,0,normal,none,0,0.020854670186392643
2026-01-07 20:30:00,AWS_03,0,normal,none,0,0.045060917272486956
2026-01-07 20:45:00,AWS_03,0,normal,none,0,0.02460982621851382
2026-01-07 21:00:00,AWS_03,0,normal,none,1,-0.017769436822739015
2026-01-07 21:15:00,AWS_03,0,normal,none,1,-0.01121005581178769
2026-01-07 21:30:00,AWS_03,0,normal,none,1,-0.004129551564707623
2026-01-07 21:45:00,AWS_03,0,normal,none,1,-0.023225313215303967
2026-01-07 22:00:00,AWS_03,0,normal,none,1,-0.011228330325560254
2026-01-07 22:15:00,AWS_03,0,normal,none,0,0.005065604525355483
2026-01-07 22:30:00,AWS_03,0,normal,none,0,0.021123762190181916
2026-01-07 22:45:00,AWS_03,0,normal,none,1,-0.02564921792583219
2026-01-07 23:00:00,AWS_03,0,normal,none,1,-0.04732984118186512
2026-01-07 23:15:00,AWS_03,0,normal,none,0,0.03241231667516653
2026-01-07 23:30:00,AWS_03,0,normal,none,0,0.030028455282240463
2026-01-07 23:45:00,AWS_03,0,normal,none,1,-0.0019385757062068132
2026-01-08 00:00:00,AWS_03,0,normal,none,1,-0.06096253106884697
2026-01-08 00:15:00,AWS_03,0,normal,none,0,0.0006156864956899377
2026-01-08 00:30:00,AWS_03,0,normal,none,0,0.03162303086229312
2026-01-08 00:45:00,AWS_03,0,normal,none,1,-0.06053083166134654
2026-01-08 01:00:00,AWS_03,0,normal,none,1,-0.010927052112291169
2026-01-08 01:15:00,AWS_03,0,normal,none,0,0.0004882116476119802
2026-01-08 01:30:00,AWS_03,0,normal,none,1,-0.007127660636264799
2026-01-08 01:45:00,AWS_03,0,normal,none,1,-0.019482899153067446
2026-01-08 02:00:00,AWS_03,0,normal,none,1,-0.024633477985146923
2026-01-08 02:15:00,AWS_03,0,normal,none,1,-0.049857198731682595
2026-01-08 02:30:00,AWS_03,0,normal,none,0,0.011260085564675448
2026-01-08 02:45:00,AWS_03,0,normal,none,1,-0.05193673754476713
2026-01-08 03:00:00,AWS_03,0,normal,none,1,-0.027679458923406397
2026-01-08 03:15:00,AWS_03,0,normal,none,0,0.010087590879076236
2026-01-08 03:30:00,AWS_03,0,normal,none,0,0.00764480496480785
2026-01-08 03:45:00,AWS_03,0,normal,none,1,-0.07600880803452092
2026-01-08 04:00:00,AWS_03,0,normal,none,0,0.03238471704446366
2026-01-08 04:15:00,AWS_03,0,normal,none,0,0.025519412964013277
2026-01-08 04:30:00,AWS_03,0,normal,none,0,0.04005641176933289
2026-01-08 04:45:00,AWS_03,0,normal,none,0,0.03221961334091378
2026-01-08 05:00:00,AWS_03,0,normal,none,0,0.024521510535492785
2026-01-08 05:15:00,AWS_03,0,normal,none,0,0.03886677328847549
2026-01-08 05:30:00,AWS_03,0,normal,none,1,-0.019581591140617416
2026-01-08 05:45:00,AWS_03,0,normal,none,0,0.03787384123138937
2026-01-08 06:00:00,AWS_03,0,normal,none,0,0.03783739675779452
2026-01-08 06:15:00,AWS_03,0,normal,none,0,0.004262359044245045
2026-01-08 06:30:00,AWS_03,0,normal,none,0,0.011248594965011627
2026-01-08 06:45:00,AWS_03,0,normal,none,0,0.02349938887223857
2026-01-08 07:00:00,AWS_03,0,normal,none,0,0.0333227143726077
2026-01-08 07:15:00,AWS_03,0,normal,none,0,0.05252048857760272
2026-01-08 07:30:00,AWS_03,0,normal,none,0,0.0629287420214375
2026-01-08 07:45:00,AWS_03,0,normal,none,1,-0.01712976073989747
2026-01-08 08:00:00,AWS_03,0,normal,none,0,0.011481021906645628
2026-01-08 08:15:00,AWS_03,0,normal,none,0,0.019345542158617335
2026-01-08 08:30:00,AWS_03,0,normal,none,0,0.030443540154998616
2026-01-08 08:45:00,AWS_03,0,normal,none,0,0.042219277629218566
2026-01-08 09:00:00,AWS_03,0,normal,none,0,0.0301577583066181
2026-01-08 09:15:00,AWS_03,0,normal,none,1,-0.008742983690177564
2026-01-08 09:30:00,AWS_03,0,normal,none,1,-0.06568045135459011
2026-01-08 09:45:00,AWS_03,0,normal,none,0,0.012635941234698078
2026-01-08 10:00:00,AWS_03,0,normal,none,0,0.05453883278389243
2026-01-08 10:15:00,AWS_03,0,normal,none,0,0.01659335559472702
2026-01-08 10:30:00,AWS_03,0,normal,none,1,-0.028582780837779764
2026-01-08 10:45:00,AWS_03,0,normal,none,0,0.019258380273510955
2026-01-08 11:00:00,AWS_03,0,normal,none,0,0.05958922103877923
2026-01-08 11:15:00,AWS_03,0,normal,none,0,0.056458840511392494
2026-01-08 11:30:00,AWS_03,0,normal,none,0,0.06409051589593567
2026-01-08 11:45:00,AWS_03,0,normal,none,1,-0.00672796616944582
2026-01-08 12:00:00,AWS_03,0,normal,none,0,0.0016359065371447379
2026-01-08 12:15:00,AWS_03,0,normal,none,0,0.016832585041666515
2026-01-08 12:30:00,AWS_03,0,normal,none,0,0.012640917434881216
2026-01-08 12:45:00,AWS_03,0,normal,none,0,0.04124543672692316
2026-01-08 13:00:00,AWS_03,0,normal,none,0,0.0016693649879403472
2026-01-08 13:15:00,AWS_03,0,normal,none,0,0.018578217041775202
2026-01-08 13:30:00,AWS_03,0,normal,none,1,-0.010270470846831858
2026-01-08 13:45:00,AWS_03,0,normal,none,0,0.007076440528483552
2026-01-08 14:00:00,AWS_03,0,normal,none,0,0.004030917636009879
2026-01-08 14:15:00,AWS_03,0,normal,none,1,-0.09169131759112781
2026-01-08 14:30:00,AWS_03,0,normal,none,1,-0.0004471543709002601
2026-01-08 14:45:00,AWS_03,0,normal,none,0,0.010072249146220846
2026-01-08 15:00:00,AWS_03,0,normal,none,1,-0.016542064966306946
2026-01-08 15:15:00,AWS_03,0,normal,none,0,0.0029513082548676683
2026-01-08 15:30:00,AWS_03,0,normal,none,0,0.013667023475915308
2026-01-08 15:45:00,AWS_03,0,normal,none,1,-0.013493356316550242
2026-01-08 16:00:00,AWS_03,0,normal,none,1,-0.022543309283685753
2026-01-08 16:15:00,AWS_03,0,normal,none,1,-0.015288009323773721
2026-01-08 16:30:00,AWS_03,0,normal,none,0,0.01707135136642507
2026-01-08 16:45:00,AWS_03,0,normal,none,0,0.005750462948013901
2026-01-08 17:00:00,AWS_03,0,normal,none,1,-0.026499058099806017
2026-01-08 17:15:00,AWS_03,0,normal,none,0,0.00020066633581594662
2026-01-08 17:30:00,AWS_03,0,normal,none,1,-0.0025383746035537724
2026-01-08 17:45:00,AWS_03,0,normal,none,0,0.0018833629910417482
2026-01-08 18:00:00,AWS_03,0,normal,none,1,-0.00985973539834617
2026-01-08 18:15:00,AWS_03,0,normal,none,1,-0.05680769560511545
2026-01-08 18:30:00,AWS_03,0,normal,none,0,0.010263943456904234
2026-01-08 18:45:00,AWS_03,0,normal,none,0,0.015080176476879703
2026-01-08 19:00:00,AWS_03,0,normal,none,0,0.001405926151729242
2026-01-08 19:15:00,AWS_03,0,normal,none,1,-0.026220966365934295
2026-01-08 19:30:00,AWS_03,0,normal,none,1,-0.026245388864160613
2026-01-08 19:45:00,AWS_03,0,normal,none,0,0.05129424988085185
2026-01-08 20:00:00,AWS_03,0,normal,none,0,0.04365472314890578
2026-01-08 20:15:00,AWS_03,0,normal,none,0,0.0036297872322424984
2026-01-08 20:30:00,AWS_03,0,normal,none,0,0.005148165757519807
2026-01-08 20:45:00,AWS_03,0,normal,none,0,0.013496260806399152
2026-01-08 21:00:00,AWS_03,0,normal,none,0,0.04430272978783556
2026-01-08 21:15:00,AWS_03,0,normal,none,0,0.002875977870733626
2026-01-08 21:30:00,AWS_03,0,normal,none,1,-0.03555610916173424
2026-01-08 21:45:00,AWS_03,0,normal,none,1,-0.026622243150251745
2026-01-08 22:00:00,AWS_03,0,normal,none,0,0.006799287276921806
2026-01-08 22:15:00,AWS_03,0,normal,none,0,0.011598674550320598
2026-01-08 22:30:00,AWS_03,0,normal,none,0,0.028454386571491797
2026-01-08 22:45:00,AWS_03,0,normal,none,1,-0.010182888015076164
2026-01-08 23:00:00,AWS_03,0,normal,none,1,-0.01843058572944245
2026-01-08 23:15:00,AWS_03,0,normal,none,0,0.020392966972595628
2026-01-08 23:30:00,AWS_03,0,normal,none,0,0.00950627179353708
2026-01-08 23:45:00,AWS_03,0,normal,none,0,0.009473226437119564
2026-01-09 00:00:00,AWS_03,0,normal,none,0,0.02943571101443304
2026-01-09 00:15:00,AWS_03,0,normal,none,0,0.03394607597778104
2026-01-09 00:30:00,AWS_03,0,normal,none,1,-0.020262900399384276
2026-01-09 00:45:00,AWS_03,0,normal,none,0,0.03915297996000994
2026-01-09 01:00:00,AWS_03,1,frozen_sensor,temperature,0,0.03143264745617763
2026-01-09 01:15:00,AWS_03,1,frozen_sensor,temperature,0,0.013742396045806404
2026-01-09 01:30:00,AWS_03,1,frozen_sensor,temperature,0,0.02273615826497072
2026-01-09 01:45:00,AWS_03,1,frozen_sensor,temperature,1,-0.00986848545479413
2026-01-09 02:00:00,AWS_03,1,frozen_sensor,temperature,1,-0.003730728097892544
2026-01-09 02:15:00,AWS_03,1,frozen_sensor,temperature,0,0.004702344363143263
2026-01-09 02:30:00,AWS_03,1,frozen_sensor,temperature,0,0.0017443372741302587
2026-01-09 02:45:00,AWS_03,1,frozen_sensor,temperature,0,0.036370160815528074
2026-01-09 03:00:00,AWS_03,1,frozen_sensor,temperature,1,-0.016289102393178156
2026-01-09 03:15:00,AWS_03,1,frozen_sensor,temperature,0,0.035719124882764464
2026-01-09 03:30:00,AWS_03,1,frozen_sensor,temperature,0,0.030446181099419434
2026-01-09 03:45:00,AWS_03,1,frozen_sensor,temperature,0,0.025509213352682636
2026-01-09 04:00:00,AWS_03,1,frozen_sensor,temperature,0,0.004215853428725269
2026-01-09 04:15:00,AWS_03,1,frozen_sensor,temperature,0,0.026003347633939966
2026-01-09 04:30:00,AWS_03,1,frozen_sensor,temperature,1,-0.03233336742406856
2026-01-09 04:45:00,AWS_03,1,frozen_sensor,temperature,1,-0.0016464429426610305
2026-01-09 05:00:00,AWS_03,1,frozen_sensor,temperature,1,-0.014161160733106803
2026-01-09 05:15:00,AWS_03,1,frozen_sensor,temperature,0,0.03011250563734008
2026-01-09 05:30:00,AWS_03,1,frozen_sensor,temperature,1,-0.004291436273609173
2026-01-09 05:45:00,AWS_03,1,frozen_sensor,temperature,0,0.03413935343945995
2026-01-09 06:00:00,AWS_03,1,frozen_sensor,temperature,0,0.036669494312553286
2026-01-09 06:15:00,AWS_03,1,frozen_sensor,temperature,0,0.0345970405639765
2026-01-09 06:30:00,AWS_03,1,frozen_sensor,temperature,0,0.03793574155312235
2026-01-09 06:45:00,AWS_03,1,frozen_sensor,temperature,1,-0.059491975956326715
2026-01-09 07:00:00,AWS_03,0,normal,none,0,0.00697954038658577
2026-01-09 07:15:00,AWS_03,0,normal,none,0,0.007037838833790222
2026-01-09 07:30:00,AWS_03,0,normal,none,0,0.026836805160608657
2026-01-09 07:45:00,AWS_03,0,normal,none,0,0.04943808889768225
2026-01-09 08:00:00,AWS_03,0,normal,none,1,-0.00362045725294724
2026-01-09 08:15:00,AWS_03,0,normal,none,0,0.06525617463085381
2026-01-09 08:30:00,AWS_03,0,normal,none,0,0.03201091884394153
2026-01-09 08:45:00,AWS_03,0,normal,none,0,0.04525762962519875
2026-01-09 09:00:00,AWS_03,0,normal,none,0,0.0590383790910709
2026-01-09 09:15:00,AWS_03,0,normal,none,0,9.483119970316034e-05
2026-01-09 09:30:00,AWS_03,0,normal,none,0,0.04086937963284931
2026-01-09 09:45:00,AWS_03,0,normal,none,0,0.057341872903248214
2026-01-09 10:00:00,AWS_03,0,normal,none,0,0.01576895613572904
2026-01-09 10:15:00,AWS_03,0,normal,none,0,0.0441095018131597
2026-01-09 10:30:00,AWS_03,0,normal,none,0,0.009201481584560356
2026-01-09 10:45:00,AWS_03,0,normal,none,1,-0.02427441566813693
2026-01-09 11:00:00,AWS_03,0,normal,none,0,0.018698958526495724
2026-01-09 11:15:00,AWS_03,0,normal,none,1,-0.04068577667760809
2026-01-09 11:30:00,AWS_03,0,normal,none,0,0.013702162017830033
2026-01-09 11:45:00,AWS_03,0,normal,none,0,0.030262182435924878
2026-01-09 12:00:00,AWS_03,0,normal,none,1,-0.024073972247343756
2026-01-09 12:15:00,AWS_03,0,normal,none,1,-0.029731619184685032
2026-01-09 12:30:00,AWS_03,0,normal,none,1,-0.012979314765678707
2026-01-09 12:45:00,AWS_03,0,normal,none,0,0.04514567101314476
2026-01-09 13:00:00,AWS_03,0,normal,none,0,0.014540031595473402
2026-01-09 13:15:00,AWS_03,0,normal,none,0,0.008368640421907658
2026-01-09 13:30:00,AWS_03,0,normal,none,0,0.036136350491870695
2026-01-09 13:45:00,AWS_03,0,normal,none,1,-0.032591658422683634
2026-01-09 14:00:00,AWS_03,0,normal,none,0,0.011760690795537765
2026-01-09 14:15:00,AWS_03,0,normal,none,0,0.002337290787438717
2026-01-09 14:30:00,AWS_03,0,normal,none,0,0.004732380726741259
2026-01-09 14:45:00,AWS_03,0,normal,none,0,0.015772503349809452
2026-01-09 15:00:00,AWS_03,0,normal,none,0,4.1957729795372156e-05
2026-01-09 15:15:00,AWS_03,0,normal,none,0,0.0023004940489322334
2026-01-09 15:30:00,AWS_03,0,normal,none,1,-0.013394970190197975
2026-01-09 15:45:00,AWS_03,0,normal,none,0,0.005051620726722494
2026-01-09 16:00:00,AWS_03,0,normal,none,1,-0.003386160694205831
2026-01-09 16:15:00,AWS_03,0,normal,none,1,-0.02744980930799379
2026-01-09 16:30:00,AWS_03,0,normal,none,1,-0.010612942988289964
2026-01-09 16:45:00,AWS_03,0,normal,none,1,-0.01741282165315594
2026-01-09 17:00:00,AWS_03,0,normal,none,1,-0.10123593127467478
2026-01-09 17:15:00,AWS_03,0,normal,none,1,-0.08705944705433843
2026-01-09 17:30:00,AWS_03,0,normal,none,0,0.024296150106756675
2026-01-09 17:45:00,AWS_03,0,normal,none,1,-0.05822287855040342
2026-01-09 18:00:00,AWS_03,0,normal,none,0,0.011862342745509957
2026-01-09 18:15:00,AWS_03,0,normal,none,0,0.02067128565194637
2026-01-09 18:30:00,AWS_03,0,normal,none,0,0.03251931347330439
2026-01-09 18:45:00,AWS_03,0,normal,none,0,0.008163315714219188
2026-01-09 19:00:00,AWS_03,0,normal,none,1,-0.005375443889668485
2026-01-09 19:15:00,AWS_03,0,normal,none,1,-0.007135409554277272
2026-01-09 19:30:00,AWS_03,0,normal,none,1,-0.007995141962160779
2026-01-09 19:45:00,AWS_03,0,normal,none,1,-0.07022759502460485
2026-01-09 20:00:00,AWS_03,0,normal,none,1,-0.0056074424230923015
2026-01-09 20:15:00,AWS_03,0,normal,none,0,0.006204412930045755
2026-01-09 20:30:00,AWS_03,0,normal,none,0,0.008344921481108158
2026-01-09 20:45:00,AWS_03,0,normal,none,0,0.0013844027647690327
2026-01-09 21:00:00,AWS_03,0,normal,none,1,-0.01966337809513008
2026-01-09 21:15:00,AWS_03,0,normal,none,0,0.010522771448586599
2026-01-09 21:30:00,AWS_03,0,normal,none,1,-0.004886370211054647
2026-01-09 21:45:00,AWS_03,0,normal,none,1,-0.019634084593290968
2026-01-09 22:00:00,AWS_03,0,normal,none,0,0.02036897758745604
2026-01-09 22:15:00,AWS_03,0,normal,none,1,-0.026362176390179015
2026-01-09 22:30:00,AWS_03,0,normal,none,0,0.014936872763852582
2026-01-09 22:45:00,AWS_03,0,normal,none,0,0.009618846771722256
2026-01-09 23:00:00,AWS_03,0,normal,none,1,-0.019175113151832623
2026-01-09 23:15:00,AWS_03,0,normal,none,0,0.020600782438175036
2026-01-09 23:30:00,AWS_03,0,normal,none,0,0.021286833050212395
2026-01-09 23:45:00,AWS_03,0,normal,none,1,-0.010445480780424843
2026-01-10 00:00:00,AWS_03,0,normal,none,1,-0.04041701860742153
2026-01-10 00:15:00,AWS_03,0,normal,none,0,0.012225887833042126
2026-01-10 00:30:00,AWS_03,0,normal,none,1,-0.04956042728948162
2026-01-10 00:45:00,AWS_03,0,normal,none,1,-0.0384868377288613
2026-01-10 01:00:00,AWS_03,0,normal,none,0,0.033153109595425445
2026-01-10 01:15:00,AWS_03,0,normal,none,1,-0.011967795171873075
2026-01-10 01:30:00,AWS_03,0,normal,none,1,-0.00012301392715374782
2026-01-10 01:45:00,AWS_03,0,normal,none,0,0.03423914082037033
2026-01-10 02:00:00,AWS_03,0,normal,none,1,-0.01462167814433113
2026-01-10 02:15:00,AWS_03,0,normal,none,0,0.020237635638756024
2026-01-10 02:30:00,AWS_03,0,normal,none,0,0.023439660523874195
2026-01-10 02:45:00,AWS_03,0,normal,none,1,-0.036231608230927526
2026-01-10 03:00:00,AWS_03,0,normal,none,1,-0.030509203854429567
2026-01-10 03:15:00,AWS_03,0,normal,none,1,-0.03626425510688902
2026-01-10 03:30:00,AWS_03,0,normal,none,0,0.010965717199034997
2026-01-10 03:45:00,AWS_03,0,normal,none,0,0.019372007094102195
2026-01-10 04:00:00,AWS_03,0,normal,none,0,0.029945046853903257
2026-01-10 04:15:00,AWS_03,0,normal,none,0,0.045878978856187524
2026-01-10 04:30:00,AWS_03,0,normal,none,1,-0.003610189613468595
2026-01-10 04:45:00,AWS_03,0,normal,none,1,-0.02191009582131298
2026-01-10 05:00:00,AWS_03,0,normal,none,0,0.02481080332098451
2026-01-10 05:15:00,AWS_03,0,normal,none,0,0.04423479596797719
2026-01-10 05:30:00,AWS_03,0,normal,none,1,-0.016592222972540593
2026-01-10 05:45:00,AWS_03,0,normal,none,1,-0.01981966108900013
2026-01-10 06:00:00,AWS_03,0,normal,none,0,0.019855802133420586
2026-01-10 06:15:00,AWS_03,0,normal,none,0,0.02351288817571634
2026-01-10 06:30:00,AWS_03,0,normal,none,0,0.02124679319199413
2026-01-10 06:45:00,AWS_03,0,normal,none,0,0.009164028735801577
2026-01-10 07:00:00,AWS_03,0,normal,none,0,0.008558474762456414
2026-01-10 07:15:00,AWS_03,0,normal,none,0,0.030962771980228676
2026-01-10 07:30:00,AWS_03,0,normal,none,1,-0.012077792782899777
2026-01-10 07:45:00,AWS_03,0,normal,none,1,-0.03841486168649977
2026-01-10 08:00:00,AWS_03,0,normal,none,0,0.02310408595761676
2026-01-10 08:15:00,AWS_03,0,normal,none,0,0.06648862068936312
2026-01-10 08:30:00,AWS_03,0,normal,none,0,0.02543022012704349
2026-01-10 08:45:00,AWS_03,0,normal,none,0,0.03707533816727371
2026-01-10 09:00:00,AWS_03,0,normal,none,0,0.030694451816826063
2026-01-10 09:15:00,AWS_03,0,normal,none,0,0.054766250967356156
2026-01-10 09:30:00,AWS_03,0,normal,none,0,0.039427330018433904
2026-01-10 09:45:00,AWS_03,0,normal,none,0,0.031606229457181
2026-01-10 10:00:00,AWS_03,0,normal,none,1,-0.02215663950742297
2026-01-10 10:15:00,AWS_03,0,normal,none,0,0.0527246576927044
2026-01-10 10:30:00,AWS_03,0,normal,none,0,0.044484290585851904
2026-01-10 10:45:00,AWS_03,0,normal,none,0,0.06153597656687643
2026-01-10 11:00:00,AWS_03,0,normal,none,1,-0.0020241354123899935
2026-01-10 11:15:00,AWS_03,0,normal,none,0,0.027269024513904172
2026-01-10 11:30:00,AWS_03,0,normal,none,0,0.03259664993375749
2026-01-10 11:45:00,AWS_03,0,normal,none,0,0.025138120521228213
2026-01-10 12:00:00,AWS_03,0,normal,none,1,-0.03327884461270014
2026-01-10 12:15:00,AWS_03,0,normal,none,1,-0.017945326457893707
2026-01-10 12:30:00,AWS_03,0,normal,none,1,-0.040562174565120235
2026-01-10 12:45:00,AWS_03,0,normal,none,0,0.007097155831559676
2026-01-10 13:00:00,AWS_03,0,normal,none,1,-0.08788239914201479
2026-01-10 13:15:00,AWS_03,0,normal,none,1,-0.048691511560773226
2026-01-10 13:30:00,AWS_03,0,normal,none,1,-0.06567930327030114
2026-01-10 13:45:00,AWS_03,0,normal,none,1,-0.02041922215441283
2026-01-10 14:00:00,AWS_03,0,normal,none,0,0.00029836482946926646
2026-01-10 14:15:00,AWS_03,0,normal,none,1,-0.0018783513060387502
2026-01-10 14:30:00,AWS_03,0,normal,none,1,-0.04890963874759302
2026-01-10 14:45:00,AWS_03,0,normal,none,0,0.0020284715829013145
2026-01-10 15:00:00,AWS_03,0,normal,none,1,-0.08048563647826346
2026-01-10 15:15:00,AWS_03,0,normal,none,0,1.8055128269023335e-05
2026-01-10 15:30:00,AWS_03,0,normal,none,0,0.0015853377637135568
2026-01-10 15:45:00,AWS_03,0,normal,none,1,-0.033694332816622485
2026-01-10 16:00:00,AWS_03,0,normal,none,0,0.007064081090038921
2026-01-10 16:15:00,AWS_03,0,normal,none,0,0.012420758300921098
2026-01-10 16:30:00,AWS_03,0,normal,none,1,-0.0004356775254354961
2026-01-10 16:45:00,AWS_03,0,normal,none,1,-0.032437659520869744
2026-01-10 17:00:00,AWS_03,0,normal,none,0,0.006040701815942184
2026-01-10 17:15:00,AWS_03,0,normal,none,0,0.012105319109903312
2026-01-10 17:30:00,AWS_03,0,normal,none,0,0.028438471084952066
2026-01-10 17:45:00,AWS_03,0,normal,none,0,0.020760585474559612
2026-01-10 18:00:00,AWS_03,0,normal,none,0,0.03094635110932059
2026-01-10 18:15:00,AWS_03,0,normal,none,0,0.021897977838129468
2026-01-10 18:30:00,AWS_03,0,normal,none,0,0.028240924647352172
2026-01-10 18:45:00,AWS_03,0,normal,none,0,0.012797744471930939
2026-01-10 19:00:00,AWS_03,0,normal,none,0,0.04134563181206846
2026-01-10 19:15:00,AWS_03,0,normal,none,0,0.020067109982490505
2026-01-10 19:30:00,AWS_03,0,normal,none,1,-0.004511342454518119
2026-01-10 19:45:00,AWS_03,0,normal,none,0,0.006149796474616276
2026-01-10 20:00:00,AWS_03,0,normal,none,0,0.025903294014309297
2026-01-10 20:15:00,AWS_03,0,normal,none,0,0.05874608990245728
2026-01-10 20:30:00,AWS_03,0,normal,none,0,0.05697921051666349
2026-01-10 20:45:00,AWS_03,0,normal,none,0,0.00939168444860694
2026-01-10 21:00:00,AWS_03,0,normal,none,0,0.006862886120316047
2026-01-10 21:15:00,AWS_03,0,normal,none,0,0.020571605916791358
2026-01-10 21:30:00,AWS_03,0,normal,none,1,-0.0002339198110848928
2026-01-10 21:45:00,AWS_03,0,normal,none,0,0.06066380822653622
2026-01-10 22:00:00,AWS_03,0,normal,none,0,0.017690291227127453
2026-01-10 22:15:00,AWS_03,0,normal,none,0,0.07328220647880024
2026-01-10 22:30:00,AWS_03,0,normal,none,0,0.04942850859970005
2026-01-10 22:45:00,AWS_03,0,normal,none,0,0.056777041099941694
2026-01-10 23:00:00,AWS_03,0,normal,none,0,0.05058568757736165
2026-01-10 23:15:00,AWS_03,0,normal,none,0,0.04140981785380893
2026-01-10 23:30:00,AWS_03,0,normal,none,0,0.07730221070983312
2026-01-10 23:45:00,AWS_03,0,normal,none,0,0.07832306957808172
2026-01-11 00:00:00,AWS_03,0,normal,none,0,0.03276286828203695
2026-01-11 00:15:00,AWS_03,0,normal,none,0,0.07588229346440845
2026-01-11 00:30:00,AWS_03,0,normal,none,0,0.05153898601743173
2026-01-11 00:45:00,AWS_03,0,normal,none,0,0.04923402863826337
2026-01-11 01:00:00,AWS_03,0,normal,none,0,0.0806619505227138
2026-01-11 01:15:00,AWS_03,0,normal,none,0,0.08068240976096808
2026-01-11 01:30:00,AWS_03,0,normal,none,0,0.07519278623700643
2026-01-11 01:45:00,AWS_03,0,normal,none,0,0.0797068106010983
2026-01-11 02:00:00,AWS_03,0,normal,none,0,0.07567039929182773
2026-01-11 02:15:00,AWS_03,0,normal,none,0,0.07333669160036793
2026-01-11 02:30:00,AWS_03,0,normal,none,0,0.02959869842126539
2026-01-11 02:45:00,AWS_03,0,normal,none,0,0.07985891954879404
2026-01-11 03:00:00,AWS_03,0,normal,none,0,0.04167600587113646
2026-01-11 03:15:00,AWS_03,0,normal,none,0,0.06391996691873347
2026-01-11 03:30:00,AWS_03,0,normal,none,0,0.02906757847802327
2026-01-11 03:45:00,AWS_03,0,normal,none,0,0.061376289962469355
2026-01-11 04:00:00,AWS_03,0,normal,none,0,0.07770005201583768
2026-01-11 04:15:00,AWS_03,0,normal,none,0,0.06108851675691379
2026-01-11 04:30:00,AWS_03,0,normal,none,1,-0.012155049547028174
2026-01-11 04:45:00,AWS_03,0,normal,none,0,0.045408584929917006
2026-01-11 05:00:00,AWS_03,0,normal,none,0,0.04639392192634001
2026-01-11 05:15:00,AWS_03,0,normal,none,0,0.00484463028821791
2026-01-11 05:30:00,AWS_03,0,normal,none,1,-0.015636102042134725
2026-01-11 05:45:00,AWS_03,0,normal,none,0,0.054202759783578414
2026-01-11 06:00:00,AWS_03,0,normal,none,0,0.07258816172409427
2026-01-11 06:15:00,AWS_03,0,normal,none,0,0.01965437952664617
2026-01-11 06:30:00,AWS_03,0,normal,none,0,0.033645519666505086
2026-01-11 06:45:00,AWS_03,0,normal,none,0,0.04742486081760988
2026-01-11 07:00:00,AWS_03,0,normal,none,0,0.03302643608307393
2026-01-11 07:15:00,AWS_03,0,normal,none,0,0.0369885530041949
2026-01-11 07:30:00,AWS_03,0,normal,none,0,0.0332646798064547
2026-01-11 07:45:00,AWS_03,0,normal,none,0,0.05006905588569632
2026-01-11 08:00:00,AWS_03,0,normal,none,0,0.041830437037573664
2026-01-11 08:15:00,AWS_03,0,normal,none,0,0.06248962149403986
2026-01-11 08:30:00,AWS_03,0,normal,none,0,0.06677453190724236
2026-01-11 08:45:00,AWS_03,0,normal,none,0,0.0122258030159908
2026-01-11 09:00:00,AWS_03,0,normal,none,0,0.06859210499848212
2026-01-11 09:15:00,AWS_03,0,normal,none,0,0.020182755444543676
2026-01-11 09:30:00,AWS_03,0,normal,none,1,-0.00872310650232655
2026-01-11 09:45:00,AWS_03,0,normal,none,0,0.05070324073885801
2026-01-11 10:00:00,AWS_03,0,normal,none,0,0.04434715881086948
2026-01-11 10:15:00,AWS_03,0,normal,none,1,-0.019587219390879373
2026-01-11 10:30:00,AWS_03,0,normal,none,0,0.02029200317590063
2026-01-11 10:45:00,AWS_03,0,normal,none,0,0.020402052849828656
2026-01-11 11:00:00,AWS_03,0,normal,none,0,0.02495066147592495
2026-01-11 11:15:00,AWS_03,0,normal,none,1,-0.02865119540176142
2026-01-11 11:30:00,AWS_03,0,normal,none,1,-0.028144146529315628
2026-01-11 11:45:00,AWS_03,0,normal,none,0,0.014660198242632483
2026-01-11 12:00:00,AWS_03,0,normal,none,1,-0.03455341183986116
2026-01-11 12:15:00,AWS_03,0,normal,none,0,0.02964250744488267
2026-01-11 12:30:00,AWS_03,0,normal,none,0,0.008815672688589626
2026-01-11 12:45:00,AWS_03,0,normal,none,1,-0.02025122381134581
2026-01-11 13:00:00,AWS_03,0,normal,none,0,0.0033866821392590785
2026-01-11 13:15:00,AWS_03,0,normal,none,1,-0.05899538104160651
2026-01-11 13:30:00,AWS_03,0,normal,none,1,-0.021434580794188918
2026-01-11 13:45:00,AWS_03,0,normal,none,1,-0.009977890357259711
2026-01-11 14:00:00,AWS_03,0,normal,none,1,-0.012399344612759378
2026-01-11 14:15:00,AWS_03,0,normal,none,1,-0.0036936576942495636
2026-01-11 14:30:00,AWS_03,0,normal,none,1,-0.010071869345003703
2026-01-11 14:45:00,AWS_03,0,normal,none,1,-0.07775128291783684
2026-01-11 15:00:00,AWS_03,0,normal,none,1,-0.0669646250563869
2026-01-11 15:15:00,AWS_03,0,normal,none,1,-0.034113905371807585
2026-01-11 15:30:00,AWS_03,0,normal,none,1,-0.041905200873196824
2026-01-11 15:45:00,AWS_03,0,normal,none,1,-0.010795428721889544
2026-01-11 16:00:00,AWS_03,0,normal,none,1,-0.015392025839338963
2026-01-11 16:15:00,AWS_03,0,normal,none,1,-0.05321117988920432
2026-01-11 16:30:00,AWS_03,0,normal,none,1,-0.03392263714069921
2026-01-11 16:45:00,AWS_03,0,normal,none,1,-0.02421153980348556
2026-01-11 17:00:00,AWS_03,0,normal,none,1,-0.06679523749284388
2026-01-11 17:15:00,AWS_03,0,normal,none,1,-0.03231918480762097
2026-01-11 17:30:00,AWS_03,0,normal,none,1,-0.036188899001883934
2026-01-11 17:45:00,AWS_03,0,normal,none,1,-0.023260812364592653
2026-01-11 18:00:00,AWS_03,0,normal,none,1,-0.020432062194576495
2026-01-11 18:15:00,AWS_03,0,normal,none,1,-0.04408470178412027
2026-01-11 18:30:00,AWS_03,0,normal,none,1,-0.07931080983713024
2026-01-11 18:45:00,AWS_03,0,normal,none,1,-0.06784120685659834
2026-01-11 19:00:00,AWS_03,0,normal,none,0,0.005049811316107766
2026-01-11 19:15:00,AWS_03,0,normal,none,1,-0.019360649699619925
2026-01-11 19:30:00,AWS_03,0,normal,none,0,0.03464978648228023
2026-01-11 19:45:00,AWS_03,0,normal,none,0,0.04153538079678781
2026-01-11 20:00:00,AWS_03,0,normal,none,0,0.0034940150986952356
2026-01-11 20:15:00,AWS_03,0,normal,none,0,0.04181913802710191
2026-01-11 20:30:00,AWS_03,0,normal,none,0,0.022071677897145592
2026-01-11 20:45:00,AWS_03,0,normal,none,0,0.06160322502923937
2026-01-11 21:00:00,AWS_03,0,normal,none,0,0.009573140717212547
2026-01-11 21:15:00,AWS_03,0,normal,none,0,0.05600527097283253
2026-01-11 21:30:00,AWS_03,0,normal,none,0,0.054873072392728595
2026-01-11 21:45:00,AWS_03,0,normal,none,0,0.04986879532384397
2026-01-11 22:00:00,AWS_03,0,normal,none,0,0.017257956406313946
2026-01-11 22:15:00,AWS_03,0,normal,none,0,0.05051143428425703
2026-01-11 22:30:00,AWS_03,0,normal,none,0,0.060432699632793296
2026-01-11 22:45:00,AWS_03,0,normal,none,0,0.05830337914824557
2026-01-11 23:00:00,AWS_03,0,normal,none,0,0.0684119015783341
2026-01-11 23:15:00,AWS_03,0,normal,none,0,0.06245499809768451
2026-01-11 23:30:00,AWS_03,0,normal,none,0,0.02199657900782087
2026-01-11 23:45:00,AWS_03,0,normal,none,0,0.044695928071147084
2026-01-12 00:00:00,AWS_03,0,normal,none,0,0.06990709902826603
2026-01-12 00:15:00,AWS_03,0,normal,none,0,0.053721761450651107
2026-01-12 00:30:00,AWS_03,0,normal,none,0,0.05572916629923258
2026-01-12 00:45:00,AWS_03,0,normal,none,0,0.03396952685653776
2026-01-12 01:00:00,AWS_03,0,normal,none,0,0.06603490789032623
2026-01-12 01:15:00,AWS_03,0,normal,none,0,0.012606295565176506
2026-01-12 01:30:00,AWS_03,0,normal,none,0,0.03252209602449113
2026-01-12 01:45:00,AWS_03,0,normal,none,1,-0.010528913844359056
2026-01-12 02:00:00,AWS_03,0,normal,none,0,0.04065162838280595
2026-01-12 02:15:00,AWS_03,0,normal,none,0,0.05564767797677178
2026-01-12 02:30:00,AWS_03,0,normal,none,0,0.053368610429393615
2026-01-12 02:45:00,AWS_03,0,normal,none,0,0.06927658560264399
2026-01-12 03:00:00,AWS_03,0,normal,none,0,0.040900751074828545
2026-01-12 03:15:00,AWS_03,0,normal,none,1,-0.042933804960706756
2026-01-12 03:30:00,AWS_03,0,normal,none,0,0.046719639425652715
2026-01-12 03:45:00,AWS_03,0,normal,none,0,0.052427436690338
2026-01-12 04:00:00,AWS_03,0,normal,none,0,0.00016720117139779056
2026-01-12 04:15:00,AWS_03,0,normal,none,0,0.03403885157293551
2026-01-12 04:30:00,AWS_03,0,normal,none,0,0.041808561763549634
2026-01-12 04:45:00,AWS_03,0,normal,none,0,0.060485889431892315
2026-01-12 05:00:00,AWS_03,0,normal,none,0,0.010952487074116113
2026-01-12 05:15:00,AWS_03,0,normal,none,1,-0.03337972994267224
2026-01-12 05:30:00,AWS_03,0,normal,none,0,0.019933314222778387
2026-01-12 05:45:00,AWS_03,0,normal,none,0,0.021158199434892888
2026-01-12 06:00:00,AWS_03,0,normal,none,0,0.02627544180874203
2026-01-12 06:15:00,AWS_03,0,normal,none,0,0.00016542016475717958
2026-01-12 06:30:00,AWS_03,0,normal,none,1,-0.011742652063695291
2026-01-12 06:45:00,AWS_03,0,normal,none,1,-0.020250798586183394
2026-01-12 07:00:00,AWS_03,0,normal,none,1,-0.014886755121938156
2026-01-12 07:15:00,AWS_03,0,normal,none,1,-0.0064802803842171075
2026-01-12 07:30:00,AWS_03,0,normal,none,0,0.03042413954522266
2026-01-12 07:45:00,AWS_03,0,normal,none,1,-0.016441593058689974
2026-01-12 08:00:00,AWS_03,0,normal,none,0,0.030898146944122185
2026-01-12 08:15:00,AWS_03,0,normal,none,1,-0.03159779813887664
2026-01-12 08:30:00,AWS_03,0,normal,none,1,-0.033447856500231854
2026-01-12 08:45:00,AWS_03,0,normal,none,1,-0.05169372571449116
2026-01-12 09:00:00,AWS_03,0,normal,none,0,0.010489629750418727
2026-01-12 09:15:00,AWS_03,0,normal,none,0,0.018563274727448564
2026-01-12 09:30:00,AWS_03,0,normal,none,0,0.03791730218928541
2026-01-12 09:45:00,AWS_03,0,normal,none,0,0.022590725100390452
2026-01-12 10:00:00,AWS_03,0,normal,none,1,-0.021493663935722274
2026-01-12 10:15:00,AWS_03,0,normal,none,1,-0.01648809828685993
2026-01-12 10:30:00,AWS_03,0,normal,none,0,0.02681545406530972
2026-01-12 10:45:00,AWS_03,0,normal,none,1,-0.08168735297893459
2026-01-12 11:00:00,AWS_03,0,normal,none,1,-0.006770999162017843
2026-01-12 11:15:00,AWS_03,0,normal,none,1,-0.02289071556836153
2026-01-12 11:30:00,AWS_03,0,normal,none,0,0.001341319025286114
2026-01-12 11:45:00,AWS_03,0,normal,none,1,-0.026366783177300568
2026-01-12 12:00:00,AWS_03,0,normal,none,1,-0.03828251723225373
2026-01-12 12:15:00,AWS_03,0,normal,none,0,0.008790061589720455
2026-01-12 12:30:00,AWS_03,0,normal,none,0,0.013006447829902013
2026-01-12 12:45:00,AWS_03,0,normal,none,1,-0.06226947928484916
2026-01-12 13:00:00,AWS_03,0,normal,none,1,-0.0004095591283888034
2026-01-12 13:15:00,AWS_03,0,normal,none,1,-0.08939640389984549
2026-01-12 13:30:00,AWS_03,0,normal,none,1,-0.09907781661362403
2026-01-12 13:45:00,AWS_03,0,normal,none,1,-0.04575892654626068
2026-01-12 14:00:00,AWS_03,0,normal,none,1,-0.09802337225603941
2026-01-12 14:15:00,AWS_03,0,normal,none,1,-0.0814938777058305
2026-01-12 14:30:00,AWS_03,0,normal,none,1,-0.06612594004543415
2026-01-12 14:45:00,AWS_03,0,normal,none,1,-0.10892084659127832
2026-01-12 15:00:00,AWS_03,0,normal,none,1,-0.04377280085243729
2026-01-12 15:15:00,AWS_03,0,normal,none,1,-0.028730760367997155
2026-01-12 15:30:00,AWS_03,0,normal,none,1,-0.04323647603920033
2026-01-12 15:45:00,AWS_03,0,normal,none,1,-0.044453372414199555
2026-01-12 16:00:00,AWS_03,0,normal,none,1,-0.12502641865752573
2026-01-12 16:15:00,AWS_03,0,normal,none,1,-0.15572708243873268
2026-01-12 16:30:00,AWS_03,0,normal,none,1,-0.05561598864218731
2026-01-12 16:45:00,AWS_03,0,normal,none,1,-0.09806866657114344
2026-01-12 17:00:00,AWS_03,0,normal,none,1,-0.04123049495243436
2026-01-12 17:15:00,AWS_03,0,normal,none,1,-0.025099157783654236
2026-01-12 17:30:00,AWS_03,0,normal,none,1,-0.025518700537325745
2026-01-12 17:45:00,AWS_03,0,normal,none,1,-0.06375191774678779
2026-01-12 18:00:00,AWS_03,0,normal,none,1,-0.02407503501837538
2026-01-12 18:15:00,AWS_03,0,normal,none,0,0.001705386767030026
2026-01-12 18:30:00,AWS_03,0,normal,none,1,-0.05814720838853393
2026-01-12 18:45:00,AWS_03,0,normal,none,1,-0.007628197615669463
2026-01-12 19:00:00,AWS_03,0,normal,none,1,-0.03523971831665196
2026-01-12 19:15:00,AWS_03,0,normal,none,1,-0.019202244101820698
2026-01-12 19:30:00,AWS_03,0,normal,none,1,-0.019006658444315927
2026-01-12 19:45:00,AWS_03,0,normal,none,0,0.000654006941565477
2026-01-12 20:00:00,AWS_03,0,normal,none,1,-0.055326252217976934
2026-01-12 20:15:00,AWS_03,0,normal,none,1,-0.023289064732878617
2026-01-12 20:30:00,AWS_03,0,normal,none,0,0.035223437171602145
2026-01-12 20:45:00,AWS_03,0,normal,none,0,0.008933716695000204
2026-01-12 21:00:00,AWS_03,0,normal,none,1,-0.05954969526934806
2026-01-12 21:15:00,AWS_03,0,normal,none,1,-0.025674056709415582
2026-01-12 21:30:00,AWS_03,0,normal,none,1,-0.01948576733317875
2026-01-12 21:45:00,AWS_03,0,normal,none,1,-0.02815449727699393
2026-01-12 22:00:00,AWS_03,0,normal,none,0,0.01193176390275219
2026-01-12 22:15:00,AWS_03,0,normal,none,0,0.003367751099259131
2026-01-12 22:30:00,AWS_03,0,normal,none,1,-0.03409053209738566
2026-01-12 22:45:00,AWS_03,0,normal,none,1,-0.013065520183762058
2026-01-12 23:00:00,AWS_03,0,normal,none,0,0.005643165085237767
2026-01-12 23:15:00,AWS_03,0,normal,none,0,0.012113068308313435
2026-01-12 23:30:00,AWS_03,0,normal,none,0,0.00017369970424391257
2026-01-12 23:45:00,AWS_03,0,normal,none,1,-0.02361782411332336
2026-01-13 00:00:00,AWS_03,0,normal,none,1,-0.017042500206274624
2026-01-13 00:15:00,AWS_03,0,normal,none,1,-0.044999378916801835
2026-01-13 00:30:00,AWS_03,0,normal,none,1,-0.022240630116624138
2026-01-13 00:45:00,AWS_03,0,normal,none,1,-0.06300993743348626
2026-01-13 01:00:00,AWS_03,0,normal,none,0,0.01381417431428189
2026-01-13 01:15:00,AWS_03,0,normal,none,0,0.00962933022478607
2026-01-13 01:30:00,AWS_03,0,normal,none,1,-0.0492050083461224
2026-01-13 01:45:00,AWS_03,0,normal,none,1,-0.024242148428216814
2026-01-13 02:00:00,AWS_03,0,normal,none,1,-0.010122702872029099
2026-01-13 02:15:00,AWS_03,0,normal,none,1,-0.03366259013828743
2026-01-13 02:30:00,AWS_03,0,normal,none,0,0.010701645764695566
2026-01-13 02:45:00,AWS_03,0,normal,none,0,0.0011970535358583057
2026-01-13 03:00:00,AWS_03,0,normal,none,1,-0.09339891839519787
2026-01-13 03:15:00,AWS_03,0,normal,none,1,-0.023731790181447887
2026-01-13 03:30:00,AWS_03,0,normal,none,1,-0.007639065235683584
2026-01-13 03:45:00,AWS_03,0,normal,none,1,-0.05573677033101898
2026-01-13 04:00:00,AWS_03,0,normal,none,1,-0.01912073800236702
2026-01-13 04:15:00,AWS_03,0,normal,none,1,-0.0320489388562919
2026-01-13 04:30:00,AWS_03,0,normal,none,1,-0.07649090173203732
2026-01-13 04:45:00,AWS_03,0,normal,none,1,-0.013785738659290891
2026-01-13 05:00:00,AWS_03,0,normal,none,1,-0.023407657616247746
2026-01-13 05:15:00,AWS_03,0,normal,none,1,-0.049449126899241524
2026-01-13 05:30:00,AWS_03,0,normal,none,1,-0.03988875135489278
2026-01-13 05:45:00,AWS_03,0,normal,none,1,-0.04889850086050396
2026-01-13 06:00:00,AWS_03,0,normal,none,1,-0.032109059524541794
2026-01-13 06:15:00,AWS_03,0,normal,none,1,-0.0018274509264665229
2026-01-13 06:30:00,AWS_03,0,normal,none,1,-0.07543584222910316
2026-01-13 06:45:00,AWS_03,0,normal,none,1,-0.01299738521742444
2026-01-13 07:00:00,AWS_03,0,normal,none,0,0.013914404661548085
2026-01-13 07:15:00,AWS_03,0,normal,none,1,-0.09535389409097283
2026-01-13 07:30:00,AWS_03,0,normal,none,1,-0.0029306480945306967
2026-01-13 07:45:00,AWS_03,0,normal,none,1,-0.0006232196288963321
2026-01-13 08:00:00,AWS_03,0,normal,none,1,-0.06759773181493811
2026-01-13 08:15:00,AWS_03,0,normal,none,0,0.004488890604141316
2026-01-13 08:30:00,AWS_03,0,normal,none,1,-0.03730257960152006
2026-01-13 08:45:00,AWS_03,0,normal,none,1,-0.0025735934257106186
2026-01-13 09:00:00,AWS_03,0,normal,none,1,-0.016946008552201408
2026-01-13 09:15:00,AWS_03,0,normal,none,1,-0.0562853003496806
2026-01-13 09:30:00,AWS_03,0,normal,none,1,-0.017525916053239277
2026-01-13 09:45:00,AWS_03,0,normal,none,1,-0.02005083174493949
2026-01-13 10:00:00,AWS_03,0,normal,none,1,-0.017857613361660918
2026-01-13 10:15:00,AWS_03,0,normal,none,1,-0.09849333076375122
2026-01-13 10:30:00,AWS_03,0,normal,none,1,-0.04563160544347433
2026-01-13 10:45:00,AWS_03,0,normal,none,1,-0.08812844211081494
2026-01-13 11:00:00,AWS_03,0,normal,none,1,-0.11515802067662206
2026-01-13 11:15:00,AWS_03,0,normal,none,1,-0.08555328506570992
2026-01-13 11:30:00,AWS_03,0,normal,none,1,-0.03597428786383394
2026-01-13 11:45:00,AWS_03,0,normal,none,1,-0.04816741008389791
2026-01-13 12:00:00,AWS_03,0,normal,none,1,-0.05476383790631145
2026-01-13 12:15:00,AWS_03,0,normal,none,1,-0.0845440371488444
2026-01-13 12:30:00,AWS_03,0,normal,none,1,-0.09548370412688878
2026-01-13 12:45:00,AWS_03,0,normal,none,1,-0.09652866403497906
2026-01-13 13:00:00,AWS_03,0,normal,none,1,-0.0383487113659744
2026-01-13 13:15:00,AWS_03,0,normal,none,1,-0.0920622420835725
2026-01-13 13:30:00,AWS_03,0,normal,none,1,-0.07152711308537552
2026-01-13 13:45:00,AWS_03,0,normal,none,1,-0.08149367175732758
2026-01-13 14:00:00,AWS_03,0,normal,none,1,-0.08388919190348487
2026-01-13 14:15:00,AWS_03,0,normal,none,1,-0.10526614763780273
2026-01-13 14:30:00,AWS_03,0,normal,none,1,-0.07521740945977973
2026-01-13 14:45:00,AWS_03,0,normal,none,1,-0.044184429399976244
2026-01-13 15:00:00,AWS_03,0,normal,none,1,-0.06080413472407675
2026-01-13 15:15:00,AWS_03,0,normal,none,1,-0.04424299961344447
2026-01-13 15:30:00,AWS_03,0,normal,none,1,-0.11195348038995867
2026-01-13 15:45:00,AWS_03,0,normal,none,1,-0.10821793569314397
2026-01-13 16:00:00,AWS_03,0,normal,none,1,-0.046610538840272664
2026-01-13 16:15:00,AWS_03,0,normal,none,1,-0.10181750511636234
2026-01-13 16:30:00,AWS_03,0,normal,none,1,-0.06478136597833739
2026-01-13 16:45:00,AWS_03,0,normal,none,1,-0.06950127318144983
2026-01-13 17:00:00,AWS_03,0,normal,none,1,-0.030806724908279737
2026-01-13 17:15:00,AWS_03,0,normal,none,1,-0.014864966491517917
2026-01-13 17:30:00,AWS_03,0,normal,none,1,-0.03173576212774187
2026-01-13 17:45:00,AWS_03,0,normal,none,1,-0.0574527463283101
2026-01-13 18:00:00,AWS_03,0,normal,none,1,-0.10578806698304655
2026-01-13 18:15:00,AWS_03,0,normal,none,1,-0.06716371624994333
2026-01-13 18:30:00,AWS_03,0,normal,none,1,-0.00480468476327478
2026-01-13 18:45:00,AWS_03,0,normal,none,1,-0.020422531680547196
2026-01-13 19:00:00,AWS_03,0,normal,none,1,-0.06037020414426053
2026-01-13 19:15:00,AWS_03,0,normal,none,1,-0.12347449267004285
2026-01-13 19:30:00,AWS_03,0,normal,none,1,-0.04001376663862655
2026-01-13 19:45:00,AWS_03,0,normal,none,1,-0.0005783940640823326
2026-01-13 20:00:00,AWS_03,0,normal,none,1,-0.06760368575956244
2026-01-13 20:15:00,AWS_03,0,normal,none,1,-0.01245978674411441
2026-01-13 20:30:00,AWS_03,0,normal,none,1,-0.028786744964531152
2026-01-13 20:45:00,AWS_03,0,normal,none,1,-0.012488485567891505
2026-01-13 21:00:00,AWS_03,0,normal,none,1,-0.061603242898998434
2026-01-13 21:15:00,AWS_03,0,normal,none,1,-0.03003155938446056
2026-01-13 21:30:00,AWS_03,0,normal,none,0,0.0009184161512635347
2026-01-13 21:45:00,AWS_03,0,normal,none,0,0.001033623609477008
2026-01-13 22:00:00,AWS_03,0,normal,none,1,-0.031181417089631736
2026-01-13 22:15:00,AWS_03,0,normal,none,1,-0.038363658733636785
2026-01-13 22:30:00,AWS_03,0,normal,none,1,-0.008640661925981785
2026-01-13 22:45:00,AWS_03,0,normal,none,1,-0.015292295743382422
2026-01-13 23:00:00,AWS_03,0,normal,none,0,0.015736364620316856
2026-01-13 23:15:00,AWS_03,0,normal,none,1,-0.03301734925721145
2026-01-13 23:30:00,AWS_03,0,normal,none,1,-0.057835387490050016
2026-01-13 23:45:00,AWS_03,0,normal,none,1,-0.011611573215318138
2026-01-14 00:00:00,AWS_03,0,normal,none,0,0.004380065643756925
2026-01-14 00:15:00,AWS_03,0,normal,none,1,-0.07853082859978
2026-01-14 00:30:00,AWS_03,0,normal,none,1,-0.07616778485966613
2026-01-14 00:45:00,AWS_03,0,normal,none,1,-0.024264341166362446
2026-01-14 01:00:00,AWS_03,0,normal,none,1,-0.00028620027554859817
2026-01-14 01:15:00,AWS_03,0,normal,none,1,-0.05392903085070144
2026-01-14 01:30:00,AWS_03,0,normal,none,1,-0.007277263359744657
2026-01-14 01:45:00,AWS_03,0,normal,none,1,-0.042846455019638685
2026-01-14 02:00:00,AWS_03,0,normal,none,1,-0.023390162200994435
2026-01-14 02:15:00,AWS_03,0,normal,none,1,-0.0007647343599774814
2026-01-14 02:30:00,AWS_03,0,normal,none,1,-0.01183512712680923
2026-01-14 02:45:00,AWS_03,0,normal,none,1,-0.009547839746489206
2026-01-14 03:00:00,AWS_03,0,normal,none,1,-0.0448844541972081
2026-01-14 03:15:00,AWS_03,0,normal,none,1,-0.027879518245126578
2026-01-14 03:30:00,AWS_03,0,normal,none,1,-0.03342305344561136
2026-01-14 03:45:00,AWS_03,0,normal,none,1,-0.0652086501929875
2026-01-14 04:00:00,AWS_03,0,normal,none,1,-0.008265116603541567
2026-01-14 04:15:00,AWS_03,0,normal,none,0,0.003068280339054319
2026-01-14 04:30:00,AWS_03,0,normal,none,1,-0.005075248931825538
2026-01-14 04:45:00,AWS_03,0,normal,none,1,-0.004934796474120207
2026-01-14 05:00:00,AWS_03,0,normal,none,1,-0.012690122738294063
2026-01-14 05:15:00,AWS_03,0,normal,none,1,-0.034576967007616255
2026-01-14 05:30:00,AWS_03,0,normal,none,1,-0.08707796975569781
2026-01-14 05:45:00,AWS_03,0,normal,none,1,-0.026121832968708847
2026-01-14 06:00:00,AWS_03,0,normal,none,0,0.001987585524141522
2026-01-14 06:15:00,AWS_03,0,normal,none,1,-0.00528392491200913
2026-01-14 06:30:00,AWS_03,0,normal,none,1,-0.01240770969770466
2026-01-14 06:45:00,AWS_03,0,normal,none,0,0.007162910160436742
2026-01-14 07:00:00,AWS_03,0,normal,none,0,0.019594627348815508
2026-01-14 07:15:00,AWS_03,0,normal,none,1,-0.034428547648235774
2026-01-14 07:30:00,AWS_03,0,normal,none,0,0.021895348152293548
2026-01-14 07:45:00,AWS_03,0,normal,none,1,-0.024061389140143774
2026-01-14 08:00:00,AWS_03,0,normal,none,1,-0.04847075103416598
2026-01-14 08:15:00,AWS_03,0,normal,none,1,-0.005666467257838814
2026-01-14 08:30:00,AWS_03,0,normal,none,1,-0.056900287244925796
2026-01-14 08:45:00,AWS_03,0,normal,none,1,-0.011393882800956212
2026-01-14 09:00:00,AWS_03,0,normal,none,1,-0.014104229845789518
2026-01-14 09:15:00,AWS_03,0,normal,none,1,-0.04441347380531391
2026-01-14 09:30:00,AWS_03,0,normal,none,0,0.04490179497523111
2026-01-14 09:45:00,AWS_03,0,normal,none,1,-0.0012166461606363255
2026-01-14 10:00:00,AWS_03,0,normal,none,1,-0.0037663721768955716
2026-01-14 10:15:00,AWS_03,0,normal,none,1,-0.012636558018946809
2026-01-14 10:30:00,AWS_03,0,normal,none,1,-0.02247928890084827
2026-01-14 10:45:00,AWS_03,0,normal,none,1,-0.025543332059719592
2026-01-14 11:00:00,AWS_03,0,normal,none,1,-0.009457547677224398
2026-01-14 11:15:00,AWS_03,0,normal,none,1,-0.038433381667384636
2026-01-14 11:30:00,AWS_03,0,normal,none,1,-0.05172152129101093
2026-01-14 11:45:00,AWS_03,0,normal,none,1,-0.0340540540520321
2026-01-14 12:00:00,AWS_03,0,normal,none,1,-0.051711440622544735
2026-01-14 12:15:00,AWS_03,0,normal,none,1,-0.03738000765346916
2026-01-14 12:30:00,AWS_03,0,normal,none,1,-0.05950343421935822
2026-01-14 12:45:00,AWS_03,0,normal,none,1,-0.04189702345692803
2026-01-14 13:00:00,AWS_03,0,normal,none,1,-0.06078254667292693
2026-01-14 13:15:00,AWS_03,0,normal,none,1,-0.055029005546945675
2026-01-14 13:30:00,AWS_03,0,normal,none,1,-0.07302106368912376
2026-01-14 13:45:00,AWS_03,0,normal,none,1,-0.03848610964728216
2026-01-14 14:00:00,AWS_03,0,normal,none,1,-0.12499510822033255
2026-01-14 14:15:00,AWS_03,0,normal,none,1,-0.08756452775710577
2026-01-14 14:30:00,AWS_03,0,normal,none,1,-0.06258953178710636
2026-01-14 14:45:00,AWS_03,0,normal,none,1,-0.07949665327654942
2026-01-14 15:00:00,AWS_03,0,normal,none,1,-0.1257281299910824
2026-01-14 15:15:00,AWS_03,0,normal,none,1,-0.08861353181535292
2026-01-14 15:30:00,AWS_03,0,normal,none,1,-0.06900328859293592
2026-01-14 15:45:00,AWS_03,0,normal,none,1,-0.11759596004845607
2026-01-14 16:00:00,AWS_03,0,normal,none,1,-0.09738751556224112
2026-01-14 16:15:00,AWS_03,0,normal,none,1,-0.08568406235834292
2026-01-14 16:30:00,AWS_03,0,normal,none,1,-0.08556449250900988
2026-01-14 16:45:00,AWS_03,0,normal,none,1,-0.1053013359780931
2026-01-14 17:00:00,AWS_03,0,normal,none,1,-0.06262574495495343
2026-01-14 17:15:00,AWS_03,0,normal,none,1,-0.07028596499968154
2026-01-14 17:30:00,AWS_03,0,normal,none,1,-0.041454923806970245
2026-01-14 17:45:00,AWS_03,0,normal,none,1,-0.14167166806336362
2026-01-14 18:00:00,AWS_03,0,normal,none,1,-0.10203360371089709
2026-01-14 18:15:00,AWS_03,0,normal,none,1,-0.04461996144736047
2026-01-14 18:30:00,AWS_03,0,normal,none,1,-0.07713456125466944
2026-01-14 18:45:00,AWS_03,0,normal,none,1,-0.07986270402363316
2026-01-14 19:00:00,AWS_03,0,normal,none,1,-0.01333825827851709
2026-01-14 19:15:00,AWS_03,0,normal,none,0,0.004310115000521808
2026-01-14 19:30:00,AWS_03,0,normal,none,0,0.014048469243194694
2026-01-14 19:45:00,AWS_03,0,normal,none,1,-0.030274469445642938
2026-01-14 20:00:00,AWS_03,0,normal,none,1,-0.04139103373341135
2026-01-14 20:15:00,AWS_03,0,normal,none,0,0.0304464246445193
2026-01-14 20:30:00,AWS_03,0,normal,none,0,0.020802697292658268
2026-01-14 20:45:00,AWS_03,0,normal,none,0,0.023198341436497905
2026-01-14 21:00:00,AWS_03,0,normal,none,0,0.02507358686343686
2026-01-14 21:15:00,AWS_03,0,normal,none,1,-0.022445103474690864
2026-01-14 21:30:00,AWS_03,0,normal,none,0,0.028934164021893582
2026-01-14 21:45:00,AWS_03,0,normal,none,0,0.032193276863946296
2026-01-14 22:00:00,AWS_03,0,normal,none,0,0.03714746176771755
2026-01-14 22:15:00,AWS_03,0,normal,none,0,0.02352340710633044
2026-01-14 22:30:00,AWS_03,0,normal,none,0,0.033867020845100904
2026-01-14 22:45:00,AWS_03,0,normal,none,0,0.016468721455531188
2026-01-14 23:00:00,AWS_03,0,normal,none,1,-0.0042768989199996055
2026-01-14 23:15:00,AWS_03,0,normal,none,0,0.013084540550828916
2026-01-14 23:30:00,AWS_03,0,normal,none,1,-0.007983242408586722
2026-01-14 23:45:00,AWS_03,0,normal,none,1,-0.014453285105026303
2026-01-15 00:00:00,AWS_03,0,normal,none,1,-0.003374664568393526
2026-01-15 00:15:00,AWS_03,0,normal,none,1,-0.0352349233333501
2026-01-15 00:30:00,AWS_03,0,normal,none,0,0.017078777652629107
2026-01-15 00:45:00,AWS_03,0,normal,none,1,-0.019508110670458767
2026-01-15 01:00:00,AWS_03,0,normal,none,1,-0.026093055369466156
2026-01-15 01:15:00,AWS_03,0,normal,none,1,-0.07753388035788444
2026-01-15 01:30:00,AWS_03,0,normal,none,1,-0.015978630532012428
2026-01-15 01:45:00,AWS_03,0,normal,none,1,-0.007877354091890165
2026-01-15 02:00:00,AWS_03,0,normal,none,1,-0.07823751142522051
2026-01-15 02:15:00,AWS_03,0,normal,none,1,-0.04756638520031242
2026-01-15 02:30:00,AWS_03,0,normal,none,1,-0.03566707306920314
2026-01-15 02:45:00,AWS_03,0,normal,none,1,-0.06305689680121762
2026-01-15 03:00:00,AWS_03,0,normal,none,1,-0.01739883358181027
2026-01-15 03:15:00,AWS_03,0,normal,none,0,0.0014889495611706827
2026-01-15 03:30:00,AWS_03,0,normal,none,1,-0.008929160601543251
2026-01-15 03:45:00,AWS_03,0,normal,none,1,-0.03250322606386713
2026-01-15 04:00:00,AWS_03,0,normal,none,1,-0.061325389295046384
2026-01-15 04:15:00,AWS_03,0,normal,none,1,-0.04630513470999931
2026-01-15 04:30:00,AWS_03,0,normal,none,1,-0.011323961467220256
2026-01-15 04:45:00,AWS_03,0,normal,none,1,-0.09552766104354704
2026-01-15 05:00:00,AWS_03,0,normal,none,1,-0.009588696113662531
2026-01-15 05:15:00,AWS_03,0,normal,none,1,-0.014698148511216536
2026-01-15 05:30:00,AWS_03,0,normal,none,1,-0.003941437150088989
2026-01-15 05:45:00,AWS_03,0,normal,none,0,0.013982150725280806
2026-01-15 06:00:00,AWS_03,0,normal,none,1,-0.003352733982870948
2026-01-15 06:15:00,AWS_03,0,normal,none,0,0.023989014422165222
2026-01-15 06:30:00,AWS_03,0,normal,none,0,0.006926385411357372
2026-01-15 06:45:00,AWS_03,0,normal,none,0,0.018933121978158662
2026-01-15 07:00:00,AWS_03,0,normal,none,1,-0.0016373990437893449
2026-01-15 07:15:00,AWS_03,0,normal,none,1,-0.02117442268816283
2026-01-15 07:30:00,AWS_03,0,normal,none,1,-0.045384399705954426
2026-01-15 07:45:00,AWS_03,0,normal,none,0,0.03129144953998064
2026-01-15 08:00:00,AWS_03,0,normal,none,0,0.017275290024493184
2026-01-15 08:15:00,AWS_03,0,normal,none,0,0.04455948536278187
2026-01-15 08:30:00,AWS_03,0,normal,none,0,0.029949108295304394
2026-01-15 08:45:00,AWS_03,0,normal,none,0,0.035450206202197465
2026-01-15 09:00:00,AWS_03,0,normal,none,1,-0.003748849670992316
2026-01-15 09:15:00,AWS_03,0,normal,none,1,-0.007914631009008799
2026-01-15 09:30:00,AWS_03,0,normal,none,1,-0.02861116012631837
2026-01-15 09:45:00,AWS_03,0,normal,none,1,-0.03140743503383736
2026-01-15 10:00:00,AWS_03,0,normal,none,0,0.009521302777919016
2026-01-15 10:15:00,AWS_03,0,normal,none,1,-0.0008814755274308972
2026-01-15 10:30:00,AWS_03,0,normal,none,0,0.013501893049714164
2026-01-15 10:45:00,AWS_03,0,normal,none,0,0.02494942344318951
2026-01-15 11:00:00,AWS_03,0,normal,none,0,0.008018204987105648
2026-01-15 11:15:00,AWS_03,0,normal,none,1,-0.012785180054671885
2026-01-15 11:30:00,AWS_03,0,normal,none,1,-0.04530592235768216
2026-01-15 11:45:00,AWS_03,0,normal,none,0,0.02399310570171098
2026-01-15 12:00:00,AWS_03,0,normal,none,0,0.012323753606349741
2026-01-15 12:15:00,AWS_03,0,normal,none,1,-0.052949287298375225
2026-01-15 12:30:00,AWS_03,0,normal,none,0,0.02065079520955465
2026-01-15 12:45:00,AWS_03,0,normal,none,1,-0.11033335285494483
2026-01-15 13:00:00,AWS_03,0,normal,none,1,-0.07263921336715984
2026-01-15 13:15:00,AWS_03,0,normal,none,1,-0.07001598285987698
2026-01-15 13:30:00,AWS_03,0,normal,none,1,-0.02650700499529568
2026-01-15 13:45:00,AWS_03,0,normal,none,1,-0.08038318388805632
2026-01-15 14:00:00,AWS_03,0,normal,none,1,-0.05217458761837035
2026-01-15 14:15:00,AWS_03,0,normal,none,1,-0.05084950725421267
2026-01-15 14:30:00,AWS_03,0,normal,none,1,-0.033474195713688704
2026-01-15 14:45:00,AWS_03,0,normal,none,1,-0.028248737949652436
2026-01-15 15:00:00,AWS_03,0,normal,none,1,-0.08376490627716504
2026-01-15 15:15:00,AWS_03,0,normal,none,1,-0.047553822333961326
2026-01-15 15:30:00,AWS_03,0,normal,none,1,-0.006579362472382999
2026-01-15 15:45:00,AWS_03,0,normal,none,1,-0.0441185590656934
2026-01-15 16:00:00,AWS_03,0,normal,none,1,-0.03708242200934009
2026-01-15 16:15:00,AWS_03,0,normal,none,1,-0.03447430530994933
2026-01-15 16:30:00,AWS_03,0,normal,none,1,-0.062482727801859816
2026-01-15 16:45:00,AWS_03,0,normal,none,1,-0.006048376257696275
2026-01-15 17:00:00,AWS_03,0,normal,none,1,-0.06804995527304847
2026-01-15 17:15:00,AWS_03,0,normal,none,1,-0.012451423060478972
2026-01-15 17:30:00,AWS_03,0,normal,none,1,-0.020671789802549023
2026-01-15 17:45:00,AWS_03,0,normal,none,1,-0.019818988342097055
2026-01-15 18:00:00,AWS_03,0,normal,none,0,0.00675546141548139
2026-01-15 18:15:00,AWS_03,0,normal,none,1,-0.06373195844809887
2026-01-15 18:30:00,AWS_03,0,normal,none,0,0.03092721334068127
2026-01-15 18:45:00,AWS_03,0,normal,none,0,0.021075266865282993
2026-01-15 19:00:00,AWS_03,0,normal,none,1,-0.0023265273774543127
2026-01-15 19:15:00,AWS_03,0,normal,none,0,0.02137553805449388
2026-01-15 19:30:00,AWS_03,0,normal,none,0,0.02682053522812372
2026-01-15 19:45:00,AWS_03,0,normal,none,0,0.020627780046848898
2026-01-15 20:00:00,AWS_03,0,normal,none,0,0.03891005091922417
2026-01-15 20:15:00,AWS_03,0,normal,none,0,0.035263399316987354
2026-01-15 20:30:00,AWS_03,0,normal,none,0,0.014706585044315157
2026-01-15 20:45:00,AWS_03,0,normal,none,0,0.02391862884285384
2026-01-15 21:00:00,AWS_03,0,normal,none,0,0.012009398141449468
2026-01-15 21:15:00,AWS_03,0,normal,none,0,0.02429737472560828
2026-01-15 21:30:00,AWS_03,0,normal,none,0,0.028413379452277954
2026-01-15 21:45:00,AWS_03,0,normal,none,0,0.024124195249451252
2026-01-15 22:00:00,AWS_03,0,normal,none,1,-0.019568870224926593
2026-01-15 22:15:00,AWS_03,0,normal,none,1,-0.0004107022766131063
2026-01-15 22:30:00,AWS_03,0,normal,none,1,-0.024583684077796986
2026-01-15 22:45:00,AWS_03,0,normal,none,0,0.029139282896224195
2026-01-15 23:00:00,AWS_03,0,normal,none,0,0.036523565754088605
2026-01-15 23:15:00,AWS_03,0,normal,none,0,0.014540641872684446
2026-01-15 23:30:00,AWS_03,0,normal,none,0,0.025996149796334522
2026-01-15 23:45:00,AWS_03,0,normal,none,0,0.02199705933840501
2026-01-16 00:00:00,AWS_03,0,normal,none,0,0.04182119120622474
2026-01-16 00:15:00,AWS_03,0,normal,none,0,0.0736967844836568
2026-01-16 00:30:00,AWS_03,0,normal,none,0,0.06268183015519585
2026-01-16 00:45:00,AWS_03,0,normal,none,0,0.06822129934795457
2026-01-16 01:00:00,AWS_03,0,normal,none,0,0.06204410621034229
2026-01-16 01:15:00,AWS_03,0,normal,none,0,0.0606923448580598
2026-01-16 01:30:00,AWS_03,0,normal,none,0,0.041885468843239404
2026-01-16 01:45:00,AWS_03,0,normal,none,0,0.06028869183692481
2026-01-16 02:00:00,AWS_03,0,normal,none,0,0.06709772603722597
2026-01-16 02:15:00,AWS_03,0,normal,none,1,-0.039299793336268096
2026-01-16 02:30:00,AWS_03,0,normal,none,1,-0.006894429128645796
2026-01-16 02:45:00,AWS_03,0,normal,none,0,0.057631689345096104
2026-01-16 03:00:00,AWS_03,0,normal,none,0,0.055913261742358944
2026-01-16 03:15:00,AWS_03,0,normal,none,0,0.04649507491024013
2026-01-16 03:30:00,AWS_03,0,normal,none,1,-0.001529335637894813
2026-01-16 03:45:00,AWS_03,0,normal,none,0,0.06665565480319685
2026-01-16 04:00:00,AWS_03,0,normal,none,0,0.034451595652311984
2026-01-16 04:15:00,AWS_03,0,normal,none,0,0.06157743090196188
2026-01-16 04:30:00,AWS_03,0,normal,none,0,0.022452667433544238
2026-01-16 04:45:00,AWS_03,0,normal,none,0,0.05797872327367837
2026-01-16 05:00:00,AWS_03,0,normal,none,0,0.020897292863962746
2026-01-16 05:15:00,AWS_03,0,normal,none,0,0.0013717233814535268
2026-01-16 05:30:00,AWS_03,0,normal,none,1,-0.01425488721647572
2026-01-16 05:45:00,AWS_03,0,normal,none,0,0.04131391586522121
2026-01-16 06:00:00,AWS_03,0,normal,none,1,-0.015651411369210222
2026-01-16 06:15:00,AWS_03,0,normal,none,0,0.007362975680454575
2026-01-16 06:30:00,AWS_03,0,normal,none,0,0.0393490679809087
2026-01-16 06:45:00,AWS_03,0,normal,none,0,0.04081654102322718
2026-01-16 07:00:00,AWS_03,0,normal,none,0,0.01807288779433247
2026-01-16 07:15:00,AWS_03,0,normal,none,0,0.007506078352616463
2026-01-16 07:30:00,AWS_03,0,normal,none,0,0.018955976608559244
2026-01-16 07:45:00,AWS_03,0,normal,none,0,0.007298896638233299
2026-01-16 08:00:00,AWS_03,0,normal,none,0,0.035498128511055105
2026-01-16 08:15:00,AWS_03,0,normal,none,0,0.05931417825574192
2026-01-16 08:30:00,AWS_03,0,normal,none,0,0.045516540422061214
2026-01-16 08:45:00,AWS_03,0,normal,none,1,-0.02244572441424908
2026-01-16 09:00:00,AWS_03,0,normal,none,0,0.06528669355071048
2026-01-16 09:15:00,AWS_03,0,normal,none,0,0.03953775361327261
2026-01-16 09:30:00,AWS_03,0,normal,none,0,0.005208399996267987
2026-01-16 09:45:00,AWS_03,0,normal,none,0,0.05382357168161883
2026-01-16 10:00:00,AWS_03,0,normal,none,1,-0.028795970504264967
2026-01-16 10:15:00,AWS_03,0,normal,none,0,0.03314346032965115
2026-01-16 10:30:00,AWS_03,0,normal,none,0,0.02809121852176477
2026-01-16 10:45:00,AWS_03,0,normal,none,0,0.016056386767373088
2026-01-16 11:00:00,AWS_03,0,normal,none,1,-0.017051897260677573
2026-01-16 11:15:00,AWS_03,0,normal,none,1,-0.021062726691710942
2026-01-16 11:30:00,AWS_03,0,normal,none,1,-0.01682315683778024
2026-01-16 11:45:00,AWS_03,0,normal,none,0,0.03556412045954033
2026-01-16 12:00:00,AWS_03,0,normal,none,1,-0.03984386980652488
2026-01-16 12:15:00,AWS_03,0,normal,none,1,-0.01419133036653597
2026-01-16 12:30:00,AWS_03,0,normal,none,0,0.014124547417500355
2026-01-16 12:45:00,AWS_03,0,normal,none,0,0.02508847882728682
2026-01-16 13:00:00,AWS_03,0,normal,none,0,0.02677079627883988
2026-01-16 13:15:00,AWS_03,0,normal,none,1,-0.004456170248591684
2026-01-16 13:30:00,AWS_03,0,normal,none,0,0.018099832794968296
2026-01-16 13:45:00,AWS_03,0,normal,none,0,0.02535120329606111
2026-01-16 14:00:00,AWS_03,0,normal,none,1,-0.00928020056964518
2026-01-16 14:15:00,AWS_03,0,normal,none,0,0.013526693441449744
2026-01-16 14:30:00,AWS_03,0,normal,none,0,0.019564518522909802
2026-01-16 14:45:00,AWS_03,0,normal,none,0,7.027823536404076e-05
2026-01-16 15:00:00,AWS_03,0,normal,none,1,-0.017953509594091144
2026-01-16 15:15:00,AWS_03,0,normal,none,0,0.009718017986014016
2026-01-16 15:30:00,AWS_03,0,normal,none,0,0.0064918834082799415
2026-01-16 15:45:00,AWS_03,0,normal,none,1,-0.039265141838044415
2026-01-16 16:00:00,AWS_03,0,normal,none,1,-0.02578003470533652
2026-01-16 16:15:00,AWS_03,0,normal,none,1,-0.0013554533914301725
2026-01-16 16:30:00,AWS_03,0,normal,none,1,-0.037461849377241396
2026-01-16 16:45:00,AWS_03,0,normal,none,0,0.0022200819859325427
2026-01-16 17:00:00,AWS_03,0,normal,none,0,0.0005159301676183614
2026-01-16 17:15:00,AWS_03,0,normal,none,0,0.01120518443313856
2026-01-16 17:30:00,AWS_03,0,normal,none,0,0.006942285229554757
2026-01-16 17:45:00,AWS_03,0,normal,none,1,-0.03026402712396037
2026-01-16 18:00:00,AWS_03,0,normal,none,1,-0.002233343456102377
2026-01-16 18:15:00,AWS_03,0,normal,none,1,-0.030646895424307097
2026-01-16 18:30:00,AWS_03,0,normal,none,0,0.03783211219805527
2026-01-16 18:45:00,AWS_03,0,normal,none,0,0.029359699931109318
2026-01-16 19:00:00,AWS_03,0,normal,none,0,0.042114901121653114
2026-01-16 19:15:00,AWS_03,0,normal,none,0,0.05639056666821762
2026-01-16 19:30:00,AWS_03,0,normal,none,0,0.03626494272238773
2026-01-16 19:45:00,AWS_03,0,normal,none,0,0.021614215801027126
2026-01-16 20:00:00,AWS_03,0,normal,none,0,0.034088477506098946
2026-01-16 20:15:00,AWS_03,0,normal,none,0,0.04911655149593325
2026-01-16 20:30:00,AWS_03,0,normal,none,0,0.033651912219471725
2026-01-16 20:45:00,AWS_03,0,normal,none,0,0.009453220834966858
2026-01-16 21:00:00,AWS_03,0,normal,none,0,0.068948852393109
2026-01-16 21:15:00,AWS_03,0,normal,none,0,0.06247082755024602
2026-01-16 21:30:00,AWS_03,0,normal,none,1,-0.04067871545390822
2026-01-16 21:45:00,AWS_03,0,normal,none,1,-0.04006794416220483
2026-01-16 22:00:00,AWS_03,0,normal,none,0,0.06652439860450099
2026-01-16 22:15:00,AWS_03,0,normal,none,0,0.07473983930619593
2026-01-16 22:30:00,AWS_03,0,normal,none,0,0.07048394131678104
2026-01-16 22:45:00,AWS_03,0,normal,none,0,0.06527997809562264
2026-01-16 23:00:00,AWS_03,0,normal,none,0,0.0864712249170389
2026-01-16 23:15:00,AWS_03,0,normal,none,0,0.08206218866321513
2026-01-16 23:30:00,AWS_03,0,normal,none,0,0.08881997277742121
2026-01-16 23:45:00,AWS_03,0,normal,none,0,0.059852169915838416
2026-01-17 00:00:00,AWS_03,0,normal,none,0,0.041646250431779275
2026-01-17 00:15:00,AWS_03,0,normal,none,0,0.09511143857748483
2026-01-17 00:30:00,AWS_03,0,normal,none,0,0.07511646155239132
2026-01-17 00:45:00,AWS_03,0,normal,none,0,0.07258955847778847
2026-01-17 01:00:00,AWS_03,0,normal,none,0,0.07623255352346359
2026-01-17 01:15:00,AWS_03,0,normal,none,0,0.03001880229520748
2026-01-17 01:30:00,AWS_03,0,normal,none,0,0.02586463293980762
2026-01-17 01:45:00,AWS_03,0,normal,none,0,0.040443325000929675
2026-01-17 02:00:00,AWS_03,0,normal,none,0,0.05979708945597095
2026-01-17 02:15:00,AWS_03,0,normal,none,0,0.06538525352010444
2026-01-17 02:30:00,AWS_03,0,normal,none,0,0.09467442670487292
2026-01-17 02:45:00,AWS_03,0,normal,none,0,0.09592765368947492
2026-01-17 03:00:00,AWS_03,0,normal,none,0,0.09180150869995607
2026-01-17 03:15:00,AWS_03,0,normal,none,0,0.09589246098493948
2026-01-17 03:30:00,AWS_03,0,normal,none,0,0.0943254355929955
2026-01-17 03:45:00,AWS_03,0,normal,none,0,0.09382891939960974
2026-01-17 04:00:00,AWS_03,0,normal,none,0,0.09111228075287775
2026-01-17 04:15:00,AWS_03,0,normal,none,0,0.05760196756828523
2026-01-17 04:30:00,AWS_03,0,normal,none,0,0.022136581818521184
2026-01-17 04:45:00,AWS_03,0,normal,none,0,0.020149021935974176
2026-01-17 05:00:00,AWS_03,0,normal,none,0,0.046084452255348685
2026-01-17 05:15:00,AWS_03,0,normal,none,0,0.02376840541176012
2026-01-17 05:30:00,AWS_03,0,normal,none,0,0.0736681830665345
2026-01-17 05:45:00,AWS_03,0,normal,none,0,0.09438826497265068
2026-01-17 06:00:00,AWS_03,0,normal,none,0,0.054455095237959716
2026-01-17 06:15:00,AWS_03,0,normal,none,0,0.062040197174417555
2026-01-17 06:30:00,AWS_03,0,normal,none,0,0.04265559000599323
2026-01-17 06:45:00,AWS_03,0,normal,none,0,0.10163242276683843
2026-01-17 07:00:00,AWS_03,0,normal,none,0,0.057153693989002385
2026-01-17 07:15:00,AWS_03,0,normal,none,0,0.04159938918608369
2026-01-17 07:30:00,AWS_03,0,normal,none,0,0.10501127273843963
2026-01-17 07:45:00,AWS_03,0,normal,none,0,0.06328380566879727
2026-01-17 08:00:00,AWS_03,0,normal,none,0,0.09782251834672195
2026-01-17 08:15:00,AWS_03,0,normal,none,0,0.06244748750702234
2026-01-17 08:30:00,AWS_03,0,normal,none,0,0.021828515436634943
2026-01-17 08:45:00,AWS_03,0,normal,none,0,0.05761111032411648
2026-01-17 09:00:00,AWS_03,0,normal,none,0,0.07568497357521542
2026-01-17 09:15:00,AWS_03,0,normal,none,0,0.07376605291458566
2026-01-17 09:30:00,AWS_03,0,normal,none,0,0.01768362567312315
2026-01-17 09:45:00,AWS_03,0,normal,none,0,0.06552811778483314
2026-01-17 10:00:00,AWS_03,0,normal,none,0,0.07450806529900234
2026-01-17 10:15:00,AWS_03,0,normal,none,0,0.06121720390224911
2026-01-17 10:30:00,AWS_03,0,normal,none,0,0.08315093115192707
2026-01-17 10:45:00,AWS_03,0,normal,none,0,0.03737927312737216
2026-01-17 11:00:00,AWS_03,0,normal,none,1,-0.027721757701499095
2026-01-17 11:15:00,AWS_03,0,normal,none,0,0.0071984985327058215
2026-01-17 11:30:00,AWS_03,0,normal,none,1,-0.01964577555605851
2026-01-17 11:45:00,AWS_03,0,normal,none,0,0.0010488496708257466
2026-01-17 12:00:00,AWS_03,0,normal,none,1,-0.02712184388257155
2026-01-17 12:15:00,AWS_03,0,normal,none,0,0.002269801171996766
2026-01-17 12:30:00,AWS_03,0,normal,none,1,-0.037547851477205296
2026-01-17 12:45:00,AWS_03,0,normal,none,1,-0.03004069334976356
2026-01-17 13:00:00,AWS_03,0,normal,none,1,-0.0405973383646685
2026-01-17 13:15:00,AWS_03,0,normal,none,1,-0.02621100431061485
2026-01-17 13:30:00,AWS_03,0,normal,none,1,-0.021239357348715848
2026-01-17 13:45:00,AWS_03,0,normal,none,1,-0.061121999620842526
2026-01-17 14:00:00,AWS_03,0,normal,none,1,-0.026363116410709986
2026-01-17 14:15:00,AWS_03,0,normal,none,1,-0.04038107438611138
2026-01-17 14:30:00,AWS_03,0,normal,none,1,-0.03856689412469372
2026-01-17 14:45:00,AWS_03,0,normal,none,1,-0.046870547209002966
2026-01-17 15:00:00,AWS_03,0,normal,none,1,-0.057365563095359784
2026-01-17 15:15:00,AWS_03,0,normal,none,1,-0.050107947289313004
2026-01-17 15:30:00,AWS_03,0,normal,none,1,-0.008354000032795406
2026-01-17 15:45:00,AWS_03,0,normal,none,1,-0.0038610859712219225
2026-01-17 16:00:00,AWS_03,0,normal,none,1,-0.010680158072493007
2026-01-17 16:15:00,AWS_03,0,normal,none,1,-0.017099701771867815
2026-01-17 16:30:00,AWS_03,0,normal,none,1,-0.011075464983683947
2026-01-17 16:45:00,AWS_03,0,normal,none,1,-0.02624681358269343
2026-01-17 17:00:00,AWS_03,0,normal,none,1,-0.034515150371675296
2026-01-17 17:15:00,AWS_03,0,normal,none,1,-0.01825957838205383
2026-01-17 17:30:00,AWS_03,0,normal,none,1,-0.018504885060099063
2026-01-17 17:45:00,AWS_03,0,normal,none,1,-0.04306140002013481
2026-01-17 18:00:00,AWS_03,0,normal,none,1,-0.08783546250830443
2026-01-17 18:15:00,AWS_03,0,normal,none,1,-0.051134492709396184
2026-01-17 18:30:00,AWS_03,0,normal,none,0,0.024632031287136924
2026-01-17 18:45:00,AWS_03,0,normal,none,0,0.0069749137687096785
2026-01-17 19:00:00,AWS_03,0,normal,none,0,0.024328943127620017
2026-01-17 19:15:00,AWS_03,0,normal,none,0,0.015979375142541996
2026-01-17 19:30:00,AWS_03,0,normal,none,1,-0.021396917308022845
2026-01-17 19:45:00,AWS_03,0,normal,none,0,0.05056563265320724
2026-01-17 20:00:00,AWS_03,0,normal,none,0,0.05907925048724599
2026-01-17 20:15:00,AWS_03,0,normal,none,0,0.030374538890437452
2026-01-17 20:30:00,AWS_03,0,normal,none,0,0.06758354449819776
2026-01-17 20:45:00,AWS_03,0,normal,none,0,0.06582045851223695
2026-01-17 21:00:00,AWS_03,0,normal,none,1,-0.014796633165080952
2026-01-17 21:15:00,AWS_03,0,normal,none,0,0.07397733068010698
2026-01-17 21:30:00,AWS_03,0,normal,none,0,0.0941256885789461
2026-01-17 21:45:00,AWS_03,0,normal,none,0,0.09301159272686466
2026-01-17 22:00:00,AWS_03,0,normal,none,0,0.07503489729288615
2026-01-17 22:15:00,AWS_03,0,normal,none,0,0.09473457172863775
2026-01-17 22:30:00,AWS_03,0,normal,none,0,0.09839325635737406
2026-01-17 22:45:00,AWS_03,0,normal,none,0,0.1078825639196499
2026-01-17 23:00:00,AWS_03,0,normal,none,0,0.05830158663670465
2026-01-17 23:15:00,AWS_03,0,normal,none,0,0.01567579661127283
2026-01-17 23:30:00,AWS_03,0,normal,none,0,0.07632428619278142
2026-01-17 23:45:00,AWS_03,0,normal,none,0,0.10223702426234488
2026-01-18 00:00:00,AWS_03,0,normal,none,0,0.05293892803154354
2026-01-18 00:15:00,AWS_03,0,normal,none,0,0.08908444530490223
2026-01-18 00:30:00,AWS_03,0,normal,none,0,0.0774667134294093
2026-01-18 00:45:00,AWS_03,0,normal,none,0,0.1070402570657113
2026-01-18 01:00:00,AWS_03,0,normal,none,0,0.0771816987583564
2026-01-18 01:15:00,AWS_03,0,normal,none,0,0.053787219108630435
2026-01-18 01:30:00,AWS_03,0,normal,none,0,0.07537205478774467
2026-01-18 01:45:00,AWS_03,0,normal,none,0,0.09584810731288779
2026-01-18 02:00:00,AWS_03,0,normal,none,0,0.10040913024460035
2026-01-18 02:15:00,AWS_03,0,normal,none,0,0.05997385760569762
2026-01-18 02:30:00,AWS_03,0,normal,none,0,0.08180725316056736
2026-01-18 02:45:00,AWS_03,0,normal,none,0,0.06390626098509561
2026-01-18 03:00:00,AWS_03,0,normal,none,0,0.038802787840352404
2026-01-18 03:15:00,AWS_03,0,normal,none,0,0.006278800104218107
2026-01-18 03:30:00,AWS_03,0,normal,none,0,0.08446831748599143
2026-01-18 03:45:00,AWS_03,0,normal,none,0,0.09962506504170904
2026-01-18 04:00:00,AWS_03,0,normal,none,0,0.07941739669784265
2026-01-18 04:15:00,AWS_03,0,normal,none,0,0.09557995798277308
2026-01-18 04:30:00,AWS_03,0,normal,none,0,0.07209639884732078
2026-01-18 04:45:00,AWS_03,0,normal,none,0,0.08111057677570249
2026-01-18 05:00:00,AWS_03,0,normal,none,0,0.05169927127826418
2026-01-18 05:15:00,AWS_03,0,normal,none,0,0.10437158294749499
2026-01-18 05:30:00,AWS_03,0,normal,none,0,0.0986258387153508
2026-01-18 05:45:00,AWS_03,0,normal,none,0,0.03445144637364922
2026-01-18 06:00:00,AWS_03,0,normal,none,0,0.09149455524062572
2026-01-18 06:15:00,AWS_03,0,normal,none,0,0.05146786871401793
2026-01-18 06:30:00,AWS_03,0,normal,none,0,0.10195533328214301
2026-01-18 06:45:00,AWS_03,0,normal,none,0,0.03994740702839833
2026-01-18 07:00:00,AWS_03,0,normal,none,0,0.03164192204063826
2026-01-18 07:15:00,AWS_03,0,normal,none,1,-0.006429492283915872
2026-01-18 07:30:00,AWS_03,0,normal,none,0,0.00112884000712421
2026-01-18 07:45:00,AWS_03,0,normal,none,0,0.06586398796218979
2026-01-18 08:00:00,AWS_03,0,normal,none,0,0.08688187438391515
2026-01-18 08:15:00,AWS_03,0,normal,none,0,0.012614772339463176
2026-01-18 08:30:00,AWS_03,0,normal,none,1,-0.016445099480672853
2026-01-18 08:45:00,AWS_03,0,normal,none,1,-0.07130122298742547
2026-01-18 09:00:00,AWS_03,0,normal,none,0,0.08169088828327009
2026-01-18 09:15:00,AWS_03,0,normal,none,0,0.03174527226688778
2026-01-18 09:30:00,AWS_03,0,normal,none,0,0.0350780654744311
2026-01-18 09:45:00,AWS_03,0,normal,none,0,0.033954958227239984
2026-01-18 10:00:00,AWS_03,0,normal,none,1,-0.0005532655358071459
2026-01-18 10:15:00,AWS_03,0,normal,none,1,-0.024274813008737794
2026-01-18 10:30:00,AWS_03,0,normal,none,1,-0.033574694037090236
2026-01-18 10:45:00,AWS_03,0,normal,none,0,0.01768763940867457
2026-01-18 11:00:00,AWS_03,0,normal,none,0,0.03827904323317732
2026-01-18 11:15:00,AWS_03,0,normal,none,0,0.010783849331383655
2026-01-18 11:30:00,AWS_03,0,normal,none,0,0.055618961299865266
2026-01-18 11:45:00,AWS_03,0,normal,none,0,0.0020068733356853885
2026-01-18 12:00:00,AWS_03,0,normal,none,0,0.02062239383136172
2026-01-18 12:15:00,AWS_03,0,normal,none,1,-0.07999065291851915
2026-01-18 12:30:00,AWS_03,0,normal,none,1,-0.00798828627044501
2026-01-18 12:45:00,AWS_03,0,normal,none,0,0.01711064860319611
2026-01-18 13:00:00,AWS_03,0,normal,none,0,0.03815500515151399
2026-01-18 13:15:00,AWS_03,0,normal,none,1,-0.08647584305367328
2026-01-18 13:30:00,AWS_03,0,normal,none,0,0.011469736584305779
2026-01-18 13:45:00,AWS_03,0,normal,none,1,-0.006870669767136239
2026-01-18 14:00:00,AWS_03,0,normal,none,0,0.013990406885006912
2026-01-18 14:15:00,AWS_03,0,normal,none,0,0.01298622073185357
2026-01-18 14:30:00,AWS_03,0,normal,none,0,0.024760773193891028
2026-01-18 14:45:00,AWS_03,0,normal,none,0,0.03726680604111282
2026-01-18 15:00:00,AWS_03,0,normal,none,0,0.0283404856089568
2026-01-18 15:15:00,AWS_03,0,normal,none,0,0.013526650544915253
2026-01-18 15:30:00,AWS_03,0,normal,none,0,0.036601605838107454
2026-01-18 15:45:00,AWS_03,0,normal,none,0,0.01634158852556572
2026-01-18 16:00:00,AWS_03,0,normal,none,0,0.023716126188571218
2026-01-18 16:15:00,AWS_03,0,normal,none,0,0.027591293439567954
2026-01-18 16:30:00,AWS_03,0,normal,none,0,0.009581225880027688
2026-01-18 16:45:00,AWS_03,0,normal,none,1,-0.03792063730385109
2026-01-18 17:00:00,AWS_03,0,normal,none,0,0.029128978121069293
2026-01-18 17:15:00,AWS_03,0,normal,none,0,0.021425696695508922
2026-01-18 17:30:00,AWS_03,0,normal,none,0,0.02786115299683678
2026-01-18 17:45:00,AWS_03,0,normal,none,0,0.023139794075818565
2026-01-18 18:00:00,AWS_03,0,normal,none,0,0.00023902339519160654
2026-01-18 18:15:00,AWS_03,0,normal,none,1,-0.009496843611585759
2026-01-18 18:30:00,AWS_03,0,normal,none,0,0.04750600406189881
2026-01-18 18:45:00,AWS_03,0,normal,none,0,0.049029628499000166
2026-01-18 19:00:00,AWS_03,0,normal,none,0,0.059130523737686236
2026-01-18 19:15:00,AWS_03,0,normal,none,0,0.02440672948858491
2026-01-18 19:30:00,AWS_03,0,normal,none,0,0.016334445202526138
2026-01-18 19:45:00,AWS_03,0,normal,none,0,0.04081203737107597
2026-01-18 20:00:00,AWS_03,0,normal,none,0,0.06245630384952111
2026-01-18 20:15:00,AWS_03,0,normal,none,0,0.06188683633656272
2026-01-18 20:30:00,AWS_03,0,normal,none,0,0.022210061643469226
2026-01-18 20:45:00,AWS_03,0,normal,none,0,0.07898347952315055
2026-01-18 21:00:00,AWS_03,0,normal,none,0,0.009938319384670935
2026-01-18 21:15:00,AWS_03,0,normal,none,1,-0.045908396645282123
2026-01-18 21:30:00,AWS_03,0,normal,none,0,0.04027354464540717
2026-01-18 21:45:00,AWS_03,0,normal,none,0,0.08891603133996595
2026-01-18 22:00:00,AWS_03,0,normal,none,0,0.0656428778575075
2026-01-18 22:15:00,AWS_03,0,normal,none,0,0.031015846637544975
2026-01-18 22:30:00,AWS_03,0,normal,none,0,0.0262649902780554
2026-01-18 22:45:00,AWS_03,0,normal,none,0,0.049773399912735994
2026-01-18 23:00:00,AWS_03,0,normal,none,0,0.05997728507044314
2026-01-18 23:15:00,AWS_03,0,normal,none,0,0.0599707082953419
2026-01-18 23:30:00,AWS_03,0,normal,none,0,0.027827147919982642
2026-01-18 23:45:00,AWS_03,0,normal,none,0,0.07205422456621102
2026-01-19 00:00:00,AWS_03,0,normal,none,0,0.047540461784389254
2026-01-19 00:15:00,AWS_03,0,normal,none,0,0.07267117393510092
2026-01-19 00:30:00,AWS_03,0,normal,none,0,0.04679324902629661
2026-01-19 00:45:00,AWS_03,0,normal,none,0,0.08070951746429217
2026-01-19 01:00:00,AWS_03,0,normal,none,0,0.08902566311702736
2026-01-19 01:15:00,AWS_03,0,normal,none,0,0.043007387263386765
2026-01-19 01:30:00,AWS_03,0,normal,none,0,0.05505976115694122
2026-01-19 01:45:00,AWS_03,0,normal,none,0,0.04093471209505328
2026-01-19 02:00:00,AWS_03,0,normal,none,1,-0.002514234543548932
2026-01-19 02:15:00,AWS_03,0,normal,none,0,0.004245162523619284
2026-01-19 02:30:00,AWS_03,0,normal,none,0,0.0065926629150566685
2026-01-19 02:45:00,AWS_03,0,normal,none,0,0.05588757924617466
2026-01-19 03:00:00,AWS_03,0,normal,none,0,0.013324200731832325
2026-01-19 03:15:00,AWS_03,0,normal,none,0,0.0033468104570912316
2026-01-19 03:30:00,AWS_03,0,normal,none,0,0.057911038426755046
2026-01-19 03:45:00,AWS_03,0,normal,none,0,0.0027296160518411883
2026-01-19 04:00:00,AWS_03,0,normal,none,0,0.04250169273624077
2026-01-19 04:15:00,AWS_03,0,normal,none,0,0.0688656601852351
2026-01-19 04:30:00,AWS_03,0,normal,none,0,0.05700311610715153
2026-01-19 04:45:00,AWS_03,0,normal,none,0,0.05157894028089338
2026-01-19 05:00:00,AWS_03,0,normal,none,0,0.08105015625624651
2026-01-19 05:15:00,AWS_03,0,normal,none,0,0.0385182010050793
2026-01-19 05:30:00,AWS_03,0,normal,none,0,0.02145939771296096
2026-01-19 05:45:00,AWS_03,0,normal,none,0,0.0492899231479445
2026-01-19 06:00:00,AWS_03,0,normal,none,0,0.04808445884866308
2026-01-19 06:15:00,AWS_03,0,normal,none,0,0.03781720661461291
2026-01-19 06:30:00,AWS_03,0,normal,none,0,0.07811515856805007
2026-01-19 06:45:00,AWS_03,0,normal,none,0,0.05529701812739923
2026-01-19 07:00:00,AWS_03,0,normal,none,0,0.09453052044778226
2026-01-19 07:15:00,AWS_03,0,normal,none,0,0.05825246090499753
2026-01-19 07:30:00,AWS_03,0,normal,none,0,0.05741617442625285
2026-01-19 07:45:00,AWS_03,0,normal,none,0,0.09101584291239723
2026-01-19 08:00:00,AWS_03,0,normal,none,0,0.07143346395324612
2026-01-19 08:15:00,AWS_03,0,normal,none,0,0.09564593716756264
2026-01-19 08:30:00,AWS_03,0,normal,none,0,0.08586893826630371
2026-01-19 08:45:00,AWS_03,0,normal,none,0,0.016989113045134008
2026-01-19 09:00:00,AWS_03,0,normal,none,1,-0.01563475463137276
2026-01-19 09:15:00,AWS_03,0,normal,none,0,0.09112638934490086
2026-01-19 09:30:00,AWS_03,0,normal,none,1,-0.04682159131577246
2026-01-19 09:45:00,AWS_03,0,normal,none,0,0.09059173028644452
2026-01-19 10:00:00,AWS_03,0,normal,none,0,0.06005964619214199
2026-01-19 10:15:00,AWS_03,0,normal,none,0,0.09888575304996478
2026-01-19 10:30:00,AWS_03,0,normal,none,0,0.007700587155538063
2026-01-19 10:45:00,AWS_03,0,normal,none,1,-0.012943689345146892
2026-01-19 11:00:00,AWS_03,0,normal,none,0,0.05892269598983657
2026-01-19 11:15:00,AWS_03,0,normal,none,0,0.07738077270524563
2026-01-19 11:30:00,AWS_03,0,normal,none,0,0.0656833219945499
2026-01-19 11:45:00,AWS_03,0,normal,none,1,-0.017514702254876724
2026-01-19 12:00:00,AWS_03,0,normal,none,0,0.07068983397461925
2026-01-19 12:15:00,AWS_03,0,normal,none,0,0.05671524602367156
2026-01-19 12:30:00,AWS_03,0,normal,none,0,0.06649941690214661
2026-01-19 12:45:00,AWS_03,0,normal,none,0,0.010286204433220147
2026-01-19 13:00:00,AWS_03,0,normal,none,0,0.009319259856153173
2026-01-19 13:15:00,AWS_03,0,normal,none,0,0.007249728681028356
2026-01-19 13:30:00,AWS_03,0,normal,none,1,-0.012693010226958235
2026-01-19 13:45:00,AWS_03,0,normal,none,0,0.03290138633405748
2026-01-19 14:00:00,AWS_03,0,normal,none,0,0.00911146186873174
2026-01-19 14:15:00,AWS_03,0,normal,none,0,0.007145451325012431
2026-01-19 14:30:00,AWS_03,0,normal,none,1,-0.004347371254987298
2026-01-19 14:45:00,AWS_03,0,normal,none,0,0.0221417784475903
2026-01-19 15:00:00,AWS_03,0,normal,none,0,0.0022518178056240568
2026-01-19 15:15:00,AWS_03,0,normal,none,1,-0.04638099488705405
2026-01-19 15:30:00,AWS_03,0,normal,none,0,0.03184828454243588
2026-01-19 15:45:00,AWS_03,0,normal,none,0,0.021699771080747554
2026-01-19 16:00:00,AWS_03,0,normal,none,0,0.037806928616246016
2026-01-19 16:15:00,AWS_03,0,normal,none,0,0.028704958613805065
2026-01-19 16:30:00,AWS_03,0,normal,none,0,0.035675332914362645
2026-01-19 16:45:00,AWS_03,0,normal,none,0,0.022898428912035418
2026-01-19 17:00:00,AWS_03,0,normal,none,0,0.013066049231390986
2026-01-19 17:15:00,AWS_03,0,normal,none,0,0.01904733642923001
2026-01-19 17:30:00,AWS_03,0,normal,none,1,-0.007924175562644908
2026-01-19 17:45:00,AWS_03,0,normal,none,0,0.036958889728097244
2026-01-19 18:00:00,AWS_03,0,normal,none,0,0.030015915212411537
2026-01-19 18:15:00,AWS_03,0,normal,none,0,0.02213188051559717
2026-01-19 18:30:00,AWS_03,0,normal,none,0,0.0545843143043806
2026-01-19 18:45:00,AWS_03,0,normal,none,0,0.047139544739386974
2026-01-19 19:00:00,AWS_03,0,normal,none,0,0.06461611478987028
2026-01-19 19:15:00,AWS_03,0,normal,none,0,0.06187442290919626
2026-01-19 19:30:00,AWS_03,0,normal,none,0,0.03782268390011606
2026-01-19 19:45:00,AWS_03,0,normal,none,0,0.06720504968176932
2026-01-19 20:00:00,AWS_03,0,normal,none,0,0.005110162893788406
2026-01-19 20:15:00,AWS_03,0,normal,none,0,0.016705194569452297
2026-01-19 20:30:00,AWS_03,0,normal,none,0,0.05944584433034433
2026-01-19 20:45:00,AWS_03,0,normal,none,0,0.043609622578290375
2026-01-19 21:00:00,AWS_03,0,normal,none,0,0.07205679625813205
2026-01-19 21:15:00,AWS_03,0,normal,none,0,0.06374058615108219
2026-01-19 21:30:00,AWS_03,0,normal,none,0,0.025067431260792028
2026-01-19 21:45:00,AWS_03,0,normal,none,0,0.042344573063003044
2026-01-19 22:00:00,AWS_03,0,normal,none,0,0.1098123954419789
2026-01-19 22:15:00,AWS_03,0,normal,none,0,0.02829102119967014
2026-01-19 22:30:00,AWS_03,0,normal,none,0,0.0978436127380673
2026-01-19 22:45:00,AWS_03,0,normal,none,0,0.042421161884842795
2026-01-19 23:00:00,AWS_03,0,normal,none,0,0.1063861847068337
2026-01-19 23:15:00,AWS_03,0,normal,none,0,0.08932686806674267
2026-01-19 23:30:00,AWS_03,0,normal,none,0,0.08214710770033823
2026-01-19 23:45:00,AWS_03,0,normal,none,0,0.06664139895740812
2026-01-20 00:00:00,AWS_03,0,normal,none,0,0.05408566734387987
2026-01-20 00:15:00,AWS_03,0,normal,none,0,0.0675373150358059
2026-01-20 00:30:00,AWS_03,0,normal,none,0,0.018726670016444735
2026-01-20 00:45:00,AWS_03,0,normal,none,0,0.10104799498607947
2026-01-20 01:00:00,AWS_03,0,normal,none,0,0.10281181976560616
2026-01-20 01:15:00,AWS_03,0,normal,none,0,0.013612626229697389
2026-01-20 01:30:00,AWS_03,0,normal,none,0,0.06626221075394617
2026-01-20 01:45:00,AWS_03,0,normal,none,0,0.09389263508799206
2026-01-20 02:00:00,AWS_03,0,normal,none,0,0.09224566046723276
2026-01-20 02:15:00,AWS_03,0,normal,none,0,0.0715079251693645
2026-01-20 02:30:00,AWS_03,0,normal,none,0,0.0424717703750257
2026-01-20 02:45:00,AWS_03,0,normal,none,0,0.07849260042814282
2026-01-20 03:00:00,AWS_03,0,normal,none,0,0.06237018320279908
2026-01-20 03:15:00,AWS_03,0,normal,none,0,0.08402934213302882
2026-01-20 03:30:00,AWS_03,0,normal,none,0,0.07962837439472753
2026-01-20 03:45:00,AWS_03,0,normal,none,0,0.07929455852664569
2026-01-20 04:00:00,AWS_03,0,normal,none,0,0.07094031353548275
2026-01-20 04:15:00,AWS_03,0,normal,none,0,0.07556496913424621
2026-01-20 04:30:00,AWS_03,0,normal,none,0,0.07606141631506408
2026-01-20 04:45:00,AWS_03,0,normal,none,0,0.02950477431994397
2026-01-20 05:00:00,AWS_03,0,normal,none,0,0.06715265553472699
2026-01-20 05:15:00,AWS_03,0,normal,none,0,0.007533110995447234
2026-01-20 05:30:00,AWS_03,0,normal,none,0,0.08392405753593957
2026-01-20 05:45:00,AWS_03,0,normal,none,0,0.09627371646758287
2026-01-20 06:00:00,AWS_03,0,normal,none,0,0.07875703445717974
2026-01-20 06:15:00,AWS_03,0,normal,none,0,0.026979918413353787
2026-01-20 06:30:00,AWS_03,0,normal,none,0,0.018633888201728732
2026-01-20 06:45:00,AWS_03,0,normal,none,0,0.07267277501797897
2026-01-20 07:00:00,AWS_03,0,normal,none,0,0.014286164109419852
2026-01-20 07:15:00,AWS_03,0,normal,none,0,0.012081646994828332
2026-01-20 07:30:00,AWS_03,0,normal,none,0,0.0021336243657270604
2026-01-20 07:45:00,AWS_03,0,normal,none,0,0.040907633300384105
2026-01-20 08:00:00,AWS_03,0,normal,none,1,-0.01259025411322856
2026-01-20 08:15:00,AWS_03,0,normal,none,0,0.05134149446354247
2026-01-20 08:30:00,AWS_03,0,normal,none,0,0.03421204345961315
2026-01-20 08:45:00,AWS_03,0,normal,none,0,0.021812464901499073
2026-01-20 09:00:00,AWS_03,0,normal,none,0,0.09074215894079429
2026-01-20 09:15:00,AWS_03,0,normal,none,0,0.04808128785681076
2026-01-20 09:30:00,AWS_03,0,normal,none,1,-0.01364847806447389
2026-01-20 09:45:00,AWS_03,0,normal,none,0,0.07002946366974538
2026-01-20 10:00:00,AWS_03,0,normal,none,1,-0.0024194734258674577
2026-01-20 10:15:00,AWS_03,0,normal,none,0,0.05571310356292786
2026-01-20 10:30:00,AWS_03,0,normal,none,0,0.06129275367423659
2026-01-20 10:45:00,AWS_03,0,normal,none,0,0.04194148314528334
2026-01-20 11:00:00,AWS_03,0,normal,none,0,0.021348806061462833
2026-01-20 11:15:00,AWS_03,0,normal,none,0,0.035081379767970045
2026-01-20 11:30:00,AWS_03,0,normal,none,1,-0.018898086196463826
2026-01-20 11:45:00,AWS_03,0,normal,none,1,-0.024968372239686287
2026-01-20 12:00:00,AWS_03,0,normal,none,0,0.03314459776751477
2026-01-20 12:15:00,AWS_03,0,normal,none,1,-0.0040021203236845215
2026-01-20 12:30:00,AWS_03,0,normal,none,1,-0.013581156649113968
2026-01-20 12:45:00,AWS_03,0,normal,none,1,-0.03511872783445613
2026-01-20 13:00:00,AWS_03,0,normal,none,1,-0.007171710387022134
2026-01-20 13:15:00,AWS_03,0,normal,none,1,-0.0324016755492722
2026-01-20 13:30:00,AWS_03,0,normal,none,1,-0.02811218331717169
2026-01-20 13:45:00,AWS_03,0,normal,none,1,-0.032377213990862685
2026-01-20 14:00:00,AWS_03,0,normal,none,1,-0.07716159154924418
2026-01-20 14:15:00,AWS_03,0,normal,none,1,-0.04806730233829448
2026-01-20 14:30:00,AWS_03,0,normal,none,1,-0.0305266745157029
2026-01-20 14:45:00,AWS_03,0,normal,none,1,-0.002179720020583753
2026-01-20 15:00:00,AWS_03,0,normal,none,1,-0.08672769699624683
2026-01-20 15:15:00,AWS_03,0,normal,none,1,-0.07490312386541453
2026-01-20 15:30:00,AWS_03,0,normal,none,1,-0.02460293663098223
2026-01-20 15:45:00,AWS_03,0,normal,none,1,-0.07036380082338334
2026-01-20 16:00:00,AWS_03,0,normal,none,1,-0.016618204861799546
2026-01-20 16:15:00,AWS_03,0,normal,none,1,-0.05116977848461812
2026-01-20 16:30:00,AWS_03,0,normal,none,1,-0.045750623980218674
2026-01-20 16:45:00,AWS_03,0,normal,none,1,-0.0353416699101573
2026-01-20 17:00:00,AWS_03,0,normal,none,1,-0.02926614827222651
2026-01-20 17:15:00,AWS_03,0,normal,none,1,-0.05983567742476825
2026-01-20 17:30:00,AWS_03,0,normal,none,1,-0.05714001307973071
2026-01-20 17:45:00,AWS_03,0,normal,none,1,-0.006129993421969848
2026-01-20 18:00:00,AWS_03,0,normal,none,1,-0.026983170840996995
2026-01-20 18:15:00,AWS_03,0,normal,none,1,-0.03865493945286902
2026-01-20 18:30:00,AWS_03,0,normal,none,1,-0.018635114144454623
2026-01-20 18:45:00,AWS_03,0,normal,none,1,-0.018563049852232893
2026-01-20 19:00:00,AWS_03,0,normal,none,0,0.009159552639565527
2026-01-20 19:15:00,AWS_03,0,normal,none,1,-0.0685285771908759
2026-01-20 19:30:00,AWS_03,0,normal,none,1,-0.05712553319126601
2026-01-20 19:45:00,AWS_03,0,normal,none,1,-0.02967246527359091
2026-01-20 20:00:00,AWS_03,0,normal,none,0,0.03446582467674819
2026-01-20 20:15:00,AWS_03,0,normal,none,0,0.0031909057990380796
2026-01-20 20:30:00,AWS_03,0,normal,none,0,0.048923759793063404
2026-01-20 20:45:00,AWS_03,0,normal,none,1,-0.011388890102376759
2026-01-20 21:00:00,AWS_03,0,normal,none,1,-0.00847233589983254
2026-01-20 21:15:00,AWS_03,0,normal,none,0,0.019655987885620507
2026-01-20 21:30:00,AWS_03,0,normal,none,0,0.04943447227385189
2026-01-20 21:45:00,AWS_03,0,normal,none,0,0.05238182658711005
2026-01-20 22:00:00,AWS_03,0,normal,none,1,-0.025437762172258238
2026-01-20 22:15:00,AWS_03,0,normal,none,0,0.03712129789911234
2026-01-20 22:30:00,AWS_03,0,normal,none,0,0.04163868121205111
2026-01-20 22:45:00,AWS_03,0,normal,none,1,-0.013645023580658777
2026-01-20 23:00:00,AWS_03,0,normal,none,0,0.039557614710653166
2026-01-20 23:15:00,AWS_03,0,normal,none,0,0.05118089796265329
2026-01-20 23:30:00,AWS_03,0,normal,none,0,0.04009501137565569
2026-01-20 23:45:00,AWS_03,0,normal,none,0,0.031690175530543374
2026-01-21 00:00:00,AWS_03,0,normal,none,0,0.031389178357677794
2026-01-21 00:15:00,AWS_03,0,normal,none,0,0.0070666189512366695
2026-01-21 00:30:00,AWS_03,0,normal,none,0,0.04436000099668724
2026-01-21 00:45:00,AWS_03,0,normal,none,0,0.03776790446016648
2026-01-21 01:00:00,AWS_03,0,normal,none,0,0.017474157712574268
2026-01-21 01:15:00,AWS_03,0,normal,none,1,-0.00732419612572377
2026-01-21 01:30:00,AWS_03,0,normal,none,1,-0.01335869629141484
2026-01-21 01:45:00,AWS_03,0,normal,none,0,0.00907511019871221
2026-01-21 02:00:00,AWS_03,0,normal,none,0,0.006602842448914237
2026-01-21 02:15:00,AWS_03,0,normal,none,1,-0.01756335894981953
2026-01-21 02:30:00,AWS_03,0,normal,none,0,0.010667893015473995
2026-01-21 02:45:00,AWS_03,0,normal,none,0,0.03278877132976005
2026-01-21 03:00:00,AWS_03,0,normal,none,0,0.031210983844911777
2026-01-21 03:15:00,AWS_03,0,normal,none,0,0.016495553413098774
2026-01-21 03:30:00,AWS_03,0,normal,none,0,0.03542963448129588
2026-01-21 03:45:00,AWS_03,0,normal,none,1,-0.02836164898830995
2026-01-21 04:00:00,AWS_03,0,normal,none,1,-0.03527244538983276
2026-01-21 04:15:00,AWS_03,0,normal,none,0,0.011111199262235472
2026-01-21 04:30:00,AWS_03,0,normal,none,1,-0.007063181168857624
2026-01-21 04:45:00,AWS_03,0,normal,none,0,0.0240562248584828
2026-01-21 05:00:00,AWS_03,0,normal,none,0,0.005611324723354516
2026-01-21 05:15:00,AWS_03,0,normal,none,0,0.022237505811198377
2026-01-21 05:30:00,AWS_03,0,normal,none,1,-0.02603753736732317
2026-01-21 05:45:00,AWS_03,0,normal,none,1,-0.04147318808714229
2026-01-21 06:00:00,AWS_03,0,normal,none,1,-0.057463448651045246
2026-01-21 06:15:00,AWS_03,0,normal,none,1,-0.09535070267730028
2026-01-21 06:30:00,AWS_03,0,normal,none,1,-0.04302524659945883
2026-01-21 06:45:00,AWS_03,0,normal,none,1,-0.023794207002339696
2026-01-21 07:00:00,AWS_03,0,normal,none,1,-0.015488428461704284
2026-01-21 07:15:00,AWS_03,0,normal,none,0,0.02352114826130064
2026-01-21 07:30:00,AWS_03,0,normal,none,0,0.0325842827778452
2026-01-21 07:45:00,AWS_03,0,normal,none,1,-0.05084026994668922
2026-01-21 08:00:00,AWS_03,0,normal,none,0,0.013417534597064629
2026-01-21 08:15:00,AWS_03,0,normal,none,0,0.010202703127399904
2026-01-21 08:30:00,AWS_03,0,normal,none,0,0.005126581327720925
2026-01-21 08:45:00,AWS_03,0,normal,none,0,0.0029232747489825184
2026-01-21 09:00:00,AWS_03,0,normal,none,0,0.01706065015220859
2026-01-21 09:15:00,AWS_03,0,normal,none,0,0.03288828062760296
2026-01-21 09:30:00,AWS_03,0,normal,none,1,-0.12856845634431413
2026-01-21 09:45:00,AWS_03,0,normal,none,1,-0.05299740069364112
2026-01-21 10:00:00,AWS_03,0,normal,none,0,0.030320422650606582
2026-01-21 10:15:00,AWS_03,0,normal,none,0,0.020882020295215853
2026-01-21 10:30:00,AWS_03,0,normal,none,1,-0.04372692029209002
2026-01-21 10:45:00,AWS_03,0,normal,none,1,-0.015083774724839794
2026-01-21 11:00:00,AWS_03,0,normal,none,0,0.0027171796558010386
2026-01-21 11:15:00,AWS_03,0,normal,none,1,-0.017366731224587206
2026-01-21 11:30:00,AWS_03,0,normal,none,0,0.008353561305783797
2026-01-21 11:45:00,AWS_03,0,normal,none,1,-0.06995352704054003
2026-01-21 12:00:00,AWS_03,0,normal,none,1,-0.07534607185741071
2026-01-21 12:15:00,AWS_03,0,normal,none,1,-0.031640584891413526
2026-01-21 12:30:00,AWS_03,0,normal,none,1,-0.038085434527169504
2026-01-21 12:45:00,AWS_03,0,normal,none,1,-0.03120528564079028
2026-01-21 13:00:00,AWS_03,0,normal,none,1,-0.06974093606334364
2026-01-21 13:15:00,AWS_03,0,normal,none,1,-0.013067490728292497
2026-01-21 13:30:00,AWS_03,0,normal,none,1,-0.020392125792997873
2026-01-21 13:45:00,AWS_03,0,normal,none,1,-0.06636573277276192
2026-01-21 14:00:00,AWS_03,0,normal,none,1,-0.022006266404259733
2026-01-21 14:15:00,AWS_03,0,normal,none,1,-0.04174403683675354
2026-01-21 14:30:00,AWS_03,0,normal,none,1,-0.06625589321542436
2026-01-21 14:45:00,AWS_03,0,normal,none,1,-0.022891793288770113
2026-01-21 15:00:00,AWS_03,0,normal,none,1,-0.036508515873323155
2026-01-21 15:15:00,AWS_03,0,normal,none,1,-0.029123030329821775
2026-01-21 15:30:00,AWS_03,0,normal,none,1,-0.02860758597204105
2026-01-21 15:45:00,AWS_03,0,normal,none,1,-0.02790537419835193
2026-01-21 16:00:00,AWS_03,0,normal,none,1,-0.045160378621385555
2026-01-21 16:15:00,AWS_03,0,normal,none,1,-0.04346874885902252
2026-01-21 16:30:00,AWS_03,0,normal,none,1,-0.07696348224779659
2026-01-21 16:45:00,AWS_03,0,normal,none,1,-0.03930350925819037
2026-01-21 17:00:00,AWS_03,0,normal,none,1,-0.020486764944271485
2026-01-21 17:15:00,AWS_03,0,normal,none,1,-0.013465598305447468
2026-01-21 17:30:00,AWS_03,0,normal,none,1,-0.027520932910265916
2026-01-21 17:45:00,AWS_03,0,normal,none,1,-0.018798878491082416
2026-01-21 18:00:00,AWS_03,0,normal,none,1,-0.04138272687204958
2026-01-21 18:15:00,AWS_03,0,normal,none,1,-0.026326894127629674
2026-01-21 18:30:00,AWS_03,0,normal,none,1,-0.01912438063728128
2026-01-21 18:45:00,AWS_03,0,normal,none,1,-0.024730033809780005
2026-01-21 19:00:00,AWS_03,0,normal,none,1,-0.02429038352247226
2026-01-21 19:15:00,AWS_03,0,normal,none,1,-0.04177132261707028
2026-01-21 19:30:00,AWS_03,0,normal,none,1,-0.007458991333046616
2026-01-21 19:45:00,AWS_03,0,normal,none,0,0.02538017648149593
2026-01-21 20:00:00,AWS_03,0,normal,none,0,0.00981944238959559
2026-01-21 20:15:00,AWS_03,0,normal,none,0,0.016870343484664874
2026-01-21 20:30:00,AWS_03,0,normal,none,1,-0.0354032013925083
2026-01-21 20:45:00,AWS_03,0,normal,none,0,0.04787398611078647
2026-01-21 21:00:00,AWS_03,0,normal,none,0,0.05963460982140373
2026-01-21 21:15:00,AWS_03,0,normal,none,0,0.02515827893410094
2026-01-21 21:30:00,AWS_03,0,normal,none,1,-0.02060125190766504
2026-01-21 21:45:00,AWS_03,0,normal,none,0,0.04694827953896086
2026-01-21 22:00:00,AWS_03,0,normal,none,0,0.04858295364289367
2026-01-21 22:15:00,AWS_03,0,normal,none,0,0.05663581577851229
2026-01-21 22:30:00,AWS_03,0,normal,none,0,0.005450198807833984
2026-01-21 22:45:00,AWS_03,0,normal,none,0,0.019250830628001814
2026-01-21 23:00:00,AWS_03,0,normal,none,0,0.05812639219679383
2026-01-21 23:15:00,AWS_03,0,normal,none,0,0.024477676994615005
2026-01-21 23:30:00,AWS_03,0,normal,none,1,-0.0053178178103534535
2026-01-21 23:45:00,AWS_03,0,normal,none,0,0.06341129134357432
2026-01-22 00:00:00,AWS_03,1,multivariate_inconsistency,humidity,1,-0.08598991675616718
2026-01-22 00:15:00,AWS_03,1,multivariate_inconsistency,humidity,0,0.02550231906119793
2026-01-22 00:30:00,AWS_03,1,multivariate_inconsistency,humidity,1,-0.0077290290987276355
2026-01-22 00:45:00,AWS_03,1,multivariate_inconsistency,humidity,1,-0.01555887410569512
2026-01-22 01:00:00,AWS_03,1,multivariate_inconsistency,humidity,0,0.01865206127776825
2026-01-22 01:15:00,AWS_03,1,multivariate_inconsistency,humidity,1,-0.02369788464475686
2026-01-22 01:30:00,AWS_03,0,normal,none,1,-0.07195880601924864
2026-01-22 01:45:00,AWS_03,0,normal,none,0,0.07547707997345421
2026-01-22 02:00:00,AWS_03,0,normal,none,0,0.07739690112217906
2026-01-22 02:15:00,AWS_03,0,normal,none,0,0.053050599725212255
2026-01-22 02:30:00,AWS_03,0,normal,none,0,0.07130725900562768
2026-01-22 02:45:00,AWS_03,0,normal,none,0,0.07178070010522725
2026-01-22 03:00:00,AWS_03,0,normal,none,0,0.07300442256810213
2026-01-22 03:15:00,AWS_03,0,normal,none,0,0.05566770281967642
2026-01-22 03:30:00,AWS_03,0,normal,none,0,0.08620741105096791
2026-01-22 03:45:00,AWS_03,0,normal,none,0,0.047996128335612565
2026-01-22 04:00:00,AWS_03,0,normal,none,0,0.05503284843405437
2026-01-22 04:15:00,AWS_03,0,normal,none,1,-0.016769924195183306
2026-01-22 04:30:00,AWS_03,0,normal,none,0,0.041798651435005274
2026-01-22 04:45:00,AWS_03,0,normal,none,0,0.07932009732568229
2026-01-22 05:00:00,AWS_03,0,normal,none,0,0.07844480475614185
2026-01-22 05:15:00,AWS_03,0,normal,none,0,0.04481768504225481
2026-01-22 05:30:00,AWS_03,0,normal,none,0,0.010056200886535083
2026-01-22 05:45:00,AWS_03,0,normal,none,0,0.014587989466800622
2026-01-22 06:00:00,AWS_03,0,normal,none,0,0.001590650668744975
2026-01-22 06:15:00,AWS_03,0,normal,none,0,0.017588990369122814
2026-01-22 06:30:00,AWS_03,0,normal,none,0,0.025833965133415737
2026-01-22 06:45:00,AWS_03,0,normal,none,0,0.02555035679679002
2026-01-22 07:00:00,AWS_03,0,normal,none,0,0.024352421298196536
2026-01-22 07:15:00,AWS_03,0,normal,none,0,0.07883108586922749
2026-01-22 07:30:00,AWS_03,0,normal,none,0,0.0013631230991478227
2026-01-22 07:45:00,AWS_03,0,normal,none,0,0.0716108905246094
2026-01-22 08:00:00,AWS_03,0,normal,none,0,0.045841528054871405
2026-01-22 08:15:00,AWS_03,0,normal,none,0,0.0852162900374403
2026-01-22 08:30:00,AWS_03,0,normal,none,0,0.017387747945848075
2026-01-22 08:45:00,AWS_03,0,normal,none,0,0.03999930915016481
2026-01-22 09:00:00,AWS_03,0,normal,none,0,0.08253472471519929
2026-01-22 09:15:00,AWS_03,0,normal,none,0,0.03919810855062128
2026-01-22 09:30:00,AWS_03,0,normal,none,0,0.028651216211124875
2026-01-22 09:45:00,AWS_03,0,normal,none,0,0.06764569101832324
2026-01-22 10:00:00,AWS_03,0,normal,none,0,0.009943035059489014
2026-01-22 10:15:00,AWS_03,0,normal,none,0,0.06478151428212447
2026-01-22 10:30:00,AWS_03,0,normal,none,0,0.043617271556091075
2026-01-22 10:45:00,AWS_03,0,normal,none,0,0.005145774125072333
2026-01-22 11:00:00,AWS_03,0,normal,none,1,-0.027997370808576783
2026-01-22 11:15:00,AWS_03,0,normal,none,0,0.027280226061363988
2026-01-22 11:30:00,AWS_03,0,normal,none,0,0.017071529374150907
2026-01-22 11:45:00,AWS_03,0,normal,none,0,0.013739445626481384
2026-01-22 12:00:00,AWS_03,0,normal,none,1,-0.021820142628094064
2026-01-22 12:15:00,AWS_03,0,normal,none,0,0.022394442316998997
2026-01-22 12:30:00,AWS_03,0,normal,none,0,0.043899227938322904
2026-01-22 12:45:00,AWS_03,0,normal,none,1,-0.06240331905539054
2026-01-22 13:00:00,AWS_03,0,normal,none,1,-0.041306413665599506
2026-01-22 13:15:00,AWS_03,0,normal,none,0,0.003971526027049088
2026-01-22 13:30:00,AWS_03,0,normal,none,1,-0.0063021047515949835
2026-01-22 13:45:00,AWS_03,0,normal,none,0,0.007069176573393954
2026-01-22 14:00:00,AWS_03,0,normal,none,1,-0.013962575477876826
2026-01-22 14:15:00,AWS_03,0,normal,none,0,0.009780131517096669
2026-01-22 14:30:00,AWS_03,0,normal,none,0,0.00782012670259663
2026-01-22 14:45:00,AWS_03,0,normal,none,1,-0.011034439980374344
2026-01-22 15:00:00,AWS_03,0,normal,none,1,-0.04935780532979961
2026-01-22 15:15:00,AWS_03,0,normal,none,1,-0.0020029075581938782
2026-01-22 15:30:00,AWS_03,0,normal,none,0,0.016914297124587807
2026-01-22 15:45:00,AWS_03,0,normal,none,1,-0.009929096380555835
2026-01-22 16:00:00,AWS_03,0,normal,none,0,0.016493291699462287
2026-01-22 16:15:00,AWS_03,0,normal,none,0,0.017922969802932287
2026-01-22 16:30:00,AWS_03,0,normal,none,0,0.023576647961476238
2026-01-22 16:45:00,AWS_03,0,normal,none,0,0.028083618651559616
2026-01-22 17:00:00,AWS_03,0,normal,none,0,0.009890776116405153
2026-01-22 17:15:00,AWS_03,0,normal,none,1,-0.01186648726231676
2026-01-22 17:30:00,AWS_03,0,normal,none,0,0.03388566738072446
2026-01-22 17:45:00,AWS_03,0,normal,none,1,-0.0022033544371982128
2026-01-22 18:00:00,AWS_03,0,normal,none,0,0.040996505884551115
2026-01-22 18:15:00,AWS_03,0,normal,none,0,0.02959325871603724
2026-01-22 18:30:00,AWS_03,0,normal,none,0,0.044355669742008774
2026-01-22 18:45:00,AWS_03,0,normal,none,0,0.017624218659596624
2026-01-22 19:00:00,AWS_03,0,normal,none,0,0.0437500396544922
2026-01-22 19:15:00,AWS_03,0,normal,none,0,0.012600137034614545
2026-01-22 19:30:00,AWS_03,0,normal,none,0,0.07335071107903302
2026-01-22 19:45:00,AWS_03,0,normal,none,0,0.07207449381998515
2026-01-22 20:00:00,AWS_03,0,normal,none,0,0.07728931337909456
2026-01-22 20:15:00,AWS_03,0,normal,none,0,0.08404981125176397
2026-01-22 20:30:00,AWS_03,0,normal,none,0,0.03955706694741579
2026-01-22 20:45:00,AWS_03,0,normal,none,0,0.08102288912881289
2026-01-22 21:00:00,AWS_03,0,normal,none,0,0.043924128502006554
2026-01-22 21:15:00,AWS_03,0,normal,none,0,0.10073580002729582
2026-01-22 21:30:00,AWS_03,0,normal,none,0,0.0399836949090388
2026-01-22 21:45:00,AWS_03,0,normal,none,0,0.089151704615402
2026-01-22 22:00:00,AWS_03,0,normal,none,0,0.09474219943658829
2026-01-22 22:15:00,AWS_03,0,normal,none,0,0.09952958432673903
2026-01-22 22:30:00,AWS_03,0,normal,none,0,0.0941784124306736
2026-01-22 22:45:00,AWS_03,0,normal,none,0,0.05264039461900649
2026-01-22 23:00:00,AWS_03,0,normal,none,0,0.08271027845673212
2026-01-22 23:15:00,AWS_03,0,normal,none,0,0.03736809876450159
2026-01-22 23:30:00,AWS_03,0,normal,none,0,0.10188523910905078
2026-01-22 23:45:00,AWS_03,0,normal,none,0,0.08823746029056928
2026-01-23 00:00:00,AWS_03,0,normal,none,0,0.07096877625026016
2026-01-23 00:15:00,AWS_03,0,normal,none,0,0.03441185174901096
2026-01-23 00:30:00,AWS_03,0,normal,none,0,0.05972978838956344
2026-01-23 00:45:00,AWS_03,0,normal,none,0,0.025201305606888214
2026-01-23 01:00:00,AWS_03,0,normal,none,0,0.0971782134868911
2026-01-23 01:15:00,AWS_03,0,normal,none,0,0.10672249925297378
2026-01-23 01:30:00,AWS_03,0,normal,none,0,0.08434058440134168
2026-01-23 01:45:00,AWS_03,0,normal,none,0,0.07731813834237389
2026-01-23 02:00:00,AWS_03,0,normal,none,0,0.09358218159479148
2026-01-23 02:15:00,AWS_03,0,normal,none,0,0.06659505897868634
2026-01-23 02:30:00,AWS_03,0,normal,none,0,0.09421535703085665
2026-01-23 02:45:00,AWS_03,0,normal,none,0,0.06083994904987444
2026-01-23 03:00:00,AWS_03,0,normal,none,0,0.10161367878899441
2026-01-23 03:15:00,AWS_03,0,normal,none,0,0.0692946079393657
2026-01-23 03:30:00,AWS_03,0,normal,none,0,0.09261014419515501
2026-01-23 03:45:00,AWS_03,0,normal,none,0,0.055581472094478224
2026-01-23 04:00:00,AWS_03,0,normal,none,0,0.07422175522030172
2026-01-23 04:15:00,AWS_03,0,normal,none,0,0.055017487160540224
2026-01-23 04:30:00,AWS_03,0,normal,none,0,0.010336992178779869
2026-01-23 04:45:00,AWS_03,0,normal,none,0,0.0747508731344626
2026-01-23 05:00:00,AWS_03,0,normal,none,0,0.06967959958101827
2026-01-23 05:15:00,AWS_03,0,normal,none,0,0.05002602064391459
2026-01-23 05:30:00,AWS_03,0,normal,none,1,-0.013646632683075977
2026-01-23 05:45:00,AWS_03,0,normal,none,1,-0.0013912847404276008
2026-01-23 06:00:00,AWS_03,0,normal,none,0,0.07143326118042648
2026-01-23 06:15:00,AWS_03,0,normal,none,0,0.014559211886609358
2026-01-23 06:30:00,AWS_03,0,normal,none,1,-0.05777146003678313
2026-01-23 06:45:00,AWS_03,0,normal,none,0,0.05604849355378061
2026-01-23 07:00:00,AWS_03,0,normal,none,0,0.020082724921377804
2026-01-23 07:15:00,AWS_03,0,normal,none,0,0.060900358409399835
2026-01-23 07:30:00,AWS_03,0,normal,none,0,0.05051519032366014
2026-01-23 07:45:00,AWS_03,0,normal,none,0,0.03558958932665185
2026-01-23 08:00:00,AWS_03,0,normal,none,1,-0.014395815223527175
2026-01-23 08:15:00,AWS_03,0,normal,none,0,0.0774118421436043
2026-01-23 08:30:00,AWS_03,0,normal,none,0,0.03214052034471043
2026-01-23 08:45:00,AWS_03,0,normal,none,0,0.06467179939035372
2026-01-23 09:00:00,AWS_03,0,normal,none,0,0.07323719922544053
2026-01-23 09:15:00,AWS_03,0,normal,none,0,0.02712040330576454
2026-01-23 09:30:00,AWS_03,0,normal,none,0,0.026815507316751808
2026-01-23 09:45:00,AWS_03,0,normal,none,0,0.031869216492802166
2026-01-23 10:00:00,AWS_03,0,normal,none,0,0.050259762173286426
2026-01-23 10:15:00,AWS_03,0,normal,none,0,0.017485922198828663
2026-01-23 10:30:00,AWS_03,0,normal,none,0,0.024958263653196477
2026-01-23 10:45:00,AWS_03,0,normal,none,0,0.033823640633470986
2026-01-23 11:00:00,AWS_03,0,normal,none,0,0.021318382437691963
2026-01-23 11:15:00,AWS_03,0,normal,none,1,-0.006779959118840884
2026-01-23 11:30:00,AWS_03,0,normal,none,0,0.041761510650683176
2026-01-23 11:45:00,AWS_03,0,normal,none,0,0.03381218147782028
2026-01-23 12:00:00,AWS_03,0,normal,none,1,-0.015189469489384044
2026-01-23 12:15:00,AWS_03,0,normal,none,0,0.012835690146633993
2026-01-23 12:30:00,AWS_03,0,normal,none,1,-0.003641876548970857
2026-01-23 12:45:00,AWS_03,0,normal,none,1,-0.05808626778920356
2026-01-23 13:00:00,AWS_03,0,normal,none,0,0.011105868425351995
2026-01-23 13:15:00,AWS_03,0,normal,none,1,-0.028383331351470087
2026-01-23 13:30:00,AWS_03,0,normal,none,0,0.0022245110723316808
2026-01-23 13:45:00,AWS_03,0,normal,none,1,-0.0725157596999424
2026-01-23 14:00:00,AWS_03,0,normal,none,1,-0.002737835099801078
2026-01-23 14:15:00,AWS_03,0,normal,none,1,-0.06259568727062237
2026-01-23 14:30:00,AWS_03,0,normal,none,1,-0.08465300841873202
2026-01-23 14:45:00,AWS_03,0,normal,none,1,-0.05865552205839164
2026-01-23 15:00:00,AWS_03,0,normal,none,0,0.0012314021085602644
2026-01-23 15:15:00,AWS_03,0,normal,none,1,-0.017725182636700754
2026-01-23 15:30:00,AWS_03,0,normal,none,1,-0.06683271739313446
2026-01-23 15:45:00,AWS_03,0,normal,none,1,-0.04667162496510646
2026-01-23 16:00:00,AWS_03,0,normal,none,1,-0.05102271090883115
2026-01-23 16:15:00,AWS_03,0,normal,none,1,-0.010254565469184351
2026-01-23 16:30:00,AWS_03,0,normal,none,0,0.01657846543605551
2026-01-23 16:45:00,AWS_03,0,normal,none,1,-0.007515316384715587
2026-01-23 17:00:00,AWS_03,0,normal,none,1,-0.052719461002666335
2026-01-23 17:15:00,AWS_03,0,normal,none,1,-0.034676943590493225
2026-01-23 17:30:00,AWS_03,0,normal,none,0,0.028980661075562575
2026-01-23 17:45:00,AWS_03,0,normal,none,1,-0.007172316036142989
2026-01-23 18:00:00,AWS_03,0,normal,none,0,0.021406619395484383
2026-01-23 18:15:00,AWS_03,0,normal,none,1,-0.02765202786427101
2026-01-23 18:30:00,AWS_03,0,normal,none,0,0.05056154998136497
2026-01-23 18:45:00,AWS_03,0,normal,none,0,0.03663825350014566
2026-01-23 19:00:00,AWS_03,0,normal,none,1,-0.027647928165437152
2026-01-23 19:15:00,AWS_03,0,normal,none,0,0.04525180933385242
2026-01-23 19:30:00,AWS_03,0,normal,none,0,0.025907072076732984
2026-01-23 19:45:00,AWS_03,0,normal,none,0,0.05706958238267423
2026-01-23 20:00:00,AWS_03,0,normal,none,0,0.028175089341531567
2026-01-23 20:15:00,AWS_03,0,normal,none,1,-0.045248599332433415
2026-01-23 20:30:00,AWS_03,0,normal,none,0,0.08596340338237257
2026-01-23 20:45:00,AWS_03,0,normal,none,0,0.07370159071418347
2026-01-23 21:00:00,AWS_03,0,normal,none,0,0.08115857449068564
2026-01-23 21:15:00,AWS_03,0,normal,none,0,0.07386188284111622
2026-01-23 21:30:00,AWS_03,0,normal,none,0,0.0352392453816357
2026-01-23 21:45:00,AWS_03,0,normal,none,0,0.005971015642733168
2026-01-23 22:00:00,AWS_03,0,normal,none,0,0.0303777178781785
2026-01-23 22:15:00,AWS_03,0,normal,none,0,0.030032475355706523
2026-01-23 22:30:00,AWS_03,0,normal,none,0,0.08104252960349162
2026-01-23 22:45:00,AWS_03,0,normal,none,0,0.01127303283509784
2026-01-23 23:00:00,AWS_03,0,normal,none,0,0.03794071794342374
2026-01-23 23:15:00,AWS_03,0,normal,none,0,0.06351337853003769
2026-01-23 23:30:00,AWS_03,0,normal,none,0,0.009252518057047243
2026-01-23 23:45:00,AWS_03,0,normal,none,0,0.08373039918263653
2026-01-24 00:00:00,AWS_03,0,normal,none,0,0.07689119173951064
2026-01-24 00:15:00,AWS_03,0,normal,none,0,0.02488749394531148
2026-01-24 00:30:00,AWS_03,0,normal,none,1,-0.007314161374625816
2026-01-24 00:45:00,AWS_03,0,normal,none,0,0.008617468996766964
2026-01-24 01:00:00,AWS_03,0,normal,none,1,-0.015374770462701304
2026-01-24 01:15:00,AWS_03,0,normal,none,0,0.057642051384772075
2026-01-24 01:30:00,AWS_03,0,normal,none,0,0.06555058424267285
2026-01-24 01:45:00,AWS_03,0,normal,none,0,0.02166064425520625
2026-01-24 02:00:00,AWS_03,0,normal,none,0,0.01309222253060488
2026-01-24 02:15:00,AWS_03,0,normal,none,0,0.047106232226148126
2026-01-24 02:30:00,AWS_03,0,normal,none,1,-0.019642613302164658
2026-01-24 02:45:00,AWS_03,0,normal,none,0,0.058029358904371664
2026-01-24 03:00:00,AWS_03,0,normal,none,0,0.0574951779189935
2026-01-24 03:15:00,AWS_03,0,normal,none,0,0.0081442123513919
2026-01-24 03:30:00,AWS_03,0,normal,none,0,0.06885482460199399
2026-01-24 03:45:00,AWS_03,0,normal,none,0,0.019962570907936517
2026-01-24 04:00:00,AWS_03,0,normal,none,0,0.04290303375124582
2026-01-24 04:15:00,AWS_03,0,normal,none,1,-0.02377731150080442
2026-01-24 04:30:00,AWS_03,0,normal,none,0,0.020406057981081693
2026-01-24 04:45:00,AWS_03,0,normal,none,0,0.02399590909823679
2026-01-24 05:00:00,AWS_03,0,normal,none,0,0.05955256915765861
2026-01-24 05:15:00,AWS_03,0,normal,none,0,0.0016235888571602963
2026-01-24 05:30:00,AWS_03,0,normal,none,0,0.04996371623809448
2026-01-24 05:45:00,AWS_03,0,normal,none,0,0.04564781803175011
2026-01-24 06:00:00,AWS_03,0,normal,none,0,0.03715536904876082
2026-01-24 06:15:00,AWS_03,0,normal,none,0,0.04193155989385128
2026-01-24 06:30:00,AWS_03,0,normal,none,0,0.01618710168186238
2026-01-24 06:45:00,AWS_03,0,normal,none,0,0.02559311501713507
2026-01-24 07:00:00,AWS_03,0,normal,none,0,0.05627231405485239
2026-01-24 07:15:00,AWS_03,0,normal,none,1,-0.05610611436635948
2026-01-24 07:30:00,AWS_03,0,normal,none,1,-0.0014357028110679737
2026-01-24 07:45:00,AWS_03,0,normal,none,0,0.0056875262239528546
2026-01-24 08:00:00,AWS_03,0,normal,none,0,0.0716755182706722
2026-01-24 08:15:00,AWS_03,0,normal,none,0,0.017427289191422612
2026-01-24 08:30:00,AWS_03,0,normal,none,1,-0.011081455524143968
2026-01-24 08:45:00,AWS_03,0,normal,none,1,-0.015402625157534877
2026-01-24 09:00:00,AWS_03,0,normal,none,0,0.0013037369981933056
2026-01-24 09:15:00,AWS_03,0,normal,none,0,0.038538499866569376
2026-01-24 09:30:00,AWS_03,0,normal,none,0,0.043123570761166685
2026-01-24 09:45:00,AWS_03,0,normal,none,0,0.015560167649794565
2026-01-24 10:00:00,AWS_03,0,normal,none,0,0.008289489398147054
2026-01-24 10:15:00,AWS_03,0,normal,none,0,0.03909797619480698
2026-01-24 10:30:00,AWS_03,0,normal,none,0,0.02465004978744567
2026-01-24 10:45:00,AWS_03,0,normal,none,1,-0.03419430135739132
2026-01-24 11:00:00,AWS_03,0,normal,none,0,0.01852323747402046
2026-01-24 11:15:00,AWS_03,0,normal,none,0,0.044564745386164395
2026-01-24 11:30:00,AWS_03,0,normal,none,1,-0.010815627667499994
2026-01-24 11:45:00,AWS_03,0,normal,none,0,0.029825200887250547
2026-01-24 12:00:00,AWS_03,0,normal,none,0,0.03209968951878961
2026-01-24 12:15:00,AWS_03,0,normal,none,1,-0.05390740470334843
2026-01-24 12:30:00,AWS_03,0,normal,none,0,0.00011789231631592623
2026-01-24 12:45:00,AWS_03,0,normal,none,0,0.0021887773576051983
2026-01-24 13:00:00,AWS_03,0,normal,none,1,-0.08303217831202558
2026-01-24 13:15:00,AWS_03,0,normal,none,1,-0.025924738857772245
2026-01-24 13:30:00,AWS_03,0,normal,none,1,-0.04586059545035126
2026-01-24 13:45:00,AWS_03,0,normal,none,1,-0.043532405403101215
2026-01-24 14:00:00,AWS_03,0,normal,none,1,-0.07672564915114499
2026-01-24 14:15:00,AWS_03,0,normal,none,1,-0.10738545571192737
2026-01-24 14:30:00,AWS_03,0,normal,none,1,-0.06889962481315126
2026-01-24 14:45:00,AWS_03,0,normal,none,1,-0.07546612730890068
2026-01-24 15:00:00,AWS_03,0,normal,none,1,-0.07747621131196458
2026-01-24 15:15:00,AWS_03,0,normal,none,1,-0.0613872595362166
2026-01-24 15:30:00,AWS_03,0,normal,none,1,-0.05588477630550093
2026-01-24 15:45:00,AWS_03,0,normal,none,1,-0.07001035710724057
2026-01-24 16:00:00,AWS_03,0,normal,none,1,-0.055885018608189285
2026-01-24 16:15:00,AWS_03,0,normal,none,1,-0.08567300498066155
2026-01-24 16:30:00,AWS_03,0,normal,none,1,-0.09559882752966498
2026-01-24 16:45:00,AWS_03,0,normal,none,1,-0.061813364754101374
2026-01-24 17:00:00,AWS_03,0,normal,none,1,-0.08866318386670613
2026-01-24 17:15:00,AWS_03,0,normal,none,1,-0.0816017941749273
2026-01-24 17:30:00,AWS_03,0,normal,none,1,-0.020296924758657076
2026-01-24 17:45:00,AWS_03,0,normal,none,1,-0.05885326776261535
2026-01-24 18:00:00,AWS_03,0,normal,none,1,-0.07228742049760672
2026-01-24 18:15:00,AWS_03,0,normal,none,0,0.004667056672101433
2026-01-24 18:30:00,AWS_03,0,normal,none,0,0.016813505646393723
2026-01-24 18:45:00,AWS_03,0,normal,none,1,-0.004597866860309607
2026-01-24 19:00:00,AWS_03,0,normal,none,1,-0.015254385905057788
2026-01-24 19:15:00,AWS_03,0,normal,none,0,0.0012032235636833533
2026-01-24 19:30:00,AWS_03,0,normal,none,1,-0.040350775513980586
2026-01-24 19:45:00,AWS_03,0,normal,none,1,-0.04717355019179359
2026-01-24 20:00:00,AWS_03,0,normal,none,0,0.018143889490213172
2026-01-24 20:15:00,AWS_03,0,normal,none,0,0.021760789126404334
2026-01-24 20:30:00,AWS_03,0,normal,none,0,0.0016188235166234577
2026-01-24 20:45:00,AWS_03,0,normal,none,0,0.006159921299420612
2026-01-24 21:00:00,AWS_03,0,normal,none,0,0.04105174590278232
2026-01-24 21:15:00,AWS_03,0,normal,none,1,-0.0002884374470670803
2026-01-24 21:30:00,AWS_03,0,normal,none,1,-0.014304391616942969
2026-01-24 21:45:00,AWS_03,0,normal,none,0,0.05306039275617358
2026-01-24 22:00:00,AWS_03,0,normal,none,0,0.045447707205552745
2026-01-24 22:15:00,AWS_03,0,normal,none,0,0.013415846459566338
2026-01-24 22:30:00,AWS_03,0,normal,none,0,0.018065085075780085
2026-01-24 22:45:00,AWS_03,0,normal,none,0,0.0014701058152761792
2026-01-24 23:00:00,AWS_03,0,normal,none,0,0.009531363046106966
2026-01-24 23:15:00,AWS_03,0,normal,none,0,0.03377842889385485
2026-01-24 23:30:00,AWS_03,0,normal,none,1,-0.02385575746321089
2026-01-24 23:45:00,AWS_03,0,normal,none,0,0.03725938457413619
2026-01-25 00:00:00,AWS_03,0,normal,none,0,0.02872850333331506
2026-01-25 00:15:00,AWS_03,0,normal,none,0,0.017265069585734205
2026-01-25 00:30:00,AWS_03,0,normal,none,0,0.03834078208798025
2026-01-25 00:45:00,AWS_03,0,normal,none,1,-0.00957680987870524
2026-01-25 01:00:00,AWS_03,0,normal,none,1,-0.02772355683788208
2026-01-25 01:15:00,AWS_03,0,normal,none,1,-0.034690557691209545
2026-01-25 01:30:00,AWS_03,0,normal,none,0,0.037510672107062104
2026-01-25 01:45:00,AWS_03,0,normal,none,0,0.0020941165047775323
2026-01-25 02:00:00,AWS_03,0,normal,none,0,0.03248700547062433
2026-01-25 02:15:00,AWS_03,0,normal,none,0,0.025061335479021674
2026-01-25 02:30:00,AWS_03,0,normal,none,1,-0.006415248235910553
2026-01-25 02:45:00,AWS_03,0,normal,none,1,-0.0031425437421398472
2026-01-25 03:00:00,AWS_03,0,normal,none,0,0.0296466343899367
2026-01-25 03:15:00,AWS_03,0,normal,none,0,0.038719512034919745
2026-01-25 03:30:00,AWS_03,0,normal,none,0,0.04983220787670506
2026-01-25 03:45:00,AWS_03,0,normal,none,0,0.037719105832044186
2026-01-25 04:00:00,AWS_03,0,normal,none,0,0.029210048065566763
2026-01-25 04:15:00,AWS_03,0,normal,none,0,0.018502217541531307
2026-01-25 04:30:00,AWS_03,0,normal,none,0,0.037522202701274154
2026-01-25 04:45:00,AWS_03,0,normal,none,0,0.018634493272683073
2026-01-25 05:00:00,AWS_03,0,normal,none,0,0.007029249408521121
2026-01-25 05:15:00,AWS_03,0,normal,none,1,-0.008586761824257105
2026-01-25 05:30:00,AWS_03,0,normal,none,0,0.040136158467506566
2026-01-25 05:45:00,AWS_03,0,normal,none,1,-0.05583743230566296
2026-01-25 06:00:00,AWS_03,0,normal,none,0,0.027835882367604148
2026-01-25 06:15:00,AWS_03,0,normal,none,0,0.03631987377265766
2026-01-25 06:30:00,AWS_03,0,normal,none,1,-0.0011472735362160202
2026-01-25 06:45:00,AWS_03,0,normal,none,0,0.0019358105705183926
2026-01-25 07:00:00,AWS_03,0,normal,none,0,0.004553837087907464
2026-01-25 07:15:00,AWS_03,0,normal,none,0,0.00970614103768258
2026-01-25 07:30:00,AWS_03,0,normal,none,0,0.01047317665316716
2026-01-25 07:45:00,AWS_03,0,normal,none,1,-0.01921240669681412
2026-01-25 08:00:00,AWS_03,0,normal,none,0,0.0018481162789711902
2026-01-25 08:15:00,AWS_03,0,normal,none,1,-0.006354314852119791
2026-01-25 08:30:00,AWS_03,0,normal,none,1,-0.051328078170725155
2026-01-25 08:45:00,AWS_03,0,normal,none,0,0.030112208512884764
2026-01-25 09:00:00,AWS_03,0,normal,none,0,0.01411698427210889
2026-01-25 09:15:00,AWS_03,0,normal,none,1,-0.0332965792866986
2026-01-25 09:30:00,AWS_03,0,normal,none,1,-0.003491310965098915
2026-01-25 09:45:00,AWS_03,0,normal,none,0,0.024144834424845718
2026-01-25 10:00:00,AWS_03,0,normal,none,0,0.03624259861717
2026-01-25 10:15:00,AWS_03,0,normal,none,0,0.02853298069720639
2026-01-25 10:30:00,AWS_03,0,normal,none,1,-0.01994540408420309
2026-01-25 10:45:00,AWS_03,0,normal,none,1,-0.02743668285749634
2026-01-25 11:00:00,AWS_03,0,normal,none,0,0.012308942693786074
2026-01-25 11:15:00,AWS_03,0,normal,none,1,-0.022656591368751422
2026-01-25 11:30:00,AWS_03,0,normal,none,1,-0.03549088440132353
2026-01-25 11:45:00,AWS_03,0,normal,none,0,0.007533588948280989
2026-01-25 12:00:00,AWS_03,0,normal,none,1,-0.000932794209781096
2026-01-25 12:15:00,AWS_03,0,normal,none,1,-0.016434222583968094
2026-01-25 12:30:00,AWS_03,0,normal,none,1,-0.09526769728223095
2026-01-25 12:45:00,AWS_03,0,normal,none,1,-0.04635138005902206
2026-01-25 13:00:00,AWS_03,0,normal,none,1,-0.05725805528593342
2026-01-25 13:15:00,AWS_03,0,normal,none,1,-0.03946532459879182
2026-01-25 13:30:00,AWS_03,0,normal,none,0,0.0009090120609961394
2026-01-25 13:45:00,AWS_03,0,normal,none,1,-0.027277233187643857
2026-01-25 14:00:00,AWS_03,0,normal,none,1,-0.0005266369146169625
2026-01-25 14:15:00,AWS_03,0,normal,none,1,-0.07632080443872569
2026-01-25 14:30:00,AWS_03,0,normal,none,1,-0.05722143694758197
2026-01-25 14:45:00,AWS_03,0,normal,none,1,-0.06030221170723271
2026-01-25 15:00:00,AWS_03,0,normal,none,1,-0.04498053265931734
2026-01-25 15:15:00,AWS_03,0,normal,none,1,-0.027113871212619656
2026-01-25 15:30:00,AWS_03,0,normal,none,1,-0.03728758435510837
2026-01-25 15:45:00,AWS_03,0,normal,none,1,-0.1002474579344762
2026-01-25 16:00:00,AWS_03,0,normal,none,1,-0.06447322897147201
2026-01-25 16:15:00,AWS_03,0,normal,none,1,-0.05754400889192679
2026-01-25 16:30:00,AWS_03,0,normal,none,1,-0.025868602233696913
2026-01-25 16:45:00,AWS_03,0,normal,none,1,-0.03940995623804777
2026-01-25 17:00:00,AWS_03,0,normal,none,1,-0.03972189432162898
2026-01-25 17:15:00,AWS_03,0,normal,none,1,-0.06124249574650498
2026-01-25 17:30:00,AWS_03,0,normal,none,1,-0.04930950265315237
2026-01-25 17:45:00,AWS_03,0,normal,none,1,-0.03878652517252812
2026-01-25 18:00:00,AWS_03,0,normal,none,1,-0.011250173835285704
2026-01-25 18:15:00,AWS_03,0,normal,none,1,-0.08038057699781986
2026-01-25 18:30:00,AWS_03,0,normal,none,1,-0.04193674538409686
2026-01-25 18:45:00,AWS_03,0,normal,none,0,0.019086373754277852
2026-01-25 19:00:00,AWS_03,0,normal,none,1,-0.03723552657211726
2026-01-25 19:15:00,AWS_03,0,normal,none,1,-0.04109668909986819
2026-01-25 19:30:00,AWS_03,0,normal,none,0,0.008095315037377426
2026-01-25 19:45:00,AWS_03,0,normal,none,1,-0.032000310207812244
2026-01-25 20:00:00,AWS_03,0,normal,none,0,0.026469506190659464
2026-01-25 20:15:00,AWS_03,0,normal,none,0,0.043383613880798366
2026-01-25 20:30:00,AWS_03,0,normal,none,0,0.04578850236004217
2026-01-25 20:45:00,AWS_03,0,normal,none,1,-0.024964099066328793
2026-01-25 21:00:00,AWS_03,0,normal,none,0,0.044346337301584104
2026-01-25 21:15:00,AWS_03,0,normal,none,0,0.00375296670424069
2026-01-25 21:30:00,AWS_03,0,normal,none,0,0.05573457363405693
2026-01-25 21:45:00,AWS_03,0,normal,none,0,0.010231912018143996
2026-01-25 22:00:00,AWS_03,0,normal,none,0,0.05260125051170128
2026-01-25 22:15:00,AWS_03,0,normal,none,0,0.06374801465386487
2026-01-25 22:30:00,AWS_03,0,normal,none,0,0.06610244591855757
2026-01-25 22:45:00,AWS_03,0,normal,none,0,0.06564087435807331
2026-01-25 23:00:00,AWS_03,0,normal,none,1,-0.027320952602943427
2026-01-25 23:15:00,AWS_03,0,normal,none,1,-0.026967394360751684
2026-01-25 23:30:00,AWS_03,0,normal,none,0,0.03368109309724704
2026-01-25 23:45:00,AWS_03,0,normal,none,1,-0.04087852048777707
2026-01-26 00:00:00,AWS_03,0,normal,none,0,0.03703178782802474
2026-01-26 00:15:00,AWS_03,0,normal,none,0,0.04583220098248453
2026-01-26 00:30:00,AWS_03,0,normal,none,1,-0.035810410457789876
2026-01-26 00:45:00,AWS_03,0,normal,none,1,-0.04143390739688679
2026-01-26 01:00:00,AWS_03,0,normal,none,0,0.019745072606117464
2026-01-26 01:15:00,AWS_03,0,normal,none,0,0.014131791795730764
2026-01-26 01:30:00,AWS_03,0,normal,none,0,0.0324726802595805
2026-01-26 01:45:00,AWS_03,0,normal,none,0,0.008801482209024047
2026-01-26 02:00:00,AWS_03,0,normal,none,1,-0.026301162849465265
2026-01-26 02:15:00,AWS_03,0,normal,none,1,-0.007141059795397253
2026-01-26 02:30:00,AWS_03,0,normal,none,0,0.03943070614521721
2026-01-26 02:45:00,AWS_03,0,normal,none,0,0.05420150806446661
2026-01-26 03:00:00,AWS_03,0,normal,none,0,0.0458992511810698
2026-01-26 03:15:00,AWS_03,0,normal,none,0,0.04802905192696699
2026-01-26 03:30:00,AWS_03,0,normal,none,1,-0.016963167209594565
2026-01-26 03:45:00,AWS_03,0,normal,none,0,0.053952537429927006
2026-01-26 04:00:00,AWS_03,0,normal,none,1,-0.015086355113395844
2026-01-26 04:15:00,AWS_03,0,normal,none,0,0.04984288886283772
2026-01-26 04:30:00,AWS_03,0,normal,none,0,0.0058665254635026365
2026-01-26 04:45:00,AWS_03,0,normal,none,1,-0.015122912636966857
2026-01-26 05:00:00,AWS_03,0,normal,none,0,0.05125169848967376
2026-01-26 05:15:00,AWS_03,0,normal,none,0,0.022908412766308006
2026-01-26 05:30:00,AWS_03,0,normal,none,0,0.036840083682556035
2026-01-26 05:45:00,AWS_03,0,normal,none,0,0.04946697958624774
2026-01-26 06:00:00,AWS_03,0,normal,none,0,0.04623974434399092
2026-01-26 06:15:00,AWS_03,0,normal,none,0,0.06288831888373325
2026-01-26 06:30:00,AWS_03,0,normal,none,0,0.05930690795646243
2026-01-26 06:45:00,AWS_03,0,normal,none,0,0.05318251113439082
2026-01-26 07:00:00,AWS_03,0,normal,none,0,0.015480019809479495
2026-01-26 07:15:00,AWS_03,0,normal,none,0,0.041163386091787046
2026-01-26 07:30:00,AWS_03,0,normal,none,0,0.027586897529261245
2026-01-26 07:45:00,AWS_03,0,normal,none,0,0.055098238720521164
2026-01-26 08:00:00,AWS_03,0,normal,none,0,0.04641100896389205
2026-01-26 08:15:00,AWS_03,0,normal,none,0,0.0328194984937249
2026-01-26 08:30:00,AWS_03,0,normal,none,0,0.030615591163547062
2026-01-26 08:45:00,AWS_03,0,normal,none,1,-0.004628017613199087
2026-01-26 09:00:00,AWS_03,0,normal,none,0,0.02833685596655655
2026-01-26 09:15:00,AWS_03,0,normal,none,0,0.006219156740149834
2026-01-26 09:30:00,AWS_03,0,normal,none,0,0.022213610385716842
2026-01-26 09:45:00,AWS_03,0,normal,none,0,0.0367410178158637
2026-01-26 10:00:00,AWS_03,0,normal,none,0,0.045777912626778716
2026-01-26 10:15:00,AWS_03,0,normal,none,0,0.02096539384728885
2026-01-26 10:30:00,AWS_03,0,normal,none,1,-0.00944211645625559
2026-01-26 10:45:00,AWS_03,0,normal,none,0,0.01743492075161307
2026-01-26 11:00:00,AWS_03,0,normal,none,0,0.003984185348827829
2026-01-26 11:15:00,AWS_03,0,normal,none,1,-0.009393143083867406
2026-01-26 11:30:00,AWS_03,0,normal,none,1,-0.048121949768783034
2026-01-26 11:45:00,AWS_03,0,normal,none,0,0.016132768725837132
2026-01-26 12:00:00,AWS_03,0,normal,none,1,-0.10812336112286158
2026-01-26 12:15:00,AWS_03,0,normal,none,1,-0.028902791902824743
2026-01-26 12:30:00,AWS_03,0,normal,none,0,0.007997951489032096
2026-01-26 12:45:00,AWS_03,0,normal,none,0,0.012027696799147392
2026-01-26 13:00:00,AWS_03,0,normal,none,1,-0.007666890074154442
2026-01-26 13:15:00,AWS_03,0,normal,none,1,-0.03854755850018399
2026-01-26 13:30:00,AWS_03,0,normal,none,1,-0.04109805986553006
2026-01-26 13:45:00,AWS_03,0,normal,none,1,-0.007383267448393349
2026-01-26 14:00:00,AWS_03,0,normal,none,1,-0.01822395605863847
2026-01-26 14:15:00,AWS_03,0,normal,none,1,-0.05801953728057185
2026-01-26 14:30:00,AWS_03,0,normal,none,1,-0.06764544088189028
2026-01-26 14:45:00,AWS_03,0,normal,none,1,-0.050566634572759894
2026-01-26 15:00:00,AWS_03,0,normal,none,1,-0.017836674850017165
2026-01-26 15:15:00,AWS_03,0,normal,none,1,-0.027087048369966338
2026-01-26 15:30:00,AWS_03,0,normal,none,1,-0.03755738752838167
2026-01-26 15:45:00,AWS_03,0,normal,none,1,-0.012967474491184405
2026-01-26 16:00:00,AWS_03,0,normal,none,1,-0.014231971243111041
2026-01-26 16:15:00,AWS_03,0,normal,none,1,-0.05169791207919272
2026-01-26 16:30:00,AWS_03,0,normal,none,1,-0.0871464919282805
2026-01-26 16:45:00,AWS_03,0,normal,none,1,-0.07189614795204002
2026-01-26 17:00:00,AWS_03,0,normal,none,1,-0.00723413879886714
2026-01-26 17:15:00,AWS_03,0,normal,none,1,-0.05217148073891087
2026-01-26 17:30:00,AWS_03,0,normal,none,1,-0.03946576101804167
2026-01-26 17:45:00,AWS_03,0,normal,none,1,-0.0373266869685579
2026-01-26 18:00:00,AWS_03,0,normal,none,1,-0.024575476394986584
2026-01-26 18:15:00,AWS_03,0,normal,none,0,0.006318983274688772
2026-01-26 18:30:00,AWS_03,0,normal,none,0,0.015439023987592726
2026-01-26 18:45:00,AWS_03,0,normal,none,0,0.02896113306234538
2026-01-26 19:00:00,AWS_03,0,normal,none,0,0.0343591751221366
2026-01-26 19:15:00,AWS_03,0,normal,none,0,0.03229817374435917
2026-01-26 19:30:00,AWS_03,0,normal,none,0,0.038983286914488324
2026-01-26 19:45:00,AWS_03,0,normal,none,0,0.03875569588591271
2026-01-26 20:00:00,AWS_03,0,normal,none,0,0.043653105200475384
2026-01-26 20:15:00,AWS_03,0,normal,none,0,0.036343339997203516
2026-01-26 20:30:00,AWS_03,0,normal,none,0,0.03822029131747884
2026-01-26 20:45:00,AWS_03,0,normal,none,0,0.0024560077143712666
2026-01-26 21:00:00,AWS_03,0,normal,none,0,0.026190599196915354
2026-01-26 21:15:00,AWS_03,0,normal,none,0,0.005346065961328805
2026-01-26 21:30:00,AWS_03,0,normal,none,0,0.01388997948203674
2026-01-26 21:45:00,AWS_03,0,normal,none,0,0.009773007367021691
2026-01-26 22:00:00,AWS_03,0,normal,none,0,0.0427920876212915
2026-01-26 22:15:00,AWS_03,0,normal,none,0,0.029066098090329784
2026-01-26 22:30:00,AWS_03,0,normal,none,0,0.008410645642910552
2026-01-26 22:45:00,AWS_03,0,normal,none,0,0.04063779902246617
2026-01-26 23:00:00,AWS_03,0,normal,none,0,0.00029714373845385333
2026-01-26 23:15:00,AWS_03,0,normal,none,1,-0.05295185620718357
2026-01-26 23:30:00,AWS_03,0,normal,none,0,0.0171680413227972
2026-01-26 23:45:00,AWS_03,0,normal,none,0,0.025588405413223325
2026-01-27 00:00:00,AWS_03,0,normal,none,0,0.002218973952711367
2026-01-27 00:15:00,AWS_03,0,normal,none,0,0.014827332127214321
2026-01-27 00:30:00,AWS_03,0,normal,none,0,0.04588798098977398
2026-01-27 00:45:00,AWS_03,0,normal,none,0,0.06517199438031984
2026-01-27 01:00:00,AWS_03,0,normal,none,0,0.029029655525210807
2026-01-27 01:15:00,AWS_03,0,normal,none,0,0.0540272714309491
2026-01-27 01:30:00,AWS_03,0,normal,none,0,0.05569226082714268
2026-01-27 01:45:00,AWS_03,0,normal,none,0,0.016753170521604244
2026-01-27 02:00:00,AWS_03,0,normal,none,1,-0.008680712215747732
2026-01-27 02:15:00,AWS_03,0,normal,none,1,-0.03604547656188295
2026-01-27 02:30:00,AWS_03,0,normal,none,1,-0.01970968086776015
2026-01-27 02:45:00,AWS_03,0,normal,none,0,0.04921913251847582
2026-01-27 03:00:00,AWS_03,0,normal,none,0,0.04989144604203943
2026-01-27 03:15:00,AWS_03,0,normal,none,0,0.023543150634010912
2026-01-27 03:30:00,AWS_03,0,normal,none,1,-5.240670830353178e-05
2026-01-27 03:45:00,AWS_03,0,normal,none,0,0.03282368058414875
2026-01-27 04:00:00,AWS_03,0,normal,none,0,0.0017852848011044031
2026-01-27 04:15:00,AWS_03,0,normal,none,0,0.06301387590110541
2026-01-27 04:30:00,AWS_03,0,normal,none,1,-0.0014470716555783358
2026-01-27 04:45:00,AWS_03,0,normal,none,1,-0.04177529551531789
2026-01-27 05:00:00,AWS_03,0,normal,none,1,-0.03552817142843434
2026-01-27 05:15:00,AWS_03,0,normal,none,0,0.04978165490004943
2026-01-27 05:30:00,AWS_03,0,normal,none,0,0.03114131586060953
2026-01-27 05:45:00,AWS_03,0,normal,none,0,0.03774701980827705
2026-01-27 06:00:00,AWS_03,0,normal,none,0,0.07008021016692201
2026-01-27 06:15:00,AWS_03,0,normal,none,0,0.024163212984901705
2026-01-27 06:30:00,AWS_03,0,normal,none,0,0.008787470612142967
2026-01-27 06:45:00,AWS_03,0,normal,none,0,0.007690071985169078
2026-01-27 07:00:00,AWS_03,0,normal,none,0,0.07007880295603847
2026-01-27 07:15:00,AWS_03,0,normal,none,0,0.041134437045619754
2026-01-27 07:30:00,AWS_03,0,normal,none,1,-0.04080680912405987
2026-01-27 07:45:00,AWS_03,0,normal,none,0,0.026526642060413053
2026-01-27 08:00:00,AWS_03,0,normal,none,1,-0.06546468161033492
2026-01-27 08:15:00,AWS_03,0,normal,none,0,0.05545134740009339
2026-01-27 08:30:00,AWS_03,0,normal,none,0,0.05344478970499633
2026-01-27 08:45:00,AWS_03,0,normal,none,1,-0.003332259147768246
2026-01-27 09:00:00,AWS_03,0,normal,none,0,0.029239794498997385
2026-01-27 09:15:00,AWS_03,0,normal,none,0,0.04786799751315213
2026-01-27 09:30:00,AWS_03,0,normal,none,1,-0.0028544995241535087
2026-01-27 09:45:00,AWS_03,0,normal,none,0,0.06122251302724763
2026-01-27 10:00:00,AWS_03,0,normal,none,0,0.06582022271061794
2026-01-27 10:15:00,AWS_03,0,normal,none,0,0.039018823318333395
2026-01-27 10:30:00,AWS_03,0,normal,none,0,0.05212298762123052
2026-01-27 10:45:00,AWS_03,0,normal,none,0,0.03674867146619598
2026-01-27 11:00:00,AWS_03,0,normal,none,0,0.053134705365301405
2026-01-27 11:15:00,AWS_03,0,normal,none,0,0.017205001518279472
2026-01-27 11:30:00,AWS_03,0,normal,none,0,0.06352469860660231
2026-01-27 11:45:00,AWS_03,0,normal,none,0,0.02649213376047449
2026-01-27 12:00:00,AWS_03,0,normal,none,0,0.06805812358842228
2026-01-27 12:15:00,AWS_03,0,normal,none,0,0.05617511081746729
2026-01-27 12:30:00,AWS_03,0,normal,none,0,0.008354826720027964
2026-01-27 12:45:00,AWS_03,0,normal,none,0,0.03858244095226582
2026-01-27 13:00:00,AWS_03,0,normal,none,1,-0.061840032110807686
2026-01-27 13:15:00,AWS_03,0,normal,none,0,0.033516073974702076
2026-01-27 13:30:00,AWS_03,0,normal,none,0,0.00984891466321619
2026-01-27 13:45:00,AWS_03,0,normal,none,0,0.02363791374149371
2026-01-27 14:00:00,AWS_03,0,normal,none,0,0.011189200989277337
2026-01-27 14:15:00,AWS_03,0,normal,none,0,0.004112115639175573
2026-01-27 14:30:00,AWS_03,0,normal,none,1,-0.006772000500828379
2026-01-27 14:45:00,AWS_03,0,normal,none,1,-0.013102911187833022
2026-01-27 15:00:00,AWS_03,0,normal,none,1,-0.04877721633984966
2026-01-27 15:15:00,AWS_03,0,normal,none,0,0.013560527343733697
2026-01-27 15:30:00,AWS_03,0,normal,none,0,0.018438562878676235
2026-01-27 15:45:00,AWS_03,0,normal,none,1,-0.02596059014915042
2026-01-27 16:00:00,AWS_03,0,normal,none,1,-0.002126357680343305
2026-01-27 16:15:00,AWS_03,0,normal,none,1,-0.015909642757614195
2026-01-27 16:30:00,AWS_03,0,normal,none,0,0.005582197799152422
2026-01-27 16:45:00,AWS_03,0,normal,none,1,-0.01714510238963507
2026-01-27 17:00:00,AWS_03,0,normal,none,1,-0.012253300125303124
2026-01-27 17:15:00,AWS_03,0,normal,none,0,0.01604261189982742
2026-01-27 17:30:00,AWS_03,0,normal,none,0,0.0006034216652081592
2026-01-27 17:45:00,AWS_03,0,normal,none,0,0.0038677959097739856
2026-01-27 18:00:00,AWS_03,0,normal,none,0,0.024615511163984916
2026-01-27 18:15:00,AWS_03,0,normal,none,1,-0.03525114372817706
2026-01-27 18:30:00,AWS_03,0,normal,none,0,0.032642659085427905
2026-01-27 18:45:00,AWS_03,0,normal,none,0,0.003191347699413427
2026-01-27 19:00:00,AWS_03,0,normal,none,1,-0.01582763442874424
2026-01-27 19:15:00,AWS_03,0,normal,none,0,0.039357231606971244
2026-01-27 19:30:00,AWS_03,0,normal,none,0,0.05972501548113113
2026-01-27 19:45:00,AWS_03,0,normal,none,0,0.06349228115858208
2026-01-27 20:00:00,AWS_03,0,normal,none,0,0.06854169005715838
2026-01-27 20:15:00,AWS_03,0,normal,none,0,0.08307696960979188
2026-01-27 20:30:00,AWS_03,0,normal,none,0,0.04484585665805896
2026-01-27 20:45:00,AWS_03,0,normal,none,0,0.07881872233119452
2026-01-27 21:00:00,AWS_03,0,normal,none,0,0.0784380739253247
2026-01-27 21:15:00,AWS_03,0,normal,none,0,0.024757366047357454
2026-01-27 21:30:00,AWS_03,0,normal,none,0,0.09578721554997566
2026-01-27 21:45:00,AWS_03,0,normal,none,0,0.024490971029002995
2026-01-27 22:00:00,AWS_03,0,normal,none,0,0.04611748231522855
2026-01-27 22:15:00,AWS_03,0,normal,none,0,0.06512777256224883
2026-01-27 22:30:00,AWS_03,0,normal,none,0,0.0950434925919375
2026-01-27 22:45:00,AWS_03,0,normal,none,0,0.0027020113679762647
2026-01-27 23:00:00,AWS_03,0,normal,none,0,0.05873507903047209
2026-01-27 23:15:00,AWS_03,0,normal,none,0,0.0654791697940505
2026-01-27 23:30:00,AWS_03,0,normal,none,0,0.059519938113543
2026-01-27 23:45:00,AWS_03,0,normal,none,1,-0.0005837092120989373
2026-01-28 00:00:00,AWS_03,0,normal,none,0,0.07002188356434125
2026-01-28 00:15:00,AWS_03,0,normal,none,1,-0.01860340442187436
2026-01-28 00:30:00,AWS_03,0,normal,none,0,0.0791193808307446
2026-01-28 00:45:00,AWS_03,0,normal,none,0,0.07287648221094561
2026-01-28 01:00:00,AWS_03,0,normal,none,0,0.05768721736032817
2026-01-28 01:15:00,AWS_03,0,normal,none,0,0.06298894602835364
2026-01-28 01:30:00,AWS_03,0,normal,none,0,0.06010174524828721
2026-01-28 01:45:00,AWS_03,0,normal,none,0,0.05348863842750634
2026-01-28 02:00:00,AWS_03,0,normal,none,0,0.04441623242465503
2026-01-28 02:15:00,AWS_03,0,normal,none,0,0.0652786715191736
2026-01-28 02:30:00,AWS_03,0,normal,none,0,0.002192788949742508
2026-01-28 02:45:00,AWS_03,0,normal,none,1,-0.018402324988136987
2026-01-28 03:00:00,AWS_03,0,normal,none,0,0.0656672195168897
2026-01-28 03:15:00,AWS_03,0,normal,none,0,0.059187125507822846
2026-01-28 03:30:00,AWS_03,0,normal,none,0,0.007386550477071319
2026-01-28 03:45:00,AWS_03,0,normal,none,0,0.057691155660163085
2026-01-28 04:00:00,AWS_03,0,normal,none,0,0.032495090265665105
2026-01-28 04:15:00,AWS_03,0,normal,none,0,0.04044678718057371
2026-01-28 04:30:00,AWS_03,0,normal,none,1,-0.001626663025541708
2026-01-28 04:45:00,AWS_03,0,normal,none,0,0.0023608904266628206
2026-01-28 05:00:00,AWS_03,0,normal,none,0,0.07632704019487951
2026-01-28 05:15:00,AWS_03,0,normal,none,0,0.04395962769575551
2026-01-28 05:30:00,AWS_03,0,normal,none,0,0.07795317838806565
2026-01-28 05:45:00,AWS_03,0,normal,none,0,0.06623854889742586
2026-01-28 06:00:00,AWS_03,0,normal,none,0,0.020030086330095898
2026-01-28 06:15:00,AWS_03,0,normal,none,1,-0.04196831175062421
2026-01-28 06:30:00,AWS_03,0,normal,none,1,-0.02250980264074054
2026-01-28 06:45:00,AWS_03,0,normal,none,0,0.05024845866232569
2026-01-28 07:00:00,AWS_03,0,normal,none,0,0.048488248310244286
2026-01-28 07:15:00,AWS_03,0,normal,none,0,0.0776679340967622
2026-01-28 07:30:00,AWS_03,0,normal,none,0,0.08166920179918435
2026-01-28 07:45:00,AWS_03,0,normal,none,0,0.08438308254747562
2026-01-28 08:00:00,AWS_03,0,normal,none,0,0.06698393584447371
2026-01-28 08:15:00,AWS_03,0,normal,none,0,0.0057711332141803795
2026-01-28 08:30:00,AWS_03,0,normal,none,0,0.03643889003092321
2026-01-28 08:45:00,AWS_03,0,normal,none,1,-0.008910556889511811
2026-01-28 09:00:00,AWS_03,0,normal,none,0,0.06849782751926342
2026-01-28 09:15:00,AWS_03,0,normal,none,0,0.030372853965487834
2026-01-28 09:30:00,AWS_03,0,normal,none,0,0.08517662804270154
2026-01-28 09:45:00,AWS_03,0,normal,none,0,0.04124450529070994
2026-01-28 10:00:00,AWS_03,0,normal,none,1,-0.0084733493766328
2026-01-28 10:15:00,AWS_03,0,normal,none,0,0.04564189098476973
2026-01-28 10:30:00,AWS_03,0,normal,none,0,0.07742816068789066
2026-01-28 10:45:00,AWS_03,0,normal,none,0,0.03389088819065367
2026-01-28 11:00:00,AWS_03,0,normal,none,0,0.07404605712310869
2026-01-28 11:15:00,AWS_03,0,normal,none,1,-0.014343995327565362
2026-01-28 11:30:00,AWS_03,0,normal,none,0,0.02772159175941491
2026-01-28 11:45:00,AWS_03,0,normal,none,0,0.06525750569414873
2026-01-28 12:00:00,AWS_03,0,normal,none,0,0.08011091429819073
2026-01-28 12:15:00,AWS_03,0,normal,none,0,0.0417977379836631
2026-01-28 12:30:00,AWS_03,0,normal,none,0,0.037191594253452864
2026-01-28 12:45:00,AWS_03,0,normal,none,0,0.029214617227211914
2026-01-28 13:00:00,AWS_03,0,normal,none,0,0.060492610027509275
2026-01-28 13:15:00,AWS_03,0,normal,none,0,0.02110065631082464
2026-01-28 13:30:00,AWS_03,0,normal,none,0,0.028439619235858582
2026-01-28 13:45:00,AWS_03,0,normal,none,0,0.017478788617182328
2026-01-28 14:00:00,AWS_03,0,normal,none,0,0.00045502928351803806
2026-01-28 14:15:00,AWS_03,0,normal,none,1,-0.015031757716906236
2026-01-28 14:30:00,AWS_03,0,normal,none,1,-0.024896068277972527
2026-01-28 14:45:00,AWS_03,0,normal,none,1,-0.017620988001904037
2026-01-28 15:00:00,AWS_03,0,normal,none,1,-0.002392167672333856
2026-01-28 15:15:00,AWS_03,0,normal,none,0,0.016466046290235514
2026-01-28 15:30:00,AWS_03,0,normal,none,0,0.026716378936865015
2026-01-28 15:45:00,AWS_03,0,normal,none,1,-0.02290426341557683
2026-01-28 16:00:00,AWS_03,0,normal,none,0,0.024637128258073793
2026-01-28 16:15:00,AWS_03,0,normal,none,0,0.020626241031907244
2026-01-28 16:30:00,AWS_03,0,normal,none,1,-0.001585761376496131
2026-01-28 16:45:00,AWS_03,0,normal,none,0,0.016175609565042104
2026-01-28 17:00:00,AWS_03,0,normal,none,0,0.00634941504463854
2026-01-28 17:15:00,AWS_03,0,normal,none,0,0.04274169714189813
2026-01-28 17:30:00,AWS_03,0,normal,none,0,0.014452775774870308
2026-01-28 17:45:00,AWS_03,0,normal,none,0,0.018753652544128696
2026-01-28 18:00:00,AWS_03,0,normal,none,1,-0.015297666524727194
2026-01-28 18:15:00,AWS_03,0,normal,none,0,0.03857862424142727
2026-01-28 18:30:00,AWS_03,0,normal,none,0,0.01729170375858574
2026-01-28 18:45:00,AWS_03,0,normal,none,0,0.010923088992872698
2026-01-28 19:00:00,AWS_03,0,normal,none,0,0.0010498352132023436
2026-01-28 19:15:00,AWS_03,0,normal,none,1,-0.01217978744728343
2026-01-28 19:30:00,AWS_03,0,normal,none,0,0.07291563162626735
2026-01-28 19:45:00,AWS_03,0,normal,none,0,0.08059280711397565
2026-01-28 20:00:00,AWS_03,0,normal,none,0,0.08297382243277324
2026-01-28 20:15:00,AWS_03,0,normal,none,0,0.045930937697472474
2026-01-28 20:30:00,AWS_03,0,normal,none,0,0.010808631542880198
2026-01-28 20:45:00,AWS_03,0,normal,none,0,0.06337860682020224
2026-01-28 21:00:00,AWS_03,0,normal,none,0,0.061165216395604516
2026-01-28 21:15:00,AWS_03,0,normal,none,0,0.06703657047910178
2026-01-28 21:30:00,AWS_03,0,normal,none,0,0.08588849209034644
2026-01-28 21:45:00,AWS_03,0,normal,none,0,0.02673618568453029
2026-01-28 22:00:00,AWS_03,0,normal,none,0,0.06705755999007212
2026-01-28 22:15:00,AWS_03,0,normal,none,0,0.094460075400426
2026-01-28 22:30:00,AWS_03,0,normal,none,0,0.06965440742852802
2026-01-28 22:45:00,AWS_03,0,normal,none,0,0.015462794639963195
2026-01-28 23:00:00,AWS_03,0,normal,none,0,0.0886278736368536
2026-01-28 23:15:00,AWS_03,0,normal,none,0,0.10468890926209129
2026-01-28 23:30:00,AWS_03,0,normal,none,0,0.09764692282757093
2026-01-28 23:45:00,AWS_03,0,normal,none,0,0.09059088367813123
2026-01-29 00:00:00,AWS_03,0,normal,none,0,0.07078949666484713
2026-01-29 00:15:00,AWS_03,0,normal,none,0,0.08369977300410547
2026-01-29 00:30:00,AWS_03,0,normal,none,0,0.0656993408680433
2026-01-29 00:45:00,AWS_03,0,normal,none,0,0.10064366475378528
2026-01-29 01:00:00,AWS_03,0,normal,none,0,0.08463582975305123
2026-01-29 01:15:00,AWS_03,0,normal,none,0,0.0626418580119501
2026-01-29 01:30:00,AWS_03,0,normal,none,0,0.07962983693055364
2026-01-29 01:45:00,AWS_03,0,normal,none,0,0.04717386556261133
2026-01-29 02:00:00,AWS_03,0,normal,none,0,0.08161430270766801
2026-01-29 02:15:00,AWS_03,0,normal,none,0,0.06345162067048532
2026-01-29 02:30:00,AWS_03,0,normal,none,0,0.08320843277562467
2026-01-29 02:45:00,AWS_03,0,normal,none,0,0.08774843613422956
2026-01-29 03:00:00,AWS_03,0,normal,none,0,0.056251960151074754
2026-01-29 03:15:00,AWS_03,0,normal,none,0,0.09193591655900507
2026-01-29 03:30:00,AWS_03,0,normal,none,0,0.04521605694313585
2026-01-29 03:45:00,AWS_03,0,normal,none,0,0.08095004890970964
2026-01-29 04:00:00,AWS_03,0,normal,none,0,0.055312868183771846
2026-01-29 04:15:00,AWS_03,0,normal,none,1,-0.0019139609174134709
2026-01-29 04:30:00,AWS_03,0,normal,none,0,0.066395050689176
2026-01-29 04:45:00,AWS_03,0,normal,none,0,0.057856412531571866
2026-01-29 05:00:00,AWS_03,0,normal,none,0,0.04087445034577414
2026-01-29 05:15:00,AWS_03,0,normal,none,0,0.08585496043611213
2026-01-29 05:30:00,AWS_03,0,normal,none,0,0.06416700101857842
2026-01-29 05:45:00,AWS_03,0,normal,none,0,0.030474431626874632
2026-01-29 06:00:00,AWS_03,0,normal,none,0,0.06536789279278576
2026-01-29 06:15:00,AWS_03,0,normal,none,0,0.048379260098921184
2026-01-29 06:30:00,AWS_03,0,normal,none,0,0.005939994100166102
2026-01-29 06:45:00,AWS_03,0,normal,none,1,-0.012470001518463336
2026-01-29 07:00:00,AWS_03,0,normal,none,0,0.10540443176762104
2026-01-29 07:15:00,AWS_03,0,normal,none,0,0.02543469594037373
2026-01-29 07:30:00,AWS_03,0,normal,none,0,0.06602738618244958
2026-01-29 07:45:00,AWS_03,0,normal,none,0,0.07522334968680366
2026-01-29 08:00:00,AWS_03,0,normal,none,0,0.09859887171058473
2026-01-29 08:15:00,AWS_03,0,normal,none,0,0.09901960116653519
2026-01-29 08:30:00,AWS_03,0,normal,none,0,0.05557435371106478
2026-01-29 08:45:00,AWS_03,0,normal,none,1,-0.002325351882630833
2026-01-29 09:00:00,AWS_03,0,normal,none,0,0.06329189422035858
2026-01-29 09:15:00,AWS_03,0,normal,none,0,0.08354476213593037
2026-01-29 09:30:00,AWS_03,0,normal,none,0,0.09112774864257572
2026-01-29 09:45:00,AWS_03,0,normal,none,0,0.08557364888359331
2026-01-29 10:00:00,AWS_03,0,normal,none,0,0.04282980934925723
2026-01-29 10:15:00,AWS_03,0,normal,none,0,0.0895110292147171
2026-01-29 10:30:00,AWS_03,0,normal,none,0,0.07718372429851161
2026-01-29 10:45:00,AWS_03,0,normal,none,0,0.08250927402385244
2026-01-29 11:00:00,AWS_03,0,normal,none,1,-0.024493248945117396
2026-01-29 11:15:00,AWS_03,0,normal,none,0,0.03274867159681527
2026-01-29 11:30:00,AWS_03,0,normal,none,0,0.05446016687337135
2026-01-29 11:45:00,AWS_03,0,normal,none,0,0.021999214017821456
2026-01-29 12:00:00,AWS_03,0,normal,none,0,0.0574287198377732
2026-01-29 12:15:00,AWS_03,0,normal,none,0,0.07299135839481052
2026-01-29 12:30:00,AWS_03,0,normal,none,0,0.015323371556364485
2026-01-29 12:45:00,AWS_03,0,normal,none,0,0.05459674044337953
2026-01-29 13:00:00,AWS_03,0,normal,none,1,-0.01578192668419187
2026-01-29 13:15:00,AWS_03,0,normal,none,1,-0.022704440494451084
2026-01-29 13:30:00,AWS_03,0,normal,none,1,-0.008105357741400976
2026-01-29 13:45:00,AWS_03,0,normal,none,0,0.02089852353004651
2026-01-29 14:00:00,AWS_03,0,normal,none,0,0.03750905734472443
2026-01-29 14:15:00,AWS_03,0,normal,none,0,0.03520803651863186
2026-01-29 14:30:00,AWS_03,0,normal,none,1,-0.013125419747042288
2026-01-29 14:45:00,AWS_03,0,normal,none,1,-0.029093194402645017
2026-01-29 15:00:00,AWS_03,0,normal,none,1,-0.04733463799031101
2026-01-29 15:15:00,AWS_03,0,normal,none,0,0.015136544614795688
2026-01-29 15:30:00,AWS_03,0,normal,none,0,0.031923994491305396
2026-01-29 15:45:00,AWS_03,0,normal,none,0,0.01674229807569777
2026-01-29 16:00:00,AWS_03,0,normal,none,1,-0.03355339573500582
2026-01-29 16:15:00,AWS_03,0,normal,none,1,-0.009525681964272836
2026-01-29 16:30:00,AWS_03,0,normal,none,1,-0.07449661455205414
2026-01-29 16:45:00,AWS_03,0,normal,none,0,0.0210917469273042
2026-01-29 17:00:00,AWS_03,0,normal,none,0,0.038997727362032775
2026-01-29 17:15:00,AWS_03,0,normal,none,0,0.03551083507012248
2026-01-29 17:30:00,AWS_03,0,normal,none,0,0.002485160803124664
2026-01-29 17:45:00,AWS_03,0,normal,none,0,0.04866323163961456
2026-01-29 18:00:00,AWS_03,0,normal,none,0,0.04673658009622578
2026-01-29 18:15:00,AWS_03,0,normal,none,0,0.0304498915173263
2026-01-29 18:30:00,AWS_03,0,normal,none,0,0.05426264045001755
2026-01-29 18:45:00,AWS_03,0,normal,none,0,0.06900919796496346
2026-01-29 19:00:00,AWS_03,0,normal,none,0,0.06700009390656203
2026-01-29 19:15:00,AWS_03,0,normal,none,0,0.013933984094894325
2026-01-29 19:30:00,AWS_03,0,normal,none,0,0.08741561755831279
2026-01-29 19:45:00,AWS_03,0,normal,none,0,0.0641824248110317
2026-01-29 20:00:00,AWS_03,0,normal,none,0,0.09221830020450461
2026-01-29 20:15:00,AWS_03,0,normal,none,0,0.08362167718270097
2026-01-29 20:30:00,AWS_03,0,normal,none,0,0.09454839057692205
2026-01-29 20:45:00,AWS_03,0,normal,none,0,0.012623283396735796
2026-01-29 21:00:00,AWS_03,0,normal,none,0,0.08070431796587807
2026-01-29 21:15:00,AWS_03,0,normal,none,0,0.04642874192317237
2026-01-29 21:30:00,AWS_03,0,normal,none,0,0.06564470106364684
2026-01-29 21:45:00,AWS_03,0,normal,none,0,0.03980658752007715
2026-01-29 22:00:00,AWS_03,0,normal,none,0,0.06580299663179612
2026-01-29 22:15:00,AWS_03,0,normal,none,0,0.07804225579685747
2026-01-29 22:30:00,AWS_03,0,normal,none,0,0.10417990177029574
2026-01-29 22:45:00,AWS_03,0,normal,none,0,0.08422870186236786
2026-01-29 23:00:00,AWS_03,0,normal,none,0,0.1007586631290846
2026-01-29 23:15:00,AWS_03,0,normal,none,0,0.07815686797637278
2026-01-29 23:30:00,AWS_03,0,normal,none,0,0.09130549386051068
2026-01-29 23:45:00,AWS_03,0,normal,none,0,0.10070283793319112
2026-01-30 00:00:00,AWS_03,0,normal,none,0,0.03050534672306454
2026-01-30 00:15:00,AWS_03,0,normal,none,0,0.08573243902131533
2026-01-30 00:30:00,AWS_03,0,normal,none,0,0.06793816722549917
2026-01-30 00:45:00,AWS_03,0,normal,none,0,0.06740547851917666
2026-01-30 01:00:00,AWS_03,0,normal,none,0,0.06693029609999945
2026-01-30 01:15:00,AWS_03,0,normal,none,0,0.09633953154320435
2026-01-30 01:30:00,AWS_03,0,normal,none,0,0.08822073748991349
2026-01-30 01:45:00,AWS_03,0,normal,none,0,0.09573914037190467
2026-01-30 02:00:00,AWS_03,0,normal,none,0,0.09566183062938055
2026-01-30 02:15:00,AWS_03,0,normal,none,0,0.09937808177148871
2026-01-30 02:30:00,AWS_03,0,normal,none,0,0.04830842280017544
2026-01-30 02:45:00,AWS_03,0,normal,none,0,0.05548102415114181
2026-01-30 03:00:00,AWS_03,0,normal,none,0,0.0815918472175518
2026-01-30 03:15:00,AWS_03,0,normal,none,0,0.08986543485990733
2026-01-30 03:30:00,AWS_03,0,normal,none,0,0.049360173345423974
2026-01-30 03:45:00,AWS_03,0,normal,none,0,0.009009479630611883
2026-01-30 04:00:00,AWS_03,0,normal,none,0,0.09626199014683856
2026-01-30 04:15:00,AWS_03,0,normal,none,0,0.05496007561197469
2026-01-30 04:30:00,AWS_03,0,normal,none,0,0.06995230910052186
2026-01-30 04:45:00,AWS_03,0,normal,none,1,-0.0022409289661657894
2026-01-30 05:00:00,AWS_03,0,normal,none,0,0.06589966104570971
2026-01-30 05:15:00,AWS_03,0,normal,none,0,0.06580333152487239
2026-01-30 05:30:00,AWS_03,0,normal,none,0,0.019084563426371937
2026-01-30 05:45:00,AWS_03,0,normal,none,0,0.09201477117451123
2026-01-30 06:00:00,AWS_03,0,normal,none,0,0.07964151634765243
2026-01-30 06:15:00,AWS_03,0,normal,none,0,0.061162814683659694
2026-01-30 06:30:00,AWS_03,0,normal,none,0,0.04078198003005318
2026-01-30 06:45:00,AWS_03,0,normal,none,1,-0.009716935248822223
2026-01-30 07:00:00,AWS_03,0,normal,none,0,0.08323522992614057
2026-01-30 07:15:00,AWS_03,0,normal,none,0,0.058497120522595036
2026-01-30 07:30:00,AWS_03,0,normal,none,0,0.02429473933253995
2026-01-30 07:45:00,AWS_03,0,normal,none,0,0.010462514797067113
2026-01-30 08:00:00,AWS_03,0,normal,none,0,0.03512622670229082
2026-01-30 08:15:00,AWS_03,0,normal,none,0,0.012133400160934005
2026-01-30 08:30:00,AWS_03,0,normal,none,0,0.03783356974755692
2026-01-30 08:45:00,AWS_03,0,normal,none,0,0.03148967982429357
2026-01-30 09:00:00,AWS_03,0,normal,none,0,0.08984862908944946
2026-01-30 09:15:00,AWS_03,0,normal,none,0,0.0771576340180603
2026-01-30 09:30:00,AWS_03,0,normal,none,0,0.053015087338905365
2026-01-30 09:45:00,AWS_03,0,normal,none,0,0.03931490712706681
2026-01-30 10:00:00,AWS_03,0,normal,none,0,0.07400717025434206
2026-01-30 10:15:00,AWS_03,0,normal,none,0,0.011501597130538666
2026-01-30 10:30:00,AWS_03,0,normal,none,0,0.06420261211144501
2026-01-30 10:45:00,AWS_03,0,normal,none,0,0.04273751323366487
2026-01-30 11:00:00,AWS_03,0,normal,none,0,0.0502298782462407
2026-01-30 11:15:00,AWS_03,0,normal,none,0,0.06308893560563772
2026-01-30 11:30:00,AWS_03,0,normal,none,0,0.06036026664716443
2026-01-30 11:45:00,AWS_03,0,normal,none,0,0.002375858628882177
2026-01-30 12:00:00,AWS_03,0,normal,none,0,0.023651947992587685
2026-01-30 12:15:00,AWS_03,0,normal,none,0,0.04753648951592265
2026-01-30 12:30:00,AWS_03,0,normal,none,1,-0.027940919634135253
2026-01-30 12:45:00,AWS_03,0,normal,none,1,-0.05686196472456029
2026-01-30 13:00:00,AWS_03,0,normal,none,0,0.00392147935390158
2026-01-30 13:15:00,AWS_03,0,normal,none,1,-0.008935397277863077
2026-01-30 13:30:00,AWS_03,0,normal,none,1,-0.06630550790368783
2026-01-30 13:45:00,AWS_03,0,normal,none,0,0.013013641187535396
2026-01-30 14:00:00,AWS_03,0,normal,none,1,-0.03654241983199302
2026-01-30 14:15:00,AWS_03,0,normal,none,1,-0.009728638708682236
2026-01-30 14:30:00,AWS_03,0,normal,none,1,-0.011082639600760058
2026-01-30 14:45:00,AWS_03,0,normal,none,1,-0.02032091945140213
2026-01-30 15:00:00,AWS_03,0,normal,none,1,-0.014556998467533333
2026-01-30 15:15:00,AWS_03,0,normal,none,1,-0.03527430897786776
2026-01-30 15:30:00,AWS_03,0,normal,none,1,-0.0009494306927643192
2026-01-30 15:45:00,AWS_03,0,normal,none,0,0.015385722609615238
2026-01-30 16:00:00,AWS_03,0,normal,none,1,-0.06677525612302071
2026-01-30 16:15:00,AWS_03,0,normal,none,0,0.007576631250804655
2026-01-30 16:30:00,AWS_03,0,normal,none,1,-0.004899282700460916
2026-01-30 16:45:00,AWS_03,0,normal,none,1,-0.011445486452438147
2026-01-30 17:00:00,AWS_03,0,normal,none,1,-0.01751427406986039
2026-01-30 17:15:00,AWS_03,0,normal,none,0,0.010730181488563362
2026-01-30 17:30:00,AWS_03,0,normal,none,0,0.0032514816426311155
2026-01-30 17:45:00,AWS_03,0,normal,none,1,-0.00616382538923832
2026-01-30 18:00:00,AWS_03,0,normal,none,0,0.02256614527702072
2026-01-30 18:15:00,AWS_03,0,normal,none,0,0.04428224742335318
2026-01-30 18:30:00,AWS_03,0,normal,none,0,0.030793995803351182
2026-01-30 18:45:00,AWS_03,0,normal,none,0,0.05357395508424212
2026-01-30 19:00:00,AWS_03,0,normal,none,0,0.06221452282174922
2026-01-30 19:15:00,AWS_03,0,normal,none,0,0.04966414087873855
2026-01-30 19:30:00,AWS_03,0,normal,none,0,0.019140837233648123
2026-01-30 19:45:00,AWS_03,0,normal,none,0,0.044302183479301815
2026-01-30 20:00:00,AWS_03,0,normal,none,0,0.0485299785623331
2026-01-30 20:15:00,AWS_03,0,normal,none,0,0.08264209611685991
2026-01-30 20:30:00,AWS_03,0,normal,none,0,0.04664969632654814
2026-01-30 20:45:00,AWS_03,0,normal,none,0,0.05798177528630949
2026-01-30 21:00:00,AWS_03,0,normal,none,1,-0.020029102957282885
2026-01-30 21:15:00,AWS_03,0,normal,none,0,0.06679918224223286
2026-01-30 21:30:00,AWS_03,0,normal,none,0,0.033743157554484926
2026-01-30 21:45:00,AWS_03,0,normal,none,1,-0.022958939209370643
2026-01-30 22:00:00,AWS_03,0,normal,none,0,0.055201559413319334
2026-01-30 22:15:00,AWS_03,0,normal,none,0,0.08315509683079214
2026-01-30 22:30:00,AWS_03,0,normal,none,1,-0.04880494011344516
2026-01-30 22:45:00,AWS_03,0,normal,none,0,0.07438304481228769
2026-01-30 23:00:00,AWS_03,0,normal,none,0,0.07894156572950428
2026-01-30 23:15:00,AWS_03,0,normal,none,0,0.039459637117598256
2026-01-30 23:30:00,AWS_03,0,normal,none,0,0.07304341636253137
2026-01-30 23:45:00,AWS_03,0,normal,none,0,0.018116657089287447
2026-01-01 00:15:00,AWS_04,0,normal,none,0,0.02702930842888923
2026-01-01 00:30:00,AWS_04,0,normal,none,0,0.042311659309091976
2026-01-01 00:45:00,AWS_04,0,normal,none,0,0.07026428301130283
2026-01-01 01:00:00,AWS_04,0,normal,none,0,0.06352024670698453
2026-01-01 01:15:00,AWS_04,0,normal,none,0,0.08931148034411673
2026-01-01 01:30:00,AWS_04,0,normal,none,0,0.06952295322429775
2026-01-01 01:45:00,AWS_04,0,normal,none,0,0.06611698203939353
2026-01-01 02:00:00,AWS_04,0,normal,none,0,0.032392862862900884
2026-01-01 02:15:00,AWS_04,0,normal,none,0,0.07863495648543267
2026-01-01 02:30:00,AWS_04,0,normal,none,0,0.08042409442181259
2026-01-01 02:45:00,AWS_04,0,normal,none,0,0.06234610212355529
2026-01-01 03:00:00,AWS_04,0,normal,none,0,0.011767377077258723
2026-01-01 03:15:00,AWS_04,0,normal,none,0,0.06881131119435013
2026-01-01 03:30:00,AWS_04,0,normal,none,0,0.05656677909408031
2026-01-01 03:45:00,AWS_04,0,normal,none,0,0.06821822170276304
2026-01-01 04:00:00,AWS_04,0,normal,none,0,0.0364459203202574
2026-01-01 04:15:00,AWS_04,0,normal,none,0,0.026842834378804414
2026-01-01 04:30:00,AWS_04,0,normal,none,0,0.09195902064760747
2026-01-01 04:45:00,AWS_04,0,normal,none,0,0.09010221361024284
2026-01-01 05:00:00,AWS_04,0,normal,none,0,0.060641702000515996
2026-01-01 05:15:00,AWS_04,0,normal,none,1,-0.041432915602644504
2026-01-01 05:30:00,AWS_04,0,normal,none,0,0.0390969665973947
2026-01-01 05:45:00,AWS_04,0,normal,none,0,0.08063711243580363
2026-01-01 06:00:00,AWS_04,0,normal,none,0,0.07021829118347422
2026-01-01 06:15:00,AWS_04,0,normal,none,1,-0.0563800147716893
2026-01-01 06:30:00,AWS_04,0,normal,none,0,0.008161892028012596
2026-01-01 06:45:00,AWS_04,0,normal,none,0,0.08109866776113495
2026-01-01 07:00:00,AWS_04,0,normal,none,1,-0.00835921457580624
2026-01-01 07:15:00,AWS_04,0,normal,none,0,0.04823692780372579
2026-01-01 07:30:00,AWS_04,0,normal,none,0,0.028272319971180238
2026-01-01 07:45:00,AWS_04,0,normal,none,0,0.08534644673585179
2026-01-01 08:00:00,AWS_04,0,normal,none,0,0.08581592060733045
2026-01-01 08:15:00,AWS_04,0,normal,none,0,0.09134382125612212
2026-01-01 08:30:00,AWS_04,0,normal,none,0,0.07306553925076176
2026-01-01 08:45:00,AWS_04,0,normal,none,0,0.0024499475632958068
2026-01-01 09:00:00,AWS_04,0,normal,none,0,0.08201056058890321
2026-01-01 09:15:00,AWS_04,0,normal,none,0,0.054695267060594355
2026-01-01 09:30:00,AWS_04,0,normal,none,0,0.10021514387334418
2026-01-01 09:45:00,AWS_04,0,normal,none,0,0.1022172930139566
2026-01-01 10:00:00,AWS_04,0,normal,none,0,0.07124957371828233
2026-01-01 10:15:00,AWS_04,0,normal,none,0,0.10451755016520081
2026-01-01 10:30:00,AWS_04,0,normal,none,0,0.09454547323107504
2026-01-01 10:45:00,AWS_04,0,normal,none,0,0.1033032685864011
2026-01-01 11:00:00,AWS_04,0,normal,none,0,0.08713760610882287
2026-01-01 11:15:00,AWS_04,0,normal,none,0,0.04405542960490694
2026-01-01 11:30:00,AWS_04,0,normal,none,0,0.09489957692495643
2026-01-01 11:45:00,AWS_04,0,normal,none,0,0.10054002196697664
2026-01-01 12:00:00,AWS_04,0,normal,none,0,0.005238125648763248
2026-01-01 12:15:00,AWS_04,0,normal,none,0,0.08602192619704857
2026-01-01 12:30:00,AWS_04,0,normal,none,0,0.07317548037261523
2026-01-01 12:45:00,AWS_04,0,normal,none,0,0.048538155507505565
2026-01-01 13:00:00,AWS_04,0,normal,none,0,0.08727647197310351
2026-01-01 13:15:00,AWS_04,0,normal,none,0,0.059051314736432936
2026-01-01 13:30:00,AWS_04,0,normal,none,1,-0.001082192996993192
2026-01-01 13:45:00,AWS_04,0,normal,none,0,0.059179984786418005
2026-01-01 14:00:00,AWS_04,0,normal,none,0,0.09149229348564247
2026-01-01 14:15:00,AWS_04,0,normal,none,0,0.046950642333559334
2026-01-01 14:30:00,AWS_04,0,normal,none,0,0.06846355119020586
2026-01-01 14:45:00,AWS_04,0,normal,none,0,0.04980753193196075
2026-01-01 15:00:00,AWS_04,0,normal,none,0,0.043950497016734924
2026-01-01 15:15:00,AWS_04,0,normal,none,0,0.0017020839452062675
2026-01-01 15:30:00,AWS_04,0,normal,none,0,0.02147353380869893
2026-01-01 15:45:00,AWS_04,0,normal,none,0,0.06786316385866581
2026-01-01 16:00:00,AWS_04,0,normal,none,0,0.08575305204413397
2026-01-01 16:15:00,AWS_04,0,normal,none,0,0.07276193204794468
2026-01-01 16:30:00,AWS_04,0,normal,none,0,0.06956504265298158
2026-01-01 16:45:00,AWS_04,0,normal,none,0,0.016819731754370404
2026-01-01 17:00:00,AWS_04,0,normal,none,0,0.04365904255468872
2026-01-01 17:15:00,AWS_04,0,normal,none,0,0.07292126141139732
2026-01-01 17:30:00,AWS_04,0,normal,none,0,0.052744178711277956
2026-01-01 17:45:00,AWS_04,0,normal,none,0,0.07425967776569148
2026-01-01 18:00:00,AWS_04,0,normal,none,0,0.09162322692693342
2026-01-01 18:15:00,AWS_04,0,normal,none,0,0.054489453043787495
2026-01-01 18:30:00,AWS_04,0,normal,none,0,0.026991228862061623
2026-01-01 18:45:00,AWS_04,0,normal,none,0,0.071256086346427
2026-01-01 19:00:00,AWS_04,0,normal,none,0,0.06491709563787729
2026-01-01 19:15:00,AWS_04,0,normal,none,0,0.08729495457529357
2026-01-01 19:30:00,AWS_04,0,normal,none,0,0.05950078949143622
2026-01-01 19:45:00,AWS_04,0,normal,none,0,0.10043126129560109
2026-01-01 20:00:00,AWS_04,0,normal,none,0,0.1005863500021626
2026-01-01 20:15:00,AWS_04,0,normal,none,0,0.07798972133480414
2026-01-01 20:30:00,AWS_04,0,normal,none,0,0.04809247462814037
2026-01-01 20:45:00,AWS_04,0,normal,none,1,-0.015843041496553578
2026-01-01 21:00:00,AWS_04,0,normal,none,0,0.06878892353220939
2026-01-01 21:15:00,AWS_04,0,normal,none,0,0.05668459633258888
2026-01-01 21:30:00,AWS_04,0,normal,none,0,0.09568287777077572
2026-01-01 21:45:00,AWS_04,0,normal,none,0,0.10011725290011114
2026-01-01 22:00:00,AWS_04,0,normal,none,0,0.08653584471950293
2026-01-01 22:15:00,AWS_04,0,normal,none,0,0.09523879768147697
2026-01-01 22:30:00,AWS_04,0,normal,none,0,0.051466136946433316
2026-01-01 22:45:00,AWS_04,0,normal,none,0,0.08563548647293856
2026-01-01 23:00:00,AWS_04,0,normal,none,0,0.09336541909895579
2026-01-01 23:15:00,AWS_04,0,normal,none,0,0.10634767180202465
2026-01-01 23:30:00,AWS_04,0,normal,none,0,0.05695760143389966
2026-01-01 23:45:00,AWS_04,0,normal,none,0,0.09446343353810788
2026-01-02 00:00:00,AWS_04,0,normal,none,0,0.0915745438418486
2026-01-02 00:15:00,AWS_04,0,normal,none,0,0.01957905885784056
2026-01-02 00:30:00,AWS_04,0,normal,none,0,0.08379438687972729
2026-01-02 00:45:00,AWS_04,0,normal,none,0,0.07113205995058836
2026-01-02 01:00:00,AWS_04,0,normal,none,0,0.02417821015055338
2026-01-02 01:15:00,AWS_04,0,normal,none,0,0.05429463395725298
2026-01-02 01:30:00,AWS_04,0,normal,none,0,0.05837146143717309
2026-01-02 01:45:00,AWS_04,0,normal,none,0,0.012868540620206037
2026-01-02 02:00:00,AWS_04,0,normal,none,0,0.03312096548334009
2026-01-02 02:15:00,AWS_04,0,normal,none,0,0.02748403731012561
2026-01-02 02:30:00,AWS_04,0,normal,none,0,0.02761805684777513
2026-01-02 02:45:00,AWS_04,0,normal,none,0,0.022562494789613807
2026-01-02 03:00:00,AWS_04,0,normal,none,0,0.0690883176850603
2026-01-02 03:15:00,AWS_04,0,normal,none,0,0.004881087547751517
2026-01-02 03:30:00,AWS_04,0,normal,none,0,0.06394072573550935
2026-01-02 03:45:00,AWS_04,0,normal,none,0,0.058111779422657495
2026-01-02 04:00:00,AWS_04,0,normal,none,0,0.06513347984730211
2026-01-02 04:15:00,AWS_04,0,normal,none,0,0.05329118312663644
2026-01-02 04:30:00,AWS_04,0,normal,none,0,0.03678588540454014
2026-01-02 04:45:00,AWS_04,0,normal,none,0,0.07491587507584235
2026-01-02 05:00:00,AWS_04,0,normal,none,0,0.0875508087255677
2026-01-02 05:15:00,AWS_04,0,normal,none,0,0.0913930572194136
2026-01-02 05:30:00,AWS_04,0,normal,none,0,0.09922110526057254
2026-01-02 05:45:00,AWS_04,0,normal,none,0,0.08069332371835869
2026-01-02 06:00:00,AWS_04,0,normal,none,0,0.013922106397943002
2026-01-02 06:15:00,AWS_04,0,normal,none,0,0.007294057716775271
2026-01-02 06:30:00,AWS_04,0,normal,none,0,0.046728095688822135
2026-01-02 06:45:00,AWS_04,0,normal,none,0,0.08914534140473634
2026-01-02 07:00:00,AWS_04,0,normal,none,0,0.10058344416772602
2026-01-02 07:15:00,AWS_04,0,normal,none,0,0.07930155982031312
2026-01-02 07:30:00,AWS_04,0,normal,none,0,0.08117679999131899
2026-01-02 07:45:00,AWS_04,0,normal,none,0,0.07538651019761239
2026-01-02 08:00:00,AWS_04,0,normal,none,0,0.06181435358203752
2026-01-02 08:15:00,AWS_04,0,normal,none,0,0.10480385777018758
2026-01-02 08:30:00,AWS_04,0,normal,none,0,0.0947320737038726
2026-01-02 08:45:00,AWS_04,0,normal,none,0,0.04205178860381731
2026-01-02 09:00:00,AWS_04,0,normal,none,0,0.07713347253873593
2026-01-02 09:15:00,AWS_04,0,normal,none,0,0.10583425212611491
2026-01-02 09:30:00,AWS_04,0,normal,none,0,0.11177835220216659
2026-01-02 09:45:00,AWS_04,0,normal,none,0,0.07404265858749548
2026-01-02 10:00:00,AWS_04,0,normal,none,0,0.07042815846137102
2026-01-02 10:15:00,AWS_04,0,normal,none,0,0.022628535884407164
2026-01-02 10:30:00,AWS_04,0,normal,none,0,0.10747223461195188
2026-01-02 10:45:00,AWS_04,0,normal,none,0,0.056855934725922264
2026-01-02 11:00:00,AWS_04,0,normal,none,0,0.03249103405916648
2026-01-02 11:15:00,AWS_04,0,normal,none,0,0.0585148244103047
2026-01-02 11:30:00,AWS_04,0,normal,none,0,0.09650934065652683
2026-01-02 11:45:00,AWS_04,0,normal,none,0,0.05497839215670541
2026-01-02 12:00:00,AWS_04,0,normal,none,0,0.03742852748304282
2026-01-02 12:15:00,AWS_04,0,normal,none,0,0.10201963781690654
2026-01-02 12:30:00,AWS_04,0,normal,none,0,0.07378158948510471
2026-01-02 12:45:00,AWS_04,0,normal,none,0,0.08768599405473115
2026-01-02 13:00:00,AWS_04,0,normal,none,0,0.06648716445949376
2026-01-02 13:15:00,AWS_04,0,normal,none,0,0.07121850504962923
2026-01-02 13:30:00,AWS_04,0,normal,none,0,0.022240402591969965
2026-01-02 13:45:00,AWS_04,0,normal,none,0,0.09234508039452177
2026-01-02 14:00:00,AWS_04,0,normal,none,0,0.09366401519392281
2026-01-02 14:15:00,AWS_04,0,normal,none,0,0.07257578651613206
2026-01-02 14:30:00,AWS_04,0,normal,none,0,0.07203601073474786
2026-01-02 14:45:00,AWS_04,0,normal,none,0,0.06603131840099108
2026-01-02 15:00:00,AWS_04,0,normal,none,0,0.09446215668995639
2026-01-02 15:15:00,AWS_04,0,normal,none,0,0.011165105889980098
2026-01-02 15:30:00,AWS_04,0,normal,none,0,0.009815640679011806
2026-01-02 15:45:00,AWS_04,0,normal,none,0,0.0589934393754904
2026-01-02 16:00:00,AWS_04,0,normal,none,0,0.064791721752678
2026-01-02 16:15:00,AWS_04,0,normal,none,0,0.08505399811013581
2026-01-02 16:30:00,AWS_04,0,normal,none,0,0.10114621468195534
2026-01-02 16:45:00,AWS_04,0,normal,none,0,0.09549329221155983
2026-01-02 17:00:00,AWS_04,0,normal,none,0,0.10201813239566243
2026-01-02 17:15:00,AWS_04,0,normal,none,0,0.08907400972060242
2026-01-02 17:30:00,AWS_04,0,normal,none,0,0.06337452423955736
2026-01-02 17:45:00,AWS_04,0,normal,none,0,0.0439589687348253
2026-01-02 18:00:00,AWS_04,0,normal,none,0,0.07818920873813678
2026-01-02 18:15:00,AWS_04,0,normal,none,0,0.07299623303127756
2026-01-02 18:30:00,AWS_04,0,normal,none,0,0.04604699845058552
2026-01-02 18:45:00,AWS_04,0,normal,none,0,0.09464295325530592
2026-01-02 19:00:00,AWS_04,0,normal,none,0,0.0858654303915749
2026-01-02 19:15:00,AWS_04,0,normal,none,0,0.034614595857296204
2026-01-02 19:30:00,AWS_04,0,normal,none,0,0.06868454902102905
2026-01-02 19:45:00,AWS_04,0,normal,none,0,0.07756832000957287
2026-01-02 20:00:00,AWS_04,0,normal,none,0,0.06321157450823217
2026-01-02 20:15:00,AWS_04,0,normal,none,0,0.017503125747904358
2026-01-02 20:30:00,AWS_04,0,normal,none,0,0.09037844553847985
2026-01-02 20:45:00,AWS_04,0,normal,none,0,0.05669261132525144
2026-01-02 21:00:00,AWS_04,0,normal,none,0,0.004280369344140722
2026-01-02 21:15:00,AWS_04,0,normal,none,0,0.06375898577332922
2026-01-02 21:30:00,AWS_04,0,normal,none,0,0.06730635797800733
2026-01-02 21:45:00,AWS_04,0,normal,none,0,0.09872962400392532
2026-01-02 22:00:00,AWS_04,0,normal,none,0,0.09052341879691006
2026-01-02 22:15:00,AWS_04,0,normal,none,0,0.0913139365563897
2026-01-02 22:30:00,AWS_04,0,normal,none,0,0.06025114141748428
2026-01-02 22:45:00,AWS_04,0,normal,none,0,0.019339907542307355
2026-01-02 23:00:00,AWS_04,0,normal,none,1,-0.00036629115970998605
2026-01-02 23:15:00,AWS_04,0,normal,none,0,0.07041359441964162
2026-01-02 23:30:00,AWS_04,0,normal,none,0,0.07073893585624175
2026-01-02 23:45:00,AWS_04,0,normal,none,0,0.058634917135060416
2026-01-03 00:00:00,AWS_04,0,normal,none,1,-0.042774546499812605
2026-01-03 00:15:00,AWS_04,0,normal,none,0,0.042942731427622394
2026-01-03 00:30:00,AWS_04,0,normal,none,0,0.06771417419133147
2026-01-03 00:45:00,AWS_04,0,normal,none,0,0.017105666105479977
2026-01-03 01:00:00,AWS_04,0,normal,none,1,-0.027144599830537408
2026-01-03 01:15:00,AWS_04,0,normal,none,0,0.02501302463567351
2026-01-03 01:30:00,AWS_04,0,normal,none,1,-0.005108238731178494
2026-01-03 01:45:00,AWS_04,0,normal,none,1,-0.03976780638092736
2026-01-03 02:00:00,AWS_04,0,normal,none,0,0.0614465666251921
2026-01-03 02:15:00,AWS_04,0,normal,none,0,0.046337262396048684
2026-01-03 02:30:00,AWS_04,0,normal,none,0,0.03825262971654281
2026-01-03 02:45:00,AWS_04,0,normal,none,1,-0.015762614986732815
2026-01-03 03:00:00,AWS_04,0,normal,none,0,0.012595103893678516
2026-01-03 03:15:00,AWS_04,0,normal,none,0,0.01917445891416747
2026-01-03 03:30:00,AWS_04,0,normal,none,0,0.006873540102250275
2026-01-03 03:45:00,AWS_04,0,normal,none,1,-0.011311248112681804
2026-01-03 04:00:00,AWS_04,0,normal,none,0,0.023427902302489367
2026-01-03 04:15:00,AWS_04,0,normal,none,0,0.03007651692671187
2026-01-03 04:30:00,AWS_04,0,normal,none,0,0.01866465790465971
2026-01-03 04:45:00,AWS_04,0,normal,none,0,0.026533708479124507
2026-01-03 05:00:00,AWS_04,0,normal,none,0,0.030333527112753833
2026-01-03 05:15:00,AWS_04,0,normal,none,1,-0.0029841869717781577
2026-01-03 05:30:00,AWS_04,0,normal,none,0,0.0024755167720228455
2026-01-03 05:45:00,AWS_04,0,normal,none,0,0.02847034056695502
2026-01-03 06:00:00,AWS_04,0,normal,none,0,0.05058798264241815
2026-01-03 06:15:00,AWS_04,0,normal,none,0,0.03731318319931498
2026-01-03 06:30:00,AWS_04,0,normal,none,1,-0.01533750977521231
2026-01-03 06:45:00,AWS_04,0,normal,none,0,0.06095903710130368
2026-01-03 07:00:00,AWS_04,0,normal,none,1,-0.003437563041493341
2026-01-03 07:15:00,AWS_04,0,normal,none,0,0.07622062676181685
2026-01-03 07:30:00,AWS_04,0,normal,none,0,0.0747793107997825
2026-01-03 07:45:00,AWS_04,0,normal,none,0,0.0770102681998896
2026-01-03 08:00:00,AWS_04,0,normal,none,0,0.06835818558304557
2026-01-03 08:15:00,AWS_04,0,normal,none,0,0.08897380647113445
2026-01-03 08:30:00,AWS_04,0,normal,none,0,0.023146350705657515
2026-01-03 08:45:00,AWS_04,0,normal,none,0,0.06356491068978382
2026-01-03 09:00:00,AWS_04,0,normal,none,0,0.11248311661235971
2026-01-03 09:15:00,AWS_04,0,normal,none,0,0.09432346576180256
2026-01-03 09:30:00,AWS_04,0,normal,none,0,0.10317358151279021
2026-01-03 09:45:00,AWS_04,0,normal,none,0,0.07751797357148665
2026-01-03 10:00:00,AWS_04,0,normal,none,0,0.08169182348109333
2026-01-03 10:15:00,AWS_04,0,normal,none,0,0.10282727356754412
2026-01-03 10:30:00,AWS_04,0,normal,none,0,0.1072599710897843
2026-01-03 10:45:00,AWS_04,0,normal,none,0,0.08293433714897064
2026-01-03 11:00:00,AWS_04,0,normal,none,0,0.08342237859794188
2026-01-03 11:15:00,AWS_04,0,normal,none,0,0.0045836166509065635
2026-01-03 11:30:00,AWS_04,0,normal,none,0,0.06094341754953414
2026-01-03 11:45:00,AWS_04,0,normal,none,0,0.09198966691593036
2026-01-03 12:00:00,AWS_04,0,normal,none,0,0.010014720332055027
2026-01-03 12:15:00,AWS_04,0,normal,none,0,0.02610059478975496
2026-01-03 12:30:00,AWS_04,0,normal,none,0,0.06407975624271173
2026-01-03 12:45:00,AWS_04,0,normal,none,0,0.10701859711149914
2026-01-03 13:00:00,AWS_04,0,normal,none,0,0.09755446781545574
2026-01-03 13:15:00,AWS_04,0,normal,none,0,0.09821135814434723
2026-01-03 13:30:00,AWS_04,0,normal,none,0,0.07266345751716441
2026-01-03 13:45:00,AWS_04,0,normal,none,0,0.08884928345020399
2026-01-03 14:00:00,AWS_04,0,normal,none,0,0.060032661980779445
2026-01-03 14:15:00,AWS_04,0,normal,none,0,0.03292885303323445
2026-01-03 14:30:00,AWS_04,0,normal,none,0,0.10280617943767767
2026-01-03 14:45:00,AWS_04,0,normal,none,0,0.059653193548907746
2026-01-03 15:00:00,AWS_04,0,normal,none,0,0.07240140581680998
2026-01-03 15:15:00,AWS_04,0,normal,none,0,0.08831863360205316
2026-01-03 15:30:00,AWS_04,0,normal,none,0,0.10626678490431501
2026-01-03 15:45:00,AWS_04,0,normal,none,0,0.08314881227707904
2026-01-03 16:00:00,AWS_04,0,normal,none,0,0.09909304158451404
2026-01-03 16:15:00,AWS_04,0,normal,none,0,0.09717722807912643
2026-01-03 16:30:00,AWS_04,0,normal,none,0,0.09324782897610012
2026-01-03 16:45:00,AWS_04,0,normal,none,0,0.09798840027845673
2026-01-03 17:00:00,AWS_04,0,normal,none,0,0.03491486810601635
2026-01-03 17:15:00,AWS_04,0,normal,none,0,0.08787178749555868
2026-01-03 17:30:00,AWS_04,0,normal,none,0,0.011643945253695942
2026-01-03 17:45:00,AWS_04,0,normal,none,0,0.02762585197304318
2026-01-03 18:00:00,AWS_04,0,normal,none,0,0.06974169762250904
2026-01-03 18:15:00,AWS_04,0,normal,none,0,0.08964118955272155
2026-01-03 18:30:00,AWS_04,0,normal,none,0,0.09741111778345352
2026-01-03 18:45:00,AWS_04,0,normal,none,0,0.017868281028545985
2026-01-03 19:00:00,AWS_04,0,normal,none,0,0.06668027568195589
2026-01-03 19:15:00,AWS_04,0,normal,none,0,0.07566599595662171
2026-01-03 19:30:00,AWS_04,0,normal,none,0,0.03781511268955945
2026-01-03 19:45:00,AWS_04,0,normal,none,0,0.0729252265454986
2026-01-03 20:00:00,AWS_04,0,normal,none,0,0.09093034884503737
2026-01-03 20:15:00,AWS_04,0,normal,none,0,0.07600604115991122
2026-01-03 20:30:00,AWS_04,0,normal,none,0,0.08721771977184317
2026-01-03 20:45:00,AWS_04,0,normal,none,0,0.07595118299499182
2026-01-03 21:00:00,AWS_04,0,normal,none,0,0.1116414964892089
2026-01-03 21:15:00,AWS_04,0,normal,none,0,0.09724258164551608
2026-01-03 21:30:00,AWS_04,0,normal,none,0,0.05373063542942902
2026-01-03 21:45:00,AWS_04,0,normal,none,0,0.08155346575778466
2026-01-03 22:00:00,AWS_04,0,normal,none,0,0.11297388838242839
2026-01-03 22:15:00,AWS_04,0,normal,none,0,0.02750545705048535
2026-01-03 22:30:00,AWS_04,0,normal,none,0,0.09879638919362344
2026-01-03 22:45:00,AWS_04,0,normal,none,0,0.037063755797586695
2026-01-03 23:00:00,AWS_04,0,normal,none,0,0.058259795827296956
2026-01-03 23:15:00,AWS_04,0,normal,none,0,0.06781827150366876
2026-01-03 23:30:00,AWS_04,0,normal,none,0,0.08716781202742163
2026-01-03 23:45:00,AWS_04,0,normal,none,0,0.06325904012864886
2026-01-04 00:00:00,AWS_04,0,normal,none,0,0.07438029679232444
2026-01-04 00:15:00,AWS_04,0,normal,none,0,0.07460635365045265
2026-01-04 00:30:00,AWS_04,0,normal,none,0,0.03691011005381489
2026-01-04 00:45:00,AWS_04,0,normal,none,0,0.06788057718531754
2026-01-04 01:00:00,AWS_04,0,normal,none,0,0.04101867425742822
2026-01-04 01:15:00,AWS_04,0,normal,none,0,0.053106943903688086
2026-01-04 01:30:00,AWS_04,0,normal,none,0,0.06773501555862188
2026-01-04 01:45:00,AWS_04,0,normal,none,0,0.07366284130203388
2026-01-04 02:00:00,AWS_04,0,normal,none,0,0.06420370301130157
2026-01-04 02:15:00,AWS_04,0,normal,none,0,0.05745437203103321
2026-01-04 02:30:00,AWS_04,0,normal,none,0,0.01149996681791532
2026-01-04 02:45:00,AWS_04,0,normal,none,1,-0.03263793615082711
2026-01-04 03:00:00,AWS_04,0,normal,none,0,0.050339702487907256
2026-01-04 03:15:00,AWS_04,0,normal,none,0,0.07194918774751552
2026-01-04 03:30:00,AWS_04,0,normal,none,0,0.006324039642617463
2026-01-04 03:45:00,AWS_04,0,normal,none,0,0.09002605135342812
2026-01-04 04:00:00,AWS_04,0,normal,none,0,0.018839740960328366
2026-01-04 04:15:00,AWS_04,0,normal,none,0,0.04157293514390392
2026-01-04 04:30:00,AWS_04,0,normal,none,0,0.043489156685308006
2026-01-04 04:45:00,AWS_04,0,normal,none,0,0.027437714131662294
2026-01-04 05:00:00,AWS_04,0,normal,none,1,-0.00832005566992422
2026-01-04 05:15:00,AWS_04,0,normal,none,0,0.05158219837916095
2026-01-04 05:30:00,AWS_04,0,normal,none,0,0.06098008782087577
2026-01-04 05:45:00,AWS_04,0,normal,none,0,0.02896509837847594
2026-01-04 06:00:00,AWS_04,0,normal,none,0,0.08950512385876364
2026-01-04 06:15:00,AWS_04,0,normal,none,0,0.026558885190149206
2026-01-04 06:30:00,AWS_04,0,normal,none,0,0.027700864880456255
2026-01-04 06:45:00,AWS_04,0,normal,none,0,0.009378077779302496
2026-01-04 07:00:00,AWS_04,0,normal,none,0,0.038191297132134094
2026-01-04 07:15:00,AWS_04,0,normal,none,0,0.07137197475647544
2026-01-04 07:30:00,AWS_04,0,normal,none,0,0.033221987836050904
2026-01-04 07:45:00,AWS_04,0,normal,none,0,0.01807221252941582
2026-01-04 08:00:00,AWS_04,0,normal,none,0,0.09406411043100643
2026-01-04 08:15:00,AWS_04,0,normal,none,0,0.05444035822997667
2026-01-04 08:30:00,AWS_04,0,normal,none,0,0.051545208235447115
2026-01-04 08:45:00,AWS_04,0,normal,none,0,0.08410686297386771
2026-01-04 09:00:00,AWS_04,0,normal,none,0,0.10750871363141468
2026-01-04 09:15:00,AWS_04,0,normal,none,0,0.09952605042037937
2026-01-04 09:30:00,AWS_04,0,normal,none,0,0.07290912723458498
2026-01-04 09:45:00,AWS_04,0,normal,none,0,0.08667984297075698
2026-01-04 10:00:00,AWS_04,0,normal,none,0,0.08020638171136724
2026-01-04 10:15:00,AWS_04,0,normal,none,0,0.030876784589197404
2026-01-04 10:30:00,AWS_04,0,normal,none,0,0.05055693310981668
2026-01-04 10:45:00,AWS_04,0,normal,none,0,0.10193243368724259
2026-01-04 11:00:00,AWS_04,0,normal,none,0,0.055008693851416934
2026-01-04 11:15:00,AWS_04,0,normal,none,0,0.09808473061204587
2026-01-04 11:30:00,AWS_04,0,normal,none,0,0.09164336459891986
2026-01-04 11:45:00,AWS_04,0,normal,none,0,0.07172128833122465
2026-01-04 12:00:00,AWS_04,0,normal,none,0,0.05931981451993462
2026-01-04 12:15:00,AWS_04,0,normal,none,0,0.10257143178318939
2026-01-04 12:30:00,AWS_04,0,normal,none,0,0.11095770268928867
2026-01-04 12:45:00,AWS_04,0,normal,none,0,0.08395955706464853
2026-01-04 13:00:00,AWS_04,0,normal,none,0,0.04663021981139648
2026-01-04 13:15:00,AWS_04,0,normal,none,0,0.09257844864035242
2026-01-04 13:30:00,AWS_04,0,normal,none,0,0.08204533324185515
2026-01-04 13:45:00,AWS_04,0,normal,none,0,0.09767239019470325
2026-01-04 14:00:00,AWS_04,0,normal,none,0,0.09562727499891371
2026-01-04 14:15:00,AWS_04,0,normal,none,0,0.07493630216026864
2026-01-04 14:30:00,AWS_04,0,normal,none,0,0.0872063262548084
2026-01-04 14:45:00,AWS_04,0,normal,none,0,0.09787421860135137
2026-01-04 15:00:00,AWS_04,0,normal,none,0,0.07361369891702418
2026-01-04 15:15:00,AWS_04,0,normal,none,0,0.09565184047818043
2026-01-04 15:30:00,AWS_04,0,normal,none,0,0.06928369506127707
2026-01-04 15:45:00,AWS_04,0,normal,none,0,0.06671575554020898
2026-01-04 16:00:00,AWS_04,0,normal,none,0,0.07127233037573216
2026-01-04 16:15:00,AWS_04,0,normal,none,0,0.08831442254936961
2026-01-04 16:30:00,AWS_04,0,normal,none,0,0.08512762547905739
2026-01-04 16:45:00,AWS_04,0,normal,none,0,0.07360899165122214
2026-01-04 17:00:00,AWS_04,0,normal,none,0,0.056722956081018405
2026-01-04 17:15:00,AWS_04,0,normal,none,0,0.09154097470487432
2026-01-04 17:30:00,AWS_04,0,normal,none,0,0.06442538792832603
2026-01-04 17:45:00,AWS_04,0,normal,none,0,0.0836152020087007
2026-01-04 18:00:00,AWS_04,0,normal,none,0,0.06581814030616329
2026-01-04 18:15:00,AWS_04,0,normal,none,0,0.09249233699376208
2026-01-04 18:30:00,AWS_04,0,normal,none,0,0.10605810436539298
2026-01-04 18:45:00,AWS_04,0,normal,none,0,0.01117305141285685
2026-01-04 19:00:00,AWS_04,0,normal,none,0,0.013861001552610552
2026-01-04 19:15:00,AWS_04,0,normal,none,0,0.10495383384202117
2026-01-04 19:30:00,AWS_04,0,normal,none,0,0.09648833226305331
2026-01-04 19:45:00,AWS_04,0,normal,none,0,0.05342423515110034
2026-01-04 20:00:00,AWS_04,0,normal,none,0,0.06838218993518297
2026-01-04 20:15:00,AWS_04,0,normal,none,0,0.08901250250253728
2026-01-04 20:30:00,AWS_04,0,normal,none,0,0.022159062716965883
2026-01-04 20:45:00,AWS_04,0,normal,none,0,0.05673431651551342
2026-01-04 21:00:00,AWS_04,0,normal,none,0,0.07210903598926699
2026-01-04 21:15:00,AWS_04,0,normal,none,0,0.09245228750143569
2026-01-04 21:30:00,AWS_04,0,normal,none,0,0.10277535886121658
2026-01-04 21:45:00,AWS_04,0,normal,none,0,0.0645509823917555
2026-01-04 22:00:00,AWS_04,0,normal,none,0,0.02526795206288346
2026-01-04 22:15:00,AWS_04,0,normal,none,0,0.10165586377913055
2026-01-04 22:30:00,AWS_04,0,normal,none,0,0.065852096928741
2026-01-04 22:45:00,AWS_04,0,normal,none,0,0.11486951133718282
2026-01-04 23:00:00,AWS_04,0,normal,none,0,0.08448812656199162
2026-01-04 23:15:00,AWS_04,0,normal,none,0,0.09851039218501445
2026-01-04 23:30:00,AWS_04,0,normal,none,0,0.05669757272575826
2026-01-04 23:45:00,AWS_04,0,normal,none,0,0.0816263633446841
2026-01-05 00:00:00,AWS_04,0,normal,none,0,0.062492060506395
2026-01-05 00:15:00,AWS_04,0,normal,none,0,0.07640767327661291
2026-01-05 00:30:00,AWS_04,0,normal,none,0,0.05987826737256091
2026-01-05 00:45:00,AWS_04,0,normal,none,0,0.02821082213973375
2026-01-05 01:00:00,AWS_04,0,normal,none,0,0.07304731152856386
2026-01-05 01:15:00,AWS_04,0,normal,none,0,0.0414862208570122
2026-01-05 01:30:00,AWS_04,0,normal,none,0,0.07072551345418188
2026-01-05 01:45:00,AWS_04,0,normal,none,0,0.02888539541897639
2026-01-05 02:00:00,AWS_04,0,normal,none,0,0.08297475055014736
2026-01-05 02:15:00,AWS_04,0,normal,none,0,0.06870827650718242
2026-01-05 02:30:00,AWS_04,0,normal,none,0,0.005001195532620295
2026-01-05 02:45:00,AWS_04,0,normal,none,1,-0.015117591853367252
2026-01-05 03:00:00,AWS_04,0,normal,none,0,0.03336105864497252
2026-01-05 03:15:00,AWS_04,0,normal,none,0,0.0897369581032651
2026-01-05 03:30:00,AWS_04,0,normal,none,0,0.08141044561338046
2026-01-05 03:45:00,AWS_04,0,normal,none,0,0.049062697907494124
2026-01-05 04:00:00,AWS_04,0,normal,none,0,0.03259645929313715
2026-01-05 04:15:00,AWS_04,0,normal,none,0,0.05654805842227867
2026-01-05 04:30:00,AWS_04,0,normal,none,0,0.08260370618552498
2026-01-05 04:45:00,AWS_04,0,normal,none,0,0.059785668859385244
2026-01-05 05:00:00,AWS_04,0,normal,none,0,0.06679266701636866
2026-01-05 05:15:00,AWS_04,0,normal,none,0,0.07138451061785683
2026-01-05 05:30:00,AWS_04,0,normal,none,0,0.030184125995757816
2026-01-05 05:45:00,AWS_04,0,normal,none,0,0.07087440249474664
2026-01-05 06:00:00,AWS_04,0,normal,none,0,0.08903560363975366
2026-01-05 06:15:00,AWS_04,0,normal,none,0,0.04260938587638308
2026-01-05 06:30:00,AWS_04,0,normal,none,0,0.08988499494484337
2026-01-05 06:45:00,AWS_04,0,normal,none,0,0.08172593150166263
2026-01-05 07:00:00,AWS_04,0,normal,none,0,0.07712652707794226
2026-01-05 07:15:00,AWS_04,0,normal,none,0,0.025499682610933994
2026-01-05 07:30:00,AWS_04,0,normal,none,0,0.10599048988283183
2026-01-05 07:45:00,AWS_04,0,normal,none,0,0.10388164622925605
2026-01-05 08:00:00,AWS_04,0,normal,none,0,0.05846010416373232
2026-01-05 08:15:00,AWS_04,0,normal,none,0,0.09590767204309969
2026-01-05 08:30:00,AWS_04,0,normal,none,0,0.06797182858990491
2026-01-05 08:45:00,AWS_04,0,normal,none,0,0.10022534298787233
2026-01-05 09:00:00,AWS_04,0,normal,none,0,0.10578919680721333
2026-01-05 09:15:00,AWS_04,0,normal,none,0,0.002634223912446998
2026-01-05 09:30:00,AWS_04,0,normal,none,0,0.02110464023085412
2026-01-05 09:45:00,AWS_04,0,normal,none,0,0.05647106767546417
2026-01-05 10:00:00,AWS_04,0,normal,none,0,0.07732311602286579
2026-01-05 10:15:00,AWS_04,0,normal,none,0,0.08448642198450901
2026-01-05 10:30:00,AWS_04,0,normal,none,0,0.07481245001498643
2026-01-05 10:45:00,AWS_04,0,normal,none,0,0.06422307158704826
2026-01-05 11:00:00,AWS_04,0,normal,none,0,0.07846966425910817
2026-01-05 11:15:00,AWS_04,0,normal,none,0,0.10089247091262632
2026-01-05 11:30:00,AWS_04,0,normal,none,0,0.08341838446944022
2026-01-05 11:45:00,AWS_04,0,normal,none,0,0.0020232439422879223
2026-01-05 12:00:00,AWS_04,0,normal,none,0,0.029716480490756314
2026-01-05 12:15:00,AWS_04,0,normal,none,0,0.0804664717302192
2026-01-05 12:30:00,AWS_04,0,normal,none,0,0.082575060559397
2026-01-05 12:45:00,AWS_04,0,normal,none,0,0.07339622283854813
2026-01-05 13:00:00,AWS_04,0,normal,none,1,-0.003939141343479946
2026-01-05 13:15:00,AWS_04,0,normal,none,1,-0.04133034291516369
2026-01-05 13:30:00,AWS_04,0,normal,none,0,0.006771194256408097
2026-01-05 13:45:00,AWS_04,0,normal,none,0,0.03253130471881632
2026-01-05 14:00:00,AWS_04,0,normal,none,0,0.007083090593229591
2026-01-05 14:15:00,AWS_04,0,normal,none,0,0.028613130224012406
2026-01-05 14:30:00,AWS_04,0,normal,none,0,0.0625425251454359
2026-01-05 14:45:00,AWS_04,0,normal,none,0,0.04804726002534637
2026-01-05 15:00:00,AWS_04,0,normal,none,0,0.04191281806793884
2026-01-05 15:15:00,AWS_04,0,normal,none,0,0.05835020649242978
2026-01-05 15:30:00,AWS_04,0,normal,none,0,0.02272480224771284
2026-01-05 15:45:00,AWS_04,0,normal,none,0,0.040093292719014795
2026-01-05 16:00:00,AWS_04,0,normal,none,0,0.026223947532788394
2026-01-05 16:15:00,AWS_04,0,normal,none,1,-0.00819740300352556
2026-01-05 16:30:00,AWS_04,0,normal,none,0,0.03202447131709585
2026-01-05 16:45:00,AWS_04,0,normal,none,0,0.07542464414728789
2026-01-05 17:00:00,AWS_04,0,normal,none,0,0.06406848311094893
2026-01-05 17:15:00,AWS_04,0,normal,none,0,0.08011036390865367
2026-01-05 17:30:00,AWS_04,0,normal,none,0,0.07427667467458443
2026-01-05 17:45:00,AWS_04,0,normal,none,0,0.07598664691224433
2026-01-05 18:00:00,AWS_04,0,normal,none,0,0.07221999419793812
2026-01-05 18:15:00,AWS_04,0,normal,none,0,0.0743344506614731
2026-01-05 18:30:00,AWS_04,0,normal,none,0,0.07210312779823363
2026-01-05 18:45:00,AWS_04,0,normal,none,0,0.06961149639092151
2026-01-05 19:00:00,AWS_04,0,normal,none,0,0.07462948613734588
2026-01-05 19:15:00,AWS_04,0,normal,none,0,0.06052046266143579
2026-01-05 19:30:00,AWS_04,0,normal,none,0,0.03444919882978831
2026-01-05 19:45:00,AWS_04,0,normal,none,0,0.002014647933678504
2026-01-05 20:00:00,AWS_04,0,normal,none,0,0.07315522014812542
2026-01-05 20:15:00,AWS_04,0,normal,none,0,0.04106552702431315
2026-01-05 20:30:00,AWS_04,0,normal,none,0,0.04490195694801208
2026-01-05 20:45:00,AWS_04,0,normal,none,0,0.060688436375024024
2026-01-05 21:00:00,AWS_04,0,normal,none,0,0.08069880426276549
2026-01-05 21:15:00,AWS_04,0,normal,none,0,0.00655337495656827
2026-01-05 21:30:00,AWS_04,0,normal,none,1,-0.028320855387115595
2026-01-05 21:45:00,AWS_04,0,normal,none,0,0.013422323233339861
2026-01-05 22:00:00,AWS_04,0,normal,none,0,0.05998981516145785
2026-01-05 22:15:00,AWS_04,0,normal,none,0,0.05765623155297689
2026-01-05 22:30:00,AWS_04,0,normal,none,0,0.010769370853918103
2026-01-05 22:45:00,AWS_04,0,normal,none,1,-0.03632460181379571
2026-01-05 23:00:00,AWS_04,0,normal,none,0,0.05377951282501914
2026-01-05 23:15:00,AWS_04,0,normal,none,0,0.055086166220042865
2026-01-05 23:30:00,AWS_04,0,normal,none,0,0.07390589693888461
2026-01-05 23:45:00,AWS_04,0,normal,none,0,0.029547273842390753
2026-01-06 00:00:00,AWS_04,0,normal,none,0,0.02135899337862357
2026-01-06 00:15:00,AWS_04,0,normal,none,0,0.03043867030033348
2026-01-06 00:30:00,AWS_04,0,normal,none,0,0.027723819713947828
2026-01-06 00:45:00,AWS_04,0,normal,none,0,0.03965244096660431
2026-01-06 01:00:00,AWS_04,0,normal,none,0,0.02623529577141398
2026-01-06 01:15:00,AWS_04,0,normal,none,0,0.07155828699748229
2026-01-06 01:30:00,AWS_04,0,normal,none,0,0.04937462884769955
2026-01-06 01:45:00,AWS_04,0,normal,none,0,0.03619760779097203
2026-01-06 02:00:00,AWS_04,0,normal,none,0,0.04187096640363386
2026-01-06 02:15:00,AWS_04,0,normal,none,0,0.061355997559776776
2026-01-06 02:30:00,AWS_04,0,normal,none,0,0.03836279300675949
2026-01-06 02:45:00,AWS_04,0,normal,none,0,0.006436178373796453
2026-01-06 03:00:00,AWS_04,0,normal,none,0,0.015430574682843257
2026-01-06 03:15:00,AWS_04,0,normal,none,1,-0.0147314216911133
2026-01-06 03:30:00,AWS_04,0,normal,none,0,0.03428785565011472
2026-01-06 03:45:00,AWS_04,0,normal,none,0,0.043805984469487025
2026-01-06 04:00:00,AWS_04,0,normal,none,0,0.035149246447424676
2026-01-06 04:15:00,AWS_04,0,normal,none,0,0.026944696234710852
2026-01-06 04:30:00,AWS_04,0,normal,none,0,0.07908160814091031
2026-01-06 04:45:00,AWS_04,0,normal,none,0,0.05734983860921439
2026-01-06 05:00:00,AWS_04,0,normal,none,0,0.0644922373758618
2026-01-06 05:15:00,AWS_04,0,normal,none,0,0.016777419923182935
2026-01-06 05:30:00,AWS_04,0,normal,none,0,0.08319886689785622
2026-01-06 05:45:00,AWS_04,0,normal,none,0,0.06932040991231408
2026-01-06 06:00:00,AWS_04,0,normal,none,1,-0.021234789707529234
2026-01-06 06:15:00,AWS_04,0,normal,none,1,-0.05121689587966838
2026-01-06 06:30:00,AWS_04,0,normal,none,1,-0.013575634623655297
2026-01-06 06:45:00,AWS_04,0,normal,none,0,0.018035130855488746
2026-01-06 07:00:00,AWS_04,0,normal,none,0,0.08494456849471954
2026-01-06 07:15:00,AWS_04,0,normal,none,0,0.061010388909374214
2026-01-06 07:30:00,AWS_04,0,normal,none,1,-0.038538849153808896
2026-01-06 07:45:00,AWS_04,0,normal,none,0,0.06165882567104042
2026-01-06 08:00:00,AWS_04,0,normal,none,0,0.04684043270896204
2026-01-06 08:15:00,AWS_04,0,normal,none,0,0.05705928988193204
2026-01-06 08:30:00,AWS_04,0,normal,none,0,0.06663853503889566
2026-01-06 08:45:00,AWS_04,0,normal,none,0,0.04383695841313506
2026-01-06 09:00:00,AWS_04,0,normal,none,0,0.04245920526259861
2026-01-06 09:15:00,AWS_04,0,normal,none,0,0.06236329537135776
2026-01-06 09:30:00,AWS_04,0,normal,none,0,0.03315640143099313
2026-01-06 09:45:00,AWS_04,0,normal,none,0,0.06843296490287354
2026-01-06 10:00:00,AWS_04,0,normal,none,0,0.08119200330924753
2026-01-06 10:15:00,AWS_04,0,normal,none,0,0.09005607689408512
2026-01-06 10:30:00,AWS_04,0,normal,none,1,-0.002041421024894019
2026-01-06 10:45:00,AWS_04,0,normal,none,0,0.052974164114574895
2026-01-06 11:00:00,AWS_04,0,normal,none,0,0.06327568007125128
2026-01-06 11:15:00,AWS_04,0,normal,none,0,0.05747322130169247
2026-01-06 11:30:00,AWS_04,0,normal,none,0,0.06085122406993687
2026-01-06 11:45:00,AWS_04,0,normal,none,0,0.0507658018714045
2026-01-06 12:00:00,AWS_04,0,normal,none,0,0.07231595092433046
2026-01-06 12:15:00,AWS_04,0,normal,none,1,-0.016587629304772977
2026-01-06 12:30:00,AWS_04,0,normal,none,0,0.02673191356798682
2026-01-06 12:45:00,AWS_04,0,normal,none,0,0.06656911680207533
2026-01-06 13:00:00,AWS_04,0,normal,none,0,0.054719967522747326
2026-01-06 13:15:00,AWS_04,0,normal,none,0,0.01605247605417992
2026-01-06 13:30:00,AWS_04,0,normal,none,0,0.02193804013267292
2026-01-06 13:45:00,AWS_04,0,normal,none,1,-0.0167857646854358
2026-01-06 14:00:00,AWS_04,0,normal,none,0,0.01724416969121706
2026-01-06 14:15:00,AWS_04,0,normal,none,0,0.0371431920730127
2026-01-06 14:30:00,AWS_04,0,normal,none,0,0.04097469222470118
2026-01-06 14:45:00,AWS_04,0,normal,none,1,-0.017028893245923826
2026-01-06 15:00:00,AWS_04,0,normal,none,0,0.04954703970264823
2026-01-06 15:15:00,AWS_04,0,normal,none,0,0.045270385506254174
2026-01-06 15:30:00,AWS_04,0,normal,none,1,-0.027614367506719084
2026-01-06 15:45:00,AWS_04,0,normal,none,0,0.02457259300850695
2026-01-06 16:00:00,AWS_04,0,normal,none,0,0.04253538606664603
2026-01-06 16:15:00,AWS_04,0,normal,none,0,0.05498431539437498
2026-01-06 16:30:00,AWS_04,0,normal,none,0,0.026727499189016568
2026-01-06 16:45:00,AWS_04,0,normal,none,0,0.04692525764473371
2026-01-06 17:00:00,AWS_04,0,normal,none,0,0.03272414729791312
2026-01-06 17:15:00,AWS_04,0,normal,none,0,0.06069673443413315
2026-01-06 17:30:00,AWS_04,0,normal,none,0,0.06487210366898016
2026-01-06 17:45:00,AWS_04,0,normal,none,0,0.055204055838490806
2026-01-06 18:00:00,AWS_04,0,normal,none,0,0.00750499148619721
2026-01-06 18:15:00,AWS_04,0,normal,none,0,0.03371068499060137
2026-01-06 18:30:00,AWS_04,0,normal,none,0,0.05876306688773786
2026-01-06 18:45:00,AWS_04,0,normal,none,0,0.029297788356606125
2026-01-06 19:00:00,AWS_04,0,normal,none,0,0.0369623157965836
2026-01-06 19:15:00,AWS_04,0,normal,none,0,0.017847073989115503
2026-01-06 19:30:00,AWS_04,0,normal,none,0,0.03997677723804838
2026-01-06 19:45:00,AWS_04,0,normal,none,0,0.033283600837258676
2026-01-06 20:00:00,AWS_04,0,normal,none,0,0.06158364370851527
2026-01-06 20:15:00,AWS_04,0,normal,none,0,0.06566957334598311
2026-01-06 20:30:00,AWS_04,0,normal,none,0,0.06284600744084251
2026-01-06 20:45:00,AWS_04,0,normal,none,0,0.05354636061725526
2026-01-06 21:00:00,AWS_04,0,normal,none,0,0.06507216630212392
2026-01-06 21:15:00,AWS_04,0,normal,none,0,0.04957077655055525
2026-01-06 21:30:00,AWS_04,0,normal,none,0,0.07474080787964393
2026-01-06 21:45:00,AWS_04,0,normal,none,0,0.025241525908214435
2026-01-06 22:00:00,AWS_04,0,normal,none,0,0.07533944563454664
2026-01-06 22:15:00,AWS_04,0,normal,none,1,-0.019957279692070506
2026-01-06 22:30:00,AWS_04,0,normal,none,0,0.08118405584005206
2026-01-06 22:45:00,AWS_04,0,normal,none,0,0.08258343843384652
2026-01-06 23:00:00,AWS_04,0,normal,none,0,0.09071624712478199
2026-01-06 23:15:00,AWS_04,0,normal,none,1,-0.010353169822721053
2026-01-06 23:30:00,AWS_04,0,normal,none,0,0.026008465227846944
2026-01-06 23:45:00,AWS_04,0,normal,none,0,0.05369085832069487
2026-01-07 00:00:00,AWS_04,0,normal,none,0,0.029008471691057525
2026-01-07 00:15:00,AWS_04,0,normal,none,0,0.03925545382646173
2026-01-07 00:30:00,AWS_04,0,normal,none,0,0.06146332985513908
2026-01-07 00:45:00,AWS_04,0,normal,none,0,0.06021826124597168
2026-01-07 01:00:00,AWS_04,0,normal,none,0,0.047255957222857414
2026-01-07 01:15:00,AWS_04,0,normal,none,0,0.06304587237628778
2026-01-07 01:30:00,AWS_04,0,normal,none,0,0.020366385907107654
2026-01-07 01:45:00,AWS_04,0,normal,none,0,0.06723225901081403
2026-01-07 02:00:00,AWS_04,0,normal,none,0,0.0650353187363939
2026-01-07 02:15:00,AWS_04,0,normal,none,1,-0.0023400500691763693
2026-01-07 02:30:00,AWS_04,0,normal,none,0,0.021869394913240636
2026-01-07 02:45:00,AWS_04,0,normal,none,1,-0.025310627136931774
2026-01-07 03:00:00,AWS_04,0,normal,none,1,-0.013080059712943903
2026-01-07 03:15:00,AWS_04,0,normal,none,1,-0.0019787022755697325
2026-01-07 03:30:00,AWS_04,0,normal,none,1,-0.023493307811052633
2026-01-07 03:45:00,AWS_04,0,normal,none,0,0.03725470314536794
2026-01-07 04:00:00,AWS_04,0,normal,none,0,0.03488229546898247
2026-01-07 04:15:00,AWS_04,0,normal,none,0,0.029442653220773496
2026-01-07 04:30:00,AWS_04,0,normal,none,1,-0.017778447370267347
2026-01-07 04:45:00,AWS_04,0,normal,none,0,0.04124222364812602
2026-01-07 05:00:00,AWS_04,0,normal,none,0,0.048914797038858926
2026-01-07 05:15:00,AWS_04,0,normal,none,0,0.03766417354966245
2026-01-07 05:30:00,AWS_04,0,normal,none,0,0.04901561043806246
2026-01-07 05:45:00,AWS_04,0,normal,none,0,0.022995689345148618
2026-01-07 06:00:00,AWS_04,0,normal,none,0,0.022347250750831382
2026-01-07 06:15:00,AWS_04,0,normal,none,0,0.07255076344398226
2026-01-07 06:30:00,AWS_04,0,normal,none,0,0.04933130548701037
2026-01-07 06:45:00,AWS_04,0,normal,none,0,0.07152755588656906
2026-01-07 07:00:00,AWS_04,0,normal,none,0,0.03711328221022914
2026-01-07 07:15:00,AWS_04,0,normal,none,1,-0.016243874931173075
2026-01-07 07:30:00,AWS_04,0,normal,none,0,0.03797674566610676
2026-01-07 07:45:00,AWS_04,0,normal,none,0,0.03118580003404836
2026-01-07 08:00:00,AWS_04,0,normal,none,0,0.03677161839864096
2026-01-07 08:15:00,AWS_04,0,normal,none,0,0.04947082254419438
2026-01-07 08:30:00,AWS_04,0,normal,none,0,0.017732802666976133
2026-01-07 08:45:00,AWS_04,0,normal,none,0,0.06853264636565348
2026-01-07 09:00:00,AWS_04,0,normal,none,0,0.005002771306407916
2026-01-07 09:15:00,AWS_04,0,normal,none,0,0.0771384137469317
2026-01-07 09:30:00,AWS_04,0,normal,none,0,0.06589410286230757
2026-01-07 09:45:00,AWS_04,0,normal,none,0,0.06843748943599376
2026-01-07 10:00:00,AWS_04,0,normal,none,0,0.05991057042813863
2026-01-07 10:15:00,AWS_04,0,normal,none,0,0.06599980984544473
2026-01-07 10:30:00,AWS_04,0,normal,none,0,0.08485380991463976
2026-01-07 10:45:00,AWS_04,0,normal,none,0,0.025569656010546782
2026-01-07 11:00:00,AWS_04,0,normal,none,0,0.028853143928151248
2026-01-07 11:15:00,AWS_04,0,normal,none,1,-0.019894630037371908
2026-01-07 11:30:00,AWS_04,0,normal,none,0,0.0019303370822669752
2026-01-07 11:45:00,AWS_04,0,normal,none,1,-0.007045254284874569
2026-01-07 12:00:00,AWS_04,0,normal,none,0,0.03860490089630875
2026-01-07 12:15:00,AWS_04,0,normal,none,0,0.017157134477709113
2026-01-07 12:30:00,AWS_04,0,normal,none,0,0.04601220206499257
2026-01-07 12:45:00,AWS_04,0,normal,none,0,0.02359464291321528
2026-01-07 13:00:00,AWS_04,0,normal,none,0,0.06457009400774866
2026-01-07 13:15:00,AWS_04,0,normal,none,0,0.05954669945332425
2026-01-07 13:30:00,AWS_04,0,normal,none,0,0.03520471523478047
2026-01-07 13:45:00,AWS_04,0,normal,none,0,0.054735902722659935
2026-01-07 14:00:00,AWS_04,0,normal,none,1,-0.04171147324422886
2026-01-07 14:15:00,AWS_04,0,normal,none,1,-0.019978861306010454
2026-01-07 14:30:00,AWS_04,0,normal,none,1,-0.00399121278616188
2026-01-07 14:45:00,AWS_04,0,normal,none,0,0.03934568312472014
2026-01-07 15:00:00,AWS_04,0,normal,none,0,0.03290276795278724
2026-01-07 15:15:00,AWS_04,0,normal,none,0,0.05811225512680812
2026-01-07 15:30:00,AWS_04,0,normal,none,0,0.05132261833736296
2026-01-07 15:45:00,AWS_04,0,normal,none,0,0.06106005756802885
2026-01-07 16:00:00,AWS_04,0,normal,none,0,0.05449928548836941
2026-01-07 16:15:00,AWS_04,0,normal,none,0,0.015021087380116704
2026-01-07 16:30:00,AWS_04,0,normal,none,0,0.02778161508142757
2026-01-07 16:45:00,AWS_04,0,normal,none,0,0.02503717310495135
2026-01-07 17:00:00,AWS_04,0,normal,none,0,0.03897928854535759
2026-01-07 17:15:00,AWS_04,0,normal,none,0,0.034039249600880894
2026-01-07 17:30:00,AWS_04,0,normal,none,1,-0.02531678805317361
2026-01-07 17:45:00,AWS_04,0,normal,none,1,-0.03400824780194889
2026-01-07 18:00:00,AWS_04,0,normal,none,0,0.04700086155412153
2026-01-07 18:15:00,AWS_04,0,normal,none,0,0.06084138655092608
2026-01-07 18:30:00,AWS_04,0,normal,none,0,0.053178773591304074
2026-01-07 18:45:00,AWS_04,0,normal,none,0,0.05916240053558741
2026-01-07 19:00:00,AWS_04,0,normal,none,0,0.055648477501266835
2026-01-07 19:15:00,AWS_04,0,normal,none,1,-0.033738642990844836
2026-01-07 19:30:00,AWS_04,0,normal,none,1,-0.026583781145907537
2026-01-07 19:45:00,AWS_04,0,normal,none,1,-0.029945990280828783
2026-01-07 20:00:00,AWS_04,0,normal,none,0,0.032238264378106285
2026-01-07 20:15:00,AWS_04,0,normal,none,0,0.044916925852194034
2026-01-07 20:30:00,AWS_04,0,normal,none,0,0.0156797102531116
2026-01-07 20:45:00,AWS_04,0,normal,none,1,-0.12585685146892123
2026-01-07 21:00:00,AWS_04,0,normal,none,1,-0.012084666989060078
2026-01-07 21:15:00,AWS_04,0,normal,none,0,0.04869738461184209
2026-01-07 21:30:00,AWS_04,0,normal,none,0,0.05507875361594439
2026-01-07 21:45:00,AWS_04,0,normal,none,0,0.04676476228505927
2026-01-07 22:00:00,AWS_04,0,normal,none,0,0.04148892189820391
2026-01-07 22:15:00,AWS_04,0,normal,none,0,0.04060243929332691
2026-01-07 22:30:00,AWS_04,0,normal,none,0,0.04728095924282133
2026-01-07 22:45:00,AWS_04,0,normal,none,1,-0.01792092560090086
2026-01-07 23:00:00,AWS_04,0,normal,none,0,0.06312437280864402
2026-01-07 23:15:00,AWS_04,0,normal,none,0,0.056880516893322464
2026-01-07 23:30:00,AWS_04,0,normal,none,1,-0.01599039734334462
2026-01-07 23:45:00,AWS_04,0,normal,none,0,0.016657946660314227
2026-01-08 00:00:00,AWS_04,0,normal,none,0,0.06094334853647987
2026-01-08 00:15:00,AWS_04,0,normal,none,0,0.028115260764485006
2026-01-08 00:30:00,AWS_04,0,normal,none,0,0.06817952598612603
2026-01-08 00:45:00,AWS_04,0,normal,none,0,0.02540881543783624
2026-01-08 01:00:00,AWS_04,0,normal,none,1,-0.008751840515623943
2026-01-08 01:15:00,AWS_04,0,normal,none,0,0.0813193669485513
2026-01-08 01:30:00,AWS_04,0,normal,none,0,0.08669841681541829
2026-01-08 01:45:00,AWS_04,0,normal,none,0,0.08379903336718447
2026-01-08 02:00:00,AWS_04,0,normal,none,0,0.058036259694413506
2026-01-08 02:15:00,AWS_04,0,normal,none,1,-0.010684010530509713
2026-01-08 02:30:00,AWS_04,0,normal,none,0,0.04354724409806382
2026-01-08 02:45:00,AWS_04,0,normal,none,1,-0.012855990617021695
2026-01-08 03:00:00,AWS_04,0,normal,none,0,0.01995707697152055
2026-01-08 03:15:00,AWS_04,0,normal,none,0,0.06538328971939761
2026-01-08 03:30:00,AWS_04,0,normal,none,0,0.06518131722656928
2026-01-08 03:45:00,AWS_04,0,normal,none,0,0.06186638560231972
2026-01-08 04:00:00,AWS_04,0,normal,none,0,0.005860514698543429
2026-01-08 04:15:00,AWS_04,0,normal,none,0,0.0009031827725121122
2026-01-08 04:30:00,AWS_04,0,normal,none,0,0.012444403643715518
2026-01-08 04:45:00,AWS_04,0,normal,none,0,0.06219481266337323
2026-01-08 05:00:00,AWS_04,0,normal,none,0,0.024696009451404155
2026-01-08 05:15:00,AWS_04,0,normal,none,1,-0.028528728178959017
2026-01-08 05:30:00,AWS_04,0,normal,none,0,0.01977593775061587
2026-01-08 05:45:00,AWS_04,0,normal,none,0,0.04814821044404499
2026-01-08 06:00:00,AWS_04,0,normal,none,0,0.07282620262759604
2026-01-08 06:15:00,AWS_04,0,normal,none,0,0.05174054394289579
2026-01-08 06:30:00,AWS_04,0,normal,none,0,0.014377860614745053
2026-01-08 06:45:00,AWS_04,0,normal,none,0,0.05487893310824565
2026-01-08 07:00:00,AWS_04,0,normal,none,0,0.01249314445892008
2026-01-08 07:15:00,AWS_04,0,normal,none,0,0.058547830941047874
2026-01-08 07:30:00,AWS_04,0,normal,none,0,0.022973827310819095
2026-01-08 07:45:00,AWS_04,0,normal,none,0,0.003473409123806892
2026-01-08 08:00:00,AWS_04,0,normal,none,0,0.04164353211064281
2026-01-08 08:15:00,AWS_04,0,normal,none,0,0.03607978793665845
2026-01-08 08:30:00,AWS_04,0,normal,none,1,-0.025768882029182816
2026-01-08 08:45:00,AWS_04,0,normal,none,0,0.0012960334224523806
2026-01-08 09:00:00,AWS_04,0,normal,none,0,0.04931049485915873
2026-01-08 09:15:00,AWS_04,0,normal,none,0,0.04828725360635122
2026-01-08 09:30:00,AWS_04,0,normal,none,0,0.06190077278857781
2026-01-08 09:45:00,AWS_04,0,normal,none,0,0.05019752150978779
2026-01-08 10:00:00,AWS_04,0,normal,none,0,0.024107698307176795
2026-01-08 10:15:00,AWS_04,0,normal,none,0,0.0190240552853439
2026-01-08 10:30:00,AWS_04,0,normal,none,0,0.0648341270626469
2026-01-08 10:45:00,AWS_04,0,normal,none,0,0.06542050559964346
2026-01-08 11:00:00,AWS_04,0,normal,none,0,0.05722748026946001
2026-01-08 11:15:00,AWS_04,0,normal,none,0,0.05049733513042348
2026-01-08 11:30:00,AWS_04,0,normal,none,0,0.04529404248006774
2026-01-08 11:45:00,AWS_04,0,normal,none,0,0.062494494560474345
2026-01-08 12:00:00,AWS_04,0,normal,none,0,0.05209088035922094
2026-01-08 12:15:00,AWS_04,0,normal,none,1,-0.013172418496403493
2026-01-08 12:30:00,AWS_04,0,normal,none,0,0.04729913100542632
2026-01-08 12:45:00,AWS_04,0,normal,none,0,0.034370609709408195
2026-01-08 13:00:00,AWS_04,0,normal,none,0,0.03363353733509433
2026-01-08 13:15:00,AWS_04,0,normal,none,0,0.07467784314220405
2026-01-08 13:30:00,AWS_04,0,normal,none,0,0.04369725461521523
2026-01-08 13:45:00,AWS_04,0,normal,none,0,0.07824358321272934
2026-01-08 14:00:00,AWS_04,0,normal,none,0,0.0348936904004607
2026-01-08 14:15:00,AWS_04,0,normal,none,0,0.07216933233744899
2026-01-08 14:30:00,AWS_04,0,normal,none,0,0.07305040400745555
2026-01-08 14:45:00,AWS_04,0,normal,none,0,0.044960543974008615
2026-01-08 15:00:00,AWS_04,0,normal,none,0,0.039333838666665566
2026-01-08 15:15:00,AWS_04,0,normal,none,0,0.06609203566859273
2026-01-08 15:30:00,AWS_04,0,normal,none,0,0.07176655906987572
2026-01-08 15:45:00,AWS_04,0,normal,none,0,0.045310537329083134
2026-01-08 16:00:00,AWS_04,0,normal,none,0,0.07352455664673374
2026-01-08 16:15:00,AWS_04,0,normal,none,0,0.05612909671031191
2026-01-08 16:30:00,AWS_04,0,normal,none,0,0.008756311616676449
2026-01-08 16:45:00,AWS_04,0,normal,none,0,0.06979032711668182
2026-01-08 17:00:00,AWS_04,0,normal,none,0,0.022734626457403595
2026-01-08 17:15:00,AWS_04,0,normal,none,0,0.007203515573962704
2026-01-08 17:30:00,AWS_04,0,normal,none,0,0.02097652288388646
2026-01-08 17:45:00,AWS_04,0,normal,none,0,0.026591050563276875
2026-01-08 18:00:00,AWS_04,0,normal,none,0,0.048517381443681784
2026-01-08 18:15:00,AWS_04,0,normal,none,0,0.04845782783403757
2026-01-08 18:30:00,AWS_04,0,normal,none,0,0.08323358286051652
2026-01-08 18:45:00,AWS_04,0,normal,none,0,0.08429925376930686
2026-01-08 19:00:00,AWS_04,0,normal,none,0,0.04067432156809475
2026-01-08 19:15:00,AWS_04,0,normal,none,0,0.04227877074377434
2026-01-08 19:30:00,AWS_04,0,normal,none,0,0.08078028272147364
2026-01-08 19:45:00,AWS_04,0,normal,none,0,0.050208390301300754
2026-01-08 20:00:00,AWS_04,0,normal,none,0,0.08814987982060712
2026-01-08 20:15:00,AWS_04,0,normal,none,0,0.08566203867422567
2026-01-08 20:30:00,AWS_04,0,normal,none,0,0.05951067958916595
2026-01-08 20:45:00,AWS_04,0,normal,none,0,0.08775337241612946
2026-01-08 21:00:00,AWS_04,0,normal,none,1,-0.0013686921214869363
2026-01-08 21:15:00,AWS_04,0,normal,none,0,0.08712446198022472
2026-01-08 21:30:00,AWS_04,0,normal,none,0,0.050331661917280446
2026-01-08 21:45:00,AWS_04,0,normal,none,0,0.009355957371444845
2026-01-08 22:00:00,AWS_04,0,normal,none,0,0.003910061349097438
2026-01-08 22:15:00,AWS_04,0,normal,none,0,0.04044518310251716
2026-01-08 22:30:00,AWS_04,0,normal,none,0,0.07231092209878415
2026-01-08 22:45:00,AWS_04,0,normal,none,1,-0.016755669897440706
2026-01-08 23:00:00,AWS_04,0,normal,none,0,0.028204846727132082
2026-01-08 23:15:00,AWS_04,0,normal,none,1,-0.0010075813595418204
2026-01-08 23:30:00,AWS_04,0,normal,none,0,0.04758541331018551
2026-01-08 23:45:00,AWS_04,0,normal,none,0,0.06170802846704271
2026-01-09 00:00:00,AWS_04,0,normal,none,0,0.06339605318410613
2026-01-09 00:15:00,AWS_04,0,normal,none,1,-0.028544548201462572
2026-01-09 00:30:00,AWS_04,0,normal,none,1,-0.011881187690123585
2026-01-09 00:45:00,AWS_04,0,normal,none,0,0.026154865133363125
2026-01-09 01:00:00,AWS_04,0,normal,none,0,0.003962745863334616
2026-01-09 01:15:00,AWS_04,0,normal,none,1,-0.009280583931292052
2026-01-09 01:30:00,AWS_04,0,normal,none,0,0.03631937708940741
2026-01-09 01:45:00,AWS_04,0,normal,none,0,0.039222914980809154
2026-01-09 02:00:00,AWS_04,0,normal,none,1,-0.006710836968716105
2026-01-09 02:15:00,AWS_04,0,normal,none,0,0.050843740664467674
2026-01-09 02:30:00,AWS_04,0,normal,none,1,-0.01633544134929199
2026-01-09 02:45:00,AWS_04,0,normal,none,1,-0.017773383560038214
2026-01-09 03:00:00,AWS_04,0,normal,none,0,0.058573820085397854
2026-01-09 03:15:00,AWS_04,0,normal,none,0,0.004913353326372549
2026-01-09 03:30:00,AWS_04,0,normal,none,0,0.0002750219760200845
2026-01-09 03:45:00,AWS_04,0,normal,none,0,0.02414426456728974
2026-01-09 04:00:00,AWS_04,0,normal,none,0,0.0181111732870467
2026-01-09 04:15:00,AWS_04,0,normal,none,0,0.05064987783532332
2026-01-09 04:30:00,AWS_04,0,normal,none,0,0.030430881109552055
2026-01-09 04:45:00,AWS_04,0,normal,none,1,-0.03334707691789951
2026-01-09 05:00:00,AWS_04,0,normal,none,0,0.015873527200836957
2026-01-09 05:15:00,AWS_04,0,normal,none,1,-0.012912897025611825
2026-01-09 05:30:00,AWS_04,0,normal,none,1,-0.07719922264449985
2026-01-09 05:45:00,AWS_04,0,normal,none,0,0.04333650328548588
2026-01-09 06:00:00,AWS_04,0,normal,none,0,0.054032013527368195
2026-01-09 06:15:00,AWS_04,0,normal,none,0,0.06609827066083629
2026-01-09 06:30:00,AWS_04,0,normal,none,0,0.06285844227715476
2026-01-09 06:45:00,AWS_04,0,normal,none,0,0.057713449993629984
2026-01-09 07:00:00,AWS_04,0,normal,none,0,0.037070370065836855
2026-01-09 07:15:00,AWS_04,0,normal,none,0,0.08774750435099482
2026-01-09 07:30:00,AWS_04,0,normal,none,1,-0.0014250548762527737
2026-01-09 07:45:00,AWS_04,0,normal,none,0,0.03492754196330039
2026-01-09 08:00:00,AWS_04,0,normal,none,0,0.05731611666635289
2026-01-09 08:15:00,AWS_04,0,normal,none,0,0.03486824882397399
2026-01-09 08:30:00,AWS_04,0,normal,none,1,-0.004052929448374654
2026-01-09 08:45:00,AWS_04,0,normal,none,0,0.08926958113348349
2026-01-09 09:00:00,AWS_04,0,normal,none,0,0.038168202814854724
2026-01-09 09:15:00,AWS_04,0,normal,none,0,0.0941054554087678
2026-01-09 09:30:00,AWS_04,0,normal,none,0,0.0989357773499635
2026-01-09 09:45:00,AWS_04,0,normal,none,0,0.0760752418938746
2026-01-09 10:00:00,AWS_04,0,normal,none,0,0.04262530383284141
2026-01-09 10:15:00,AWS_04,0,normal,none,1,-0.04863645581328513
2026-01-09 10:30:00,AWS_04,0,normal,none,0,0.09398588582680373
2026-01-09 10:45:00,AWS_04,0,normal,none,0,0.09416082096251799
2026-01-09 11:00:00,AWS_04,0,normal,none,0,0.07897958184631432
2026-01-09 11:15:00,AWS_04,0,normal,none,0,0.08060431047138678
2026-01-09 11:30:00,AWS_04,0,normal,none,0,0.11145510031162692
2026-01-09 11:45:00,AWS_04,0,normal,none,0,0.08668737964371859
2026-01-09 12:00:00,AWS_04,0,normal,none,1,-0.038324556278582333
2026-01-09 12:15:00,AWS_04,0,normal,none,0,0.08487430156084186
2026-01-09 12:30:00,AWS_04,0,normal,none,0,0.09911262366863405
2026-01-09 12:45:00,AWS_04,0,normal,none,0,0.08553282962215303
2026-01-09 13:00:00,AWS_04,0,normal,none,0,0.08177100287502254
2026-01-09 13:15:00,AWS_04,0,normal,none,0,0.09339117650378792
2026-01-09 13:30:00,AWS_04,0,normal,none,0,0.0708794881392486
2026-01-09 13:45:00,AWS_04,0,normal,none,0,0.06517453484952657
2026-01-09 14:00:00,AWS_04,0,normal,none,0,0.08049518020666463
2026-01-09 14:15:00,AWS_04,0,normal,none,0,0.0888024526294044
2026-01-09 14:30:00,AWS_04,0,normal,none,0,0.05869875063653435
2026-01-09 14:45:00,AWS_04,0,normal,none,0,0.10040462187048815
2026-01-09 15:00:00,AWS_04,0,normal,none,0,0.04224913517274653
2026-01-09 15:15:00,AWS_04,0,normal,none,0,0.08955212707099275
2026-01-09 15:30:00,AWS_04,0,normal,none,0,0.0883020461194986
2026-01-09 15:45:00,AWS_04,0,normal,none,0,0.09445328727217461
2026-01-09 16:00:00,AWS_04,0,normal,none,0,0.04497313101928224
2026-01-09 16:15:00,AWS_04,0,normal,none,0,0.025009158423494438
2026-01-09 16:30:00,AWS_04,0,normal,none,0,0.08433879049444443
2026-01-09 16:45:00,AWS_04,0,normal,none,0,0.06641567871702386
2026-01-09 17:00:00,AWS_04,0,normal,none,0,0.011674672508714568
2026-01-09 17:15:00,AWS_04,0,normal,none,0,0.007341314120870357
2026-01-09 17:30:00,AWS_04,0,normal,none,0,0.1035894504217365
2026-01-09 17:45:00,AWS_04,0,normal,none,0,0.006299383382333268
2026-01-09 18:00:00,AWS_04,0,normal,none,0,0.052522822653508494
2026-01-09 18:15:00,AWS_04,0,normal,none,0,0.03985044629868112
2026-01-09 18:30:00,AWS_04,0,normal,none,0,0.06151105726605849
2026-01-09 18:45:00,AWS_04,0,normal,none,0,0.0751008840059173
2026-01-09 19:00:00,AWS_04,0,normal,none,0,0.08709951485011586
2026-01-09 19:15:00,AWS_04,0,normal,none,0,0.05642820184806596
2026-01-09 19:30:00,AWS_04,0,normal,none,0,0.023145640847574867
2026-01-09 19:45:00,AWS_04,0,normal,none,0,0.01627248917534735
2026-01-09 20:00:00,AWS_04,0,normal,none,0,0.07642071145342005
2026-01-09 20:15:00,AWS_04,0,normal,none,0,0.07953671831193476
2026-01-09 20:30:00,AWS_04,0,normal,none,0,0.06159682468557115
2026-01-09 20:45:00,AWS_04,0,normal,none,0,0.07415590949014556
2026-01-09 21:00:00,AWS_04,0,normal,none,0,0.08316910981540732
2026-01-09 21:15:00,AWS_04,0,normal,none,0,0.06642317229923916
2026-01-09 21:30:00,AWS_04,0,normal,none,0,0.04468795245287033
2026-01-09 21:45:00,AWS_04,0,normal,none,0,0.053520643625758035
2026-01-09 22:00:00,AWS_04,0,normal,none,0,0.04644266241237771
2026-01-09 22:15:00,AWS_04,0,normal,none,0,0.0651727951869907
2026-01-09 22:30:00,AWS_04,0,normal,none,0,0.044449165974624005
2026-01-09 22:45:00,AWS_04,0,normal,none,0,0.07067429788402674
2026-01-09 23:00:00,AWS_04,0,normal,none,0,0.07118315222646449
2026-01-09 23:15:00,AWS_04,0,normal,none,0,0.07256176925232621
2026-01-09 23:30:00,AWS_04,0,normal,none,1,-0.022110351139107087
2026-01-09 23:45:00,AWS_04,0,normal,none,0,0.04424884887911951
2026-01-10 00:00:00,AWS_04,0,normal,none,0,0.05281344299687968
2026-01-10 00:15:00,AWS_04,0,normal,none,0,0.03252641695235031
2026-01-10 00:30:00,AWS_04,0,normal,none,1,-0.018891345589705733
2026-01-10 00:45:00,AWS_04,0,normal,none,0,0.05153496580329786
2026-01-10 01:00:00,AWS_04,0,normal,none,0,0.06381806234912557
2026-01-10 01:15:00,AWS_04,0,normal,none,0,0.05515370803044789
2026-01-10 01:30:00,AWS_04,0,normal,none,0,0.04017053703923168
2026-01-10 01:45:00,AWS_04,0,normal,none,1,-0.019699018894459575
2026-01-10 02:00:00,AWS_04,0,normal,none,1,-0.02757133193696437
2026-01-10 02:15:00,AWS_04,0,normal,none,0,0.022798584162855018
2026-01-10 02:30:00,AWS_04,0,normal,none,1,-0.012502532461344584
2026-01-10 02:45:00,AWS_04,0,normal,none,1,-0.018633005159385374
2026-01-10 03:00:00,AWS_04,0,normal,none,1,-0.07649492129555535
2026-01-10 03:15:00,AWS_04,0,normal,none,1,-0.01942042610067163
2026-01-10 03:30:00,AWS_04,0,normal,none,0,0.0004963016303003442
2026-01-10 03:45:00,AWS_04,0,normal,none,1,-0.06278199958794195
2026-01-10 04:00:00,AWS_04,0,normal,none,1,-0.03803919613777973
2026-01-10 04:15:00,AWS_04,0,normal,none,1,-0.01485526065971543
2026-01-10 04:30:00,AWS_04,0,normal,none,1,-0.003015940847617915
2026-01-10 04:45:00,AWS_04,0,normal,none,1,-0.005370491686981116
2026-01-10 05:00:00,AWS_04,0,normal,none,0,0.023905857996824986
2026-01-10 05:15:00,AWS_04,0,normal,none,1,-0.029838285333346315
2026-01-10 05:30:00,AWS_04,0,normal,none,1,-0.02514933373255046
2026-01-10 05:45:00,AWS_04,0,normal,none,0,0.0027124257913856975
2026-01-10 06:00:00,AWS_04,0,normal,none,1,-0.025531121346307084
2026-01-10 06:15:00,AWS_04,0,normal,none,0,0.028308488606379467
2026-01-10 06:30:00,AWS_04,0,normal,none,1,-0.03352904683754421
2026-01-10 06:45:00,AWS_04,0,normal,none,0,0.019408048550721535
2026-01-10 07:00:00,AWS_04,0,normal,none,0,0.023896505784396394
2026-01-10 07:15:00,AWS_04,0,normal,none,0,0.05440048127869396
2026-01-10 07:30:00,AWS_04,0,normal,none,1,-0.013166520553277494
2026-01-10 07:45:00,AWS_04,0,normal,none,0,0.020045189613807357
2026-01-10 08:00:00,AWS_04,0,normal,none,0,0.015999397541013538
2026-01-10 08:15:00,AWS_04,0,normal,none,0,0.08083980078478065
2026-01-10 08:30:00,AWS_04,0,normal,none,0,0.008997205361563565
2026-01-10 08:45:00,AWS_04,0,normal,none,1,-0.06416224835385587
2026-01-10 09:00:00,AWS_04,0,normal,none,0,0.028652670545072312
2026-01-10 09:15:00,AWS_04,0,normal,none,0,0.0696290208588668
2026-01-10 09:30:00,AWS_04,0,normal,none,0,0.015035949935345239
2026-01-10 09:45:00,AWS_04,0,normal,none,0,0.010100641312002834
2026-01-10 10:00:00,AWS_04,0,normal,none,1,-0.01223752351385543
2026-01-10 10:15:00,AWS_04,0,normal,none,0,0.04815981426875221
2026-01-10 10:30:00,AWS_04,0,normal,none,0,0.05754313802500821
2026-01-10 10:45:00,AWS_04,0,normal,none,1,-0.010840509502293427
2026-01-10 11:00:00,AWS_04,0,normal,none,0,0.02749807236249424
2026-01-10 11:15:00,AWS_04,0,normal,none,0,0.048505227452649124
2026-01-10 11:30:00,AWS_04,0,normal,none,0,0.01613451509661401
2026-01-10 11:45:00,AWS_04,0,normal,none,0,0.05274182982234693
2026-01-10 12:00:00,AWS_04,0,normal,none,1,-0.02201198161404394
2026-01-10 12:15:00,AWS_04,0,normal,none,0,0.03888612019783855
2026-01-10 12:30:00,AWS_04,0,normal,none,0,0.05448824510817596
2026-01-10 12:45:00,AWS_04,0,normal,none,0,0.047091656314659
2026-01-10 13:00:00,AWS_04,0,normal,none,0,0.045663872301894726
2026-01-10 13:15:00,AWS_04,0,normal,none,0,0.039500890922054166
2026-01-10 13:30:00,AWS_04,0,normal,none,0,0.025598092018990826
2026-01-10 13:45:00,AWS_04,0,normal,none,0,0.0073407724940026675
2026-01-10 14:00:00,AWS_04,0,normal,none,0,0.04974119308158009
2026-01-10 14:15:00,AWS_04,0,normal,none,0,0.012734825362845759
2026-01-10 14:30:00,AWS_04,0,normal,none,0,0.054352463935197326
2026-01-10 14:45:00,AWS_04,0,normal,none,0,0.04955143571113774
2026-01-10 15:00:00,AWS_04,0,normal,none,0,0.046641136687205986
2026-01-10 15:15:00,AWS_04,0,normal,none,0,0.06754520990742191
2026-01-10 15:30:00,AWS_04,0,normal,none,0,0.04822520107615341
2026-01-10 15:45:00,AWS_04,0,normal,none,0,0.053460544399275
2026-01-10 16:00:00,AWS_04,0,normal,none,0,0.016461214849961048
2026-01-10 16:15:00,AWS_04,0,normal,none,0,0.0473428712021709
2026-01-10 16:30:00,AWS_04,0,normal,none,0,0.02627030318102741
2026-01-10 16:45:00,AWS_04,0,normal,none,1,-0.04677699059518903
2026-01-10 17:00:00,AWS_04,0,normal,none,0,0.019601710260250316
2026-01-10 17:15:00,AWS_04,0,normal,none,0,0.04780850098378936
2026-01-10 17:30:00,AWS_04,0,normal,none,0,0.016316152688972407
2026-01-10 17:45:00,AWS_04,0,normal,none,0,0.01382324562206777
2026-01-10 18:00:00,AWS_04,0,normal,none,0,0.008002557104402508
2026-01-10 18:15:00,AWS_04,0,normal,none,0,0.020423448059531613
2026-01-10 18:30:00,AWS_04,0,normal,none,0,0.03128965066066153
2026-01-10 18:45:00,AWS_04,0,normal,none,0,0.026263224727205936
2026-01-10 19:00:00,AWS_04,0,normal,none,0,0.022916920452757783
2026-01-10 19:15:00,AWS_04,0,normal,none,0,0.03140045557000981
2026-01-10 19:30:00,AWS_04,0,normal,none,0,0.009770383740144772
2026-01-10 19:45:00,AWS_04,0,normal,none,0,0.002993297129163186
2026-01-10 20:00:00,AWS_04,0,normal,none,0,0.0064086595399011625
2026-01-10 20:15:00,AWS_04,0,normal,none,0,0.0566417109143969
2026-01-10 20:30:00,AWS_04,0,normal,none,1,-0.04185060003118035
2026-01-10 20:45:00,AWS_04,0,normal,none,0,0.0010231819147741295
2026-01-10 21:00:00,AWS_04,0,normal,none,0,0.023981619418990796
2026-01-10 21:15:00,AWS_04,0,normal,none,0,0.03891055974032237
2026-01-10 21:30:00,AWS_04,0,normal,none,0,0.04057433217975087
2026-01-10 21:45:00,AWS_04,0,normal,none,0,0.032847661188566746
2026-01-10 22:00:00,AWS_04,0,normal,none,0,0.047139077625296955
2026-01-10 22:15:00,AWS_04,0,normal,none,0,0.00613135437695056
2026-01-10 22:30:00,AWS_04,0,normal,none,0,0.010799396704938402
2026-01-10 22:45:00,AWS_04,0,normal,none,0,0.021974078387950957
2026-01-10 23:00:00,AWS_04,0,normal,none,1,-0.008579583874847363
2026-01-10 23:15:00,AWS_04,0,normal,none,0,0.018878311368108247
2026-01-10 23:30:00,AWS_04,0,normal,none,1,-0.03282294876330516
2026-01-10 23:45:00,AWS_04,0,normal,none,0,0.020371568947282148
2026-01-11 00:00:00,AWS_04,0,normal,none,1,-0.060757245051052955
2026-01-11 00:15:00,AWS_04,0,normal,none,1,-0.003659600409382846
2026-01-11 00:30:00,AWS_04,0,normal,none,1,-0.01762542512713583
2026-01-11 00:45:00,AWS_04,0,normal,none,1,-0.07712880028668179
2026-01-11 01:00:00,AWS_04,0,normal,none,1,-0.07778363216566886
2026-01-11 01:15:00,AWS_04,0,normal,none,0,0.014078668870400046
2026-01-11 01:30:00,AWS_04,0,normal,none,0,0.02035912913252158
2026-01-11 01:45:00,AWS_04,0,normal,none,1,-0.06122527369296937
2026-01-11 02:00:00,AWS_04,0,normal,none,1,-0.04416423848455486
2026-01-11 02:15:00,AWS_04,0,normal,none,1,-0.039594551052840155
2026-01-11 02:30:00,AWS_04,0,normal,none,1,-0.03132966327087183
2026-01-11 02:45:00,AWS_04,0,normal,none,1,-0.05907922300206059
2026-01-11 03:00:00,AWS_04,0,normal,none,1,-0.04303564712007446
2026-01-11 03:15:00,AWS_04,0,normal,none,1,-0.08354687340457223
2026-01-11 03:30:00,AWS_04,0,normal,none,0,0.015098041120361338
2026-01-11 03:45:00,AWS_04,0,normal,none,0,0.029755478323417794
2026-01-11 04:00:00,AWS_04,0,normal,none,0,0.003472439652985271
2026-01-11 04:15:00,AWS_04,0,normal,none,0,9.973864179280145e-05
2026-01-11 04:30:00,AWS_04,0,normal,none,1,-0.046779717076761984
2026-01-11 04:45:00,AWS_04,0,normal,none,0,0.0071164181340298005
2026-01-11 05:00:00,AWS_04,0,normal,none,1,-0.056683428218034515
2026-01-11 05:15:00,AWS_04,0,normal,none,1,-0.03858552208481991
2026-01-11 05:30:00,AWS_04,0,normal,none,1,-0.04228978099821823
2026-01-11 05:45:00,AWS_04,0,normal,none,1,-0.008381653579923043
2026-01-11 06:00:00,AWS_04,0,normal,none,1,-0.05548975241269305
2026-01-11 06:15:00,AWS_04,0,normal,none,1,-0.032743666264717364
2026-01-11 06:30:00,AWS_04,0,normal,none,1,-0.009397441606405876
2026-01-11 06:45:00,AWS_04,0,normal,none,1,-0.04765315993085639
2026-01-11 07:00:00,AWS_04,0,normal,none,0,0.005615670621157365
2026-01-11 07:15:00,AWS_04,0,normal,none,0,0.002123347196407499
2026-01-11 07:30:00,AWS_04,0,normal,none,0,0.015568014666945906
2026-01-11 07:45:00,AWS_04,0,normal,none,0,0.010371183523336325
2026-01-11 08:00:00,AWS_04,0,normal,none,0,0.029709776061321858
2026-01-11 08:15:00,AWS_04,0,normal,none,0,0.03430765228326493
2026-01-11 08:30:00,AWS_04,0,normal,none,0,0.0288346315702957
2026-01-11 08:45:00,AWS_04,0,normal,none,1,-0.03335189843036612
2026-01-11 09:00:00,AWS_04,0,normal,none,0,0.007607343995270854
2026-01-11 09:15:00,AWS_04,0,normal,none,0,0.020634560101278954
2026-01-11 09:30:00,AWS_04,0,normal,none,1,-0.026856475829762694
2026-01-11 09:45:00,AWS_04,0,normal,none,0,0.021636876936594718
2026-01-11 10:00:00,AWS_04,0,normal,none,1,-0.06826590151723833
2026-01-11 10:15:00,AWS_04,0,normal,none,1,-0.06925343133700346
2026-01-11 10:30:00,AWS_04,0,normal,none,0,0.013495858033880759
2026-01-11 10:45:00,AWS_04,0,normal,none,0,0.00909723181583083
2026-01-11 11:00:00,AWS_04,0,normal,none,0,0.02748859162217876
2026-01-11 11:15:00,AWS_04,0,normal,none,1,-0.07096654758259502
2026-01-11 11:30:00,AWS_04,0,normal,none,0,0.017963227100214196
2026-01-11 11:45:00,AWS_04,0,normal,none,0,0.010140847570974054
2026-01-11 12:00:00,AWS_04,0,normal,none,1,-0.003225952634209661
2026-01-11 12:15:00,AWS_04,0,normal,none,1,-0.058447828450418626
2026-01-11 12:30:00,AWS_04,0,normal,none,0,0.011826030360276407
2026-01-11 12:45:00,AWS_04,0,normal,none,0,0.020628545938251086
2026-01-11 13:00:00,AWS_04,0,normal,none,0,0.0065598460652279145
2026-01-11 13:15:00,AWS_04,0,normal,none,1,-0.01485165379243758
2026-01-11 13:30:00,AWS_04,0,normal,none,1,-0.04730014735550414
2026-01-11 13:45:00,AWS_04,0,normal,none,1,-0.03119916598044903
2026-01-11 14:00:00,AWS_04,0,normal,none,1,-0.00333680793181812
2026-01-11 14:15:00,AWS_04,0,normal,none,0,0.023754554823460006
2026-01-11 14:30:00,AWS_04,0,normal,none,0,0.019484377018449683
2026-01-11 14:45:00,AWS_04,0,normal,none,0,0.009585868500173289
2026-01-11 15:00:00,AWS_04,0,normal,none,0,0.0067877662205581
2026-01-11 15:15:00,AWS_04,0,normal,none,0,0.010244734465362448
2026-01-11 15:30:00,AWS_04,0,normal,none,1,-0.018498862128749627
2026-01-11 15:45:00,AWS_04,0,normal,none,0,0.022225306209329
2026-01-11 16:00:00,AWS_04,0,normal,none,0,0.007559274099042668
2026-01-11 16:15:00,AWS_04,0,normal,none,0,0.015617346723565073
2026-01-11 16:30:00,AWS_04,0,normal,none,0,0.0006894990340761131
2026-01-11 16:45:00,AWS_04,0,normal,none,0,0.03517377818057432
2026-01-11 17:00:00,AWS_04,0,normal,none,0,0.059803588198181934
2026-01-11 17:15:00,AWS_04,0,normal,none,0,0.06122146761799108
2026-01-11 17:30:00,AWS_04,0,normal,none,0,0.03861754188122324
2026-01-11 17:45:00,AWS_04,0,normal,none,0,0.013815077800614972
2026-01-11 18:00:00,AWS_04,0,normal,none,0,0.008928645555470072
2026-01-11 18:15:00,AWS_04,0,normal,none,0,0.05113481497241129
2026-01-11 18:30:00,AWS_04,0,normal,none,0,0.051914241697042396
2026-01-11 18:45:00,AWS_04,0,normal,none,0,0.011385635497026425
2026-01-11 19:00:00,AWS_04,0,normal,none,0,0.004294122522888966
2026-01-11 19:15:00,AWS_04,0,normal,none,0,0.01955299352681289
2026-01-11 19:30:00,AWS_04,0,normal,none,0,0.02780961625087114
2026-01-11 19:45:00,AWS_04,0,normal,none,0,0.032367274727657436
2026-01-11 20:00:00,AWS_04,0,normal,none,0,0.05867874628648889
2026-01-11 20:15:00,AWS_04,0,normal,none,0,0.048132254633229454
2026-01-11 20:30:00,AWS_04,0,normal,none,0,0.03691267105962337
2026-01-11 20:45:00,AWS_04,0,normal,none,0,0.05279545906542499
2026-01-11 21:00:00,AWS_04,0,normal,none,0,0.017325391289408076
2026-01-11 21:15:00,AWS_04,0,normal,none,0,0.007499214107507535
2026-01-11 21:30:00,AWS_04,0,normal,none,0,0.08910506207894275
2026-01-11 21:45:00,AWS_04,0,normal,none,0,0.03265947666720603
2026-01-11 22:00:00,AWS_04,0,normal,none,0,0.08194879460454435
2026-01-11 22:15:00,AWS_04,0,normal,none,0,0.08273272972378493
2026-01-11 22:30:00,AWS_04,0,normal,none,0,0.07093242236831865
2026-01-11 22:45:00,AWS_04,0,normal,none,0,0.024171623976432854
2026-01-11 23:00:00,AWS_04,0,normal,none,1,-0.00015748873652399187
2026-01-11 23:15:00,AWS_04,0,normal,none,0,0.05459965948488543
2026-01-11 23:30:00,AWS_04,0,normal,none,0,0.0736341627371847
2026-01-11 23:45:00,AWS_04,0,normal,none,0,0.045340002093329446
2026-01-12 00:00:00,AWS_04,0,normal,none,0,0.051461265185205496
2026-01-12 00:15:00,AWS_04,0,normal,none,0,0.06572490829499161
2026-01-12 00:30:00,AWS_04,0,normal,none,0,0.05248490363329361
2026-01-12 00:45:00,AWS_04,1,calibration_drift,temperature,0,0.011588071392447552
2026-01-12 01:00:00,AWS_04,1,calibration_drift,temperature,1,-0.029879568174152604
2026-01-12 01:15:00,AWS_04,1,calibration_drift,temperature,0,0.049132161484296055
2026-01-12 01:30:00,AWS_04,1,calibration_drift,temperature,1,-0.021385204325462093
2026-01-12 01:45:00,AWS_04,1,calibration_drift,temperature,0,0.05733297020091921
2026-01-12 02:00:00,AWS_04,1,calibration_drift,temperature,0,0.07419038471124595
2026-01-12 02:15:00,AWS_04,1,calibration_drift,temperature,0,0.0549027086111783
2026-01-12 02:30:00,AWS_04,1,calibration_drift,temperature,0,0.0485265418256568
2026-01-12 02:45:00,AWS_04,1,calibration_drift,temperature,0,0.01793285730389843
2026-01-12 03:00:00,AWS_04,1,calibration_drift,temperature,0,0.025308619694083434
2026-01-12 03:15:00,AWS_04,1,calibration_drift,temperature,0,0.0647324326394923
2026-01-12 03:30:00,AWS_04,1,calibration_drift,temperature,0,0.06838911825436866
2026-01-12 03:45:00,AWS_04,1,calibration_drift,temperature,0,0.05290056395553022
2026-01-12 04:00:00,AWS_04,1,calibration_drift,temperature,0,0.06474161579805315
2026-01-12 04:15:00,AWS_04,1,calibration_drift,temperature,0,0.06014198305309515
2026-01-12 04:30:00,AWS_04,1,calibration_drift,temperature,0,0.09200541484725067
2026-01-12 04:45:00,AWS_04,1,calibration_drift,temperature,1,-0.03159012796214711
2026-01-12 05:00:00,AWS_04,1,calibration_drift,temperature,0,0.012907555576653351
2026-01-12 05:15:00,AWS_04,1,calibration_drift,temperature,0,0.03845586859976857
2026-01-12 05:30:00,AWS_04,1,calibration_drift,temperature,0,0.08410916715124445
2026-01-12 05:45:00,AWS_04,1,calibration_drift,temperature,0,0.08049691096196204
2026-01-12 06:00:00,AWS_04,1,calibration_drift,temperature,0,0.04120007206837678
2026-01-12 06:15:00,AWS_04,1,calibration_drift,temperature,0,0.021092761490000445
2026-01-12 06:30:00,AWS_04,1,calibration_drift,temperature,0,0.030305932680951775
2026-01-12 06:45:00,AWS_04,1,calibration_drift,temperature,0,0.07065886635439639
2026-01-12 07:00:00,AWS_04,1,calibration_drift,temperature,0,0.06538036088821403
2026-01-12 07:15:00,AWS_04,1,calibration_drift,temperature,0,0.03609555645383733
2026-01-12 07:30:00,AWS_04,1,calibration_drift,temperature,1,-0.010757272541132235
2026-01-12 07:45:00,AWS_04,1,calibration_drift,temperature,0,0.028150424293053034
2026-01-12 08:00:00,AWS_04,1,calibration_drift,temperature,0,0.07455659307242013
2026-01-12 08:15:00,AWS_04,1,calibration_drift,temperature,0,0.04735462435094806
2026-01-12 08:30:00,AWS_04,1,calibration_drift,temperature,1,-0.020931533864003482
2026-01-12 08:45:00,AWS_04,1,calibration_drift,temperature,0,0.04914464693137949
2026-01-12 09:00:00,AWS_04,1,calibration_drift,temperature,0,0.05302934533125686
2026-01-12 09:15:00,AWS_04,1,calibration_drift,temperature,0,0.04813475259989225
2026-01-12 09:30:00,AWS_04,1,calibration_drift,temperature,0,0.012644293371241622
2026-01-12 09:45:00,AWS_04,1,calibration_drift,temperature,0,0.024336190144409686
2026-01-12 10:00:00,AWS_04,1,calibration_drift,temperature,0,0.03923875830252205
2026-01-12 10:15:00,AWS_04,1,calibration_drift,temperature,0,0.054715479028048686
2026-01-12 10:30:00,AWS_04,1,calibration_drift,temperature,0,0.061227572240484585
2026-01-12 10:45:00,AWS_04,1,calibration_drift,temperature,0,0.0656218412822347
2026-01-12 11:00:00,AWS_04,1,calibration_drift,temperature,0,0.04929747288626313
2026-01-12 11:15:00,AWS_04,1,calibration_drift,temperature,0,0.031744098767717555
2026-01-12 11:30:00,AWS_04,1,calibration_drift,temperature,0,0.0643756185224198
2026-01-12 11:45:00,AWS_04,1,calibration_drift,temperature,0,0.020607307165821875
2026-01-12 12:00:00,AWS_04,1,calibration_drift,temperature,1,-0.003820483857639112
2026-01-12 12:15:00,AWS_04,1,calibration_drift,temperature,0,0.07059640741658124
2026-01-12 12:30:00,AWS_04,1,calibration_drift,temperature,0,0.05239397581123273
2026-01-12 12:45:00,AWS_04,1,calibration_drift,temperature,0,0.022947640513791667
2026-01-12 13:00:00,AWS_04,1,calibration_drift,temperature,0,0.03903549305724424
2026-01-12 13:15:00,AWS_04,1,calibration_drift,temperature,0,0.06077349783514824
2026-01-12 13:30:00,AWS_04,1,calibration_drift,temperature,0,0.06332585194786483
2026-01-12 13:45:00,AWS_04,1,calibration_drift,temperature,0,0.05566126478486105
2026-01-12 14:00:00,AWS_04,1,calibration_drift,temperature,0,0.03036648438564421
2026-01-12 14:15:00,AWS_04,1,calibration_drift,temperature,1,-0.012394016306303768
2026-01-12 14:30:00,AWS_04,1,calibration_drift,temperature,0,0.05720014159648079
2026-01-12 14:45:00,AWS_04,1,calibration_drift,temperature,1,-0.0033976829591738644
2026-01-12 15:00:00,AWS_04,1,calibration_drift,temperature,0,0.00889838697538653
2026-01-12 15:15:00,AWS_04,1,calibration_drift,temperature,1,-0.04849301007707674
2026-01-12 15:30:00,AWS_04,1,calibration_drift,temperature,0,0.04447197307544032
2026-01-12 15:45:00,AWS_04,1,calibration_drift,temperature,0,0.0015849946822814043
2026-01-12 16:00:00,AWS_04,1,calibration_drift,temperature,0,0.02201948522315128
2026-01-12 16:15:00,AWS_04,1,calibration_drift,temperature,0,0.059372986778215786
2026-01-12 16:30:00,AWS_04,1,calibration_drift,temperature,0,0.04100502178079257
2026-01-12 16:45:00,AWS_04,1,calibration_drift,temperature,0,0.06901714037552692
2026-01-12 17:00:00,AWS_04,1,calibration_drift,temperature,0,0.0653825558526438
2026-01-12 17:15:00,AWS_04,1,calibration_drift,temperature,0,0.06958585616583896
2026-01-12 17:30:00,AWS_04,1,calibration_drift,temperature,0,0.06142985310131055
2026-01-12 17:45:00,AWS_04,1,calibration_drift,temperature,0,0.03550974726020534
2026-01-12 18:00:00,AWS_04,1,calibration_drift,temperature,0,0.019971479909012546
2026-01-12 18:15:00,AWS_04,1,calibration_drift,temperature,0,0.0607683140648122
2026-01-12 18:30:00,AWS_04,1,calibration_drift,temperature,0,0.07429626027210212
2026-01-12 18:45:00,AWS_04,1,calibration_drift,temperature,0,0.06279074953241126
2026-01-12 19:00:00,AWS_04,1,calibration_drift,temperature,1,-0.013317120152442352
2026-01-12 19:15:00,AWS_04,1,calibration_drift,temperature,0,0.05555708708553331
2026-01-12 19:30:00,AWS_04,1,calibration_drift,temperature,0,0.019173141447519637
2026-01-12 19:45:00,AWS_04,1,calibration_drift,temperature,0,0.044956146460601976
2026-01-12 20:00:00,AWS_04,1,calibration_drift,temperature,0,0.06292273929748954
2026-01-12 20:15:00,AWS_04,1,calibration_drift,temperature,0,0.06546505771944894
2026-01-12 20:30:00,AWS_04,1,calibration_drift,temperature,0,0.06465382403059516
2026-01-12 20:45:00,AWS_04,1,calibration_drift,temperature,0,0.024040353041093032
2026-01-12 21:00:00,AWS_04,1,calibration_drift,temperature,0,0.045416117749228324
2026-01-12 21:15:00,AWS_04,1,calibration_drift,temperature,0,0.024938710443308865
2026-01-12 21:30:00,AWS_04,1,calibration_drift,temperature,0,0.025594693527630163
2026-01-12 21:45:00,AWS_04,1,calibration_drift,temperature,1,-0.006429486216271374
2026-01-12 22:00:00,AWS_04,1,calibration_drift,temperature,0,0.0535066692740333
2026-01-12 22:15:00,AWS_04,1,calibration_drift,temperature,0,0.07910428951486115
2026-01-12 22:30:00,AWS_04,1,calibration_drift,temperature,0,0.06709641037502367
2026-01-12 22:45:00,AWS_04,1,calibration_drift,temperature,1,-0.003484900548050396
2026-01-12 23:00:00,AWS_04,1,calibration_drift,temperature,0,0.0292707206398079
2026-01-12 23:15:00,AWS_04,1,calibration_drift,temperature,0,0.0642836526322792
2026-01-12 23:30:00,AWS_04,1,calibration_drift,temperature,0,0.06014696346440479
2026-01-12 23:45:00,AWS_04,1,calibration_drift,temperature,0,0.021786087412856592
2026-01-13 00:00:00,AWS_04,1,calibration_drift,temperature,0,0.024717665227315555
2026-01-13 00:15:00,AWS_04,1,calibration_drift,temperature,0,0.08064031519633186
2026-01-13 00:30:00,AWS_04,1,calibration_drift,temperature,0,0.07663688980417988
2026-01-13 00:45:00,AWS_04,0,normal,none,1,-0.008337652589432754
2026-01-13 01:00:00,AWS_04,0,normal,none,0,0.05400653727001076
2026-01-13 01:15:00,AWS_04,0,normal,none,0,0.06872485183589983
2026-01-13 01:30:00,AWS_04,0,normal,none,0,0.05902862762954447
2026-01-13 01:45:00,AWS_04,0,normal,none,0,0.05809586642636744
2026-01-13 02:00:00,AWS_04,0,normal,none,0,0.05537034944897662
2026-01-13 02:15:00,AWS_04,0,normal,none,0,0.049662954824423455
2026-01-13 02:30:00,AWS_04,0,normal,none,0,0.0698681001758899
2026-01-13 02:45:00,AWS_04,0,normal,none,1,-0.008756816151270552
2026-01-13 03:00:00,AWS_04,0,normal,none,0,0.01195434724017147
2026-01-13 03:15:00,AWS_04,0,normal,none,0,0.014182432292637492
2026-01-13 03:30:00,AWS_04,0,normal,none,1,-0.008269872113705001
2026-01-13 03:45:00,AWS_04,0,normal,none,0,0.01106105144610492
2026-01-13 04:00:00,AWS_04,0,normal,none,0,0.01908436710531536
2026-01-13 04:15:00,AWS_04,0,normal,none,0,0.06213393618305746
2026-01-13 04:30:00,AWS_04,0,normal,none,0,0.023958781753834146
2026-01-13 04:45:00,AWS_04,0,normal,none,0,0.027486673574393106
2026-01-13 05:00:00,AWS_04,0,normal,none,0,0.04363919437411712
2026-01-13 05:15:00,AWS_04,0,normal,none,0,0.04887864960067678
2026-01-13 05:30:00,AWS_04,0,normal,none,0,0.07746107736533608
2026-01-13 05:45:00,AWS_04,0,normal,none,0,0.08356415812551721
2026-01-13 06:00:00,AWS_04,0,normal,none,0,0.08067502155290296
2026-01-13 06:15:00,AWS_04,0,normal,none,0,0.024159694946601973
2026-01-13 06:30:00,AWS_04,0,normal,none,1,-0.01170486432856288
2026-01-13 06:45:00,AWS_04,0,normal,none,0,0.05273936592252798
2026-01-13 07:00:00,AWS_04,0,normal,none,0,0.056705161309500096
2026-01-13 07:15:00,AWS_04,0,normal,none,0,0.040060316003464325
2026-01-13 07:30:00,AWS_04,0,normal,none,0,0.03820701758782047
2026-01-13 07:45:00,AWS_04,0,normal,none,0,0.07487644394949189
2026-01-13 08:00:00,AWS_04,0,normal,none,0,0.06349477819750515
2026-01-13 08:15:00,AWS_04,0,normal,none,0,0.06678317083714108
2026-01-13 08:30:00,AWS_04,0,normal,none,0,0.051689531897761654
2026-01-13 08:45:00,AWS_04,0,normal,none,0,0.08977860177192803
2026-01-13 09:00:00,AWS_04,0,normal,none,0,0.10144056248745592
2026-01-13 09:15:00,AWS_04,0,normal,none,1,-0.035627659770140596
2026-01-13 09:30:00,AWS_04,0,normal,none,0,0.021944473968356804
2026-01-13 09:45:00,AWS_04,0,normal,none,1,-0.0035152359112358145
2026-01-13 10:00:00,AWS_04,0,normal,none,0,0.047412017762535286
2026-01-13 10:15:00,AWS_04,0,normal,none,0,0.03379946219954416
2026-01-13 10:30:00,AWS_04,0,normal,none,0,0.08059166409153923
2026-01-13 10:45:00,AWS_04,0,normal,none,0,0.08490759942854326
2026-01-13 11:00:00,AWS_04,0,normal,none,0,0.0694230154070733
2026-01-13 11:15:00,AWS_04,0,normal,none,0,0.09076894903953636
2026-01-13 11:30:00,AWS_04,0,normal,none,0,0.09652929952470363
2026-01-13 11:45:00,AWS_04,0,normal,none,0,0.09505028013288391
2026-01-13 12:00:00,AWS_04,0,normal,none,0,0.05836175480370026
2026-01-13 12:15:00,AWS_04,0,normal,none,0,0.084905071878771
2026-01-13 12:30:00,AWS_04,0,normal,none,0,0.07832758734274581
2026-01-13 12:45:00,AWS_04,0,normal,none,0,0.05800054686719003
2026-01-13 13:00:00,AWS_04,0,normal,none,0,0.06918843541870995
2026-01-13 13:15:00,AWS_04,0,normal,none,0,0.07674567128515886
2026-01-13 13:30:00,AWS_04,0,normal,none,0,0.0824020002071974
2026-01-13 13:45:00,AWS_04,0,normal,none,0,0.012830771808153008
2026-01-13 14:00:00,AWS_04,0,normal,none,0,0.008818222475759419
2026-01-13 14:15:00,AWS_04,0,normal,none,0,0.0687064231240701
2026-01-13 14:30:00,AWS_04,0,normal,none,0,0.08529812462869268
2026-01-13 14:45:00,AWS_04,0,normal,none,0,0.02572871264840193
2026-01-13 15:00:00,AWS_04,0,normal,none,0,0.032561853999899526
2026-01-13 15:15:00,AWS_04,0,normal,none,0,0.07886332189519646
2026-01-13 15:30:00,AWS_04,0,normal,none,0,0.06070003480774799
2026-01-13 15:45:00,AWS_04,0,normal,none,0,0.038418158949330705
2026-01-13 16:00:00,AWS_04,0,normal,none,0,0.07831568291550783
2026-01-13 16:15:00,AWS_04,0,normal,none,0,0.08491261874869271
2026-01-13 16:30:00,AWS_04,0,normal,none,1,-0.011330055135558181
2026-01-13 16:45:00,AWS_04,0,normal,none,0,0.020840216618326468
2026-01-13 17:00:00,AWS_04,0,normal,none,0,0.0449843889479381
2026-01-13 17:15:00,AWS_04,0,normal,none,0,0.05092314836685213
2026-01-13 17:30:00,AWS_04,0,normal,none,0,0.06734881897828271
2026-01-13 17:45:00,AWS_04,0,normal,none,0,0.062025540929850076
2026-01-13 18:00:00,AWS_04,0,normal,none,0,0.0737535115135533
2026-01-13 18:15:00,AWS_04,0,normal,none,0,0.05401171279968009
2026-01-13 18:30:00,AWS_04,0,normal,none,0,0.042923221289802305
2026-01-13 18:45:00,AWS_04,0,normal,none,0,0.04970677597102818
2026-01-13 19:00:00,AWS_04,0,normal,none,0,0.038053162976011856
2026-01-13 19:15:00,AWS_04,0,normal,none,0,0.08933828944198785
2026-01-13 19:30:00,AWS_04,0,normal,none,1,-0.017925765728460052
2026-01-13 19:45:00,AWS_04,0,normal,none,1,-0.018196191621915547
2026-01-13 20:00:00,AWS_04,0,normal,none,0,0.0038424592546758563
2026-01-13 20:15:00,AWS_04,0,normal,none,0,0.0739407673076779
2026-01-13 20:30:00,AWS_04,0,normal,none,0,0.07901270760557866
2026-01-13 20:45:00,AWS_04,0,normal,none,0,0.09528010315573193
2026-01-13 21:00:00,AWS_04,0,normal,none,0,0.05816934266412854
2026-01-13 21:15:00,AWS_04,0,normal,none,0,0.07054471924036931
2026-01-13 21:30:00,AWS_04,0,normal,none,0,0.08003073171429309
2026-01-13 21:45:00,AWS_04,0,normal,none,0,0.05183208324151517
2026-01-13 22:00:00,AWS_04,0,normal,none,0,0.09147161212231986
2026-01-13 22:15:00,AWS_04,0,normal,none,0,0.08239178637250066
2026-01-13 22:30:00,AWS_04,0,normal,none,0,0.08304594746991317
2026-01-13 22:45:00,AWS_04,0,normal,none,0,0.10583584413351832
2026-01-13 23:00:00,AWS_04,0,normal,none,0,0.09704777501967055
2026-01-13 23:15:00,AWS_04,0,normal,none,0,0.03856649910330118
2026-01-13 23:30:00,AWS_04,0,normal,none,0,0.05725028339892746
2026-01-13 23:45:00,AWS_04,0,normal,none,0,0.09303523802488489
2026-01-14 00:00:00,AWS_04,0,normal,none,0,0.07674971253237778
2026-01-14 00:15:00,AWS_04,0,normal,none,0,0.08977580071812186
2026-01-14 00:30:00,AWS_04,0,normal,none,0,0.04821793012251974
2026-01-14 00:45:00,AWS_04,0,normal,none,0,0.02648991087046626
2026-01-14 01:00:00,AWS_04,0,normal,none,0,0.08235838180341354
2026-01-14 01:15:00,AWS_04,0,normal,none,0,0.08121809251699025
2026-01-14 01:30:00,AWS_04,0,normal,none,0,0.06843463055676058
2026-01-14 01:45:00,AWS_04,0,normal,none,0,0.07189143286916061
2026-01-14 02:00:00,AWS_04,0,normal,none,0,0.07026142156724946
2026-01-14 02:15:00,AWS_04,0,normal,none,0,0.08031512407472735
2026-01-14 02:30:00,AWS_04,0,normal,none,0,0.007732330121975051
2026-01-14 02:45:00,AWS_04,0,normal,none,0,0.04586408138639175
2026-01-14 03:00:00,AWS_04,0,normal,none,0,0.044437002191517416
2026-01-14 03:15:00,AWS_04,0,normal,none,0,0.04221823652970447
2026-01-14 03:30:00,AWS_04,0,normal,none,0,0.057605890708122
2026-01-14 03:45:00,AWS_04,0,normal,none,1,-0.01714155693557262
2026-01-14 04:00:00,AWS_04,0,normal,none,0,0.05639118444013502
2026-01-14 04:15:00,AWS_04,0,normal,none,0,0.07538940521392473
2026-01-14 04:30:00,AWS_04,0,normal,none,0,0.004601841708945842
2026-01-14 04:45:00,AWS_04,0,normal,none,0,0.030307913791628116
2026-01-14 05:00:00,AWS_04,0,normal,none,0,0.05006961278269323
2026-01-14 05:15:00,AWS_04,0,normal,none,0,0.07197797441112119
2026-01-14 05:30:00,AWS_04,0,normal,none,0,0.09620243586213834
2026-01-14 05:45:00,AWS_04,0,normal,none,0,0.07020448342879004
2026-01-14 06:00:00,AWS_04,0,normal,none,0,0.07002790222253313
2026-01-14 06:15:00,AWS_04,0,normal,none,0,0.009159608108573802
2026-01-14 06:30:00,AWS_04,0,normal,none,0,0.09365484706074928
2026-01-14 06:45:00,AWS_04,0,normal,none,0,0.07477650095725175
2026-01-14 07:00:00,AWS_04,0,normal,none,0,0.08971334086044647
2026-01-14 07:15:00,AWS_04,0,normal,none,0,0.03930625494113976
2026-01-14 07:30:00,AWS_04,0,normal,none,0,0.04617288069591624
2026-01-14 07:45:00,AWS_04,0,normal,none,0,0.06686195915043319
2026-01-14 08:00:00,AWS_04,0,normal,none,0,0.026753763054125856
2026-01-14 08:15:00,AWS_04,0,normal,none,0,0.04398338326510426
2026-01-14 08:30:00,AWS_04,0,normal,none,0,0.08136963910225797
2026-01-14 08:45:00,AWS_04,0,normal,none,0,0.09977737933715197
2026-01-14 09:00:00,AWS_04,0,normal,none,0,0.11137920418033398
2026-01-14 09:15:00,AWS_04,0,normal,none,0,0.06154503516227661
2026-01-14 09:30:00,AWS_04,0,normal,none,0,0.03583454869141511
2026-01-14 09:45:00,AWS_04,0,normal,none,0,0.07385945445593606
2026-01-14 10:00:00,AWS_04,0,normal,none,0,0.08679434249422546
2026-01-14 10:15:00,AWS_04,0,normal,none,0,0.06098376941197742
2026-01-14 10:30:00,AWS_04,0,normal,none,0,0.07215865971218521
2026-01-14 10:45:00,AWS_04,0,normal,none,0,0.06197021958632676
2026-01-14 11:00:00,AWS_04,0,normal,none,1,-0.004889714564320857
2026-01-14 11:15:00,AWS_04,0,normal,none,0,0.03527074098300187
2026-01-14 11:30:00,AWS_04,0,normal,none,1,-0.010099231011569954
2026-01-14 11:45:00,AWS_04,0,normal,none,1,-0.004588864691411398
2026-01-14 12:00:00,AWS_04,0,normal,none,0,0.04445614211485599
2026-01-14 12:15:00,AWS_04,0,normal,none,0,0.03292361889584772
2026-01-14 12:30:00,AWS_04,0,normal,none,0,0.0385280429294656
2026-01-14 12:45:00,AWS_04,0,normal,none,0,0.010604210374627165
2026-01-14 13:00:00,AWS_04,0,normal,none,0,0.052879024828866916
2026-01-14 13:15:00,AWS_04,0,normal,none,0,0.023481461647469726
2026-01-14 13:30:00,AWS_04,0,normal,none,0,0.07134769730985652
2026-01-14 13:45:00,AWS_04,0,normal,none,0,0.07745037471174943
2026-01-14 14:00:00,AWS_04,0,normal,none,0,0.0560937467119233
2026-01-14 14:15:00,AWS_04,0,normal,none,0,0.07593683214646368
2026-01-14 14:30:00,AWS_04,0,normal,none,0,0.02113512193815892
2026-01-14 14:45:00,AWS_04,0,normal,none,0,0.016989980607175326
2026-01-14 15:00:00,AWS_04,0,normal,none,0,0.03279455777018192
2026-01-14 15:15:00,AWS_04,0,normal,none,0,0.07352576484775492
2026-01-14 15:30:00,AWS_04,0,normal,none,0,0.06912458325572673
2026-01-14 15:45:00,AWS_04,0,normal,none,0,0.020525748244174136
2026-01-14 16:00:00,AWS_04,0,normal,none,0,0.0027402469729300716
2026-01-14 16:15:00,AWS_04,0,normal,none,0,0.04059874510863676
2026-01-14 16:30:00,AWS_04,0,normal,none,0,0.0951768542143911
2026-01-14 16:45:00,AWS_04,0,normal,none,0,0.04101224486779359
2026-01-14 17:00:00,AWS_04,0,normal,none,0,0.03873418266853168
2026-01-14 17:15:00,AWS_04,0,normal,none,0,0.09557390759717926
2026-01-14 17:30:00,AWS_04,0,normal,none,0,0.0605171915378836
2026-01-14 17:45:00,AWS_04,0,normal,none,0,0.09763249331010304
2026-01-14 18:00:00,AWS_04,0,normal,none,0,0.09922090121168886
2026-01-14 18:15:00,AWS_04,0,normal,none,0,0.008101686099695582
2026-01-14 18:30:00,AWS_04,0,normal,none,0,0.08110163865984948
2026-01-14 18:45:00,AWS_04,0,normal,none,0,0.06140124079219744
2026-01-14 19:00:00,AWS_04,0,normal,none,0,0.09018320011744851
2026-01-14 19:15:00,AWS_04,0,normal,none,0,0.09804960059241408
2026-01-14 19:30:00,AWS_04,0,normal,none,0,0.09059853664630818
2026-01-14 19:45:00,AWS_04,0,normal,none,0,0.06988965061861685
2026-01-14 20:00:00,AWS_04,0,normal,none,0,0.0850653543218004
2026-01-14 20:15:00,AWS_04,0,normal,none,0,0.05524372773333375
2026-01-14 20:30:00,AWS_04,0,normal,none,0,0.017377459369043058
2026-01-14 20:45:00,AWS_04,0,normal,none,0,0.09025830493928144
2026-01-14 21:00:00,AWS_04,0,normal,none,0,0.03804036451144893
2026-01-14 21:15:00,AWS_04,0,normal,none,0,0.09922963679399371
2026-01-14 21:30:00,AWS_04,0,normal,none,0,0.07754522190717028
2026-01-14 21:45:00,AWS_04,0,normal,none,0,0.04624012564125857
2026-01-14 22:00:00,AWS_04,0,normal,none,0,0.08496032179426938
2026-01-14 22:15:00,AWS_04,0,normal,none,0,0.08921625575544967
2026-01-14 22:30:00,AWS_04,0,normal,none,0,0.10093783687005636
2026-01-14 22:45:00,AWS_04,0,normal,none,0,0.024882941510726453
2026-01-14 23:00:00,AWS_04,0,normal,none,0,0.018736153710837866
2026-01-14 23:15:00,AWS_04,0,normal,none,0,0.09725558827655145
2026-01-14 23:30:00,AWS_04,0,normal,none,0,0.0676364695089679
2026-01-14 23:45:00,AWS_04,0,normal,none,0,0.08565691455446833
2026-01-15 00:00:00,AWS_04,0,normal,none,0,0.03661528161420152
2026-01-15 00:15:00,AWS_04,0,normal,none,0,0.07476606392004137
2026-01-15 00:30:00,AWS_04,0,normal,none,0,0.06271981474926691
2026-01-15 00:45:00,AWS_04,0,normal,none,0,0.08622969093236543
2026-01-15 01:00:00,AWS_04,0,normal,none,0,0.08349406971341117
2026-01-15 01:15:00,AWS_04,0,normal,none,0,0.051358652813989436
2026-01-15 01:30:00,AWS_04,0,normal,none,0,0.03251727121044884
2026-01-15 01:45:00,AWS_04,0,normal,none,0,0.006805681795420737
2026-01-15 02:00:00,AWS_04,0,normal,none,1,-0.026596907560138994
2026-01-15 02:15:00,AWS_04,0,normal,none,1,-0.0050233041374473375
2026-01-15 02:30:00,AWS_04,0,normal,none,0,0.06846717518307655
2026-01-15 02:45:00,AWS_04,0,normal,none,0,0.06579683421022603
2026-01-15 03:00:00,AWS_04,0,normal,none,0,0.0657540576630693
2026-01-15 03:15:00,AWS_04,0,normal,none,0,0.03809531882870226
2026-01-15 03:30:00,AWS_04,0,normal,none,0,0.05445940119573561
2026-01-15 03:45:00,AWS_04,0,normal,none,0,0.02820631155367348
2026-01-15 04:00:00,AWS_04,0,normal,none,0,0.03632346567348915
2026-01-15 04:15:00,AWS_04,0,normal,none,0,0.03322619401800947
2026-01-15 04:30:00,AWS_04,0,normal,none,0,0.05561992799009341
2026-01-15 04:45:00,AWS_04,0,normal,none,0,0.03868505680316647
2026-01-15 05:00:00,AWS_04,0,normal,none,0,0.045783737845331074
2026-01-15 05:15:00,AWS_04,0,normal,none,0,0.00518464471084179
2026-01-15 05:30:00,AWS_04,0,normal,none,0,0.048172440233692215
2026-01-15 05:45:00,AWS_04,0,normal,none,0,0.06974111636982716
2026-01-15 06:00:00,AWS_04,0,normal,none,0,0.028740670701186632
2026-01-15 06:15:00,AWS_04,0,normal,none,0,0.019303797096953457
2026-01-15 06:30:00,AWS_04,0,normal,none,1,-0.06982585253377938
2026-01-15 06:45:00,AWS_04,0,normal,none,0,0.012023951379176556
2026-01-15 07:00:00,AWS_04,0,normal,none,0,0.06356926606410968
2026-01-15 07:15:00,AWS_04,0,normal,none,0,0.029467091610658858
2026-01-15 07:30:00,AWS_04,0,normal,none,0,0.033274578336995986
2026-01-15 07:45:00,AWS_04,0,normal,none,0,0.049333044269321724
2026-01-15 08:00:00,AWS_04,0,normal,none,1,-0.003761073135835624
2026-01-15 08:15:00,AWS_04,0,normal,none,0,0.06277035190382108
2026-01-15 08:30:00,AWS_04,0,normal,none,1,-0.0016061092938792765
2026-01-15 08:45:00,AWS_04,0,normal,none,1,-0.02324192272210568
2026-01-15 09:00:00,AWS_04,0,normal,none,0,0.09775358612132684
2026-01-15 09:15:00,AWS_04,0,normal,none,0,0.03819136680749313
2026-01-15 09:30:00,AWS_04,0,normal,none,0,0.07322282458705287
2026-01-15 09:45:00,AWS_04,0,normal,none,0,0.06293565525714184
2026-01-15 10:00:00,AWS_04,0,normal,none,0,0.08105877255708926
2026-01-15 10:15:00,AWS_04,0,normal,none,0,0.0597544044092716
2026-01-15 10:30:00,AWS_04,0,normal,none,0,0.05248703634884888
2026-01-15 10:45:00,AWS_04,0,normal,none,0,0.04722906725464521
2026-01-15 11:00:00,AWS_04,0,normal,none,0,0.05103358481540826
2026-01-15 11:15:00,AWS_04,0,normal,none,0,0.06230739285304843
2026-01-15 11:30:00,AWS_04,0,normal,none,0,0.04788515622350498
2026-01-15 11:45:00,AWS_04,0,normal,none,1,-0.010512499063742853
2026-01-15 12:00:00,AWS_04,0,normal,none,0,0.07596803832433086
2026-01-15 12:15:00,AWS_04,0,normal,none,0,0.0738310837606948
2026-01-15 12:30:00,AWS_04,0,normal,none,0,0.06729350184570265
2026-01-15 12:45:00,AWS_04,0,normal,none,1,-0.01834056778917903
2026-01-15 13:00:00,AWS_04,0,normal,none,1,-0.00040250784801953987
2026-01-15 13:15:00,AWS_04,0,normal,none,0,0.05942788511073338
2026-01-15 13:30:00,AWS_04,0,normal,none,0,0.09592072351099867
2026-01-15 13:45:00,AWS_04,0,normal,none,0,0.007374699488093439
2026-01-15 14:00:00,AWS_04,0,normal,none,0,0.08560482257999702
2026-01-15 14:15:00,AWS_04,0,normal,none,0,0.09787243085395508
2026-01-15 14:30:00,AWS_04,0,normal,none,0,0.06204099162089444
2026-01-15 14:45:00,AWS_04,0,normal,none,0,0.05381650754498457
2026-01-15 15:00:00,AWS_04,0,normal,none,0,0.07197065975958006
2026-01-15 15:15:00,AWS_04,0,normal,none,0,0.028534802985655305
2026-01-15 15:30:00,AWS_04,0,normal,none,0,0.0747952887822742
2026-01-15 15:45:00,AWS_04,0,normal,none,0,0.08294928276023922
2026-01-15 16:00:00,AWS_04,0,normal,none,0,0.09121544462885794
2026-01-15 16:15:00,AWS_04,0,normal,none,0,0.061471338801523
2026-01-15 16:30:00,AWS_04,0,normal,none,0,0.07228923615551641
2026-01-15 16:45:00,AWS_04,0,normal,none,0,0.0839779007599557
2026-01-15 17:00:00,AWS_04,0,normal,none,0,0.08805097848552301
2026-01-15 17:15:00,AWS_04,0,normal,none,0,0.07158387392424287
2026-01-15 17:30:00,AWS_04,0,normal,none,0,0.06284183544997124
2026-01-15 17:45:00,AWS_04,0,normal,none,0,0.08268241745041277
2026-01-15 18:00:00,AWS_04,0,normal,none,0,0.04880097207279405
2026-01-15 18:15:00,AWS_04,0,normal,none,0,0.052395473443124896
2026-01-15 18:30:00,AWS_04,0,normal,none,0,0.038160268211923365
2026-01-15 18:45:00,AWS_04,0,normal,none,0,0.0514142374944882
2026-01-15 19:00:00,AWS_04,0,normal,none,0,0.0458610495806982
2026-01-15 19:15:00,AWS_04,0,normal,none,0,0.09214087616377753
2026-01-15 19:30:00,AWS_04,0,normal,none,0,0.02953228438551292
2026-01-15 19:45:00,AWS_04,0,normal,none,0,0.08427391829236208
2026-01-15 20:00:00,AWS_04,0,normal,none,0,0.06303474822025024
2026-01-15 20:15:00,AWS_04,0,normal,none,0,0.04396703134272478
2026-01-15 20:30:00,AWS_04,0,normal,none,0,0.06420486983862228
2026-01-15 20:45:00,AWS_04,0,normal,none,0,0.025355035841983675
2026-01-15 21:00:00,AWS_04,0,normal,none,1,-0.0017553152310737508
2026-01-15 21:15:00,AWS_04,0,normal,none,0,0.03368745461458561
2026-01-15 21:30:00,AWS_04,0,normal,none,0,0.0612286602184241
2026-01-15 21:45:00,AWS_04,0,normal,none,0,0.0589355333875482
2026-01-15 22:00:00,AWS_04,0,normal,none,0,0.016107878884805416
2026-01-15 22:15:00,AWS_04,0,normal,none,1,-0.0021661166898722106
2026-01-15 22:30:00,AWS_04,0,normal,none,0,0.04840216331341268
2026-01-15 22:45:00,AWS_04,0,normal,none,0,0.008703928200067046
2026-01-15 23:00:00,AWS_04,0,normal,none,1,-0.03448926980368261
2026-01-15 23:15:00,AWS_04,0,normal,none,0,0.060629675584457254
2026-01-15 23:30:00,AWS_04,0,normal,none,0,0.06816061350323643
2026-01-15 23:45:00,AWS_04,0,normal,none,0,0.0024755809494514947
2026-01-16 00:00:00,AWS_04,0,normal,none,0,0.03632106774690963
2026-01-16 00:15:00,AWS_04,0,normal,none,0,0.002048791649076953
2026-01-16 00:30:00,AWS_04,0,normal,none,0,0.024551820657977785
2026-01-16 00:45:00,AWS_04,0,normal,none,0,0.06733892796125479
2026-01-16 01:00:00,AWS_04,0,normal,none,0,0.05333270666817691
2026-01-16 01:15:00,AWS_04,0,normal,none,0,0.02755484809376868
2026-01-16 01:30:00,AWS_04,0,normal,none,0,0.035797058495900314
2026-01-16 01:45:00,AWS_04,0,normal,none,0,0.024430449801860876
2026-01-16 02:00:00,AWS_04,0,normal,none,0,0.03527425736985901
2026-01-16 02:15:00,AWS_04,0,normal,none,0,0.01690818240080566
2026-01-16 02:30:00,AWS_04,0,normal,none,1,-0.08310151955393785
2026-01-16 02:45:00,AWS_04,0,normal,none,0,0.01237325711409537
2026-01-16 03:00:00,AWS_04,0,normal,none,0,0.008144767435794953
2026-01-16 03:15:00,AWS_04,0,normal,none,0,0.01519736770034641
2026-01-16 03:30:00,AWS_04,0,normal,none,0,0.007595736994503666
2026-01-16 03:45:00,AWS_04,0,normal,none,0,0.02989529383676065
2026-01-16 04:00:00,AWS_04,0,normal,none,0,0.06656285695276093
2026-01-16 04:15:00,AWS_04,0,normal,none,0,0.028415296115509303
2026-01-16 04:30:00,AWS_04,0,normal,none,0,0.008987080473081166
2026-01-16 04:45:00,AWS_04,0,normal,none,0,0.010005973448669991
2026-01-16 05:00:00,AWS_04,0,normal,none,1,-0.045458225710280575
2026-01-16 05:15:00,AWS_04,0,normal,none,1,-0.003757264988320519
2026-01-16 05:30:00,AWS_04,0,normal,none,0,0.015542955587026008
2026-01-16 05:45:00,AWS_04,0,normal,none,1,-0.08807262845314223
2026-01-16 06:00:00,AWS_04,0,normal,none,1,-0.013553319807234843
2026-01-16 06:15:00,AWS_04,0,normal,none,0,0.006275334046641434
2026-01-16 06:30:00,AWS_04,0,normal,none,0,0.03464439678420894
2026-01-16 06:45:00,AWS_04,0,normal,none,0,0.0917856704943924
2026-01-16 07:00:00,AWS_04,0,normal,none,0,0.05042979683450821
2026-01-16 07:15:00,AWS_04,0,normal,none,0,0.014716817987362574
2026-01-16 07:30:00,AWS_04,0,normal,none,0,0.0419576697489375
2026-01-16 07:45:00,AWS_04,0,normal,none,0,0.0829684098885411
2026-01-16 08:00:00,AWS_04,0,normal,none,0,0.039359088141525445
2026-01-16 08:15:00,AWS_04,0,normal,none,0,0.07683313977083
2026-01-16 08:30:00,AWS_04,0,normal,none,0,0.06885621897573507
2026-01-16 08:45:00,AWS_04,0,normal,none,0,0.06138687863020548
2026-01-16 09:00:00,AWS_04,0,normal,none,1,-0.0034268868549318654
2026-01-16 09:15:00,AWS_04,0,normal,none,0,0.00033223246890778935
2026-01-16 09:30:00,AWS_04,0,normal,none,1,-0.029388766097337093
2026-01-16 09:45:00,AWS_04,0,normal,none,1,-0.08551398528528287
2026-01-16 10:00:00,AWS_04,0,normal,none,1,-0.01044341201676191
2026-01-16 10:15:00,AWS_04,0,normal,none,0,0.02499730794300925
2026-01-16 10:30:00,AWS_04,0,normal,none,0,0.04749301048426102
2026-01-16 10:45:00,AWS_04,0,normal,none,1,-0.025420718653781926
2026-01-16 11:00:00,AWS_04,0,normal,none,0,0.04356780191088244
2026-01-16 11:15:00,AWS_04,0,normal,none,0,0.023520615808992895
2026-01-16 11:30:00,AWS_04,0,normal,none,0,0.035495022144771515
2026-01-16 11:45:00,AWS_04,0,normal,none,0,0.028813482998423623
2026-01-16 12:00:00,AWS_04,0,normal,none,0,0.013973971694851761
2026-01-16 12:15:00,AWS_04,0,normal,none,0,0.03040955690090802
2026-01-16 12:30:00,AWS_04,0,normal,none,1,-0.011823226278560028
2026-01-16 12:45:00,AWS_04,0,normal,none,1,-0.04093182540947127
2026-01-16 13:00:00,AWS_04,0,normal,none,0,0.011386648757970741
2026-01-16 13:15:00,AWS_04,0,normal,none,1,-0.005584221679631907
2026-01-16 13:30:00,AWS_04,0,normal,none,1,-0.05402657673259392
2026-01-16 13:45:00,AWS_04,0,normal,none,1,-0.0011350321766679938
2026-01-16 14:00:00,AWS_04,0,normal,none,0,0.056937781446263325
2026-01-16 14:15:00,AWS_04,0,normal,none,1,-0.040474273775971015
2026-01-16 14:30:00,AWS_04,0,normal,none,1,-0.011477368405395594
2026-01-16 14:45:00,AWS_04,0,normal,none,0,0.05343852128457888
2026-01-16 15:00:00,AWS_04,0,normal,none,0,0.011566019929736493
2026-01-16 15:15:00,AWS_04,0,normal,none,0,0.01619278252374895
2026-01-16 15:30:00,AWS_04,0,normal,none,0,0.010806060967706033
2026-01-16 15:45:00,AWS_04,0,normal,none,0,0.046707698510601026
2026-01-16 16:00:00,AWS_04,0,normal,none,0,0.0260774128072771
2026-01-16 16:15:00,AWS_04,0,normal,none,1,-0.006399889016231675
2026-01-16 16:30:00,AWS_04,0,normal,none,0,0.0674689177858821
2026-01-16 16:45:00,AWS_04,0,normal,none,0,0.08258877866642161
2026-01-16 17:00:00,AWS_04,0,normal,none,1,-0.00943181840240559
2026-01-16 17:15:00,AWS_04,0,normal,none,0,0.03596799580724691
2026-01-16 17:30:00,AWS_04,0,normal,none,0,0.007378131991951864
2026-01-16 17:45:00,AWS_04,0,normal,none,0,0.07274114988658742
2026-01-16 18:00:00,AWS_04,0,normal,none,0,0.06332355980154886
2026-01-16 18:15:00,AWS_04,0,normal,none,0,0.02344039751256971
2026-01-16 18:30:00,AWS_04,0,normal,none,0,0.07598605398950253
2026-01-16 18:45:00,AWS_04,0,normal,none,0,0.021445691979777748
2026-01-16 19:00:00,AWS_04,0,normal,none,1,-0.048524568732965734
2026-01-16 19:15:00,AWS_04,0,normal,none,0,0.018819089352144103
2026-01-16 19:30:00,AWS_04,0,normal,none,0,0.08144129947671647
2026-01-16 19:45:00,AWS_04,0,normal,none,0,0.01094919582264614
2026-01-16 20:00:00,AWS_04,0,normal,none,0,0.021316541306020786
2026-01-16 20:15:00,AWS_04,0,normal,none,0,0.01121137831544966
2026-01-16 20:30:00,AWS_04,0,normal,none,1,-0.036820954318329324
2026-01-16 20:45:00,AWS_04,0,normal,none,0,0.0642350004163515
2026-01-16 21:00:00,AWS_04,0,normal,none,0,0.05454838645574689
2026-01-16 21:15:00,AWS_04,0,normal,none,0,0.06655486839256375
2026-01-16 21:30:00,AWS_04,0,normal,none,0,0.08169935353769586
2026-01-16 21:45:00,AWS_04,0,normal,none,0,0.07879190133143044
2026-01-16 22:00:00,AWS_04,0,normal,none,0,0.10224735633922627
2026-01-16 22:15:00,AWS_04,0,normal,none,0,0.044221503247872995
2026-01-16 22:30:00,AWS_04,0,normal,none,0,0.08938019415152215
2026-01-16 22:45:00,AWS_04,0,normal,none,0,0.08797284587714732
2026-01-16 23:00:00,AWS_04,0,normal,none,0,0.08379906475141263
2026-01-16 23:15:00,AWS_04,0,normal,none,0,0.09283458623816254
2026-01-16 23:30:00,AWS_04,0,normal,none,0,0.057219589182678166
2026-01-16 23:45:00,AWS_04,0,normal,none,0,0.10300389784727965
2026-01-17 00:00:00,AWS_04,0,normal,none,0,0.07328553893028
2026-01-17 00:15:00,AWS_04,0,normal,none,1,-0.016398677485849666
2026-01-17 00:30:00,AWS_04,0,normal,none,0,0.05920863155166034
2026-01-17 00:45:00,AWS_04,0,normal,none,0,0.06902445649261874
2026-01-17 01:00:00,AWS_04,0,normal,none,1,-0.01711863680161696
2026-01-17 01:15:00,AWS_04,0,normal,none,1,-0.010065702333029725
2026-01-17 01:30:00,AWS_04,0,normal,none,0,0.08088742875476751
2026-01-17 01:45:00,AWS_04,0,normal,none,0,0.07393403990514524
2026-01-17 02:00:00,AWS_04,0,normal,none,0,0.0867087706802745
2026-01-17 02:15:00,AWS_04,0,normal,none,0,0.059705847438279724
2026-01-17 02:30:00,AWS_04,0,normal,none,0,0.02481618098665117
2026-01-17 02:45:00,AWS_04,0,normal,none,0,0.024376376996263938
2026-01-17 03:00:00,AWS_04,0,normal,none,0,0.026590975478765322
2026-01-17 03:15:00,AWS_04,0,normal,none,0,0.07044011480951651
2026-01-17 03:30:00,AWS_04,0,normal,none,0,0.09095124025082713
2026-01-17 03:45:00,AWS_04,0,normal,none,0,0.09145693438046282
2026-01-17 04:00:00,AWS_04,0,normal,none,0,0.07717771956632519
2026-01-17 04:15:00,AWS_04,0,normal,none,0,0.07006505188313622
2026-01-17 04:30:00,AWS_04,0,normal,none,0,0.0922626039454742
2026-01-17 04:45:00,AWS_04,0,normal,none,0,0.10556813301890994
2026-01-17 05:00:00,AWS_04,0,normal,none,0,0.10338678099879611
2026-01-17 05:15:00,AWS_04,0,normal,none,0,0.08360162314262848
2026-01-17 05:30:00,AWS_04,0,normal,none,0,0.059280103448554944
2026-01-17 05:45:00,AWS_04,0,normal,none,0,0.051348342407004144
2026-01-17 06:00:00,AWS_04,0,normal,none,0,0.09415215348171246
2026-01-17 06:15:00,AWS_04,0,normal,none,1,-0.004143986447327941
2026-01-17 06:30:00,AWS_04,0,normal,none,0,0.03100517944342651
2026-01-17 06:45:00,AWS_04,0,normal,none,0,0.042268714337157565
2026-01-17 07:00:00,AWS_04,0,normal,none,0,0.04065797144181016
2026-01-17 07:15:00,AWS_04,0,normal,none,0,0.10038347880498771
2026-01-17 07:30:00,AWS_04,0,normal,none,0,0.04411735214979745
2026-01-17 07:45:00,AWS_04,0,normal,none,0,0.09119198078415713
2026-01-17 08:00:00,AWS_04,0,normal,none,0,0.05832831112544923
2026-01-17 08:15:00,AWS_04,0,normal,none,0,0.09130008845794091
2026-01-17 08:30:00,AWS_04,0,normal,none,1,-0.048307681034579164
2026-01-17 08:45:00,AWS_04,0,normal,none,1,-0.04842594340376605
2026-01-17 09:00:00,AWS_04,0,normal,none,0,0.06154421581202907
2026-01-17 09:15:00,AWS_04,0,normal,none,0,0.09093648914688301
2026-01-17 09:30:00,AWS_04,0,normal,none,0,0.08723080135674888
2026-01-17 09:45:00,AWS_04,0,normal,none,0,0.08502868998911445
2026-01-17 10:00:00,AWS_04,0,normal,none,0,0.10704484201841413
2026-01-17 10:15:00,AWS_04,0,normal,none,0,0.04542025510313985
2026-01-17 10:30:00,AWS_04,0,normal,none,0,0.09988799436945955
2026-01-17 10:45:00,AWS_04,0,normal,none,0,0.034376635697374036
2026-01-17 11:00:00,AWS_04,0,normal,none,0,0.017323723626316012
2026-01-17 11:15:00,AWS_04,0,normal,none,0,0.05582724513756243
2026-01-17 11:30:00,AWS_04,0,normal,none,0,0.07492124848475429
2026-01-17 11:45:00,AWS_04,0,normal,none,0,0.022658273624034775
2026-01-17 12:00:00,AWS_04,0,normal,none,0,0.08840223859780544
2026-01-17 12:15:00,AWS_04,0,normal,none,0,0.01479125145598309
2026-01-17 12:30:00,AWS_04,0,normal,none,0,0.09243375132666964
2026-01-17 12:45:00,AWS_04,0,normal,none,0,0.0910988543264517
2026-01-17 13:00:00,AWS_04,0,normal,none,0,0.07619672519414095
2026-01-17 13:15:00,AWS_04,0,normal,none,0,0.03662828310758304
2026-01-17 13:30:00,AWS_04,0,normal,none,0,0.07674749002970038
2026-01-17 13:45:00,AWS_04,0,normal,none,0,0.027523343125309463
2026-01-17 14:00:00,AWS_04,0,normal,none,0,0.06603485073538551
2026-01-17 14:15:00,AWS_04,0,normal,none,0,0.08951956516859355
2026-01-17 14:30:00,AWS_04,0,normal,none,0,0.06736283295846757
2026-01-17 14:45:00,AWS_04,0,normal,none,0,0.024724149441548493
2026-01-17 15:00:00,AWS_04,0,normal,none,1,-0.00011825542199894734
2026-01-17 15:15:00,AWS_04,0,normal,none,0,0.06910925519634026
2026-01-17 15:30:00,AWS_04,0,normal,none,0,0.06044856572778262
2026-01-17 15:45:00,AWS_04,0,normal,none,0,0.07812391583539507
2026-01-17 16:00:00,AWS_04,0,normal,none,0,0.06928053734685263
2026-01-17 16:15:00,AWS_04,0,normal,none,0,0.035598230992452795
2026-01-17 16:30:00,AWS_04,0,normal,none,0,0.07497304409961408
2026-01-17 16:45:00,AWS_04,0,normal,none,0,0.06611153291926264
2026-01-17 17:00:00,AWS_04,0,normal,none,0,0.022879726652941523
2026-01-17 17:15:00,AWS_04,0,normal,none,0,0.023562833351922552
2026-01-17 17:30:00,AWS_04,0,normal,none,0,0.0385519372821575
2026-01-17 17:45:00,AWS_04,0,normal,none,0,0.0819428030537297
2026-01-17 18:00:00,AWS_04,0,normal,none,0,0.07906458836232194
2026-01-17 18:15:00,AWS_04,0,normal,none,0,0.06279774369131547
2026-01-17 18:30:00,AWS_04,0,normal,none,0,0.047624913550260606
2026-01-17 18:45:00,AWS_04,0,normal,none,0,0.037111341532299225
2026-01-17 19:00:00,AWS_04,0,normal,none,0,0.06750122256904784
2026-01-17 19:15:00,AWS_04,0,normal,none,0,0.021210442026425524
2026-01-17 19:30:00,AWS_04,0,normal,none,0,0.07517242941748181
2026-01-17 19:45:00,AWS_04,0,normal,none,0,0.0627430811836392
2026-01-17 20:00:00,AWS_04,0,normal,none,0,0.024265055692113235
2026-01-17 20:15:00,AWS_04,0,normal,none,0,0.08217060973809959
2026-01-17 20:30:00,AWS_04,0,normal,none,0,0.03578445808620956
2026-01-17 20:45:00,AWS_04,0,normal,none,0,0.08708609528125771
2026-01-17 21:00:00,AWS_04,0,normal,none,1,-0.014264267488572901
2026-01-17 21:15:00,AWS_04,0,normal,none,0,0.0751612461256736
2026-01-17 21:30:00,AWS_04,0,normal,none,0,0.029581752677610096
2026-01-17 21:45:00,AWS_04,0,normal,none,0,0.05011683961298102
2026-01-17 22:00:00,AWS_04,0,normal,none,0,0.0972964026921635
2026-01-17 22:15:00,AWS_04,0,normal,none,0,0.08892700693022815
2026-01-17 22:30:00,AWS_04,0,normal,none,0,0.053144174888237194
2026-01-17 22:45:00,AWS_04,0,normal,none,0,0.08499806148075068
2026-01-17 23:00:00,AWS_04,0,normal,none,0,0.0829569676865195
2026-01-17 23:15:00,AWS_04,0,normal,none,1,-0.029939891577118072
2026-01-17 23:30:00,AWS_04,0,normal,none,0,0.06628145118993534
2026-01-17 23:45:00,AWS_04,0,normal,none,1,-0.008120548331356336
2026-01-18 00:00:00,AWS_04,0,normal,none,0,0.05958367130756903
2026-01-18 00:15:00,AWS_04,0,normal,none,0,0.09232983231915237
2026-01-18 00:30:00,AWS_04,0,normal,none,0,0.06426236110732825
2026-01-18 00:45:00,AWS_04,0,normal,none,0,0.02874245968337852
2026-01-18 01:00:00,AWS_04,0,normal,none,0,0.06598805551031306
2026-01-18 01:15:00,AWS_04,0,normal,none,0,0.01545338552154163
2026-01-18 01:30:00,AWS_04,0,normal,none,0,0.053488904423908634
2026-01-18 01:45:00,AWS_04,0,normal,none,0,0.05929618960384686
2026-01-18 02:00:00,AWS_04,0,normal,none,0,0.07238197798290685
2026-01-18 02:15:00,AWS_04,0,normal,none,0,0.04399307575452155
2026-01-18 02:30:00,AWS_04,0,normal,none,0,0.0311584975925287
2026-01-18 02:45:00,AWS_04,0,normal,none,0,0.0756163252534085
2026-01-18 03:00:00,AWS_04,0,normal,none,0,0.06575058363864988
2026-01-18 03:15:00,AWS_04,0,normal,none,0,0.01794970266090634
2026-01-18 03:30:00,AWS_04,0,normal,none,0,0.03573496324568309
2026-01-18 03:45:00,AWS_04,0,normal,none,0,0.05902944294500695
2026-01-18 04:00:00,AWS_04,0,normal,none,1,-0.016316382779722027
2026-01-18 04:15:00,AWS_04,0,normal,none,0,0.011907937360364773
2026-01-18 04:30:00,AWS_04,0,normal,none,0,0.01581580713102576
2026-01-18 04:45:00,AWS_04,0,normal,none,1,-0.027551106637566103
2026-01-18 05:00:00,AWS_04,0,normal,none,0,0.03420001411866891
2026-01-18 05:15:00,AWS_04,0,normal,none,0,0.06868729262361772
2026-01-18 05:30:00,AWS_04,0,normal,none,0,0.07448769097661057
2026-01-18 05:45:00,AWS_04,0,normal,none,1,-0.001885736534698812
2026-01-18 06:00:00,AWS_04,0,normal,none,0,0.05853569523225072
2026-01-18 06:15:00,AWS_04,0,normal,none,0,0.0385637890456878
2026-01-18 06:30:00,AWS_04,0,normal,none,0,0.06392477922412815
2026-01-18 06:45:00,AWS_04,0,normal,none,0,0.04292872536049247
2026-01-18 07:00:00,AWS_04,0,normal,none,0,0.07046069196307131
2026-01-18 07:15:00,AWS_04,0,normal,none,0,0.0776001079317547
2026-01-18 07:30:00,AWS_04,0,normal,none,0,0.08200606563123564
2026-01-18 07:45:00,AWS_04,0,normal,none,0,0.07623481316706304
2026-01-18 08:00:00,AWS_04,0,normal,none,0,0.09156088951056923
2026-01-18 08:15:00,AWS_04,0,normal,none,0,0.08246865997760561
2026-01-18 08:30:00,AWS_04,0,normal,none,0,0.07844405891587614
2026-01-18 08:45:00,AWS_04,0,normal,none,0,0.014900694011454496
2026-01-18 09:00:00,AWS_04,0,normal,none,0,0.0026492472966577196
2026-01-18 09:15:00,AWS_04,0,normal,none,0,0.06854934060390594
2026-01-18 09:30:00,AWS_04,0,normal,none,0,0.08081967691208991
2026-01-18 09:45:00,AWS_04,0,normal,none,0,0.04470273251633494
2026-01-18 10:00:00,AWS_04,0,normal,none,0,0.06666288204229937
2026-01-18 10:15:00,AWS_04,0,normal,none,0,0.05277807134276857
2026-01-18 10:30:00,AWS_04,0,normal,none,0,0.06263019290322075
2026-01-18 10:45:00,AWS_04,0,normal,none,0,0.038463731722475525
2026-01-18 11:00:00,AWS_04,0,normal,none,0,0.0490300723074521
2026-01-18 11:15:00,AWS_04,0,normal,none,0,0.07874506717381857
2026-01-18 11:30:00,AWS_04,0,normal,none,0,0.005232585361888087
2026-01-18 11:45:00,AWS_04,0,normal,none,0,0.08156907558890591
2026-01-18 12:00:00,AWS_04,0,normal,none,0,0.059939790486855216
2026-01-18 12:15:00,AWS_04,0,normal,none,0,0.02158580172051755
2026-01-18 12:30:00,AWS_04,0,normal,none,0,0.07587469574652261
2026-01-18 12:45:00,AWS_04,0,normal,none,0,0.0815973969790661
2026-01-18 13:00:00,AWS_04,0,normal,none,0,0.06839062841794824
2026-01-18 13:15:00,AWS_04,0,normal,none,0,0.05971991224455936
2026-01-18 13:30:00,AWS_04,0,normal,none,0,0.03548934023448985
2026-01-18 13:45:00,AWS_04,0,normal,none,0,0.062019806826520696
2026-01-18 14:00:00,AWS_04,0,normal,none,0,0.031026647372527638
2026-01-18 14:15:00,AWS_04,0,normal,none,0,0.012662090658480452
2026-01-18 14:30:00,AWS_04,0,normal,none,0,0.059791510112614965
2026-01-18 14:45:00,AWS_04,0,normal,none,0,0.07412221626317578
2026-01-18 15:00:00,AWS_04,0,normal,none,0,0.03771669567163233
2026-01-18 15:15:00,AWS_04,0,normal,none,0,0.028681301728842146
2026-01-18 15:30:00,AWS_04,0,normal,none,0,0.047603878041644454
2026-01-18 15:45:00,AWS_04,0,normal,none,0,0.06581383149224607
2026-01-18 16:00:00,AWS_04,0,normal,none,0,0.05157450510990569
2026-01-18 16:15:00,AWS_04,0,normal,none,0,0.057519388422456685
2026-01-18 16:30:00,AWS_04,0,normal,none,0,0.03469232279711365
2026-01-18 16:45:00,AWS_04,0,normal,none,0,0.08521955449039037
2026-01-18 17:00:00,AWS_04,0,normal,none,0,0.07103868840832511
2026-01-18 17:15:00,AWS_04,0,normal,none,0,0.05741023360587649
2026-01-18 17:30:00,AWS_04,0,normal,none,0,0.026433959685591757
2026-01-18 17:45:00,AWS_04,0,normal,none,0,0.055124782362351576
2026-01-18 18:00:00,AWS_04,0,normal,none,0,0.06704177057718247
2026-01-18 18:15:00,AWS_04,0,normal,none,0,0.0820813522636234
2026-01-18 18:30:00,AWS_04,0,normal,none,0,0.05941584312253961
2026-01-18 18:45:00,AWS_04,0,normal,none,0,0.052430508578269086
2026-01-18 19:00:00,AWS_04,0,normal,none,0,0.06693957011871354
2026-01-18 19:15:00,AWS_04,0,normal,none,1,-0.029394092289097395
2026-01-18 19:30:00,AWS_04,0,normal,none,1,-0.02137639680952952
2026-01-18 19:45:00,AWS_04,0,normal,none,0,0.08471824437713593
2026-01-18 20:00:00,AWS_04,0,normal,none,0,0.027823452877206556
2026-01-18 20:15:00,AWS_04,0,normal,none,1,-0.029258121162151207
2026-01-18 20:30:00,AWS_04,0,normal,none,0,0.053385228811262175
2026-01-18 20:45:00,AWS_04,0,normal,none,0,0.08549690585826891
2026-01-18 21:00:00,AWS_04,0,normal,none,0,0.060799223933064084
2026-01-18 21:15:00,AWS_04,0,normal,none,0,0.023986600933402547
2026-01-18 21:30:00,AWS_04,0,normal,none,0,0.09369602291975987
2026-01-18 21:45:00,AWS_04,0,normal,none,0,0.04422913077271595
2026-01-18 22:00:00,AWS_04,0,normal,none,0,0.009214065673984195
2026-01-18 22:15:00,AWS_04,0,normal,none,1,-0.0018032842344134492
2026-01-18 22:30:00,AWS_04,0,normal,none,0,0.04554082665246789
2026-01-18 22:45:00,AWS_04,0,normal,none,0,0.02134041776201656
2026-01-18 23:00:00,AWS_04,0,normal,none,1,-0.012262446044064568
2026-01-18 23:15:00,AWS_04,0,normal,none,0,0.0456976719155931
2026-01-18 23:30:00,AWS_04,0,normal,none,0,0.04310845707618444
2026-01-18 23:45:00,AWS_04,0,normal,none,0,0.045785966916457754
2026-01-19 00:00:00,AWS_04,0,normal,none,0,0.0864776178559225
2026-01-19 00:15:00,AWS_04,0,normal,none,0,0.10172539428497357
2026-01-19 00:30:00,AWS_04,0,normal,none,0,0.08983392220839215
2026-01-19 00:45:00,AWS_04,0,normal,none,0,0.07778758570880923
2026-01-19 01:00:00,AWS_04,0,normal,none,0,0.10355258346373075
2026-01-19 01:15:00,AWS_04,0,normal,none,0,0.08797079889470194
2026-01-19 01:30:00,AWS_04,0,normal,none,0,0.0887424607273325
2026-01-19 01:45:00,AWS_04,0,normal,none,0,0.0744390292768558
2026-01-19 02:00:00,AWS_04,0,normal,none,0,0.0685094976321991
2026-01-19 02:15:00,AWS_04,0,normal,none,0,0.034983240176656605
2026-01-19 02:30:00,AWS_04,0,normal,none,0,0.07006169742326296
2026-01-19 02:45:00,AWS_04,0,normal,none,0,0.0901574665332806
2026-01-19 03:00:00,AWS_04,0,normal,none,0,0.08093715601896212
2026-01-19 03:15:00,AWS_04,0,normal,none,0,0.04444375009520557
2026-01-19 03:30:00,AWS_04,0,normal,none,0,0.06887426225151566
2026-01-19 03:45:00,AWS_04,0,normal,none,0,0.033978500525663535
2026-01-19 04:00:00,AWS_04,0,normal,none,0,0.05360090924573685
2026-01-19 04:15:00,AWS_04,0,normal,none,0,0.036993905450736164
2026-01-19 04:30:00,AWS_04,0,normal,none,0,0.032792037782461314
2026-01-19 04:45:00,AWS_04,0,normal,none,0,0.039296186924767385
2026-01-19 05:00:00,AWS_04,0,normal,none,1,-0.023299242010346943
2026-01-19 05:15:00,AWS_04,0,normal,none,0,0.03749104816448784
2026-01-19 05:30:00,AWS_04,0,normal,none,0,0.028405469876495948
2026-01-19 05:45:00,AWS_04,0,normal,none,0,0.04269047237594553
2026-01-19 06:00:00,AWS_04,0,normal,none,0,0.06006569523526262
2026-01-19 06:15:00,AWS_04,0,normal,none,0,0.0787364470575388
2026-01-19 06:30:00,AWS_04,0,normal,none,0,0.09769335571371285
2026-01-19 06:45:00,AWS_04,0,normal,none,0,0.07866623066648576
2026-01-19 07:00:00,AWS_04,0,normal,none,0,0.10007864630124796
2026-01-19 07:15:00,AWS_04,0,normal,none,0,0.02974276082873617
2026-01-19 07:30:00,AWS_04,0,normal,none,0,0.08319257309692385
2026-01-19 07:45:00,AWS_04,0,normal,none,0,0.09113740216702682
2026-01-19 08:00:00,AWS_04,0,normal,none,0,0.09579646170135053
2026-01-19 08:15:00,AWS_04,0,normal,none,0,0.03748352077626965
2026-01-19 08:30:00,AWS_04,0,normal,none,0,0.10224951356378204
2026-01-19 08:45:00,AWS_04,0,normal,none,0,0.08066886430435283
2026-01-19 09:00:00,AWS_04,0,normal,none,0,0.06627633116795362
2026-01-19 09:15:00,AWS_04,0,normal,none,0,0.07833158006663637
2026-01-19 09:30:00,AWS_04,0,normal,none,0,0.08306323762991313
2026-01-19 09:45:00,AWS_04,0,normal,none,0,0.07991071515486464
2026-01-19 10:00:00,AWS_04,0,normal,none,0,0.09209408468282015
2026-01-19 10:15:00,AWS_04,0,normal,none,0,0.07011367996851825
2026-01-19 10:30:00,AWS_04,0,normal,none,0,0.08680508511882695
2026-01-19 10:45:00,AWS_04,0,normal,none,0,0.023528879668649416
2026-01-19 11:00:00,AWS_04,0,normal,none,0,0.058901442271543425
2026-01-19 11:15:00,AWS_04,0,normal,none,0,0.027264988968134063
2026-01-19 11:30:00,AWS_04,0,normal,none,0,0.09298753789790215
2026-01-19 11:45:00,AWS_04,0,normal,none,0,0.0789897125871647
2026-01-19 12:00:00,AWS_04,0,normal,none,0,0.1029083762734414
2026-01-19 12:15:00,AWS_04,0,normal,none,0,0.09114827814329551
2026-01-19 12:30:00,AWS_04,0,normal,none,0,0.09972183127821593
2026-01-19 12:45:00,AWS_04,0,normal,none,0,0.0788583309796067
2026-01-19 13:00:00,AWS_04,0,normal,none,0,0.09720838845869478
2026-01-19 13:15:00,AWS_04,0,normal,none,0,0.062026651521930876
2026-01-19 13:30:00,AWS_04,0,normal,none,0,0.07500683732593383
2026-01-19 13:45:00,AWS_04,0,normal,none,0,0.023064303577009615
2026-01-19 14:00:00,AWS_04,0,normal,none,0,0.08481348208533873
2026-01-19 14:15:00,AWS_04,0,normal,none,0,0.08544415474999145
2026-01-19 14:30:00,AWS_04,0,normal,none,0,0.10197153059104264
2026-01-19 14:45:00,AWS_04,0,normal,none,0,0.08130637529135071
2026-01-19 15:00:00,AWS_04,0,normal,none,0,0.07473719715592808
2026-01-19 15:15:00,AWS_04,0,normal,none,0,0.09193711686783618
2026-01-19 15:30:00,AWS_04,0,normal,none,0,0.036473024454718284
2026-01-19 15:45:00,AWS_04,0,normal,none,0,0.06930374316265558
2026-01-19 16:00:00,AWS_04,0,normal,none,0,0.07710075879815742
2026-01-19 16:15:00,AWS_04,0,normal,none,0,0.08460031728833128
2026-01-19 16:30:00,AWS_04,0,normal,none,0,0.08530523743606305
2026-01-19 16:45:00,AWS_04,0,normal,none,0,0.08960891744276067
2026-01-19 17:00:00,AWS_04,0,normal,none,0,0.09934616915860289
2026-01-19 17:15:00,AWS_04,0,normal,none,0,0.07998619744161384
2026-01-19 17:30:00,AWS_04,0,normal,none,0,0.07897401749114125
2026-01-19 17:45:00,AWS_04,0,normal,none,0,0.06825153754690921
2026-01-19 18:00:00,AWS_04,0,normal,none,0,0.07626170532459847
2026-01-19 18:15:00,AWS_04,0,normal,none,0,0.0912997397814237
2026-01-19 18:30:00,AWS_04,0,normal,none,0,0.08496494060304721
2026-01-19 18:45:00,AWS_04,0,normal,none,0,0.08097997475435165
2026-01-19 19:00:00,AWS_04,0,normal,none,0,0.08152746480351786
2026-01-19 19:15:00,AWS_04,0,normal,none,0,0.09315447083123157
2026-01-19 19:30:00,AWS_04,0,normal,none,0,0.06246218077013699
2026-01-19 19:45:00,AWS_04,0,normal,none,0,0.058548619262417056
2026-01-19 20:00:00,AWS_04,0,normal,none,0,0.05839940428732865
2026-01-19 20:15:00,AWS_04,0,normal,none,1,-0.0040690587948980506
2026-01-19 20:30:00,AWS_04,0,normal,none,0,0.04029028768186582
2026-01-19 20:45:00,AWS_04,0,normal,none,0,0.07985195506523451
2026-01-19 21:00:00,AWS_04,0,normal,none,0,0.035694766634817576
2026-01-19 21:15:00,AWS_04,0,normal,none,1,-0.025168519078122342
2026-01-19 21:30:00,AWS_04,0,normal,none,0,0.004804631810653048
2026-01-19 21:45:00,AWS_04,0,normal,none,0,0.04307957119907768
2026-01-19 22:00:00,AWS_04,0,normal,none,0,0.07563303700619362
2026-01-19 22:15:00,AWS_04,0,normal,none,0,0.0667034194899691
2026-01-19 22:30:00,AWS_04,0,normal,none,0,0.012580810632861095
2026-01-19 22:45:00,AWS_04,0,normal,none,0,0.03322364644722664
2026-01-19 23:00:00,AWS_04,0,normal,none,0,0.07984758268071751
2026-01-19 23:15:00,AWS_04,0,normal,none,0,0.03558343282737758
2026-01-19 23:30:00,AWS_04,0,normal,none,0,0.025822943200498383
2026-01-19 23:45:00,AWS_04,0,normal,none,0,0.061555096655553976
2026-01-20 00:00:00,AWS_04,0,normal,none,0,0.0625652053869602
2026-01-20 00:15:00,AWS_04,0,normal,none,0,0.04294561838990785
2026-01-20 00:30:00,AWS_04,0,normal,none,0,0.06700038687839832
2026-01-20 00:45:00,AWS_04,0,normal,none,1,-0.03399719588783878
2026-01-20 01:00:00,AWS_04,0,normal,none,0,0.007032066158794592
2026-01-20 01:15:00,AWS_04,0,normal,none,1,-0.037306667548144934
2026-01-20 01:30:00,AWS_04,0,normal,none,0,0.03804660974850993
2026-01-20 01:45:00,AWS_04,0,normal,none,0,0.01216043700997338
2026-01-20 02:00:00,AWS_04,0,normal,none,1,-0.01177718711086606
2026-01-20 02:15:00,AWS_04,0,normal,none,0,0.018314372661671907
2026-01-20 02:30:00,AWS_04,0,normal,none,0,0.012476798635690067
2026-01-20 02:45:00,AWS_04,0,normal,none,1,-0.018880356707161372
2026-01-20 03:00:00,AWS_04,0,normal,none,0,0.0408528424017881
2026-01-20 03:15:00,AWS_04,0,normal,none,0,0.020404826024666256
2026-01-20 03:30:00,AWS_04,0,normal,none,0,0.04767575955472292
2026-01-20 03:45:00,AWS_04,0,normal,none,0,0.025761560430678287
2026-01-20 04:00:00,AWS_04,0,normal,none,1,-0.013752427935919354
2026-01-20 04:15:00,AWS_04,0,normal,none,1,-0.06538283466820483
2026-01-20 04:30:00,AWS_04,0,normal,none,1,-0.02619796461729884
2026-01-20 04:45:00,AWS_04,0,normal,none,0,0.04577038557805335
2026-01-20 05:00:00,AWS_04,0,normal,none,0,0.062170406301881254
2026-01-20 05:15:00,AWS_04,0,normal,none,0,0.06734724407008658
2026-01-20 05:30:00,AWS_04,0,normal,none,0,0.03413230475701662
2026-01-20 05:45:00,AWS_04,0,normal,none,0,0.031331510811755614
2026-01-20 06:00:00,AWS_04,0,normal,none,0,0.05338320547510528
2026-01-20 06:15:00,AWS_04,0,normal,none,0,0.06684518580851367
2026-01-20 06:30:00,AWS_04,0,normal,none,0,0.0636767015781724
2026-01-20 06:45:00,AWS_04,0,normal,none,0,0.048307627798555575
2026-01-20 07:00:00,AWS_04,0,normal,none,0,0.03753223385256316
2026-01-20 07:15:00,AWS_04,0,normal,none,0,0.0580012461528982
2026-01-20 07:30:00,AWS_04,0,normal,none,0,0.06980558014369348
2026-01-20 07:45:00,AWS_04,0,normal,none,0,0.06349977384485817
2026-01-20 08:00:00,AWS_04,0,normal,none,0,0.050330090423578
2026-01-20 08:15:00,AWS_04,0,normal,none,0,0.023463214296929658
2026-01-20 08:30:00,AWS_04,0,normal,none,0,0.0750912947583558
2026-01-20 08:45:00,AWS_04,0,normal,none,0,0.06747536443751584
2026-01-20 09:00:00,AWS_04,0,normal,none,0,0.021621611934210583
2026-01-20 09:15:00,AWS_04,0,normal,none,0,0.03434143631722669
2026-01-20 09:30:00,AWS_04,0,normal,none,0,0.013185686108373007
2026-01-20 09:45:00,AWS_04,0,normal,none,0,0.09690964009128367
2026-01-20 10:00:00,AWS_04,0,normal,none,0,0.07255319780575048
2026-01-20 10:15:00,AWS_04,0,normal,none,0,0.1004037555841556
2026-01-20 10:30:00,AWS_04,0,normal,none,0,0.09651135844921005
2026-01-20 10:45:00,AWS_04,0,normal,none,0,0.06911760844809145
2026-01-20 11:00:00,AWS_04,0,normal,none,0,0.05596672594262192
2026-01-20 11:15:00,AWS_04,0,normal,none,0,0.09577246952801322
2026-01-20 11:30:00,AWS_04,0,normal,none,0,0.06303656789296114
2026-01-20 11:45:00,AWS_04,0,normal,none,0,0.0432350665811031
2026-01-20 12:00:00,AWS_04,0,normal,none,0,0.06859925256939697
2026-01-20 12:15:00,AWS_04,0,normal,none,0,0.0415576121823068
2026-01-20 12:30:00,AWS_04,0,normal,none,0,0.05425514591420877
2026-01-20 12:45:00,AWS_04,0,normal,none,0,0.08940196742001993
2026-01-20 13:00:00,AWS_04,0,normal,none,0,0.1036689874666063
2026-01-20 13:15:00,AWS_04,0,normal,none,0,0.09676222822715891
2026-01-20 13:30:00,AWS_04,0,normal,none,0,0.07437398981626697
2026-01-20 13:45:00,AWS_04,0,normal,none,0,0.07062290233878449
2026-01-20 14:00:00,AWS_04,0,normal,none,0,0.054164684332657476
2026-01-20 14:15:00,AWS_04,0,normal,none,0,0.07408146472779842
2026-01-20 14:30:00,AWS_04,0,normal,none,0,0.09366106040647254
2026-01-20 14:45:00,AWS_04,0,normal,none,0,0.09972552896991727
2026-01-20 15:00:00,AWS_04,0,normal,none,0,0.09339086884147735
2026-01-20 15:15:00,AWS_04,0,normal,none,0,0.094541324562812
2026-01-20 15:30:00,AWS_04,0,normal,none,0,0.08872421612712239
2026-01-20 15:45:00,AWS_04,0,normal,none,0,0.06601663061498497
2026-01-20 16:00:00,AWS_04,0,normal,none,0,0.07679055424029707
2026-01-20 16:15:00,AWS_04,0,normal,none,0,0.07947217846209836
2026-01-20 16:30:00,AWS_04,0,normal,none,0,0.04822609557780816
2026-01-20 16:45:00,AWS_04,0,normal,none,0,0.05436561540078272
2026-01-20 17:00:00,AWS_04,0,normal,none,0,0.06387998375396359
2026-01-20 17:15:00,AWS_04,0,normal,none,0,0.11063770197147599
2026-01-20 17:30:00,AWS_04,0,normal,none,0,0.10982588347682254
2026-01-20 17:45:00,AWS_04,0,normal,none,1,-0.005043878515089806
2026-01-20 18:00:00,AWS_04,0,normal,none,0,0.08606639912415393
2026-01-20 18:15:00,AWS_04,0,normal,none,0,0.030323388771055282
2026-01-20 18:30:00,AWS_04,0,normal,none,0,0.022232900962451896
2026-01-20 18:45:00,AWS_04,0,normal,none,1,-0.010519760923270671
2026-01-20 19:00:00,AWS_04,0,normal,none,1,-0.02813891488635245
2026-01-20 19:15:00,AWS_04,0,normal,none,0,0.04046722168763922
2026-01-20 19:30:00,AWS_04,0,normal,none,1,-0.01384307918805694
2026-01-20 19:45:00,AWS_04,0,normal,none,0,0.02439134475397281
2026-01-20 20:00:00,AWS_04,0,normal,none,0,0.023078732252632184
2026-01-20 20:15:00,AWS_04,0,normal,none,0,0.052240728832929295
2026-01-20 20:30:00,AWS_04,0,normal,none,0,0.07063669674632644
2026-01-20 20:45:00,AWS_04,0,normal,none,0,0.03363830318648475
2026-01-20 21:00:00,AWS_04,0,normal,none,0,0.017437633888830184
2026-01-20 21:15:00,AWS_04,0,normal,none,0,0.033446339665361036
2026-01-20 21:30:00,AWS_04,0,normal,none,0,0.039705802014447955
2026-01-20 21:45:00,AWS_04,0,normal,none,0,0.04135926683335295
2026-01-20 22:00:00,AWS_04,0,normal,none,0,0.04855428341581802
2026-01-20 22:15:00,AWS_04,0,normal,none,0,0.057615721744157355
2026-01-20 22:30:00,AWS_04,0,normal,none,0,0.05201843029655101
2026-01-20 22:45:00,AWS_04,0,normal,none,0,0.009785975444228379
2026-01-20 23:00:00,AWS_04,0,normal,none,0,0.027132453035658588
2026-01-20 23:15:00,AWS_04,0,normal,none,0,0.049715502906032494
2026-01-20 23:30:00,AWS_04,0,normal,none,0,0.03433862673422888
2026-01-20 23:45:00,AWS_04,0,normal,none,0,0.046587101284510546
2026-01-21 00:00:00,AWS_04,0,normal,none,0,0.03200833552428439
2026-01-21 00:15:00,AWS_04,0,normal,none,1,-0.027777527510660538
2026-01-21 00:30:00,AWS_04,0,normal,none,0,0.02158044537133591
2026-01-21 00:45:00,AWS_04,0,normal,none,0,0.017714104645735362
2026-01-21 01:00:00,AWS_04,0,normal,none,0,0.004943326047938179
2026-01-21 01:15:00,AWS_04,0,normal,none,0,0.003676241427205962
2026-01-21 01:30:00,AWS_04,0,normal,none,0,0.006170534703285546
2026-01-21 01:45:00,AWS_04,0,normal,none,0,0.011602442185747575
2026-01-21 02:00:00,AWS_04,0,normal,none,1,-0.011094978835539782
2026-01-21 02:15:00,AWS_04,0,normal,none,1,-0.06217377467221785
2026-01-21 02:30:00,AWS_04,0,normal,none,1,-0.03308195986353224
2026-01-21 02:45:00,AWS_04,0,normal,none,1,-0.030591615299413455
2026-01-21 03:00:00,AWS_04,0,normal,none,0,0.0006949196968028537
2026-01-21 03:15:00,AWS_04,0,normal,none,1,-0.008200182714400484
2026-01-21 03:30:00,AWS_04,0,normal,none,1,-0.010786344244310242
2026-01-21 03:45:00,AWS_04,0,normal,none,0,0.005005298718271545
2026-01-21 04:00:00,AWS_04,0,normal,none,1,-0.0011328199395937988
2026-01-21 04:15:00,AWS_04,0,normal,none,1,-0.0098836549349538
2026-01-21 04:30:00,AWS_04,0,normal,none,1,-0.008548863988834143
2026-01-21 04:45:00,AWS_04,0,normal,none,1,-0.0035220736484254944
2026-01-21 05:00:00,AWS_04,0,normal,none,0,0.012987672973653774
2026-01-21 05:15:00,AWS_04,0,normal,none,1,-0.09172620358219374
2026-01-21 05:30:00,AWS_04,0,normal,none,1,-0.08731072270402962
2026-01-21 05:45:00,AWS_04,0,normal,none,1,-0.02566281212737731
2026-01-21 06:00:00,AWS_04,0,normal,none,0,0.0050515034135290016
2026-01-21 06:15:00,AWS_04,0,normal,none,0,0.00988651543383523
2026-01-21 06:30:00,AWS_04,0,normal,none,1,-0.05112844243090331
2026-01-21 06:45:00,AWS_04,0,normal,none,0,0.03404194783032305
2026-01-21 07:00:00,AWS_04,0,normal,none,0,0.06292468712495247
2026-01-21 07:15:00,AWS_04,0,normal,none,0,0.03152855172476832
2026-01-21 07:30:00,AWS_04,0,normal,none,0,0.009364539565173635
2026-01-21 07:45:00,AWS_04,0,normal,none,0,0.015275109839493817
2026-01-21 08:00:00,AWS_04,0,normal,none,1,-0.001489282685525728
2026-01-21 08:15:00,AWS_04,0,normal,none,0,0.050925069170845494
2026-01-21 08:30:00,AWS_04,0,normal,none,0,0.017263781635396158
2026-01-21 08:45:00,AWS_04,0,normal,none,0,0.07100709974657171
2026-01-21 09:00:00,AWS_04,0,normal,none,0,0.05821627659050166
2026-01-21 09:15:00,AWS_04,0,normal,none,0,0.07369843219710631
2026-01-21 09:30:00,AWS_04,0,normal,none,0,0.05468255146090045
2026-01-21 09:45:00,AWS_04,0,normal,none,0,0.05773232839120834
2026-01-21 10:00:00,AWS_04,0,normal,none,0,0.020066715937783752
2026-01-21 10:15:00,AWS_04,0,normal,none,0,0.08153616666564456
2026-01-21 10:30:00,AWS_04,0,normal,none,0,0.06501522755608585
2026-01-21 10:45:00,AWS_04,0,normal,none,0,0.05427407230515663
2026-01-21 11:00:00,AWS_04,0,normal,none,0,0.0686772059577781
2026-01-21 11:15:00,AWS_04,0,normal,none,0,0.07006377278621845
2026-01-21 11:30:00,AWS_04,0,normal,none,0,0.08174878913171146
2026-01-21 11:45:00,AWS_04,0,normal,none,0,0.06517347971446341
2026-01-21 12:00:00,AWS_04,0,normal,none,0,0.03457211610452876
2026-01-21 12:15:00,AWS_04,0,normal,none,1,-0.02130256121635754
2026-01-21 12:30:00,AWS_04,0,normal,none,0,0.08653176860775097
2026-01-21 12:45:00,AWS_04,0,normal,none,0,0.08273021651771084
2026-01-21 13:00:00,AWS_04,0,normal,none,0,0.03325608449000744
2026-01-21 13:15:00,AWS_04,0,normal,none,0,0.029420377126982644
2026-01-21 13:30:00,AWS_04,0,normal,none,0,0.037275776514265335
2026-01-21 13:45:00,AWS_04,0,normal,none,0,0.05941821311496698
2026-01-21 14:00:00,AWS_04,0,normal,none,0,0.08989726475211446
2026-01-21 14:15:00,AWS_04,0,normal,none,0,0.07808636388160195
2026-01-21 14:30:00,AWS_04,0,normal,none,0,0.06725169788234214
2026-01-21 14:45:00,AWS_04,0,normal,none,0,0.06044718553787343
2026-01-21 15:00:00,AWS_04,0,normal,none,0,0.02808021260910437
2026-01-21 15:15:00,AWS_04,0,normal,none,0,0.07546080839436708
2026-01-21 15:30:00,AWS_04,0,normal,none,0,0.03530579095987474
2026-01-21 15:45:00,AWS_04,0,normal,none,0,0.08823400523009811
2026-01-21 16:00:00,AWS_04,0,normal,none,0,0.05691336180811857
2026-01-21 16:15:00,AWS_04,0,normal,none,0,0.07773182707569026
2026-01-21 16:30:00,AWS_04,0,normal,none,0,0.08664084638995878
2026-01-21 16:45:00,AWS_04,0,normal,none,0,0.08476199937697071
2026-01-21 17:00:00,AWS_04,0,normal,none,0,0.04054633660819318
2026-01-21 17:15:00,AWS_04,0,normal,none,0,0.07551947247000657
2026-01-21 17:30:00,AWS_04,0,normal,none,0,0.0778277985075253
2026-01-21 17:45:00,AWS_04,0,normal,none,0,0.027543906219771375
2026-01-21 18:00:00,AWS_04,0,normal,none,0,0.09203686274602646
2026-01-21 18:15:00,AWS_04,0,normal,none,0,0.03770193388496246
2026-01-21 18:30:00,AWS_04,0,normal,none,1,-0.008020311887499854
2026-01-21 18:45:00,AWS_04,0,normal,none,0,0.08268983923300305
2026-01-21 19:00:00,AWS_04,0,normal,none,0,0.06212736809254371
2026-01-21 19:15:00,AWS_04,0,normal,none,0,0.08242247834015382
2026-01-21 19:30:00,AWS_04,0,normal,none,0,0.03548703220028243
2026-01-21 19:45:00,AWS_04,0,normal,none,0,0.07457325256245084
2026-01-21 20:00:00,AWS_04,0,normal,none,0,0.06763788666871595
2026-01-21 20:15:00,AWS_04,0,normal,none,0,0.057917724789087965
2026-01-21 20:30:00,AWS_04,0,normal,none,1,-0.018269000829112314
2026-01-21 20:45:00,AWS_04,0,normal,none,0,0.041823836927809
2026-01-21 21:00:00,AWS_04,0,normal,none,0,0.021042839911304678
2026-01-21 21:15:00,AWS_04,0,normal,none,1,-0.013794265310092757
2026-01-21 21:30:00,AWS_04,0,normal,none,0,0.05323106561236629
2026-01-21 21:45:00,AWS_04,0,normal,none,0,0.026772405225375717
2026-01-21 22:00:00,AWS_04,0,normal,none,1,-0.014415068160591238
2026-01-21 22:15:00,AWS_04,0,normal,none,0,0.003172870780073944
2026-01-21 22:30:00,AWS_04,0,normal,none,0,0.039059089634279176
2026-01-21 22:45:00,AWS_04,0,normal,none,0,0.046318637173619726
2026-01-21 23:00:00,AWS_04,0,normal,none,0,0.046635968048750864
2026-01-21 23:15:00,AWS_04,0,normal,none,0,0.04596554717134749
2026-01-21 23:30:00,AWS_04,0,normal,none,0,0.02707749305942103
2026-01-21 23:45:00,AWS_04,0,normal,none,1,-0.013922244087218205
2026-01-22 00:00:00,AWS_04,0,normal,none,0,0.008582040400190616
2026-01-22 00:15:00,AWS_04,0,normal,none,0,0.02791118532492859
2026-01-22 00:30:00,AWS_04,0,normal,none,0,0.017714201003203367
2026-01-22 00:45:00,AWS_04,0,normal,none,1,-0.029656196136084167
2026-01-22 01:00:00,AWS_04,0,normal,none,0,0.032442023388280394
2026-01-22 01:15:00,AWS_04,0,normal,none,0,0.037411625660745185
2026-01-22 01:30:00,AWS_04,0,normal,none,0,0.004211117148737453
2026-01-22 01:45:00,AWS_04,0,normal,none,0,0.021278452358506783
2026-01-22 02:00:00,AWS_04,0,normal,none,0,0.025835443444600037
2026-01-22 02:15:00,AWS_04,0,normal,none,0,0.009038960320108036
2026-01-22 02:30:00,AWS_04,0,normal,none,1,-0.02261631378964668
2026-01-22 02:45:00,AWS_04,0,normal,none,0,0.013068347854988782
2026-01-22 03:00:00,AWS_04,0,normal,none,1,-0.07859871059904233
2026-01-22 03:15:00,AWS_04,0,normal,none,1,-0.04556740388234737
2026-01-22 03:30:00,AWS_04,0,normal,none,1,-0.04791633138228535
2026-01-22 03:45:00,AWS_04,0,normal,none,1,-0.01977590469082091
2026-01-22 04:00:00,AWS_04,0,normal,none,1,-0.061267732817467446
2026-01-22 04:15:00,AWS_04,0,normal,none,1,-0.016611062311068125
2026-01-22 04:30:00,AWS_04,0,normal,none,1,-0.05243165228397206
2026-01-22 04:45:00,AWS_04,0,normal,none,1,-0.019953425155130544
2026-01-22 05:00:00,AWS_04,0,normal,none,1,-0.009012045365073607
2026-01-22 05:15:00,AWS_04,0,normal,none,1,-0.04202758117547689
2026-01-22 05:30:00,AWS_04,0,normal,none,1,-0.044321991533102456
2026-01-22 05:45:00,AWS_04,0,normal,none,1,-0.011726364336153594
2026-01-22 06:00:00,AWS_04,0,normal,none,1,-0.025593640119045635
2026-01-22 06:15:00,AWS_04,0,normal,none,0,0.006500374382898744
2026-01-22 06:30:00,AWS_04,0,normal,none,0,0.006640775620972983
2026-01-22 06:45:00,AWS_04,0,normal,none,1,-0.04621295310390516
2026-01-22 07:00:00,AWS_04,0,normal,none,0,0.04994383261015778
2026-01-22 07:15:00,AWS_04,0,normal,none,0,0.035847576740803744
2026-01-22 07:30:00,AWS_04,0,normal,none,0,0.00628938542554619
2026-01-22 07:45:00,AWS_04,0,normal,none,0,0.06915415349490106
2026-01-22 08:00:00,AWS_04,0,normal,none,0,0.06323950628840991
2026-01-22 08:15:00,AWS_04,0,normal,none,0,0.0688181862901534
2026-01-22 08:30:00,AWS_04,0,normal,none,1,-0.025820536401718996
2026-01-22 08:45:00,AWS_04,0,normal,none,0,0.06348861509033032
2026-01-22 09:00:00,AWS_04,0,normal,none,0,0.04542392337381018
2026-01-22 09:15:00,AWS_04,0,normal,none,0,0.06200839666344299
2026-01-22 09:30:00,AWS_04,0,normal,none,0,0.046647745320847867
2026-01-22 09:45:00,AWS_04,0,normal,none,0,0.053189392899561205
2026-01-22 10:00:00,AWS_04,0,normal,none,0,0.0749825698558722
2026-01-22 10:15:00,AWS_04,0,normal,none,0,0.08981908998033489
2026-01-22 10:30:00,AWS_04,0,normal,none,0,0.05842390659414226
2026-01-22 10:45:00,AWS_04,0,normal,none,0,0.0780235908225903
2026-01-22 11:00:00,AWS_04,0,normal,none,0,0.003808556467138957
2026-01-22 11:15:00,AWS_04,0,normal,none,0,0.05700558236722236
2026-01-22 11:30:00,AWS_04,0,normal,none,0,0.09758365490004306
2026-01-22 11:45:00,AWS_04,0,normal,none,0,0.09423466841756295
2026-01-22 12:00:00,AWS_04,0,normal,none,0,0.04047491397568076
2026-01-22 12:15:00,AWS_04,0,normal,none,0,0.02204278712515373
2026-01-22 12:30:00,AWS_04,0,normal,none,0,0.11185900638449892
2026-01-22 12:45:00,AWS_04,0,normal,none,0,0.09327494943022263
2026-01-22 13:00:00,AWS_04,0,normal,none,0,0.0891713046210782
2026-01-22 13:15:00,AWS_04,0,normal,none,0,0.10405048677258405
2026-01-22 13:30:00,AWS_04,0,normal,none,0,0.10653682914847662
2026-01-22 13:45:00,AWS_04,0,normal,none,0,0.1073908795448984
2026-01-22 14:00:00,AWS_04,0,normal,none,0,0.01961624987389038
2026-01-22 14:15:00,AWS_04,0,normal,none,0,0.09569667692429679
2026-01-22 14:30:00,AWS_04,0,normal,none,0,0.028195056129955487
2026-01-22 14:45:00,AWS_04,0,normal,none,0,0.056997630977024316
2026-01-22 15:00:00,AWS_04,0,normal,none,0,0.09712542972572347
2026-01-22 15:15:00,AWS_04,0,normal,none,0,0.07706761882034685
2026-01-22 15:30:00,AWS_04,0,normal,none,0,0.06972728074296697
2026-01-22 15:45:00,AWS_04,0,normal,none,0,0.07950253630570175
2026-01-22 16:00:00,AWS_04,0,normal,none,0,0.03182428770161211
2026-01-22 16:15:00,AWS_04,0,normal,none,0,0.04820600532250907
2026-01-22 16:30:00,AWS_04,0,normal,none,0,0.10491435508898195
2026-01-22 16:45:00,AWS_04,0,normal,none,0,0.0752694492507498
2026-01-22 17:00:00,AWS_04,0,normal,none,0,0.07182480623889481
2026-01-22 17:15:00,AWS_04,0,normal,none,0,0.09819138581565745
2026-01-22 17:30:00,AWS_04,0,normal,none,0,0.04864595151588785
2026-01-22 17:45:00,AWS_04,0,normal,none,0,0.022149429479834337
2026-01-22 18:00:00,AWS_04,0,normal,none,0,0.09135594731817004
2026-01-22 18:15:00,AWS_04,0,normal,none,0,0.09447294413388202
2026-01-22 18:30:00,AWS_04,0,normal,none,0,0.05472969156491192
2026-01-22 18:45:00,AWS_04,0,normal,none,0,0.09031723442275219
2026-01-22 19:00:00,AWS_04,0,normal,none,0,0.10742088609609268
2026-01-22 19:15:00,AWS_04,0,normal,none,0,0.06772912989045798
2026-01-22 19:30:00,AWS_04,0,normal,none,0,0.07779811975954504
2026-01-22 19:45:00,AWS_04,0,normal,none,0,0.012489892866257513
2026-01-22 20:00:00,AWS_04,0,normal,none,0,0.08324357392813397
2026-01-22 20:15:00,AWS_04,0,normal,none,0,0.015583890644943144
2026-01-22 20:30:00,AWS_04,0,normal,none,0,0.0893326571841559
2026-01-22 20:45:00,AWS_04,0,normal,none,0,0.04390178876537354
2026-01-22 21:00:00,AWS_04,0,normal,none,0,0.06400178608534113
2026-01-22 21:15:00,AWS_04,0,normal,none,0,0.029524206202708347
2026-01-22 21:30:00,AWS_04,0,normal,none,0,0.06406029228783061
2026-01-22 21:45:00,AWS_04,0,normal,none,0,0.005347058315443354
2026-01-22 22:00:00,AWS_04,0,normal,none,0,0.037244114081257884
2026-01-22 22:15:00,AWS_04,0,normal,none,0,0.07543499618182276
2026-01-22 22:30:00,AWS_04,0,normal,none,0,0.020458826314358747
2026-01-22 22:45:00,AWS_04,0,normal,none,0,0.0495734925547176
2026-01-22 23:00:00,AWS_04,0,normal,none,0,0.07279913398924659
2026-01-22 23:15:00,AWS_04,0,normal,none,0,0.04732017287267842
2026-01-22 23:30:00,AWS_04,0,normal,none,0,0.04837042443599654
2026-01-22 23:45:00,AWS_04,0,normal,none,0,0.013488911885492061
2026-01-23 00:00:00,AWS_04,0,normal,none,0,0.02656576128592597
2026-01-23 00:15:00,AWS_04,0,normal,none,0,0.04877563304312327
2026-01-23 00:30:00,AWS_04,0,normal,none,0,0.02708721159237326
2026-01-23 00:45:00,AWS_04,0,normal,none,0,0.06161128549838596
2026-01-23 01:00:00,AWS_04,0,normal,none,0,0.020911594995410787
2026-01-23 01:15:00,AWS_04,0,normal,none,0,0.03971791328503538
2026-01-23 01:30:00,AWS_04,0,normal,none,0,0.052069016168250826
2026-01-23 01:45:00,AWS_04,0,normal,none,0,0.04685038742132902
2026-01-23 02:00:00,AWS_04,0,normal,none,0,0.026021688071380833
2026-01-23 02:15:00,AWS_04,0,normal,none,0,0.03826635902643949
2026-01-23 02:30:00,AWS_04,0,normal,none,0,0.034992568281529635
2026-01-23 02:45:00,AWS_04,0,normal,none,0,0.06909843519023767
2026-01-23 03:00:00,AWS_04,0,normal,none,0,0.05589574803203168
2026-01-23 03:15:00,AWS_04,0,normal,none,0,0.03253612820809293
2026-01-23 03:30:00,AWS_04,0,normal,none,0,0.04729387193231088
2026-01-23 03:45:00,AWS_04,0,normal,none,0,0.03738638939677391
2026-01-23 04:00:00,AWS_04,0,normal,none,0,0.0628718200878059
2026-01-23 04:15:00,AWS_04,0,normal,none,0,0.03921272916269897
2026-01-23 04:30:00,AWS_04,0,normal,none,0,0.07181545510792481
2026-01-23 04:45:00,AWS_04,0,normal,none,0,0.04511169405339588
2026-01-23 05:00:00,AWS_04,0,normal,none,0,0.052782921738634914
2026-01-23 05:15:00,AWS_04,0,normal,none,0,0.02408165174350907
2026-01-23 05:30:00,AWS_04,0,normal,none,0,0.07652326293064365
2026-01-23 05:45:00,AWS_04,0,normal,none,0,0.07724634894423849
2026-01-23 06:00:00,AWS_04,0,normal,none,0,0.08630175696587311
2026-01-23 06:15:00,AWS_04,0,normal,none,0,0.08805045408102002
2026-01-23 06:30:00,AWS_04,0,normal,none,0,0.06478082864053714
2026-01-23 06:45:00,AWS_04,0,normal,none,0,0.0528211171384409
2026-01-23 07:00:00,AWS_04,0,normal,none,0,0.10310749426029459
2026-01-23 07:15:00,AWS_04,0,normal,none,0,0.051791780317434866
2026-01-23 07:30:00,AWS_04,0,normal,none,0,0.04417389418848672
2026-01-23 07:45:00,AWS_04,0,normal,none,0,0.05816649053235623
2026-01-23 08:00:00,AWS_04,0,normal,none,0,0.09795699420215243
2026-01-23 08:15:00,AWS_04,0,normal,none,0,0.06527287042562807
2026-01-23 08:30:00,AWS_04,0,normal,none,0,0.06353558011991539
2026-01-23 08:45:00,AWS_04,0,normal,none,0,0.05909217565595626
2026-01-23 09:00:00,AWS_04,0,normal,none,0,0.019002371057723344
2026-01-23 09:15:00,AWS_04,0,normal,none,0,0.006384218712252698
2026-01-23 09:30:00,AWS_04,0,normal,none,0,0.022303999168493238
2026-01-23 09:45:00,AWS_04,0,normal,none,0,0.062124093429974936
2026-01-23 10:00:00,AWS_04,0,normal,none,0,0.01740026978224507
2026-01-23 10:15:00,AWS_04,0,normal,none,0,0.04597653841951166
2026-01-23 10:30:00,AWS_04,0,normal,none,0,0.06532153411100938
2026-01-23 10:45:00,AWS_04,0,normal,none,0,0.10263999952502623
2026-01-23 11:00:00,AWS_04,0,normal,none,0,0.07313588910906149
2026-01-23 11:15:00,AWS_04,0,normal,none,0,0.0010875326026436594
2026-01-23 11:30:00,AWS_04,0,normal,none,0,0.08374150854721224
2026-01-23 11:45:00,AWS_04,0,normal,none,0,0.027177899005016826
2026-01-23 12:00:00,AWS_04,0,normal,none,0,0.04359401994361195
2026-01-23 12:15:00,AWS_04,0,normal,none,0,0.06781523656365629
2026-01-23 12:30:00,AWS_04,0,normal,none,0,0.04658125266418334
2026-01-23 12:45:00,AWS_04,0,normal,none,0,0.03296799738821132
2026-01-23 13:00:00,AWS_04,0,normal,none,0,0.08174055843678646
2026-01-23 13:15:00,AWS_04,0,normal,none,0,0.08860990301305088
2026-01-23 13:30:00,AWS_04,0,normal,none,1,-0.050188653774312475
2026-01-23 13:45:00,AWS_04,0,normal,none,0,0.022626668351239665
2026-01-23 14:00:00,AWS_04,0,normal,none,0,0.015964972533466126
2026-01-23 14:15:00,AWS_04,0,normal,none,1,-0.049679541645583636
2026-01-23 14:30:00,AWS_04,0,normal,none,0,0.014118370648691592
2026-01-23 14:45:00,AWS_04,0,normal,none,0,0.006728143282459964
2026-01-23 15:00:00,AWS_04,0,normal,none,1,-0.03242139302232927
2026-01-23 15:15:00,AWS_04,0,normal,none,0,0.02725279379182971
2026-01-23 15:30:00,AWS_04,0,normal,none,0,0.02801544131013811
2026-01-23 15:45:00,AWS_04,0,normal,none,1,-0.030036798534582076
2026-01-23 16:00:00,AWS_04,0,normal,none,0,0.03808214424648726
2026-01-23 16:15:00,AWS_04,0,normal,none,1,-0.005215962161752019
2026-01-23 16:30:00,AWS_04,0,normal,none,0,0.04173567477420087
2026-01-23 16:45:00,AWS_04,0,normal,none,0,0.06083474548866469
2026-01-23 17:00:00,AWS_04,0,normal,none,1,-0.00683529983336717
2026-01-23 17:15:00,AWS_04,0,normal,none,1,-0.009140755110394028
2026-01-23 17:30:00,AWS_04,0,normal,none,0,0.016942124665211777
2026-01-23 17:45:00,AWS_04,0,normal,none,0,0.0758889259498467
2026-01-23 18:00:00,AWS_04,0,normal,none,0,0.09249240712697943
2026-01-23 18:15:00,AWS_04,0,normal,none,0,0.04057409070359047
2026-01-23 18:30:00,AWS_04,0,normal,none,0,0.07499760526933064
2026-01-23 18:45:00,AWS_04,0,normal,none,0,0.07029807249445114
2026-01-23 19:00:00,AWS_04,0,normal,none,0,0.04094172159879994
2026-01-23 19:15:00,AWS_04,0,normal,none,0,0.05449962707820183
2026-01-23 19:30:00,AWS_04,0,normal,none,0,0.09246594981342071
2026-01-23 19:45:00,AWS_04,0,normal,none,0,0.06448824516205087
2026-01-23 20:00:00,AWS_04,0,normal,none,0,0.03601084023680112
2026-01-23 20:15:00,AWS_04,0,normal,none,0,0.08849511381610148
2026-01-23 20:30:00,AWS_04,0,normal,none,0,0.07330934102387471
2026-01-23 20:45:00,AWS_04,0,normal,none,0,0.09581290559571015
2026-01-23 21:00:00,AWS_04,0,normal,none,1,-0.00889458408991639
2026-01-23 21:15:00,AWS_04,0,normal,none,0,0.09549868160723057
2026-01-23 21:30:00,AWS_04,0,normal,none,0,0.09585792964871304
2026-01-23 21:45:00,AWS_04,0,normal,none,0,0.0652152460184019
2026-01-23 22:00:00,AWS_04,0,normal,none,0,0.10617768608595396
2026-01-23 22:15:00,AWS_04,0,normal,none,0,0.08323575677151479
2026-01-23 22:30:00,AWS_04,0,normal,none,0,0.05427225302250127
2026-01-23 22:45:00,AWS_04,0,normal,none,0,0.10429587093684861
2026-01-23 23:00:00,AWS_04,0,normal,none,0,0.08259231700436309
2026-01-23 23:15:00,AWS_04,0,normal,none,0,0.04889240645219517
2026-01-23 23:30:00,AWS_04,0,normal,none,0,0.09861008055196108
2026-01-23 23:45:00,AWS_04,0,normal,none,0,0.047270072784834916
2026-01-24 00:00:00,AWS_04,0,normal,none,0,0.04221907898346405
2026-01-24 00:15:00,AWS_04,0,normal,none,0,0.07257520285379981
2026-01-24 00:30:00,AWS_04,0,normal,none,0,0.04451410319197008
2026-01-24 00:45:00,AWS_04,0,normal,none,0,0.07068663696308758
2026-01-24 01:00:00,AWS_04,0,normal,none,0,0.09307588951106438
2026-01-24 01:15:00,AWS_04,0,normal,none,0,0.051100334228666
2026-01-24 01:30:00,AWS_04,0,normal,none,1,-0.03265879608091515
2026-01-24 01:45:00,AWS_04,0,normal,none,0,0.05989242483795243
2026-01-24 02:00:00,AWS_04,0,normal,none,0,0.08547278371772882
2026-01-24 02:15:00,AWS_04,0,normal,none,0,0.058173263768611094
2026-01-24 02:30:00,AWS_04,0,normal,none,0,0.04318587726445494
2026-01-24 02:45:00,AWS_04,0,normal,none,0,0.04400975797628115
2026-01-24 03:00:00,AWS_04,0,normal,none,0,0.034385558231593505
2026-01-24 03:15:00,AWS_04,0,normal,none,0,0.0473709528648395
2026-01-24 03:30:00,AWS_04,0,normal,none,0,0.0732786221300174
2026-01-24 03:45:00,AWS_04,0,normal,none,0,0.0711002384867837
2026-01-24 04:00:00,AWS_04,0,normal,none,0,0.04689564475804747
2026-01-24 04:15:00,AWS_04,0,normal,none,0,0.032900817004128
2026-01-24 04:30:00,AWS_04,0,normal,none,0,0.0643170152132902
2026-01-24 04:45:00,AWS_04,0,normal,none,0,0.07691351151646719
2026-01-24 05:00:00,AWS_04,0,normal,none,0,0.08500802272903701
2026-01-24 05:15:00,AWS_04,0,normal,none,1,-0.008301391319903928
2026-01-24 05:30:00,AWS_04,0,normal,none,0,0.07935549983294227
2026-01-24 05:45:00,AWS_04,0,normal,none,0,0.08925754234891847
2026-01-24 06:00:00,AWS_04,0,normal,none,0,0.06300561044913794
2026-01-24 06:15:00,AWS_04,0,normal,none,1,-0.003340084773643781
2026-01-24 06:30:00,AWS_04,0,normal,none,0,0.016650984128462665
2026-01-24 06:45:00,AWS_04,0,normal,none,0,0.06879446375408238
2026-01-24 07:00:00,AWS_04,0,normal,none,0,0.06689133463126584
2026-01-24 07:15:00,AWS_04,0,normal,none,0,0.06822042627191349
2026-01-24 07:30:00,AWS_04,0,normal,none,0,0.024122300171696143
2026-01-24 07:45:00,AWS_04,0,normal,none,0,0.08813854494443063
2026-01-24 08:00:00,AWS_04,0,normal,none,0,0.08318753347841995
2026-01-24 08:15:00,AWS_04,0,normal,none,0,0.10609593558177155
2026-01-24 08:30:00,AWS_04,0,normal,none,0,0.08766942919646958
2026-01-24 08:45:00,AWS_04,0,normal,none,0,0.07999077327110315
2026-01-24 09:00:00,AWS_04,0,normal,none,0,0.07746876242899842
2026-01-24 09:15:00,AWS_04,0,normal,none,0,0.058241383251186496
2026-01-24 09:30:00,AWS_04,0,normal,none,0,0.09540989005691602
2026-01-24 09:45:00,AWS_04,0,normal,none,0,0.05102130220799045
2026-01-24 10:00:00,AWS_04,0,normal,none,0,0.09416566211261118
2026-01-24 10:15:00,AWS_04,0,normal,none,0,0.06900685683252195
2026-01-24 10:30:00,AWS_04,0,normal,none,0,0.028806925767376423
2026-01-24 10:45:00,AWS_04,0,normal,none,0,0.09053645461463827
2026-01-24 11:00:00,AWS_04,0,normal,none,0,0.05320062057723918
2026-01-24 11:15:00,AWS_04,0,normal,none,0,0.03180835974669505
2026-01-24 11:30:00,AWS_04,0,normal,none,0,0.07449181897953755
2026-01-24 11:45:00,AWS_04,0,normal,none,0,0.07956734378129704
2026-01-24 12:00:00,AWS_04,0,normal,none,0,0.05643528086196897
2026-01-24 12:15:00,AWS_04,0,normal,none,0,0.08799728595166717
2026-01-24 12:30:00,AWS_04,0,normal,none,0,0.03824914086403319
2026-01-24 12:45:00,AWS_04,0,normal,none,0,0.08050828986893876
2026-01-24 13:00:00,AWS_04,0,normal,none,0,0.05821497329378711
2026-01-24 13:15:00,AWS_04,0,normal,none,0,0.032177643978928305
2026-01-24 13:30:00,AWS_04,0,normal,none,0,0.09486810267916335
2026-01-24 13:45:00,AWS_04,0,normal,none,0,0.07753141526527796
2026-01-24 14:00:00,AWS_04,0,normal,none,0,0.09594280639179997
2026-01-24 14:15:00,AWS_04,0,normal,none,0,0.06891279647473841
2026-01-24 14:30:00,AWS_04,0,normal,none,1,-0.012532291631672687
2026-01-24 14:45:00,AWS_04,0,normal,none,0,0.04561768869920574
2026-01-24 15:00:00,AWS_04,0,normal,none,0,0.09721152245758569
2026-01-24 15:15:00,AWS_04,0,normal,none,0,0.07893822480215762
2026-01-24 15:30:00,AWS_04,0,normal,none,0,0.08846816787061396
2026-01-24 15:45:00,AWS_04,0,normal,none,0,0.06353485995490987
2026-01-24 16:00:00,AWS_04,0,normal,none,0,0.0926161226383142
2026-01-24 16:15:00,AWS_04,0,normal,none,0,0.07251032666997542
2026-01-24 16:30:00,AWS_04,0,normal,none,0,0.07190031449920842
2026-01-24 16:45:00,AWS_04,0,normal,none,0,0.07586581426742289
2026-01-24 17:00:00,AWS_04,0,normal,none,0,0.08394022780356775
2026-01-24 17:15:00,AWS_04,0,normal,none,1,-0.002052186041116344
2026-01-24 17:30:00,AWS_04,0,normal,none,0,0.09476831284590204
2026-01-24 17:45:00,AWS_04,0,normal,none,0,0.08422727359136528
2026-01-24 18:00:00,AWS_04,0,normal,none,0,0.06421593080689686
2026-01-24 18:15:00,AWS_04,0,normal,none,0,0.09996412976090063
2026-01-24 18:30:00,AWS_04,0,normal,none,0,0.0308566405577545
2026-01-24 18:45:00,AWS_04,0,normal,none,0,0.09807188704961783
2026-01-24 19:00:00,AWS_04,0,normal,none,1,-0.02877017050812758
2026-01-24 19:15:00,AWS_04,0,normal,none,0,0.09354580292854553
2026-01-24 19:30:00,AWS_04,0,normal,none,0,0.10729501204638736
2026-01-24 19:45:00,AWS_04,0,normal,none,0,0.10214103952973896
2026-01-24 20:00:00,AWS_04,0,normal,none,0,0.08173426892824676
2026-01-24 20:15:00,AWS_04,0,normal,none,0,0.05781121756143354
2026-01-24 20:30:00,AWS_04,0,normal,none,0,0.10508354780257206
2026-01-24 20:45:00,AWS_04,0,normal,none,0,0.09940527344402023
2026-01-24 21:00:00,AWS_04,0,normal,none,0,0.10361054700289901
2026-01-24 21:15:00,AWS_04,0,normal,none,0,0.06060948875335859
2026-01-24 21:30:00,AWS_04,0,normal,none,0,0.0360328495075411
2026-01-24 21:45:00,AWS_04,0,normal,none,0,0.04556159846295277
2026-01-24 22:00:00,AWS_04,0,normal,none,0,0.051004765548033515
2026-01-24 22:15:00,AWS_04,0,normal,none,0,0.0696761115278704
2026-01-24 22:30:00,AWS_04,0,normal,none,1,-0.026387309664553382
2026-01-24 22:45:00,AWS_04,0,normal,none,0,0.08450216167244273
2026-01-24 23:00:00,AWS_04,0,normal,none,0,0.05866792308344365
2026-01-24 23:15:00,AWS_04,0,normal,none,0,0.003303416124589953
2026-01-24 23:30:00,AWS_04,0,normal,none,0,0.07216444411411704
2026-01-24 23:45:00,AWS_04,0,normal,none,0,0.07648093145359242
2026-01-25 00:00:00,AWS_04,0,normal,none,0,0.02982525855656787
2026-01-25 00:15:00,AWS_04,0,normal,none,0,0.05919465982182481
2026-01-25 00:30:00,AWS_04,0,normal,none,0,0.07409428238822696
2026-01-25 00:45:00,AWS_04,0,normal,none,0,0.026761543411193134
2026-01-25 01:00:00,AWS_04,0,normal,none,0,0.04606724868053902
2026-01-25 01:15:00,AWS_04,0,normal,none,0,0.035932432634556866
2026-01-25 01:30:00,AWS_04,0,normal,none,0,0.0033547226143503805
2026-01-25 01:45:00,AWS_04,0,normal,none,0,0.05907014123053983
2026-01-25 02:00:00,AWS_04,0,normal,none,0,0.04844970356393019
2026-01-25 02:15:00,AWS_04,0,normal,none,0,0.05258253654206119
2026-01-25 02:30:00,AWS_04,0,normal,none,1,-0.0056355392355194045
2026-01-25 02:45:00,AWS_04,0,normal,none,0,0.001398979419854618
2026-01-25 03:00:00,AWS_04,0,normal,none,0,0.021524601801535925
2026-01-25 03:15:00,AWS_04,0,normal,none,0,0.0340943833476931
2026-01-25 03:30:00,AWS_04,0,normal,none,0,0.04185001996392829
2026-01-25 03:45:00,AWS_04,0,normal,none,0,0.02655301972427454
2026-01-25 04:00:00,AWS_04,0,normal,none,0,0.0173657485006119
2026-01-25 04:15:00,AWS_04,0,normal,none,0,0.05900033883775052
2026-01-25 04:30:00,AWS_04,0,normal,none,0,0.020282919559337087
2026-01-25 04:45:00,AWS_04,0,normal,none,0,0.03852333832010113
2026-01-25 05:00:00,AWS_04,0,normal,none,0,0.04547638680084254
2026-01-25 05:15:00,AWS_04,0,normal,none,0,0.004269923624656502
2026-01-25 05:30:00,AWS_04,0,normal,none,0,0.042243547201263776
2026-01-25 05:45:00,AWS_04,0,normal,none,0,0.04433041971590934
2026-01-25 06:00:00,AWS_04,0,normal,none,1,-0.022998344134553927
2026-01-25 06:15:00,AWS_04,0,normal,none,0,0.05394989868583072
2026-01-25 06:30:00,AWS_04,0,normal,none,0,0.010202439712911182
2026-01-25 06:45:00,AWS_04,0,normal,none,0,0.02023814539127644
2026-01-25 07:00:00,AWS_04,0,normal,none,0,0.07500840092169214
2026-01-25 07:15:00,AWS_04,0,normal,none,0,0.03805837163873771
2026-01-25 07:30:00,AWS_04,0,normal,none,0,0.017732140365632976
2026-01-25 07:45:00,AWS_04,0,normal,none,0,0.0031746303299355905
2026-01-25 08:00:00,AWS_04,0,normal,none,0,0.10716132673982692
2026-01-25 08:15:00,AWS_04,0,normal,none,0,0.029428585403008856
2026-01-25 08:30:00,AWS_04,0,normal,none,0,0.012053175470334132
2026-01-25 08:45:00,AWS_04,0,normal,none,0,0.08467919156899367
2026-01-25 09:00:00,AWS_04,0,normal,none,0,0.08532326950375607
2026-01-25 09:15:00,AWS_04,0,normal,none,0,0.09711680849010645
2026-01-25 09:30:00,AWS_04,0,normal,none,0,0.07665283145093288
2026-01-25 09:45:00,AWS_04,0,normal,none,0,0.08805620043976653
2026-01-25 10:00:00,AWS_04,0,normal,none,0,0.09589799996420773
2026-01-25 10:15:00,AWS_04,0,normal,none,0,0.08879981321980734
2026-01-25 10:30:00,AWS_04,0,normal,none,0,0.06901386934489051
2026-01-25 10:45:00,AWS_04,0,normal,none,0,0.09268116399775816
2026-01-25 11:00:00,AWS_04,0,normal,none,0,0.034375975174049556
2026-01-25 11:15:00,AWS_04,0,normal,none,0,0.0679835122720755
2026-01-25 11:30:00,AWS_04,0,normal,none,0,0.040016990929840346
2026-01-25 11:45:00,AWS_04,0,normal,none,0,0.07444280650000884
2026-01-25 12:00:00,AWS_04,0,normal,none,0,0.06394330148557342
2026-01-25 12:15:00,AWS_04,0,normal,none,0,0.06994972724280774
2026-01-25 12:30:00,AWS_04,0,normal,none,0,0.0045093355910754696
2026-01-25 12:45:00,AWS_04,0,normal,none,0,0.07948209685965468
2026-01-25 13:00:00,AWS_04,0,normal,none,0,0.0187644901681584
2026-01-25 13:15:00,AWS_04,0,normal,none,0,0.05971324011175705
2026-01-25 13:30:00,AWS_04,0,normal,none,0,0.05974163365301671
2026-01-25 13:45:00,AWS_04,0,normal,none,0,0.07294579276782642
2026-01-25 14:00:00,AWS_04,0,normal,none,0,0.05326628782425047
2026-01-25 14:15:00,AWS_04,0,normal,none,0,0.006242426175197047
2026-01-25 14:30:00,AWS_04,0,normal,none,0,0.0384376943995447
2026-01-25 14:45:00,AWS_04,0,normal,none,0,0.08796634879897886
2026-01-25 15:00:00,AWS_04,0,normal,none,0,0.08438514427422389
2026-01-25 15:15:00,AWS_04,0,normal,none,0,0.04394116283841937
2026-01-25 15:30:00,AWS_04,0,normal,none,0,0.08570326177208853
2026-01-25 15:45:00,AWS_04,0,normal,none,0,0.07894173932878074
2026-01-25 16:00:00,AWS_04,0,normal,none,0,0.07741174538644968
2026-01-25 16:15:00,AWS_04,0,normal,none,0,0.052188189098494875
2026-01-25 16:30:00,AWS_04,0,normal,none,0,0.09506646785600581
2026-01-25 16:45:00,AWS_04,0,normal,none,0,0.08660968588201912
2026-01-25 17:00:00,AWS_04,0,normal,none,0,0.034840109171182854
2026-01-25 17:15:00,AWS_04,0,normal,none,0,0.08889413491935416
2026-01-25 17:30:00,AWS_04,0,normal,none,0,0.06299095007404343
2026-01-25 17:45:00,AWS_04,0,normal,none,0,0.04034461630535724
2026-01-25 18:00:00,AWS_04,0,normal,none,0,0.09894935154205131
2026-01-25 18:15:00,AWS_04,0,normal,none,0,0.07830424420133647
2026-01-25 18:30:00,AWS_04,0,normal,none,0,0.09066957671891451
2026-01-25 18:45:00,AWS_04,0,normal,none,0,0.05433816494069993
2026-01-25 19:00:00,AWS_04,0,normal,none,0,0.0450162291180472
2026-01-25 19:15:00,AWS_04,0,normal,none,0,0.09453117712059594
2026-01-25 19:30:00,AWS_04,0,normal,none,0,0.1030693989702609
2026-01-25 19:45:00,AWS_04,0,normal,none,0,0.00976340377272683
2026-01-25 20:00:00,AWS_04,0,normal,none,0,0.051807930623124276
2026-01-25 20:15:00,AWS_04,0,normal,none,0,0.03949607655421028
2026-01-25 20:30:00,AWS_04,0,normal,none,0,0.08950810965535677
2026-01-25 20:45:00,AWS_04,0,normal,none,0,0.09399611179513506
2026-01-25 21:00:00,AWS_04,0,normal,none,0,0.02710529024647529
2026-01-25 21:15:00,AWS_04,0,normal,none,0,0.027024591636875872
2026-01-25 21:30:00,AWS_04,0,normal,none,0,0.09674312518451805
2026-01-25 21:45:00,AWS_04,0,normal,none,0,0.04472603619959181
2026-01-25 22:00:00,AWS_04,0,normal,none,0,0.049625214008033824
2026-01-25 22:15:00,AWS_04,0,normal,none,0,0.07904675296099622
2026-01-25 22:30:00,AWS_04,0,normal,none,0,0.07066936287488357
2026-01-25 22:45:00,AWS_04,0,normal,none,0,0.048240565005818914
2026-01-25 23:00:00,AWS_04,0,normal,none,0,0.0660250664400372
2026-01-25 23:15:00,AWS_04,0,normal,none,0,0.02830686289346157
2026-01-25 23:30:00,AWS_04,0,normal,none,0,0.07115777545503577
2026-01-25 23:45:00,AWS_04,0,normal,none,0,0.03675142641280155
2026-01-26 00:00:00,AWS_04,0,normal,none,0,0.035307988308122984
2026-01-26 00:15:00,AWS_04,0,normal,none,0,0.05067937757204233
2026-01-26 00:30:00,AWS_04,0,normal,none,1,-0.026736932067888408
2026-01-26 00:45:00,AWS_04,0,normal,none,0,0.03715342168397984
2026-01-26 01:00:00,AWS_04,0,normal,none,0,0.048733763116180384
2026-01-26 01:15:00,AWS_04,0,normal,none,0,0.053128915027404244
2026-01-26 01:30:00,AWS_04,0,normal,none,1,-0.015982525325880514
2026-01-26 01:45:00,AWS_04,0,normal,none,0,0.02627783853368343
2026-01-26 02:00:00,AWS_04,0,normal,none,0,0.0191547853278774
2026-01-26 02:15:00,AWS_04,0,normal,none,0,0.018084854666218952
2026-01-26 02:30:00,AWS_04,0,normal,none,1,-0.007023941666100875
2026-01-26 02:45:00,AWS_04,0,normal,none,0,0.03476605136805366
2026-01-26 03:00:00,AWS_04,0,normal,none,0,0.04315474707224204
2026-01-26 03:15:00,AWS_04,0,normal,none,1,-0.004236570115722649
2026-01-26 03:30:00,AWS_04,0,normal,none,1,-0.001305213982927711
2026-01-26 03:45:00,AWS_04,0,normal,none,0,0.06558861235984431
2026-01-26 04:00:00,AWS_04,0,normal,none,1,-0.02031887537506405
2026-01-26 04:15:00,AWS_04,0,normal,none,0,0.025909465115765085
2026-01-26 04:30:00,AWS_04,0,normal,none,0,0.0449266134918101
2026-01-26 04:45:00,AWS_04,0,normal,none,0,0.0005268207036581707
2026-01-26 05:00:00,AWS_04,0,normal,none,0,0.014732881797321074
2026-01-26 05:15:00,AWS_04,0,normal,none,0,0.0212345259531862
2026-01-26 05:30:00,AWS_04,0,normal,none,0,0.05227368908221097
2026-01-26 05:45:00,AWS_04,0,normal,none,0,0.03719011546355544
2026-01-26 06:00:00,AWS_04,0,normal,none,0,0.025469363415125235
2026-01-26 06:15:00,AWS_04,0,normal,none,0,0.03316817314295617
2026-01-26 06:30:00,AWS_04,0,normal,none,1,-0.022669741945447353
2026-01-26 06:45:00,AWS_04,0,normal,none,1,-0.02784740453898782
2026-01-26 07:00:00,AWS_04,0,normal,none,0,0.0434928142368165
2026-01-26 07:15:00,AWS_04,0,normal,none,1,-0.007811344037004453
2026-01-26 07:30:00,AWS_04,0,normal,none,0,0.007163343292431512
2026-01-26 07:45:00,AWS_04,0,normal,none,0,0.04201552964390032
2026-01-26 08:00:00,AWS_04,0,normal,none,0,0.04977498035829209
2026-01-26 08:15:00,AWS_04,0,normal,none,0,0.022893836602551343
2026-01-26 08:30:00,AWS_04,0,normal,none,0,0.027073184389700466
2026-01-26 08:45:00,AWS_04,0,normal,none,0,0.07406831345083903
2026-01-26 09:00:00,AWS_04,0,normal,none,0,0.09758786202721609
2026-01-26 09:15:00,AWS_04,0,normal,none,0,0.07495545671904452
2026-01-26 09:30:00,AWS_04,0,normal,none,0,0.038896040059256176
2026-01-26 09:45:00,AWS_04,0,normal,none,0,0.04393999284909411
2026-01-26 10:00:00,AWS_04,0,normal,none,1,-0.021084931262075113
2026-01-26 10:15:00,AWS_04,0,normal,none,0,0.0528861457422925
2026-01-26 10:30:00,AWS_04,0,normal,none,0,0.042024689649025726
2026-01-26 10:45:00,AWS_04,0,normal,none,0,0.012680453324693253
2026-01-26 11:00:00,AWS_04,0,normal,none,0,0.04537813767927357
2026-01-26 11:15:00,AWS_04,0,normal,none,0,0.0869291892018556
2026-01-26 11:30:00,AWS_04,0,normal,none,0,0.018742378929010595
2026-01-26 11:45:00,AWS_04,0,normal,none,0,0.08570910461800968
2026-01-26 12:00:00,AWS_04,0,normal,none,0,0.08386837017679855
2026-01-26 12:15:00,AWS_04,0,normal,none,0,0.07465122255202894
2026-01-26 12:30:00,AWS_04,0,normal,none,0,0.07877188088288317
2026-01-26 12:45:00,AWS_04,0,normal,none,0,0.05807512063913112
2026-01-26 13:00:00,AWS_04,0,normal,none,0,0.0595725983928585
2026-01-26 13:15:00,AWS_04,0,normal,none,0,0.009375186397060253
2026-01-26 13:30:00,AWS_04,0,normal,none,0,0.07375286886222465
2026-01-26 13:45:00,AWS_04,0,normal,none,1,-0.007465461299738463
2026-01-26 14:00:00,AWS_04,0,normal,none,0,0.06761832151281738
2026-01-26 14:15:00,AWS_04,0,normal,none,0,0.08723319965388132
2026-01-26 14:30:00,AWS_04,0,normal,none,0,0.06637012480822135
2026-01-26 14:45:00,AWS_04,0,normal,none,0,0.06587005201024748
2026-01-26 15:00:00,AWS_04,0,normal,none,0,0.08249735451522461
2026-01-26 15:15:00,AWS_04,0,normal,none,0,0.09016847624194896
2026-01-26 15:30:00,AWS_04,0,normal,none,0,0.08430033554542116
2026-01-26 15:45:00,AWS_04,0,normal,none,0,0.10375679317672754
2026-01-26 16:00:00,AWS_04,0,normal,none,0,0.06744219123697626
2026-01-26 16:15:00,AWS_04,0,normal,none,0,0.05455313949526308
2026-01-26 16:30:00,AWS_04,0,normal,none,0,0.06439039800291901
2026-01-26 16:45:00,AWS_04,0,normal,none,0,0.0963723417025325
2026-01-26 17:00:00,AWS_04,0,normal,none,0,0.09125175088859278
2026-01-26 17:15:00,AWS_04,0,normal,none,0,0.008349081861958652
2026-01-26 17:30:00,AWS_04,0,normal,none,1,-0.005386642348600312
2026-01-26 17:45:00,AWS_04,0,normal,none,0,0.04667601214966588
2026-01-26 18:00:00,AWS_04,0,normal,none,0,0.10679515595397204
2026-01-26 18:15:00,AWS_04,0,normal,none,0,0.10827802118324875
2026-01-26 18:30:00,AWS_04,0,normal,none,0,0.057351285893334436
2026-01-26 18:45:00,AWS_04,0,normal,none,0,0.059051436426689696
2026-01-26 19:00:00,AWS_04,0,normal,none,0,0.08661341505606335
2026-01-26 19:15:00,AWS_04,0,normal,none,0,0.1069954937483048
2026-01-26 19:30:00,AWS_04,0,normal,none,0,0.11261742860344531
2026-01-26 19:45:00,AWS_04,0,normal,none,0,0.08471893283688098
2026-01-26 20:00:00,AWS_04,0,normal,none,0,0.10660137818147603
2026-01-26 20:15:00,AWS_04,0,normal,none,0,0.10548098888419027
2026-01-26 20:30:00,AWS_04,0,normal,none,0,0.05074220307478311
2026-01-26 20:45:00,AWS_04,0,normal,none,0,0.05325154764279072
2026-01-26 21:00:00,AWS_04,0,normal,none,0,0.06026553943355356
2026-01-26 21:15:00,AWS_04,0,normal,none,0,0.03551744175544813
2026-01-26 21:30:00,AWS_04,0,normal,none,0,0.0308729695402693
2026-01-26 21:45:00,AWS_04,0,normal,none,0,0.0996694583870203
2026-01-26 22:00:00,AWS_04,0,normal,none,0,0.08538011171410043
2026-01-26 22:15:00,AWS_04,0,normal,none,0,0.06509437040650651
2026-01-26 22:30:00,AWS_04,0,normal,none,0,0.0883626596546988
2026-01-26 22:45:00,AWS_04,0,normal,none,0,0.045134707832844956
2026-01-26 23:00:00,AWS_04,0,normal,none,0,0.03444608848069042
2026-01-26 23:15:00,AWS_04,0,normal,none,0,0.05669117685343267
2026-01-26 23:30:00,AWS_04,0,normal,none,0,0.06897844583491802
2026-01-26 23:45:00,AWS_04,0,normal,none,0,0.06600065546162753
2026-01-27 00:00:00,AWS_04,0,normal,none,1,-0.006161521862590447
2026-01-27 00:15:00,AWS_04,0,normal,none,0,0.021358582599025233
2026-01-27 00:30:00,AWS_04,0,normal,none,0,0.018465859269493623
2026-01-27 00:45:00,AWS_04,0,normal,none,0,0.05240008551531411
2026-01-27 01:00:00,AWS_04,0,normal,none,0,0.007290917139074593
2026-01-27 01:15:00,AWS_04,0,normal,none,1,-0.0653996827301685
2026-01-27 01:30:00,AWS_04,0,normal,none,0,0.04011876049367197
2026-01-27 01:45:00,AWS_04,0,normal,none,0,0.03149217825003259
2026-01-27 02:00:00,AWS_04,0,normal,none,0,0.04465638546922451
2026-01-27 02:15:00,AWS_04,0,normal,none,0,0.0802858949456765
2026-01-27 02:30:00,AWS_04,0,normal,none,0,0.01700868864302324
2026-01-27 02:45:00,AWS_04,0,normal,none,1,-0.021382084206328478
2026-01-27 03:00:00,AWS_04,0,normal,none,1,-0.04759025507352266
2026-01-27 03:15:00,AWS_04,0,normal,none,0,0.027077713558790906
2026-01-27 03:30:00,AWS_04,0,normal,none,0,0.03476425207444078
2026-01-27 03:45:00,AWS_04,0,normal,none,0,0.052864444705841784
2026-01-27 04:00:00,AWS_04,0,normal,none,0,0.005603861490465267
2026-01-27 04:15:00,AWS_04,0,normal,none,0,0.018219429213208682
2026-01-27 04:30:00,AWS_04,0,normal,none,0,0.0712221878513965
2026-01-27 04:45:00,AWS_04,0,normal,none,0,0.026809161439910023
2026-01-27 05:00:00,AWS_04,0,normal,none,0,0.031006965323437274
2026-01-27 05:15:00,AWS_04,0,normal,none,0,0.03529199687118001
2026-01-27 05:30:00,AWS_04,0,normal,none,0,0.060129146665641287
2026-01-27 05:45:00,AWS_04,0,normal,none,0,0.03594223052190154
2026-01-27 06:00:00,AWS_04,0,normal,none,0,0.07932249357261245
2026-01-27 06:15:00,AWS_04,0,normal,none,0,0.051469266260545266
2026-01-27 06:30:00,AWS_04,0,normal,none,0,0.07531414933473368
2026-01-27 06:45:00,AWS_04,0,normal,none,0,0.08969834235853413
2026-01-27 07:00:00,AWS_04,0,normal,none,0,0.08700398376380497
2026-01-27 07:15:00,AWS_04,0,normal,none,0,0.103307497254367
2026-01-27 07:30:00,AWS_04,0,normal,none,0,0.00511630731247642
2026-01-27 07:45:00,AWS_04,0,normal,none,1,-0.0014558005231365412
2026-01-27 08:00:00,AWS_04,0,normal,none,0,0.019783888089180357
2026-01-27 08:15:00,AWS_04,0,normal,none,0,0.03927479818959839
2026-01-27 08:30:00,AWS_04,0,normal,none,0,0.08642322390913082
2026-01-27 08:45:00,AWS_04,0,normal,none,0,0.10086636682517275
2026-01-27 09:00:00,AWS_04,0,normal,none,0,0.08769451387529575
2026-01-27 09:15:00,AWS_04,0,normal,none,0,0.0624518897761458
2026-01-27 09:30:00,AWS_04,0,normal,none,0,0.0207279020774217
2026-01-27 09:45:00,AWS_04,0,normal,none,1,-0.03889430105821157
2026-01-27 10:00:00,AWS_04,0,normal,none,0,0.047992066705054515
2026-01-27 10:15:00,AWS_04,0,normal,none,0,0.01621201006991091
2026-01-27 10:30:00,AWS_04,0,normal,none,0,0.09873276921683699
2026-01-27 10:45:00,AWS_04,0,normal,none,0,0.0994840293194118
2026-01-27 11:00:00,AWS_04,0,normal,none,0,0.057448037743769276
2026-01-27 11:15:00,AWS_04,0,normal,none,0,0.05925197752020617
2026-01-27 11:30:00,AWS_04,0,normal,none,0,0.0719560048845101
2026-01-27 11:45:00,AWS_04,0,normal,none,0,0.10378310922007467
2026-01-27 12:00:00,AWS_04,0,normal,none,0,0.09754587066340653
2026-01-27 12:15:00,AWS_04,0,normal,none,0,0.005025216403215793
2026-01-27 12:30:00,AWS_04,0,normal,none,0,0.025371785767971056
2026-01-27 12:45:00,AWS_04,0,normal,none,0,0.049614523320915094
2026-01-27 13:00:00,AWS_04,0,normal,none,1,-0.021175574135585462
2026-01-27 13:15:00,AWS_04,0,normal,none,0,0.012290952406296629
2026-01-27 13:30:00,AWS_04,0,normal,none,0,0.10333352530053475
2026-01-27 13:45:00,AWS_04,0,normal,none,0,0.08905969169037453
2026-01-27 14:00:00,AWS_04,0,normal,none,0,0.09634081520177412
2026-01-27 14:15:00,AWS_04,0,normal,none,0,0.1107878968699263
2026-01-27 14:30:00,AWS_04,0,normal,none,0,0.04980702138743415
2026-01-27 14:45:00,AWS_04,0,normal,none,0,0.06273107270875627
2026-01-27 15:00:00,AWS_04,0,normal,none,0,0.06579369257006151
2026-01-27 15:15:00,AWS_04,0,normal,none,0,0.022554897833167387
2026-01-27 15:30:00,AWS_04,0,normal,none,0,0.0711043770331437
2026-01-27 15:45:00,AWS_04,0,normal,none,0,0.04180528146360357
2026-01-27 16:00:00,AWS_04,0,normal,none,0,0.07180814313538847
2026-01-27 16:15:00,AWS_04,0,normal,none,0,0.053084484628684536
2026-01-27 16:30:00,AWS_04,0,normal,none,0,0.02179261870897997
2026-01-27 16:45:00,AWS_04,0,normal,none,1,-0.027602242469219718
2026-01-27 17:00:00,AWS_04,0,normal,none,0,0.023853538832336707
2026-01-27 17:15:00,AWS_04,0,normal,none,0,0.067809523408211
2026-01-27 17:30:00,AWS_04,0,normal,none,0,0.061453437487214324
2026-01-27 17:45:00,AWS_04,0,normal,none,0,0.10263319989158265
2026-01-27 18:00:00,AWS_04,0,normal,none,0,0.10232165804149862
2026-01-27 18:15:00,AWS_04,0,normal,none,0,0.08176443005892836
2026-01-27 18:30:00,AWS_04,0,normal,none,0,0.10483460904083441
2026-01-27 18:45:00,AWS_04,0,normal,none,0,0.041269162944800375
2026-01-27 19:00:00,AWS_04,0,normal,none,0,0.07604396628168342
2026-01-27 19:15:00,AWS_04,0,normal,none,0,0.03653644780934412
2026-01-27 19:30:00,AWS_04,0,normal,none,0,0.03156281559113455
2026-01-27 19:45:00,AWS_04,0,normal,none,0,0.08791670627968728
2026-01-27 20:00:00,AWS_04,0,normal,none,0,0.0948842649576605
2026-01-27 20:15:00,AWS_04,0,normal,none,0,0.11171487968338206
2026-01-27 20:30:00,AWS_04,0,normal,none,0,0.08614659678155207
2026-01-27 20:45:00,AWS_04,0,normal,none,0,0.02743127154879471
2026-01-27 21:00:00,AWS_04,0,normal,none,0,0.007973124548434407
2026-01-27 21:15:00,AWS_04,0,normal,none,0,0.09154256721253823
2026-01-27 21:30:00,AWS_04,0,normal,none,0,0.016744467605748825
2026-01-27 21:45:00,AWS_04,0,normal,none,0,0.0782972456867283
2026-01-27 22:00:00,AWS_04,0,normal,none,0,0.10531289620732293
2026-01-27 22:15:00,AWS_04,0,normal,none,0,0.09308991347187023
2026-01-27 22:30:00,AWS_04,0,normal,none,0,0.10570847230300762
2026-01-27 22:45:00,AWS_04,0,normal,none,0,0.07254995526213442
2026-01-27 23:00:00,AWS_04,0,normal,none,0,0.09693889463714173
2026-01-27 23:15:00,AWS_04,0,normal,none,0,0.09838913790433151
2026-01-27 23:30:00,AWS_04,0,normal,none,0,0.09677825453337768
2026-01-27 23:45:00,AWS_04,0,normal,none,0,0.10268420445158921
2026-01-28 00:00:00,AWS_04,0,normal,none,0,0.02898968951970249
2026-01-28 00:15:00,AWS_04,0,normal,none,0,0.07320237996386536
2026-01-28 00:30:00,AWS_04,0,normal,none,0,0.06026655373087253
2026-01-28 00:45:00,AWS_04,0,normal,none,0,0.02553205844852574
2026-01-28 01:00:00,AWS_04,0,normal,none,0,0.00865760668301574
2026-01-28 01:15:00,AWS_04,0,normal,none,0,0.046834034821861714
2026-01-28 01:30:00,AWS_04,0,normal,none,0,0.07625092136646877
2026-01-28 01:45:00,AWS_04,0,normal,none,0,0.0866744318105942
2026-01-28 02:00:00,AWS_04,0,normal,none,0,0.04668720477096977
2026-01-28 02:15:00,AWS_04,0,normal,none,0,0.062003103595067055
2026-01-28 02:30:00,AWS_04,0,normal,none,0,0.05473659893173405
2026-01-28 02:45:00,AWS_04,0,normal,none,0,0.07087510962430582
2026-01-28 03:00:00,AWS_04,0,normal,none,0,0.06992694442843944
2026-01-28 03:15:00,AWS_04,0,normal,none,0,0.05944991426872992
2026-01-28 03:30:00,AWS_04,0,normal,none,0,0.012753606939233164
2026-01-28 03:45:00,AWS_04,0,normal,none,1,-0.033520783974676394
2026-01-28 04:00:00,AWS_04,0,normal,none,1,-0.0028328955283041246
2026-01-28 04:15:00,AWS_04,0,normal,none,0,0.04633340292553828
2026-01-28 04:30:00,AWS_04,0,normal,none,0,0.027249613241721315
2026-01-28 04:45:00,AWS_04,0,normal,none,0,0.011343480543074769
2026-01-28 05:00:00,AWS_04,0,normal,none,0,0.033657613370044526
2026-01-28 05:15:00,AWS_04,0,normal,none,0,0.07411462254085804
2026-01-28 05:30:00,AWS_04,0,normal,none,0,0.05450291931727774
2026-01-28 05:45:00,AWS_04,0,normal,none,0,0.04008448583826835
2026-01-28 06:00:00,AWS_04,0,normal,none,0,0.07646815049508293
2026-01-28 06:15:00,AWS_04,0,normal,none,0,0.08381104804563627
2026-01-28 06:30:00,AWS_04,0,normal,none,1,-0.002332435997479343
2026-01-28 06:45:00,AWS_04,0,normal,none,0,0.09870315675229208
2026-01-28 07:00:00,AWS_04,0,normal,none,0,0.03477103920554325
2026-01-28 07:15:00,AWS_04,0,normal,none,1,-0.006214253627054744
2026-01-28 07:30:00,AWS_04,0,normal,none,0,0.0968860723607039
2026-01-28 07:45:00,AWS_04,0,normal,none,0,0.04972415300444394
2026-01-28 08:00:00,AWS_04,0,normal,none,0,0.06746370127905921
2026-01-28 08:15:00,AWS_04,0,normal,none,0,0.07800195214687261
2026-01-28 08:30:00,AWS_04,0,normal,none,0,0.10322865625367889
2026-01-28 08:45:00,AWS_04,0,normal,none,0,0.08487800914519344
2026-01-28 09:00:00,AWS_04,0,normal,none,0,0.023087966418020467
2026-01-28 09:15:00,AWS_04,0,normal,none,0,0.04882033316966178
2026-01-28 09:30:00,AWS_04,0,normal,none,0,0.08580166598012795
2026-01-28 09:45:00,AWS_04,0,normal,none,0,0.08382177666937518
2026-01-28 10:00:00,AWS_04,0,normal,none,0,0.015885314498060688
2026-01-28 10:15:00,AWS_04,0,normal,none,0,0.005456361455143388
2026-01-28 10:30:00,AWS_04,0,normal,none,1,-0.014004807742656
2026-01-28 10:45:00,AWS_04,0,normal,none,0,0.08986985467876651
2026-01-28 11:00:00,AWS_04,0,normal,none,0,0.03275289763038891
2026-01-28 11:15:00,AWS_04,0,normal,none,0,0.07555295709698068
2026-01-28 11:30:00,AWS_04,0,normal,none,0,0.061549081647853776
2026-01-28 11:45:00,AWS_04,0,normal,none,0,0.0521460489030392
2026-01-28 12:00:00,AWS_04,0,normal,none,0,0.10247488132227245
2026-01-28 12:15:00,AWS_04,0,normal,none,0,0.05502577406220277
2026-01-28 12:30:00,AWS_04,0,normal,none,0,0.08133797939013326
2026-01-28 12:45:00,AWS_04,0,normal,none,0,0.08121341503409896
2026-01-28 13:00:00,AWS_04,0,normal,none,0,0.06372359441493569
2026-01-28 13:15:00,AWS_04,0,normal,none,0,0.07770070020186892
2026-01-28 13:30:00,AWS_04,0,normal,none,0,0.05731615469785262
2026-01-28 13:45:00,AWS_04,0,normal,none,0,0.07037344727053346
2026-01-28 14:00:00,AWS_04,0,normal,none,0,0.03539922954792463
2026-01-28 14:15:00,AWS_04,0,normal,none,0,0.09022164079996675
2026-01-28 14:30:00,AWS_04,0,normal,none,0,0.08479786630897257
2026-01-28 14:45:00,AWS_04,0,normal,none,0,0.08409224945191918
2026-01-28 15:00:00,AWS_04,0,normal,none,0,0.08931738802300382
2026-01-28 15:15:00,AWS_04,0,normal,none,0,0.07695831476530168
2026-01-28 15:30:00,AWS_04,0,normal,none,0,0.08107185879485629
2026-01-28 15:45:00,AWS_04,0,normal,none,0,0.05339836298464462
2026-01-28 16:00:00,AWS_04,0,normal,none,0,0.103520283101317
2026-01-28 16:15:00,AWS_04,0,normal,none,0,0.10701271880870616
2026-01-28 16:30:00,AWS_04,0,normal,none,0,0.09232323678728072
2026-01-28 16:45:00,AWS_04,0,normal,none,0,0.09545296382308621
2026-01-28 17:00:00,AWS_04,0,normal,none,0,0.059979572628900135
2026-01-28 17:15:00,AWS_04,0,normal,none,0,0.0673546403782902
2026-01-28 17:30:00,AWS_04,0,normal,none,0,0.0801234423484154
2026-01-28 17:45:00,AWS_04,0,normal,none,0,0.10010003995516376
2026-01-28 18:00:00,AWS_04,0,normal,none,0,0.10582378254848152
2026-01-28 18:15:00,AWS_04,0,normal,none,0,0.08927028729138259
2026-01-28 18:30:00,AWS_04,0,normal,none,0,0.013849436547061778
2026-01-28 18:45:00,AWS_04,0,normal,none,0,0.09411326404857129
2026-01-28 19:00:00,AWS_04,0,normal,none,0,0.09273498070726355
2026-01-28 19:15:00,AWS_04,0,normal,none,0,0.09118995551346809
2026-01-28 19:30:00,AWS_04,0,normal,none,0,0.05546588440221106
2026-01-28 19:45:00,AWS_04,0,normal,none,0,0.09952196361174498
2026-01-28 20:00:00,AWS_04,0,normal,none,0,0.05374383666154764
2026-01-28 20:15:00,AWS_04,0,normal,none,0,0.018387564579795124
2026-01-28 20:30:00,AWS_04,0,normal,none,0,0.03862449564643444
2026-01-28 20:45:00,AWS_04,0,normal,none,0,0.076284254162448
2026-01-28 21:00:00,AWS_04,0,normal,none,0,0.09885416797698565
2026-01-28 21:15:00,AWS_04,0,normal,none,0,0.0192624971193609
2026-01-28 21:30:00,AWS_04,0,normal,none,0,0.0970694708521318
2026-01-28 21:45:00,AWS_04,0,normal,none,0,0.0683395991614193
2026-01-28 22:00:00,AWS_04,0,normal,none,0,0.03875480196168929
2026-01-28 22:15:00,AWS_04,0,normal,none,0,0.08849832095003207
2026-01-28 22:30:00,AWS_04,0,normal,none,0,0.08765797010109194
2026-01-28 22:45:00,AWS_04,0,normal,none,1,-0.027788466260182054
2026-01-28 23:00:00,AWS_04,0,normal,none,0,0.06712241970904387
2026-01-28 23:15:00,AWS_04,0,normal,none,0,0.07923409560980949
2026-01-28 23:30:00,AWS_04,0,normal,none,0,0.0734360057506167
2026-01-28 23:45:00,AWS_04,0,normal,none,0,0.04964298659491512
2026-01-29 00:00:00,AWS_04,0,normal,none,0,0.08262524895769102
2026-01-29 00:15:00,AWS_04,0,normal,none,0,0.07909482185045041
2026-01-29 00:30:00,AWS_04,0,normal,none,0,0.06589326323237255
2026-01-29 00:45:00,AWS_04,0,normal,none,0,0.07314204034912908
2026-01-29 01:00:00,AWS_04,0,normal,none,0,0.024431046322881178
2026-01-29 01:15:00,AWS_04,0,normal,none,0,0.07172278809947386
2026-01-29 01:30:00,AWS_04,0,normal,none,0,0.008254604342976923
2026-01-29 01:45:00,AWS_04,0,normal,none,0,0.01465208600492568
2026-01-29 02:00:00,AWS_04,0,normal,none,1,-0.048010969867615105
2026-01-29 02:15:00,AWS_04,0,normal,none,1,-0.02936893290157261
2026-01-29 02:30:00,AWS_04,0,normal,none,0,0.0329241246184242
2026-01-29 02:45:00,AWS_04,0,normal,none,1,-0.042325922163513274
2026-01-29 03:00:00,AWS_04,0,normal,none,1,-0.06585732421005674
2026-01-29 03:15:00,AWS_04,0,normal,none,0,0.029936885053719997
2026-01-29 03:30:00,AWS_04,0,normal,none,0,0.05581435704938176
2026-01-29 03:45:00,AWS_04,0,normal,none,0,0.026696615544471003
2026-01-29 04:00:00,AWS_04,0,normal,none,1,-0.01420627893103743
2026-01-29 04:15:00,AWS_04,0,normal,none,0,0.031659293019422
2026-01-29 04:30:00,AWS_04,0,normal,none,0,0.048082737483678695
2026-01-29 04:45:00,AWS_04,0,normal,none,0,0.05574491838101853
2026-01-29 05:00:00,AWS_04,0,normal,none,0,0.05672585497610483
2026-01-29 05:15:00,AWS_04,0,normal,none,0,0.06122060205914026
2026-01-29 05:30:00,AWS_04,0,normal,none,0,0.06768234861641825
2026-01-29 05:45:00,AWS_04,0,normal,none,1,-0.010662216372570588
2026-01-29 06:00:00,AWS_04,0,normal,none,0,0.0031998802304162854
2026-01-29 06:15:00,AWS_04,0,normal,none,0,0.08301219228890322
2026-01-29 06:30:00,AWS_04,0,normal,none,1,-0.026281843403613836
2026-01-29 06:45:00,AWS_04,0,normal,none,0,0.03750340311737671
2026-01-29 07:00:00,AWS_04,0,normal,none,0,0.022466558163166006
2026-01-29 07:15:00,AWS_04,0,normal,none,0,0.06296661026312905
2026-01-29 07:30:00,AWS_04,0,normal,none,0,0.019304561290495514
2026-01-29 07:45:00,AWS_04,0,normal,none,0,0.0019087677954259252
2026-01-29 08:00:00,AWS_04,0,normal,none,0,0.09086828030220362
2026-01-29 08:15:00,AWS_04,0,normal,none,0,0.03802043070537664
2026-01-29 08:30:00,AWS_04,0,normal,none,0,0.0076306772188010075
2026-01-29 08:45:00,AWS_04,0,normal,none,0,0.09109022955007717
2026-01-29 09:00:00,AWS_04,0,normal,none,0,0.0719267896536041
2026-01-29 09:15:00,AWS_04,0,normal,none,0,0.10228242575558277
2026-01-29 09:30:00,AWS_04,0,normal,none,0,0.057066418099100236
2026-01-29 09:45:00,AWS_04,0,normal,none,0,0.053078525763923134
2026-01-29 10:00:00,AWS_04,0,normal,none,0,0.09248835921985077
2026-01-29 10:15:00,AWS_04,0,normal,none,0,0.06141333295451973
2026-01-29 10:30:00,AWS_04,0,normal,none,0,0.07674528010048354
2026-01-29 10:45:00,AWS_04,0,normal,none,0,0.05514857574867432
2026-01-29 11:00:00,AWS_04,0,normal,none,0,0.08364154408966368
2026-01-29 11:15:00,AWS_04,0,normal,none,0,0.07802650180563814
2026-01-29 11:30:00,AWS_04,0,normal,none,0,0.02423178968254286
2026-01-29 11:45:00,AWS_04,0,normal,none,0,0.08404582949022582
2026-01-29 12:00:00,AWS_04,0,normal,none,0,0.09277653254550361
2026-01-29 12:15:00,AWS_04,0,normal,none,0,0.09665973819856777
2026-01-29 12:30:00,AWS_04,0,normal,none,0,0.025447270253872445
2026-01-29 12:45:00,AWS_04,0,normal,none,0,0.03565267260159993
2026-01-29 13:00:00,AWS_04,0,normal,none,1,-0.015025205789761298
2026-01-29 13:15:00,AWS_04,0,normal,none,0,0.08381943194875707
2026-01-29 13:30:00,AWS_04,0,normal,none,0,0.03301957661066074
2026-01-29 13:45:00,AWS_04,0,normal,none,0,0.09042137322728389
2026-01-29 14:00:00,AWS_04,0,normal,none,0,0.08071345557464293
2026-01-29 14:15:00,AWS_04,0,normal,none,0,0.05512977623157428
2026-01-29 14:30:00,AWS_04,0,normal,none,0,0.06664298260857132
2026-01-29 14:45:00,AWS_04,0,normal,none,0,0.06101233726992339
2026-01-29 15:00:00,AWS_04,0,normal,none,0,0.08490935294696911
2026-01-29 15:15:00,AWS_04,0,normal,none,0,0.058912582837113425
2026-01-29 15:30:00,AWS_04,0,normal,none,0,0.035174615582776125
2026-01-29 15:45:00,AWS_04,0,normal,none,0,0.07410207444259359
2026-01-29 16:00:00,AWS_04,0,normal,none,0,0.08722412026329474
2026-01-29 16:15:00,AWS_04,0,normal,none,0,0.0709016261945502
2026-01-29 16:30:00,AWS_04,0,normal,none,0,0.08520528771373781
2026-01-29 16:45:00,AWS_04,0,normal,none,0,0.08772472134049075
2026-01-29 17:00:00,AWS_04,0,normal,none,0,0.07277063574632325
2026-01-29 17:15:00,AWS_04,0,normal,none,0,0.06230982641966054
2026-01-29 17:30:00,AWS_04,0,normal,none,0,0.025643365212862923
2026-01-29 17:45:00,AWS_04,0,normal,none,0,0.03964014774375052
2026-01-29 18:00:00,AWS_04,0,normal,none,0,0.09306320339402313
2026-01-29 18:15:00,AWS_04,0,normal,none,0,0.03725942445204955
2026-01-29 18:30:00,AWS_04,0,normal,none,0,0.04610464050707297
2026-01-29 18:45:00,AWS_04,0,normal,none,0,0.07613831218246364
2026-01-29 19:00:00,AWS_04,0,normal,none,0,0.08710890411077477
2026-01-29 19:15:00,AWS_04,0,normal,none,0,0.089191331417724
2026-01-29 19:30:00,AWS_04,0,normal,none,0,0.06127132165307275
2026-01-29 19:45:00,AWS_04,0,normal,none,1,-0.0298788690951024
2026-01-29 20:00:00,AWS_04,0,normal,none,0,0.0456108461804553
2026-01-29 20:15:00,AWS_04,0,normal,none,0,0.08322922739617061
2026-01-29 20:30:00,AWS_04,0,normal,none,0,0.07337212339100063
2026-01-29 20:45:00,AWS_04,0,normal,none,0,0.08897794486901195
2026-01-29 21:00:00,AWS_04,0,normal,none,0,0.09586751161365553
2026-01-29 21:15:00,AWS_04,0,normal,none,0,0.07895050176520046
2026-01-29 21:30:00,AWS_04,0,normal,none,0,0.08313611224777001
2026-01-29 21:45:00,AWS_04,0,normal,none,0,0.0950641975867122
2026-01-29 22:00:00,AWS_04,0,normal,none,0,0.048510173570139925
2026-01-29 22:15:00,AWS_04,0,normal,none,0,0.03530905840123105
2026-01-29 22:30:00,AWS_04,0,normal,none,0,0.07015254071126553
2026-01-29 22:45:00,AWS_04,0,normal,none,0,0.0973768127423198
2026-01-29 23:00:00,AWS_04,0,normal,none,0,0.08887164848046947
2026-01-29 23:15:00,AWS_04,0,normal,none,0,0.006200064545039907
2026-01-29 23:30:00,AWS_04,0,normal,none,0,0.10150482881698786
2026-01-29 23:45:00,AWS_04,0,normal,none,0,0.09904065935197226
2026-01-30 00:00:00,AWS_04,0,normal,none,0,0.06115078878080127
2026-01-30 00:15:00,AWS_04,0,normal,none,0,0.004153774858866199
2026-01-30 00:30:00,AWS_04,0,normal,none,0,0.06447906729498626
2026-01-30 00:45:00,AWS_04,0,normal,none,0,0.06343543340200825
2026-01-30 01:00:00,AWS_04,0,normal,none,0,0.05856506017287899
2026-01-30 01:15:00,AWS_04,0,normal,none,0,0.05735975894550677
2026-01-30 01:30:00,AWS_04,0,normal,none,1,-0.018138788305100184
2026-01-30 01:45:00,AWS_04,0,normal,none,1,-0.004244964677790786
2026-01-30 02:00:00,AWS_04,0,normal,none,0,0.021818206908699178
2026-01-30 02:15:00,AWS_04,0,normal,none,0,0.061841132317573544
2026-01-30 02:30:00,AWS_04,0,normal,none,0,0.02698213287448714
2026-01-30 02:45:00,AWS_04,0,normal,none,0,0.038956223128112255
2026-01-30 03:00:00,AWS_04,0,normal,none,0,0.0459513651432254
2026-01-30 03:15:00,AWS_04,0,normal,none,1,-0.03245170205390824
2026-01-30 03:30:00,AWS_04,0,normal,none,1,-0.03223512841105258
2026-01-30 03:45:00,AWS_04,0,normal,none,1,-0.02911670255198595
2026-01-30 04:00:00,AWS_04,0,normal,none,0,0.005196834101777181
2026-01-30 04:15:00,AWS_04,0,normal,none,0,0.03964718715390325
2026-01-30 04:30:00,AWS_04,0,normal,none,0,0.03959247881154748
2026-01-30 04:45:00,AWS_04,0,normal,none,0,0.03223071300040048
2026-01-30 05:00:00,AWS_04,0,normal,none,1,-0.03810125187284796
2026-01-30 05:15:00,AWS_04,0,normal,none,1,-0.002643694312518874
2026-01-30 05:30:00,AWS_04,0,normal,none,0,0.039797188436780484
2026-01-30 05:45:00,AWS_04,0,normal,none,0,0.035733868657288004
2026-01-30 06:00:00,AWS_04,0,normal,none,1,-0.014766626924394455
2026-01-30 06:15:00,AWS_04,0,normal,none,0,0.011961610974206727
2026-01-30 06:30:00,AWS_04,0,normal,none,0,0.06074453887974346
2026-01-30 06:45:00,AWS_04,0,normal,none,0,0.060087394479657996
2026-01-30 07:00:00,AWS_04,0,normal,none,0,0.062475906334914455
2026-01-30 07:15:00,AWS_04,0,normal,none,0,0.07207858069778977
2026-01-30 07:30:00,AWS_04,0,normal,none,0,0.05152881237850243
2026-01-30 07:45:00,AWS_04,0,normal,none,0,0.04503247502493912
2026-01-30 08:00:00,AWS_04,0,normal,none,0,0.07359383930996938
2026-01-30 08:15:00,AWS_04,0,normal,none,1,-0.03128046639780191
2026-01-30 08:30:00,AWS_04,0,normal,none,0,0.045923096772529426
2026-01-30 08:45:00,AWS_04,0,normal,none,0,0.0440133197871278
2026-01-30 09:00:00,AWS_04,0,normal,none,0,0.03734345451772214
2026-01-30 09:15:00,AWS_04,0,normal,none,0,0.056900603265445604
2026-01-30 09:30:00,AWS_04,0,normal,none,0,0.07143408478439428
2026-01-30 09:45:00,AWS_04,0,normal,none,0,0.07796993521188422
2026-01-30 10:00:00,AWS_04,0,normal,none,0,0.0528193670406758
2026-01-30 10:15:00,AWS_04,0,normal,none,0,0.0552472246156403
2026-01-30 10:30:00,AWS_04,0,normal,none,0,0.011716010239474883
2026-01-30 10:45:00,AWS_04,0,normal,none,0,0.07377561591743181
2026-01-30 11:00:00,AWS_04,0,normal,none,0,0.06505323988749839
2026-01-30 11:15:00,AWS_04,0,normal,none,0,0.02526997634690259
2026-01-30 11:30:00,AWS_04,0,normal,none,0,0.055036089654867504
2026-01-30 11:45:00,AWS_04,0,normal,none,0,0.07388420920456468
2026-01-30 12:00:00,AWS_04,0,normal,none,0,0.05789703546648867
2026-01-30 12:15:00,AWS_04,0,normal,none,0,0.04025222194047412
2026-01-30 12:30:00,AWS_04,0,normal,none,0,0.025960523586769035
2026-01-30 12:45:00,AWS_04,0,normal,none,0,0.005141065431027214
2026-01-30 13:00:00,AWS_04,0,normal,none,0,0.003561090991898719
2026-01-30 13:15:00,AWS_04,0,normal,none,0,0.07563280631884017
2026-01-30 13:30:00,AWS_04,0,normal,none,0,0.067623051810899
2026-01-30 13:45:00,AWS_04,0,normal,none,0,0.033615673549614256
2026-01-30 14:00:00,AWS_04,0,normal,none,0,0.03908573182008407
2026-01-30 14:15:00,AWS_04,0,normal,none,0,0.0681509831595028
2026-01-30 14:30:00,AWS_04,0,normal,none,1,-0.022451699490806942
2026-01-30 14:45:00,AWS_04,0,normal,none,0,0.053138188085196436
2026-01-30 15:00:00,AWS_04,0,normal,none,0,0.0450558950407966
2026-01-30 15:15:00,AWS_04,0,normal,none,0,0.034792529650225223
2026-01-30 15:30:00,AWS_04,0,normal,none,0,0.02500708579874289
2026-01-30 15:45:00,AWS_04,0,normal,none,0,0.06710445294996215
2026-01-30 16:00:00,AWS_04,0,normal,none,0,0.07715854077642287
2026-01-30 16:15:00,AWS_04,0,normal,none,0,0.021646738372530783
2026-01-30 16:30:00,AWS_04,0,normal,none,0,0.04048926764751942
2026-01-30 16:45:00,AWS_04,0,normal,none,0,0.06958196420735357
2026-01-30 17:00:00,AWS_04,0,normal,none,0,0.06843513938135859
2026-01-30 17:15:00,AWS_04,0,normal,none,0,0.07396229657557568
2026-01-30 17:30:00,AWS_04,0,normal,none,0,0.07356275364604442
2026-01-30 17:45:00,AWS_04,0,normal,none,0,0.057665370661852844
2026-01-30 18:00:00,AWS_04,0,normal,none,0,0.06080622989489026
2026-01-30 18:15:00,AWS_04,0,normal,none,0,0.03414358787087424
2026-01-30 18:30:00,AWS_04,0,normal,none,0,0.0708820969396205
2026-01-30 18:45:00,AWS_04,0,normal,none,0,0.07189467130288674
2026-01-30 19:00:00,AWS_04,0,normal,none,0,0.03721928756979187
2026-01-30 19:15:00,AWS_04,0,normal,none,0,0.07203088528944268
2026-01-30 19:30:00,AWS_04,0,normal,none,0,0.01847578247466436
2026-01-30 19:45:00,AWS_04,0,normal,none,1,-0.0032043555539036372
2026-01-30 20:00:00,AWS_04,0,normal,none,0,0.07377100568579997
2026-01-30 20:15:00,AWS_04,0,normal,none,0,0.09877854596048802
2026-01-30 20:30:00,AWS_04,0,normal,none,0,0.09662273690078282
2026-01-30 20:45:00,AWS_04,0,normal,none,0,0.01073725811616505
2026-01-30 21:00:00,AWS_04,0,normal,none,0,0.02181402900092977
2026-01-30 21:15:00,AWS_04,0,normal,none,0,0.06350247698064437
2026-01-30 21:30:00,AWS_04,0,normal,none,0,0.033848683614445596
2026-01-30 21:45:00,AWS_04,0,normal,none,0,0.0671028662279452
2026-01-30 22:00:00,AWS_04,0,normal,none,0,0.08250192230535902
2026-01-30 22:15:00,AWS_04,0,normal,none,0,0.07041586016055407
2026-01-30 22:30:00,AWS_04,0,normal,none,0,0.06353095084558535
2026-01-30 22:45:00,AWS_04,0,normal,none,0,0.09560780947892483
2026-01-30 23:00:00,AWS_04,0,normal,none,0,0.08991281562794268
2026-01-30 23:15:00,AWS_04,0,normal,none,0,0.06938399831559844
2026-01-30 23:30:00,AWS_04,0,normal,none,0,0.05132714928368415
2026-01-30 23:45:00,AWS_04,0,normal,none,1,-0.040545882564686164
2026-01-01 00:15:00,AWS_05,0,normal,none,0,0.09499008210498494
2026-01-01 00:30:00,AWS_05,0,normal,none,0,0.09325658776855628
2026-01-01 00:45:00,AWS_05,0,normal,none,0,0.040148948924992545
2026-01-01 01:00:00,AWS_05,0,normal,none,0,0.08350988570234386
2026-01-01 01:15:00,AWS_05,0,normal,none,0,0.07740080863571541
2026-01-01 01:30:00,AWS_05,0,normal,none,0,0.020373321109161402
2026-01-01 01:45:00,AWS_05,0,normal,none,0,0.06218685991896444
2026-01-01 02:00:00,AWS_05,0,normal,none,0,0.09412214745546738
2026-01-01 02:15:00,AWS_05,0,normal,none,0,0.07805896033884774
2026-01-01 02:30:00,AWS_05,0,normal,none,0,0.07102738021563276
2026-01-01 02:45:00,AWS_05,0,normal,none,0,0.0802029420403571
2026-01-01 03:00:00,AWS_05,0,normal,none,0,0.07026530279759352
2026-01-01 03:15:00,AWS_05,0,normal,none,0,0.08391757924077503
2026-01-01 03:30:00,AWS_05,0,normal,none,1,-0.007583378427516441
2026-01-01 03:45:00,AWS_05,0,normal,none,0,0.036489188226446256
2026-01-01 04:00:00,AWS_05,0,normal,none,0,0.07221534519063211
2026-01-01 04:15:00,AWS_05,0,normal,none,0,0.08063829310203913
2026-01-01 04:30:00,AWS_05,0,normal,none,1,-0.008619537892527451
2026-01-01 04:45:00,AWS_05,0,normal,none,1,-0.06175678123968542
2026-01-01 05:00:00,AWS_05,0,normal,none,0,0.04095618045668248
2026-01-01 05:15:00,AWS_05,0,normal,none,0,0.07593755129711816
2026-01-01 05:30:00,AWS_05,0,normal,none,0,0.09406288348314928
2026-01-01 05:45:00,AWS_05,0,normal,none,0,0.08213613809413406
2026-01-01 06:00:00,AWS_05,0,normal,none,0,0.09137041996462897
2026-01-01 06:15:00,AWS_05,0,normal,none,0,0.06946332163672986
2026-01-01 06:30:00,AWS_05,0,normal,none,0,0.077700237859467
2026-01-01 06:45:00,AWS_05,0,normal,none,0,0.10354678083503571
2026-01-01 07:00:00,AWS_05,0,normal,none,0,0.09211301233848479
2026-01-01 07:15:00,AWS_05,0,normal,none,0,0.04008275431048064
2026-01-01 07:30:00,AWS_05,0,normal,none,0,0.09443030667312619
2026-01-01 07:45:00,AWS_05,0,normal,none,0,0.09554577448648788
2026-01-01 08:00:00,AWS_05,0,normal,none,0,0.09318969209967831
2026-01-01 08:15:00,AWS_05,0,normal,none,0,0.10802727866587647
2026-01-01 08:30:00,AWS_05,0,normal,none,0,0.07689845350979563
2026-01-01 08:45:00,AWS_05,0,normal,none,0,0.09756611026597639
2026-01-01 09:00:00,AWS_05,0,normal,none,0,0.08903395458405156
2026-01-01 09:15:00,AWS_05,0,normal,none,0,0.0539779374893789
2026-01-01 09:30:00,AWS_05,0,normal,none,0,0.09471841578276968
2026-01-01 09:45:00,AWS_05,0,normal,none,0,0.06608923990294308
2026-01-01 10:00:00,AWS_05,0,normal,none,0,0.09056464154060961
2026-01-01 10:15:00,AWS_05,0,normal,none,0,0.10235127978920472
2026-01-01 10:30:00,AWS_05,0,normal,none,0,0.11408664530116847
2026-01-01 10:45:00,AWS_05,0,normal,none,0,0.05741291759249606
2026-01-01 11:00:00,AWS_05,0,normal,none,0,0.10072526422325984
2026-01-01 11:15:00,AWS_05,0,normal,none,0,0.1083943501563625
2026-01-01 11:30:00,AWS_05,0,normal,none,0,0.08843983357768082
2026-01-01 11:45:00,AWS_05,0,normal,none,0,0.10247025048645775
2026-01-01 12:00:00,AWS_05,0,normal,none,0,0.02240142432505715
2026-01-01 12:15:00,AWS_05,0,normal,none,0,0.07984014812917323
2026-01-01 12:30:00,AWS_05,0,normal,none,0,0.057080020724596336
2026-01-01 12:45:00,AWS_05,0,normal,none,0,0.10507070653977468
2026-01-01 13:00:00,AWS_05,0,normal,none,0,0.05298639630965768
2026-01-01 13:15:00,AWS_05,0,normal,none,1,-0.04664023078489676
2026-01-01 13:30:00,AWS_05,0,normal,none,0,0.06975288164793242
2026-01-01 13:45:00,AWS_05,0,normal,none,0,0.1015644566838943
2026-01-01 14:00:00,AWS_05,0,normal,none,0,0.028937813751226837
2026-01-01 14:15:00,AWS_05,0,normal,none,1,-0.0272255229206273
2026-01-01 14:30:00,AWS_05,0,normal,none,1,-0.003279403546898596
2026-01-01 14:45:00,AWS_05,0,normal,none,0,0.08590640945011879
2026-01-01 15:00:00,AWS_05,0,normal,none,0,0.07772280992182051
2026-01-01 15:15:00,AWS_05,0,normal,none,0,0.05758990321270668
2026-01-01 15:30:00,AWS_05,0,normal,none,0,0.0868045249353332
2026-01-01 15:45:00,AWS_05,0,normal,none,0,0.058229996048990595
2026-01-01 16:00:00,AWS_05,0,normal,none,0,0.06439638702957584
2026-01-01 16:15:00,AWS_05,0,normal,none,0,0.05184649315402989
2026-01-01 16:30:00,AWS_05,0,normal,none,0,0.08004579105521659
2026-01-01 16:45:00,AWS_05,0,normal,none,0,0.09279772861889235
2026-01-01 17:00:00,AWS_05,0,normal,none,0,0.07777597038126832
2026-01-01 17:15:00,AWS_05,0,normal,none,0,0.053513558256181704
2026-01-01 17:30:00,AWS_05,0,normal,none,0,0.05052334620961929
2026-01-01 17:45:00,AWS_05,0,normal,none,0,0.08142132029814875
2026-01-01 18:00:00,AWS_05,0,normal,none,0,0.09048021273576184
2026-01-01 18:15:00,AWS_05,0,normal,none,0,0.07999368276202157
2026-01-01 18:30:00,AWS_05,0,normal,none,1,-0.03590737520034004
2026-01-01 18:45:00,AWS_05,0,normal,none,0,0.03262601041732688
2026-01-01 19:00:00,AWS_05,0,normal,none,0,0.0862431356734597
2026-01-01 19:15:00,AWS_05,0,normal,none,0,0.03194568762801858
2026-01-01 19:30:00,AWS_05,0,normal,none,0,0.09772636604733737
2026-01-01 19:45:00,AWS_05,0,normal,none,0,0.07745802141536423
2026-01-01 20:00:00,AWS_05,0,normal,none,0,0.09829834070074722
2026-01-01 20:15:00,AWS_05,0,normal,none,0,0.0970464721307816
2026-01-01 20:30:00,AWS_05,0,normal,none,0,0.07055451418937075
2026-01-01 20:45:00,AWS_05,0,normal,none,0,0.07856712794135645
2026-01-01 21:00:00,AWS_05,0,normal,none,0,0.08511741559397329
2026-01-01 21:15:00,AWS_05,0,normal,none,0,0.09966501549003665
2026-01-01 21:30:00,AWS_05,0,normal,none,0,0.08752246656986307
2026-01-01 21:45:00,AWS_05,0,normal,none,0,0.09717944306298715
2026-01-01 22:00:00,AWS_05,0,normal,none,0,0.10369127708076487
2026-01-01 22:15:00,AWS_05,0,normal,none,0,0.05743865161500322
2026-01-01 22:30:00,AWS_05,0,normal,none,1,-0.011723678134950677
2026-01-01 22:45:00,AWS_05,0,normal,none,0,0.07732263768677605
2026-01-01 23:00:00,AWS_05,0,normal,none,0,0.09004980915653932
2026-01-01 23:15:00,AWS_05,0,normal,none,0,0.05043635841659211
2026-01-01 23:30:00,AWS_05,0,normal,none,0,0.0984378913049655
2026-01-01 23:45:00,AWS_05,0,normal,none,0,0.028991729041462744
2026-01-02 00:00:00,AWS_05,0,normal,none,0,0.033263608582922155
2026-01-02 00:15:00,AWS_05,0,normal,none,0,0.04900072753069695
2026-01-02 00:30:00,AWS_05,0,normal,none,0,0.08096256902631993
2026-01-02 00:45:00,AWS_05,0,normal,none,0,0.06991307092264115
2026-01-02 01:00:00,AWS_05,0,normal,none,0,0.10135448129423152
2026-01-02 01:15:00,AWS_05,0,normal,none,0,0.030134674989482135
2026-01-02 01:30:00,AWS_05,0,normal,none,0,0.061228782701375994
2026-01-02 01:45:00,AWS_05,0,normal,none,0,0.03476375031684209
2026-01-02 02:00:00,AWS_05,0,normal,none,0,0.04998697062139229
2026-01-02 02:15:00,AWS_05,0,normal,none,0,0.0843201241874415
2026-01-02 02:30:00,AWS_05,0,normal,none,0,0.0782108572903345
2026-01-02 02:45:00,AWS_05,0,normal,none,0,0.08800020179318996
2026-01-02 03:00:00,AWS_05,0,normal,none,0,0.07642728254503284
2026-01-02 03:15:00,AWS_05,0,normal,none,0,0.10257422108329223
2026-01-02 03:30:00,AWS_05,0,normal,none,0,0.07891985089176312
2026-01-02 03:45:00,AWS_05,0,normal,none,0,0.06948942849390899
2026-01-02 04:00:00,AWS_05,0,normal,none,0,0.035572996233270426
2026-01-02 04:15:00,AWS_05,0,normal,none,0,0.09339238360523311
2026-01-02 04:30:00,AWS_05,0,normal,none,0,0.08284328139883096
2026-01-02 04:45:00,AWS_05,0,normal,none,0,0.08583386129222031
2026-01-02 05:00:00,AWS_05,0,normal,none,0,0.08563413202269538
2026-01-02 05:15:00,AWS_05,0,normal,none,1,-0.0013265934024118131
2026-01-02 05:30:00,AWS_05,0,normal,none,0,0.09605039081073913
2026-01-02 05:45:00,AWS_05,0,normal,none,0,0.10694511503788351
2026-01-02 06:00:00,AWS_05,0,normal,none,0,0.06780034771403176
2026-01-02 06:15:00,AWS_05,0,normal,none,0,0.06636388207585214
2026-01-02 06:30:00,AWS_05,0,normal,none,0,0.08559740871593369
2026-01-02 06:45:00,AWS_05,0,normal,none,0,0.0961490782373543
2026-01-02 07:00:00,AWS_05,0,normal,none,0,0.07720567977014187
2026-01-02 07:15:00,AWS_05,0,normal,none,0,0.07701876008518821
2026-01-02 07:30:00,AWS_05,0,normal,none,0,0.06574901928384835
2026-01-02 07:45:00,AWS_05,0,normal,none,0,0.07714262901251484
2026-01-02 08:00:00,AWS_05,0,normal,none,0,0.11769626771396985
2026-01-02 08:15:00,AWS_05,0,normal,none,0,0.07064313508414555
2026-01-02 08:30:00,AWS_05,0,normal,none,0,0.06877411974423048
2026-01-02 08:45:00,AWS_05,0,normal,none,0,0.10463452187084049
2026-01-02 09:00:00,AWS_05,0,normal,none,0,0.09679297751916138
2026-01-02 09:15:00,AWS_05,0,normal,none,0,0.1078036760844992
2026-01-02 09:30:00,AWS_05,0,normal,none,0,0.027299380276904872
2026-01-02 09:45:00,AWS_05,0,normal,none,1,-0.015339663208090881
2026-01-02 10:00:00,AWS_05,0,normal,none,0,0.08298217081583986
2026-01-02 10:15:00,AWS_05,0,normal,none,0,0.09756346817261774
2026-01-02 10:30:00,AWS_05,0,normal,none,0,0.01621295939313777
2026-01-02 10:45:00,AWS_05,0,normal,none,0,0.05801989856777129
2026-01-02 11:00:00,AWS_05,0,normal,none,0,0.0661837663528635
2026-01-02 11:15:00,AWS_05,0,normal,none,0,0.07163965738893951
2026-01-02 11:30:00,AWS_05,0,normal,none,0,0.05682925837792091
2026-01-02 11:45:00,AWS_05,0,normal,none,0,0.0314492942878315
2026-01-02 12:00:00,AWS_05,0,normal,none,0,0.08308971336851695
2026-01-02 12:15:00,AWS_05,0,normal,none,1,-0.00967418812028531
2026-01-02 12:30:00,AWS_05,0,normal,none,0,0.04041390007266743
2026-01-02 12:45:00,AWS_05,0,normal,none,0,0.05267734035651317
2026-01-02 13:00:00,AWS_05,0,normal,none,0,0.03340692761325659
2026-01-02 13:15:00,AWS_05,0,normal,none,0,0.020491929587124813
2026-01-02 13:30:00,AWS_05,0,normal,none,1,-0.10227691224266855
2026-01-02 13:45:00,AWS_05,0,normal,none,1,-0.02301121568167641
2026-01-02 14:00:00,AWS_05,0,normal,none,0,0.05153081283112665
2026-01-02 14:15:00,AWS_05,0,normal,none,0,0.02661268526764826
2026-01-02 14:30:00,AWS_05,0,normal,none,0,0.04543108292171222
2026-01-02 14:45:00,AWS_05,0,normal,none,0,0.01807053042926715
2026-01-02 15:00:00,AWS_05,0,normal,none,0,0.055950806848508894
2026-01-02 15:15:00,AWS_05,0,normal,none,1,-0.023757022065619804
2026-01-02 15:30:00,AWS_05,0,normal,none,0,0.02504139895759222
2026-01-02 15:45:00,AWS_05,0,normal,none,0,0.03983562324790868
2026-01-02 16:00:00,AWS_05,0,normal,none,0,0.0446712722253394
2026-01-02 16:15:00,AWS_05,0,normal,none,0,0.05970037414819063
2026-01-02 16:30:00,AWS_05,0,normal,none,0,0.0701901731047348
2026-01-02 16:45:00,AWS_05,0,normal,none,0,0.04175633643171672
2026-01-02 17:00:00,AWS_05,0,normal,none,0,0.04990109786263086
2026-01-02 17:15:00,AWS_05,0,normal,none,0,0.03556231029499385
2026-01-02 17:30:00,AWS_05,0,normal,none,0,0.06348141009876662
2026-01-02 17:45:00,AWS_05,0,normal,none,0,0.019256265913940807
2026-01-02 18:00:00,AWS_05,0,normal,none,0,0.00041919683847713163
2026-01-02 18:15:00,AWS_05,0,normal,none,0,0.06776005516625117
2026-01-02 18:30:00,AWS_05,0,normal,none,0,0.06086409029127848
2026-01-02 18:45:00,AWS_05,0,normal,none,0,0.07228960902870335
2026-01-02 19:00:00,AWS_05,0,normal,none,0,0.013557759768123567
2026-01-02 19:15:00,AWS_05,0,normal,none,0,0.05028798788815686
2026-01-02 19:30:00,AWS_05,0,normal,none,0,0.06502150999185219
2026-01-02 19:45:00,AWS_05,0,normal,none,0,0.07958180760179678
2026-01-02 20:00:00,AWS_05,0,normal,none,0,0.08169828650666378
2026-01-02 20:15:00,AWS_05,0,normal,none,0,0.07178541615155426
2026-01-02 20:30:00,AWS_05,0,normal,none,0,0.0160551406202617
2026-01-02 20:45:00,AWS_05,0,normal,none,0,0.10183366390702686
2026-01-02 21:00:00,AWS_05,0,normal,none,0,0.10093149675877094
2026-01-02 21:15:00,AWS_05,0,normal,none,0,0.11136019915861689
2026-01-02 21:30:00,AWS_05,0,normal,none,0,0.09278698675122077
2026-01-02 21:45:00,AWS_05,0,normal,none,0,0.08195124342490523
2026-01-02 22:00:00,AWS_05,0,normal,none,0,0.10567553946435299
2026-01-02 22:15:00,AWS_05,0,normal,none,0,0.031339198102217525
2026-01-02 22:30:00,AWS_05,0,normal,none,0,0.09946368057974875
2026-01-02 22:45:00,AWS_05,0,normal,none,0,0.07561638901473905
2026-01-02 23:00:00,AWS_05,0,normal,none,0,0.03608710587460012
2026-01-02 23:15:00,AWS_05,0,normal,none,0,0.0808194067768837
2026-01-02 23:30:00,AWS_05,0,normal,none,0,0.11069439530157898
2026-01-02 23:45:00,AWS_05,0,normal,none,0,0.09149401723673373
2026-01-03 00:00:00,AWS_05,0,normal,none,0,0.0354855020035138
2026-01-03 00:15:00,AWS_05,0,normal,none,0,0.09249381242582533
2026-01-03 00:30:00,AWS_05,0,normal,none,0,0.09652119347530225
2026-01-03 00:45:00,AWS_05,0,normal,none,0,0.0745653898956456
2026-01-03 01:00:00,AWS_05,0,normal,none,0,0.047539569942634474
2026-01-03 01:15:00,AWS_05,0,normal,none,0,0.09274692017133807
2026-01-03 01:30:00,AWS_05,0,normal,none,0,0.07566739405349082
2026-01-03 01:45:00,AWS_05,0,normal,none,0,0.06610748230836322
2026-01-03 02:00:00,AWS_05,0,normal,none,0,0.0024933708486654105
2026-01-03 02:15:00,AWS_05,0,normal,none,0,0.08957529909809298
2026-01-03 02:30:00,AWS_05,0,normal,none,0,0.0873086569284085
2026-01-03 02:45:00,AWS_05,0,normal,none,0,0.051461900231525026
2026-01-03 03:00:00,AWS_05,0,normal,none,0,0.0737763357331826
2026-01-03 03:15:00,AWS_05,0,normal,none,0,0.023816537902744683
2026-01-03 03:30:00,AWS_05,0,normal,none,0,0.08480550389490699
2026-01-03 03:45:00,AWS_05,0,normal,none,0,0.04322215682544284
2026-01-03 04:00:00,AWS_05,0,normal,none,0,0.015234142254532457
2026-01-03 04:15:00,AWS_05,0,normal,none,0,0.048304212061734686
2026-01-03 04:30:00,AWS_05,0,normal,none,0,0.08629749347579352
2026-01-03 04:45:00,AWS_05,0,normal,none,0,0.06342080531228217
2026-01-03 05:00:00,AWS_05,0,normal,none,0,0.0007419881060974909
2026-01-03 05:15:00,AWS_05,0,normal,none,0,0.019378439840212147
2026-01-03 05:30:00,AWS_05,0,normal,none,0,0.06212820095916677
2026-01-03 05:45:00,AWS_05,0,normal,none,0,0.08623488714355126
2026-01-03 06:00:00,AWS_05,0,normal,none,0,0.07959927889624452
2026-01-03 06:15:00,AWS_05,0,normal,none,0,0.08751118161000576
2026-01-03 06:30:00,AWS_05,0,normal,none,1,-0.04856105390183352
2026-01-03 06:45:00,AWS_05,0,normal,none,0,0.08504085882860485
2026-01-03 07:00:00,AWS_05,0,normal,none,0,0.09706642492472645
2026-01-03 07:15:00,AWS_05,0,normal,none,0,0.07556471900512451
2026-01-03 07:30:00,AWS_05,0,normal,none,0,0.11036195434459839
2026-01-03 07:45:00,AWS_05,0,normal,none,0,0.10679731208154153
2026-01-03 08:00:00,AWS_05,0,normal,none,0,0.06543034688958899
2026-01-03 08:15:00,AWS_05,0,normal,none,0,0.07050221107627702
2026-01-03 08:30:00,AWS_05,0,normal,none,0,0.10000401179679358
2026-01-03 08:45:00,AWS_05,0,normal,none,0,0.037200314616651575
2026-01-03 09:00:00,AWS_05,0,normal,none,0,0.1014483975865757
2026-01-03 09:15:00,AWS_05,0,normal,none,0,0.04150565650998683
2026-01-03 09:30:00,AWS_05,0,normal,none,0,0.09325274241883635
2026-01-03 09:45:00,AWS_05,0,normal,none,0,0.040741992387422765
2026-01-03 10:00:00,AWS_05,0,normal,none,0,0.11120125820210269
2026-01-03 10:15:00,AWS_05,0,normal,none,0,0.09693279310288822
2026-01-03 10:30:00,AWS_05,0,normal,none,0,0.10595471562469644
2026-01-03 10:45:00,AWS_05,0,normal,none,0,0.06913904496615886
2026-01-03 11:00:00,AWS_05,0,normal,none,0,0.10019996329516306
2026-01-03 11:15:00,AWS_05,0,normal,none,0,0.09729571024232059
2026-01-03 11:30:00,AWS_05,0,normal,none,0,0.08066291062579234
2026-01-03 11:45:00,AWS_05,0,normal,none,0,0.09725972215455903
2026-01-03 12:00:00,AWS_05,0,normal,none,0,0.04449872686171147
2026-01-03 12:15:00,AWS_05,0,normal,none,0,0.06703051688871409
2026-01-03 12:30:00,AWS_05,0,normal,none,0,0.04649417551247692
2026-01-03 12:45:00,AWS_05,0,normal,none,0,0.05182878366122434
2026-01-03 13:00:00,AWS_05,0,normal,none,0,0.01746557253237002
2026-01-03 13:15:00,AWS_05,0,normal,none,0,0.08425729517178387
2026-01-03 13:30:00,AWS_05,0,normal,none,0,0.07860275361184754
2026-01-03 13:45:00,AWS_05,0,normal,none,0,0.05297331269048605
2026-01-03 14:00:00,AWS_05,0,normal,none,0,0.03980327188052263
2026-01-03 14:15:00,AWS_05,0,normal,none,0,0.08153083915367282
2026-01-03 14:30:00,AWS_05,0,normal,none,1,-0.013842068821437015
2026-01-03 14:45:00,AWS_05,0,normal,none,0,0.07422858593393561
2026-01-03 15:00:00,AWS_05,0,normal,none,0,0.07920394452196505
2026-01-03 15:15:00,AWS_05,0,normal,none,0,0.039609601645001324
2026-01-03 15:30:00,AWS_05,0,normal,none,0,0.07902084021055644
2026-01-03 15:45:00,AWS_05,0,normal,none,0,0.07169091595259164
2026-01-03 16:00:00,AWS_05,0,normal,none,0,0.052349799656559726
2026-01-03 16:15:00,AWS_05,0,normal,none,0,0.06687535253043231
2026-01-03 16:30:00,AWS_05,0,normal,none,0,0.08843670504317125
2026-01-03 16:45:00,AWS_05,0,normal,none,0,0.025773441266519204
2026-01-03 17:00:00,AWS_05,0,normal,none,0,0.03631781352414415
2026-01-03 17:15:00,AWS_05,0,normal,none,0,0.051218678494635905
2026-01-03 17:30:00,AWS_05,0,normal,none,0,0.014103820328304595
2026-01-03 17:45:00,AWS_05,0,normal,none,0,0.08008000083894867
2026-01-03 18:00:00,AWS_05,0,normal,none,0,0.0945043562516435
2026-01-03 18:15:00,AWS_05,0,normal,none,0,0.06128252313513949
2026-01-03 18:30:00,AWS_05,0,normal,none,0,0.09295667521014106
2026-01-03 18:45:00,AWS_05,0,normal,none,0,0.04774160303998787
2026-01-03 19:00:00,AWS_05,0,normal,none,0,0.05794484368455438
2026-01-03 19:15:00,AWS_05,0,normal,none,0,0.058225708806599386
2026-01-03 19:30:00,AWS_05,0,normal,none,0,0.06605094602690376
2026-01-03 19:45:00,AWS_05,0,normal,none,0,0.04775763724091331
2026-01-03 20:00:00,AWS_05,0,normal,none,0,0.05768782697955016
2026-01-03 20:15:00,AWS_05,0,normal,none,0,0.045527710810653155
2026-01-03 20:30:00,AWS_05,0,normal,none,0,0.0687881495908369
2026-01-03 20:45:00,AWS_05,0,normal,none,0,0.0843708136929795
2026-01-03 21:00:00,AWS_05,0,normal,none,0,0.05973172771060381
2026-01-03 21:15:00,AWS_05,0,normal,none,0,0.03191268540837677
2026-01-03 21:30:00,AWS_05,0,normal,none,1,-0.02551248950429752
2026-01-03 21:45:00,AWS_05,0,normal,none,0,0.029928961444909252
2026-01-03 22:00:00,AWS_05,0,normal,none,0,0.020961567518003987
2026-01-03 22:15:00,AWS_05,0,normal,none,0,0.011333001065405579
2026-01-03 22:30:00,AWS_05,0,normal,none,0,0.037143846220050625
2026-01-03 22:45:00,AWS_05,0,normal,none,0,0.045973593867374096
2026-01-03 23:00:00,AWS_05,0,normal,none,0,0.04718436374242385
2026-01-03 23:15:00,AWS_05,0,normal,none,0,0.025764567970224417
2026-01-03 23:30:00,AWS_05,0,normal,none,0,0.03568263209256006
2026-01-03 23:45:00,AWS_05,0,normal,none,0,0.024606009942547635
2026-01-04 00:00:00,AWS_05,0,normal,none,1,-0.0021450157485305432
2026-01-04 00:15:00,AWS_05,0,normal,none,0,0.031547372196150725
2026-01-04 00:30:00,AWS_05,0,normal,none,0,0.055631755010073614
2026-01-04 00:45:00,AWS_05,0,normal,none,0,0.031311797878930736
2026-01-04 01:00:00,AWS_05,0,normal,none,0,0.054748784220825075
2026-01-04 01:15:00,AWS_05,0,normal,none,0,0.014627327979917948
2026-01-04 01:30:00,AWS_05,0,normal,none,0,0.04059198498714289
2026-01-04 01:45:00,AWS_05,0,normal,none,0,0.052667915096378914
2026-01-04 02:00:00,AWS_05,0,normal,none,0,0.061204061947184696
2026-01-04 02:15:00,AWS_05,0,normal,none,0,0.01787493214391067
2026-01-04 02:30:00,AWS_05,0,normal,none,0,0.059783184828203884
2026-01-04 02:45:00,AWS_05,0,normal,none,0,0.022639554211589696
2026-01-04 03:00:00,AWS_05,0,normal,none,0,0.03857286961056311
2026-01-04 03:15:00,AWS_05,0,normal,none,1,-0.01690334156429929
2026-01-04 03:30:00,AWS_05,0,normal,none,0,0.06881947433410052
2026-01-04 03:45:00,AWS_05,0,normal,none,0,0.0630424896761046
2026-01-04 04:00:00,AWS_05,0,normal,none,0,0.05930018758649447
2026-01-04 04:15:00,AWS_05,0,normal,none,0,0.06139207395247398
2026-01-04 04:30:00,AWS_05,0,normal,none,0,0.018145839211502535
2026-01-04 04:45:00,AWS_05,0,normal,none,0,0.07683980619895453
2026-01-04 05:00:00,AWS_05,0,normal,none,0,0.0811245783333161
2026-01-04 05:15:00,AWS_05,0,normal,none,0,0.07017998062018
2026-01-04 05:30:00,AWS_05,0,normal,none,0,0.06809109752943321
2026-01-04 05:45:00,AWS_05,0,normal,none,0,0.09457007614995527
2026-01-04 06:00:00,AWS_05,0,normal,none,0,0.08564125058801098
2026-01-04 06:15:00,AWS_05,0,normal,none,0,0.06845903947253756
2026-01-04 06:30:00,AWS_05,0,normal,none,0,0.09778863591178727
2026-01-04 06:45:00,AWS_05,0,normal,none,0,0.09393550497948161
2026-01-04 07:00:00,AWS_05,0,normal,none,0,0.05986772855091005
2026-01-04 07:15:00,AWS_05,0,normal,none,0,0.06870675279944072
2026-01-04 07:30:00,AWS_05,0,normal,none,0,0.07755316526616807
2026-01-04 07:45:00,AWS_05,0,normal,none,0,0.06215932133419744
2026-01-04 08:00:00,AWS_05,0,normal,none,0,0.09795481888749258
2026-01-04 08:15:00,AWS_05,0,normal,none,0,0.09899027529170584
2026-01-04 08:30:00,AWS_05,0,normal,none,0,0.09147575531573032
2026-01-04 08:45:00,AWS_05,0,normal,none,0,0.0514351324638157
2026-01-04 09:00:00,AWS_05,0,normal,none,1,-0.018105410253821175
2026-01-04 09:15:00,AWS_05,0,normal,none,0,0.04723819547804531
2026-01-04 09:30:00,AWS_05,0,normal,none,1,-0.02367724006489813
2026-01-04 09:45:00,AWS_05,0,normal,none,0,0.008276222576111991
2026-01-04 10:00:00,AWS_05,0,normal,none,0,0.11067041615755047
2026-01-04 10:15:00,AWS_05,0,normal,none,0,0.1057314300555377
2026-01-04 10:30:00,AWS_05,0,normal,none,0,0.04598922464831784
2026-01-04 10:45:00,AWS_05,0,normal,none,0,0.09346412117206876
2026-01-04 11:00:00,AWS_05,0,normal,none,0,0.00693349863416054
2026-01-04 11:15:00,AWS_05,0,normal,none,1,-0.02566685296678395
2026-01-04 11:30:00,AWS_05,0,normal,none,0,0.09631769571078941
2026-01-04 11:45:00,AWS_05,0,normal,none,0,0.0915308377827393
2026-01-04 12:00:00,AWS_05,0,normal,none,0,0.09771970244987777
2026-01-04 12:15:00,AWS_05,0,normal,none,0,0.09133623712205119
2026-01-04 12:30:00,AWS_05,0,normal,none,0,0.09826258330859633
2026-01-04 12:45:00,AWS_05,0,normal,none,0,0.047595235448803674
2026-01-04 13:00:00,AWS_05,0,normal,none,0,0.09324120098289806
2026-01-04 13:15:00,AWS_05,0,normal,none,0,0.05953358465699099
2026-01-04 13:30:00,AWS_05,0,normal,none,0,0.08976212941292339
2026-01-04 13:45:00,AWS_05,0,normal,none,0,0.09908830881516634
2026-01-04 14:00:00,AWS_05,0,normal,none,0,0.0358075038531625
2026-01-04 14:15:00,AWS_05,0,normal,none,0,0.085028757708278
2026-01-04 14:30:00,AWS_05,0,normal,none,0,0.03869725494562681
2026-01-04 14:45:00,AWS_05,0,normal,none,0,0.05087940971793081
2026-01-04 15:00:00,AWS_05,0,normal,none,0,0.06951648202911359
2026-01-04 15:15:00,AWS_05,0,normal,none,0,0.05137803398206925
2026-01-04 15:30:00,AWS_05,0,normal,none,0,0.07259757071508216
2026-01-04 15:45:00,AWS_05,0,normal,none,0,0.0946689943856493
2026-01-04 16:00:00,AWS_05,0,normal,none,0,0.09565479403588678
2026-01-04 16:15:00,AWS_05,0,normal,none,0,0.06883304858996919
2026-01-04 16:30:00,AWS_05,0,normal,none,1,-0.0003195620925637854
2026-01-04 16:45:00,AWS_05,0,normal,none,0,0.039718886217086746
2026-01-04 17:00:00,AWS_05,0,normal,none,0,0.06522786471453851
2026-01-04 17:15:00,AWS_05,0,normal,none,0,0.0814082098468778
2026-01-04 17:30:00,AWS_05,0,normal,none,0,0.05994620026521835
2026-01-04 17:45:00,AWS_05,0,normal,none,0,0.08373207756901047
2026-01-04 18:00:00,AWS_05,0,normal,none,0,0.09641982972493335
2026-01-04 18:15:00,AWS_05,0,normal,none,0,0.08700314614594679
2026-01-04 18:30:00,AWS_05,0,normal,none,0,0.06191371029365639
2026-01-04 18:45:00,AWS_05,0,normal,none,1,-0.02821907309306393
2026-01-04 19:00:00,AWS_05,0,normal,none,0,0.06833491004412884
2026-01-04 19:15:00,AWS_05,0,normal,none,0,0.08646281331003375
2026-01-04 19:30:00,AWS_05,0,normal,none,0,0.10209345819570376
2026-01-04 19:45:00,AWS_05,0,normal,none,0,0.04040653460444027
2026-01-04 20:00:00,AWS_05,0,normal,none,0,0.06308661077790434
2026-01-04 20:15:00,AWS_05,0,normal,none,0,0.05951445667152533
2026-01-04 20:30:00,AWS_05,0,normal,none,0,0.067063322747689
2026-01-04 20:45:00,AWS_05,0,normal,none,0,0.06852057558586633
2026-01-04 21:00:00,AWS_05,0,normal,none,0,0.07485122642420228
2026-01-04 21:15:00,AWS_05,0,normal,none,0,0.08768482483921214
2026-01-04 21:30:00,AWS_05,0,normal,none,0,0.10669567580850026
2026-01-04 21:45:00,AWS_05,0,normal,none,1,-0.03986252932861123
2026-01-04 22:00:00,AWS_05,0,normal,none,1,-0.014190797003749589
2026-01-04 22:15:00,AWS_05,0,normal,none,1,-0.005254308634946359
2026-01-04 22:30:00,AWS_05,0,normal,none,0,0.07166773060530951
2026-01-04 22:45:00,AWS_05,0,normal,none,0,0.08563055774205369
2026-01-04 23:00:00,AWS_05,0,normal,none,0,0.014356178409552889
2026-01-04 23:15:00,AWS_05,0,normal,none,0,0.06329214360186391
2026-01-04 23:30:00,AWS_05,0,normal,none,0,0.020399954706658396
2026-01-04 23:45:00,AWS_05,0,normal,none,1,-0.02734116628042904
2026-01-05 00:00:00,AWS_05,0,normal,none,0,0.03444689668420681
2026-01-05 00:15:00,AWS_05,0,normal,none,0,0.05737528907803352
2026-01-05 00:30:00,AWS_05,0,normal,none,0,0.07599646656199349
2026-01-05 00:45:00,AWS_05,0,normal,none,0,0.06022377880824231
2026-01-05 01:00:00,AWS_05,0,normal,none,0,0.06678340047555903
2026-01-05 01:15:00,AWS_05,0,normal,none,0,0.07685728679502535
2026-01-05 01:30:00,AWS_05,0,normal,none,0,0.015834965570046267
2026-01-05 01:45:00,AWS_05,0,normal,none,0,0.060045811292562146
2026-01-05 02:00:00,AWS_05,0,normal,none,0,0.046682609432144084
2026-01-05 02:15:00,AWS_05,0,normal,none,0,0.08443722805918125
2026-01-05 02:30:00,AWS_05,0,normal,none,0,0.07553270862922906
2026-01-05 02:45:00,AWS_05,0,normal,none,1,-0.018563162881790052
2026-01-05 03:00:00,AWS_05,0,normal,none,0,0.04229882981980837
2026-01-05 03:15:00,AWS_05,0,normal,none,0,0.029901929467014088
2026-01-05 03:30:00,AWS_05,0,normal,none,0,0.027670127025404223
2026-01-05 03:45:00,AWS_05,0,normal,none,0,0.06280318611416286
2026-01-05 04:00:00,AWS_05,0,normal,none,0,0.07777005965725736
2026-01-05 04:15:00,AWS_05,0,normal,none,0,0.06416028327963857
2026-01-05 04:30:00,AWS_05,0,normal,none,0,0.045223809296395134
2026-01-05 04:45:00,AWS_05,0,normal,none,0,0.0735166152802873
2026-01-05 05:00:00,AWS_05,0,normal,none,0,0.06814265407428133
2026-01-05 05:15:00,AWS_05,0,normal,none,0,0.07209741779714529
2026-01-05 05:30:00,AWS_05,0,normal,none,0,0.06561145737604773
2026-01-05 05:45:00,AWS_05,0,normal,none,0,0.05405139362891037
2026-01-05 06:00:00,AWS_05,0,normal,none,0,0.08264483508031772
2026-01-05 06:15:00,AWS_05,0,normal,none,0,0.05986277360061837
2026-01-05 06:30:00,AWS_05,0,normal,none,0,0.03354483062538888
2026-01-05 06:45:00,AWS_05,0,normal,none,0,0.07935053216902233
2026-01-05 07:00:00,AWS_05,0,normal,none,0,0.026833913644340956
2026-01-05 07:15:00,AWS_05,0,normal,none,0,0.0823754728352541
2026-01-05 07:30:00,AWS_05,0,normal,none,0,0.027220068658736274
2026-01-05 07:45:00,AWS_05,0,normal,none,0,0.06939810098971522
2026-01-05 08:00:00,AWS_05,0,normal,none,0,0.04639640403129547
2026-01-05 08:15:00,AWS_05,0,normal,none,0,0.07152218785274528
2026-01-05 08:30:00,AWS_05,0,normal,none,0,0.06840362222312918
2026-01-05 08:45:00,AWS_05,0,normal,none,0,0.07930395930669387
2026-01-05 09:00:00,AWS_05,0,normal,none,0,0.08588711441111713
2026-01-05 09:15:00,AWS_05,0,normal,none,0,0.041111919353987225
2026-01-05 09:30:00,AWS_05,0,normal,none,0,0.07843511281285365
2026-01-05 09:45:00,AWS_05,0,normal,none,0,0.05716522473071306
2026-01-05 10:00:00,AWS_05,0,normal,none,0,0.07810271832264826
2026-01-05 10:15:00,AWS_05,0,normal,none,0,0.08280703142232215
2026-01-05 10:30:00,AWS_05,0,normal,none,1,-0.013177904980435695
2026-01-05 10:45:00,AWS_05,0,normal,none,1,-0.04783533382996086
2026-01-05 11:00:00,AWS_05,0,normal,none,0,0.09141048910416677
2026-01-05 11:15:00,AWS_05,0,normal,none,0,0.007881798293935927
2026-01-05 11:30:00,AWS_05,0,normal,none,0,0.02355756912156526
2026-01-05 11:45:00,AWS_05,0,normal,none,0,0.0865468825691863
2026-01-05 12:00:00,AWS_05,0,normal,none,0,0.09355495828606475
2026-01-05 12:15:00,AWS_05,0,normal,none,0,0.08973238656862759
2026-01-05 12:30:00,AWS_05,0,normal,none,0,0.07334822535744379
2026-01-05 12:45:00,AWS_05,0,normal,none,0,0.0715137010210517
2026-01-05 13:00:00,AWS_05,0,normal,none,0,0.006237165341982431
2026-01-05 13:15:00,AWS_05,0,normal,none,1,-0.04860130991275302
2026-01-05 13:30:00,AWS_05,0,normal,none,0,0.027441173855501988
2026-01-05 13:45:00,AWS_05,0,normal,none,0,0.04588839911839271
2026-01-05 14:00:00,AWS_05,0,normal,none,0,0.045558123426671704
2026-01-05 14:15:00,AWS_05,0,normal,none,0,0.02595740484239001
2026-01-05 14:30:00,AWS_05,0,normal,none,0,0.042742841104168317
2026-01-05 14:45:00,AWS_05,0,normal,none,0,0.030113555844455187
2026-01-05 15:00:00,AWS_05,0,normal,none,0,0.0026666997268351977
2026-01-05 15:15:00,AWS_05,0,normal,none,0,0.03730109316947222
2026-01-05 15:30:00,AWS_05,0,normal,none,0,0.048560877764755095
2026-01-05 15:45:00,AWS_05,0,normal,none,0,0.01232344822906839
2026-01-05 16:00:00,AWS_05,0,normal,none,0,0.004112775779956279
2026-01-05 16:15:00,AWS_05,0,normal,none,0,0.01440491380322878
2026-01-05 16:30:00,AWS_05,0,normal,none,0,0.0036922203820727306
2026-01-05 16:45:00,AWS_05,0,normal,none,0,0.04513960520118088
2026-01-05 17:00:00,AWS_05,0,normal,none,0,0.05257173774966467
2026-01-05 17:15:00,AWS_05,0,normal,none,0,0.05219493909037476
2026-01-05 17:30:00,AWS_05,0,normal,none,0,0.052384658787917704
2026-01-05 17:45:00,AWS_05,0,normal,none,0,0.0022852761687304213
2026-01-05 18:00:00,AWS_05,0,normal,none,0,0.02496102422458707
2026-01-05 18:15:00,AWS_05,0,normal,none,1,-0.022068420318561266
2026-01-05 18:30:00,AWS_05,0,normal,none,0,0.05033608176332255
2026-01-05 18:45:00,AWS_05,0,normal,none,0,0.01644965592229941
2026-01-05 19:00:00,AWS_05,0,normal,none,0,0.04263545145277137
2026-01-05 19:15:00,AWS_05,0,normal,none,0,0.05567230528813871
2026-01-05 19:30:00,AWS_05,0,normal,none,0,0.05510122967699582
2026-01-05 19:45:00,AWS_05,0,normal,none,0,0.011636246562301111
2026-01-05 20:00:00,AWS_05,0,normal,none,0,0.0020448864986460924
2026-01-05 20:15:00,AWS_05,0,normal,none,0,0.06152772972532522
2026-01-05 20:30:00,AWS_05,0,normal,none,0,0.04309441006306797
2026-01-05 20:45:00,AWS_05,0,normal,none,0,0.04680534924006302
2026-01-05 21:00:00,AWS_05,0,normal,none,0,0.01978688078806118
2026-01-05 21:15:00,AWS_05,0,normal,none,0,0.07388567689458991
2026-01-05 21:30:00,AWS_05,0,normal,none,0,0.06598720050249701
2026-01-05 21:45:00,AWS_05,0,normal,none,0,0.0805397439083092
2026-01-05 22:00:00,AWS_05,0,normal,none,0,0.0408677019470462
2026-01-05 22:15:00,AWS_05,0,normal,none,0,0.036309670336793
2026-01-05 22:30:00,AWS_05,0,normal,none,0,0.07123067488230361
2026-01-05 22:45:00,AWS_05,0,normal,none,0,0.09455059897204016
2026-01-05 23:00:00,AWS_05,0,normal,none,0,0.08998306963131658
2026-01-05 23:15:00,AWS_05,0,normal,none,0,0.0878694515724916
2026-01-05 23:30:00,AWS_05,0,normal,none,0,0.057511215347641864
2026-01-05 23:45:00,AWS_05,0,normal,none,0,0.03664971540965628
2026-01-06 00:00:00,AWS_05,0,normal,none,0,0.095770376862234
2026-01-06 00:15:00,AWS_05,0,normal,none,0,0.07776397937759044
2026-01-06 00:30:00,AWS_05,0,normal,none,0,0.04632567106132229
2026-01-06 00:45:00,AWS_05,0,normal,none,0,0.09709710665837867
2026-01-06 01:00:00,AWS_05,0,normal,none,0,0.08643488818324463
2026-01-06 01:15:00,AWS_05,0,normal,none,0,0.0836992255149197
2026-01-06 01:30:00,AWS_05,0,normal,none,0,0.003385280438009064
2026-01-06 01:45:00,AWS_05,0,normal,none,0,0.052815167202866775
2026-01-06 02:00:00,AWS_05,0,normal,none,0,0.010908886598934964
2026-01-06 02:15:00,AWS_05,0,normal,none,0,0.07546789661145559
2026-01-06 02:30:00,AWS_05,0,normal,none,0,0.07419465370320599
2026-01-06 02:45:00,AWS_05,0,normal,none,0,0.06925051552466993
2026-01-06 03:00:00,AWS_05,0,normal,none,0,0.06822982450235793
2026-01-06 03:15:00,AWS_05,0,normal,none,0,0.07091401150644111
2026-01-06 03:30:00,AWS_05,0,normal,none,0,0.026388630254241485
2026-01-06 03:45:00,AWS_05,0,normal,none,0,0.09059763892790018
2026-01-06 04:00:00,AWS_05,0,normal,none,0,0.08174397602829148
2026-01-06 04:15:00,AWS_05,0,normal,none,0,0.05698950618399451
2026-01-06 04:30:00,AWS_05,0,normal,none,0,0.0717775922517806
2026-01-06 04:45:00,AWS_05,0,normal,none,0,0.057305506778533744
2026-01-06 05:00:00,AWS_05,0,normal,none,0,0.05300390173657399
2026-01-06 05:15:00,AWS_05,0,normal,none,0,0.08021370304274417
2026-01-06 05:30:00,AWS_05,0,normal,none,0,0.07173062745433184
2026-01-06 05:45:00,AWS_05,0,normal,none,0,0.007218169586689138
2026-01-06 06:00:00,AWS_05,0,normal,none,0,0.03062290144112012
2026-01-06 06:15:00,AWS_05,0,normal,none,0,0.016807348435022573
2026-01-06 06:30:00,AWS_05,0,normal,none,0,0.018201772084995183
2026-01-06 06:45:00,AWS_05,0,normal,none,0,0.03404628216391159
2026-01-06 07:00:00,AWS_05,0,normal,none,0,0.024456765362534272
2026-01-06 07:15:00,AWS_05,0,normal,none,1,-0.009463308799899095
2026-01-06 07:30:00,AWS_05,0,normal,none,0,0.03773897155546685
2026-01-06 07:45:00,AWS_05,0,normal,none,1,-0.008983446740327694
2026-01-06 08:00:00,AWS_05,0,normal,none,0,0.02590144824065993
2026-01-06 08:15:00,AWS_05,0,normal,none,0,0.04318291068141461
2026-01-06 08:30:00,AWS_05,0,normal,none,1,-0.005162472542785235
2026-01-06 08:45:00,AWS_05,0,normal,none,1,-0.04289122637020959
2026-01-06 09:00:00,AWS_05,0,normal,none,1,-0.023032543934461636
2026-01-06 09:15:00,AWS_05,0,normal,none,1,-0.019760444110420772
2026-01-06 09:30:00,AWS_05,0,normal,none,1,-0.024007539119365706
2026-01-06 09:45:00,AWS_05,0,normal,none,0,0.02040259874037409
2026-01-06 10:00:00,AWS_05,0,normal,none,0,0.030398103991514325
2026-01-06 10:15:00,AWS_05,0,normal,none,1,-0.013148651490266783
2026-01-06 10:30:00,AWS_05,0,normal,none,1,-0.0027444954632418472
2026-01-06 10:45:00,AWS_05,0,normal,none,0,0.002202759239744445
2026-01-06 11:00:00,AWS_05,0,normal,none,1,-0.00612686926955075
2026-01-06 11:15:00,AWS_05,0,normal,none,1,-0.02203659026922622
2026-01-06 11:30:00,AWS_05,0,normal,none,1,-0.011108750986986715
2026-01-06 11:45:00,AWS_05,0,normal,none,1,-0.07214311665640682
2026-01-06 12:00:00,AWS_05,0,normal,none,1,-0.017563043114535937
2026-01-06 12:15:00,AWS_05,0,normal,none,1,-0.015208819742853041
2026-01-06 12:30:00,AWS_05,0,normal,none,1,-0.0198315261009826
2026-01-06 12:45:00,AWS_05,0,normal,none,1,-0.042248845283293535
2026-01-06 13:00:00,AWS_05,0,normal,none,1,-0.03318817337781821
2026-01-06 13:15:00,AWS_05,0,normal,none,1,-0.05482318743497716
2026-01-06 13:30:00,AWS_05,0,normal,none,1,-0.0532919834028146
2026-01-06 13:45:00,AWS_05,0,normal,none,1,-0.030565908867438152
2026-01-06 14:00:00,AWS_05,0,normal,none,1,-0.05802823325127904
2026-01-06 14:15:00,AWS_05,0,normal,none,1,-0.058498997322395385
2026-01-06 14:30:00,AWS_05,0,normal,none,1,-0.06820862264095462
2026-01-06 14:45:00,AWS_05,0,normal,none,1,-0.02150015979076414
2026-01-06 15:00:00,AWS_05,0,normal,none,0,0.005790681430449807
2026-01-06 15:15:00,AWS_05,0,normal,none,1,-0.044155417573517486
2026-01-06 15:30:00,AWS_05,0,normal,none,0,0.04393357267644471
2026-01-06 15:45:00,AWS_05,0,normal,none,0,0.04019621409616997
2026-01-06 16:00:00,AWS_05,0,normal,none,0,0.03467659335799178
2026-01-06 16:15:00,AWS_05,0,normal,none,1,-0.004385138064796346
2026-01-06 16:30:00,AWS_05,0,normal,none,0,0.004290979670704631
2026-01-06 16:45:00,AWS_05,0,normal,none,0,0.022591012027192325
2026-01-06 17:00:00,AWS_05,0,normal,none,1,-0.01486239375068199
2026-01-06 17:15:00,AWS_05,0,normal,none,1,-0.03598554920417918
2026-01-06 17:30:00,AWS_05,0,normal,none,0,0.03639383591553447
2026-01-06 17:45:00,AWS_05,0,normal,none,0,0.02424300125039014
2026-01-06 18:00:00,AWS_05,0,normal,none,0,0.049889349957050744
2026-01-06 18:15:00,AWS_05,0,normal,none,0,0.012223706532408674
2026-01-06 18:30:00,AWS_05,0,normal,none,0,0.016517749066167264
2026-01-06 18:45:00,AWS_05,0,normal,none,1,-0.013266404036142987
2026-01-06 19:00:00,AWS_05,0,normal,none,0,0.0704438676540603
2026-01-06 19:15:00,AWS_05,0,normal,none,0,0.07715465311234931
2026-01-06 19:30:00,AWS_05,0,normal,none,0,0.047290242993074716
2026-01-06 19:45:00,AWS_05,0,normal,none,0,0.07212236534155214
2026-01-06 20:00:00,AWS_05,0,normal,none,0,0.05887488854267037
2026-01-06 20:15:00,AWS_05,0,normal,none,0,0.06078876246787063
2026-01-06 20:30:00,AWS_05,0,normal,none,0,0.008610352039599978
2026-01-06 20:45:00,AWS_05,0,normal,none,0,0.011437354647640452
2026-01-06 21:00:00,AWS_05,0,normal,none,0,0.07933879588175485
2026-01-06 21:15:00,AWS_05,0,normal,none,0,0.016996250760861753
2026-01-06 21:30:00,AWS_05,0,normal,none,0,0.03115527005728369
2026-01-06 21:45:00,AWS_05,0,normal,none,0,0.024839694882474617
2026-01-06 22:00:00,AWS_05,0,normal,none,0,0.031707855266182694
2026-01-06 22:15:00,AWS_05,0,normal,none,0,0.04092192845375964
2026-01-06 22:30:00,AWS_05,0,normal,none,0,0.058514810867023426
2026-01-06 22:45:00,AWS_05,0,normal,none,0,0.03959759575344873
2026-01-06 23:00:00,AWS_05,0,normal,none,0,0.01719683857926263
2026-01-06 23:15:00,AWS_05,0,normal,none,0,0.04289020008610728
2026-01-06 23:30:00,AWS_05,0,normal,none,0,0.012950305270816143
2026-01-06 23:45:00,AWS_05,0,normal,none,0,0.046184685571933115
2026-01-07 00:00:00,AWS_05,0,normal,none,0,0.07562811561301669
2026-01-07 00:15:00,AWS_05,0,normal,none,0,0.07017480277767535
2026-01-07 00:30:00,AWS_05,0,normal,none,1,-0.030301482497547827
2026-01-07 00:45:00,AWS_05,0,normal,none,0,0.04354084659474705
2026-01-07 01:00:00,AWS_05,0,normal,none,0,0.006980672473696881
2026-01-07 01:15:00,AWS_05,0,normal,none,0,0.0701829702386721
2026-01-07 01:30:00,AWS_05,0,normal,none,0,0.07485233598001856
2026-01-07 01:45:00,AWS_05,0,normal,none,0,0.0643323715699678
2026-01-07 02:00:00,AWS_05,0,normal,none,0,0.07717053937540802
2026-01-07 02:15:00,AWS_05,0,normal,none,1,-0.014058530423999627
2026-01-07 02:30:00,AWS_05,0,normal,none,0,0.018163929005940826
2026-01-07 02:45:00,AWS_05,0,normal,none,0,0.06973505109804273
2026-01-07 03:00:00,AWS_05,0,normal,none,0,0.07606524928607739
2026-01-07 03:15:00,AWS_05,0,normal,none,0,0.07196639797821336
2026-01-07 03:30:00,AWS_05,0,normal,none,0,0.042467383036623396
2026-01-07 03:45:00,AWS_05,0,normal,none,0,0.046081522235423
2026-01-07 04:00:00,AWS_05,0,normal,none,0,0.03348184009386673
2026-01-07 04:15:00,AWS_05,0,normal,none,0,0.07969454823642297
2026-01-07 04:30:00,AWS_05,0,normal,none,0,0.04234632268454375
2026-01-07 04:45:00,AWS_05,0,normal,none,0,0.06641873646075763
2026-01-07 05:00:00,AWS_05,0,normal,none,0,0.06451659043524222
2026-01-07 05:15:00,AWS_05,0,normal,none,0,0.0876715187094847
2026-01-07 05:30:00,AWS_05,0,normal,none,0,0.06044588620338476
2026-01-07 05:45:00,AWS_05,0,normal,none,0,0.055340357159614995
2026-01-07 06:00:00,AWS_05,0,normal,none,0,0.07692674105629377
2026-01-07 06:15:00,AWS_05,0,normal,none,1,-0.009911270155495755
2026-01-07 06:30:00,AWS_05,0,normal,none,0,0.03650382736531527
2026-01-07 06:45:00,AWS_05,0,normal,none,0,0.05981794167476695
2026-01-07 07:00:00,AWS_05,0,normal,none,1,-0.00307634552403524
2026-01-07 07:15:00,AWS_05,0,normal,none,0,0.03064664921746013
2026-01-07 07:30:00,AWS_05,0,normal,none,0,0.10745577410064566
2026-01-07 07:45:00,AWS_05,0,normal,none,0,0.08312328253050377
2026-01-07 08:00:00,AWS_05,0,normal,none,0,0.023147173176556957
2026-01-07 08:15:00,AWS_05,0,normal,none,0,0.061742728392629564
2026-01-07 08:30:00,AWS_05,0,normal,none,0,0.03366531821333152
2026-01-07 08:45:00,AWS_05,0,normal,none,0,0.0721295876791414
2026-01-07 09:00:00,AWS_05,0,normal,none,0,0.05059348954035203
2026-01-07 09:15:00,AWS_05,0,normal,none,0,0.0950887849684462
2026-01-07 09:30:00,AWS_05,0,normal,none,0,0.10276420730770913
2026-01-07 09:45:00,AWS_05,0,normal,none,1,-0.019758566226869667
2026-01-07 10:00:00,AWS_05,0,normal,none,0,0.07907465315548684
2026-01-07 10:15:00,AWS_05,0,normal,none,0,0.03565581193234385
2026-01-07 10:30:00,AWS_05,0,normal,none,0,0.06110794619274146
2026-01-07 10:45:00,AWS_05,0,normal,none,0,0.0795137552323269
2026-01-07 11:00:00,AWS_05,0,normal,none,0,0.03993340068675494
2026-01-07 11:15:00,AWS_05,0,normal,none,0,0.010593438430898439
2026-01-07 11:30:00,AWS_05,0,normal,none,0,0.06487894168647207
2026-01-07 11:45:00,AWS_05,0,normal,none,0,0.07184501688969674
2026-01-07 12:00:00,AWS_05,0,normal,none,0,0.05342139456053385
2026-01-07 12:15:00,AWS_05,0,normal,none,0,0.06486361925986878
2026-01-07 12:30:00,AWS_05,0,normal,none,0,0.02867339670908603
2026-01-07 12:45:00,AWS_05,0,normal,none,0,0.05035833910187337
2026-01-07 13:00:00,AWS_05,0,normal,none,0,0.050310934642995686
2026-01-07 13:15:00,AWS_05,0,normal,none,0,0.04943770984967044
2026-01-07 13:30:00,AWS_05,0,normal,none,1,-0.021140338034152828
2026-01-07 13:45:00,AWS_05,0,normal,none,0,0.053991170603199024
2026-01-07 14:00:00,AWS_05,0,normal,none,0,0.03863085425958018
2026-01-07 14:15:00,AWS_05,0,normal,none,0,0.014946796064031487
2026-01-07 14:30:00,AWS_05,0,normal,none,0,0.019652225394575118
2026-01-07 14:45:00,AWS_05,0,normal,none,0,0.025652202823785053
2026-01-07 15:00:00,AWS_05,0,normal,none,0,0.04812342162426758
2026-01-07 15:15:00,AWS_05,0,normal,none,0,0.05708338563808918
2026-01-07 15:30:00,AWS_05,0,normal,none,0,0.018554227074560836
2026-01-07 15:45:00,AWS_05,0,normal,none,1,-0.06077597711039606
2026-01-07 16:00:00,AWS_05,0,normal,none,1,-0.05406431426470981
2026-01-07 16:15:00,AWS_05,0,normal,none,1,-0.007852731598622764
2026-01-07 16:30:00,AWS_05,0,normal,none,0,0.05081595987089765
2026-01-07 16:45:00,AWS_05,0,normal,none,0,0.026557346721252262
2026-01-07 17:00:00,AWS_05,0,normal,none,0,0.007467692251655
2026-01-07 17:15:00,AWS_05,0,normal,none,0,0.028883083514276597
2026-01-07 17:30:00,AWS_05,0,normal,none,0,0.026502091516346082
2026-01-07 17:45:00,AWS_05,0,normal,none,0,0.058448313408995034
2026-01-07 18:00:00,AWS_05,0,normal,none,0,0.00982042844170633
2026-01-07 18:15:00,AWS_05,0,normal,none,0,0.07277422610220247
2026-01-07 18:30:00,AWS_05,0,normal,none,0,0.01757252008909338
2026-01-07 18:45:00,AWS_05,0,normal,none,0,0.07464225410124858
2026-01-07 19:00:00,AWS_05,0,normal,none,0,0.05785452445936723
2026-01-07 19:15:00,AWS_05,0,normal,none,0,0.05631028208931921
2026-01-07 19:30:00,AWS_05,0,normal,none,0,0.014907137492211953
2026-01-07 19:45:00,AWS_05,0,normal,none,0,0.03337499752607126
2026-01-07 20:00:00,AWS_05,0,normal,none,0,0.06981452480432332
2026-01-07 20:15:00,AWS_05,0,normal,none,0,0.07241277061293755
2026-01-07 20:30:00,AWS_05,0,normal,none,0,0.042059804054374206
2026-01-07 20:45:00,AWS_05,0,normal,none,1,-0.010039905102816493
2026-01-07 21:00:00,AWS_05,0,normal,none,0,0.06949763652530916
2026-01-07 21:15:00,AWS_05,0,normal,none,0,0.01093880934389091
2026-01-07 21:30:00,AWS_05,0,normal,none,0,0.07941148860550634
2026-01-07 21:45:00,AWS_05,0,normal,none,1,-0.04590590262764671
2026-01-07 22:00:00,AWS_05,0,normal,none,0,0.05485426430121193
2026-01-07 22:15:00,AWS_05,0,normal,none,0,0.0526400251290976
2026-01-07 22:30:00,AWS_05,0,normal,none,0,0.01371787027629251
2026-01-07 22:45:00,AWS_05,0,normal,none,1,-0.025180823979155997
2026-01-07 23:00:00,AWS_05,0,normal,none,0,0.013742454909118351
2026-01-07 23:15:00,AWS_05,0,normal,none,0,0.03727364405243799
2026-01-07 23:30:00,AWS_05,0,normal,none,0,0.05137107148693848
2026-01-07 23:45:00,AWS_05,0,normal,none,0,0.03767111535019024
2026-01-08 00:00:00,AWS_05,0,normal,none,0,0.051160065491904216
2026-01-08 00:15:00,AWS_05,0,normal,none,0,0.03781091041211865
2026-01-08 00:30:00,AWS_05,0,normal,none,0,0.03502864546210849
2026-01-08 00:45:00,AWS_05,0,normal,none,0,0.005363529786349852
2026-01-08 01:00:00,AWS_05,0,normal,none,1,-0.028729654485836864
2026-01-08 01:15:00,AWS_05,0,normal,none,0,0.03451357109488956
2026-01-08 01:30:00,AWS_05,0,normal,none,0,0.030742609710388613
2026-01-08 01:45:00,AWS_05,0,normal,none,0,0.005469561205322493
2026-01-08 02:00:00,AWS_05,0,normal,none,0,0.0018240324958349596
2026-01-08 02:15:00,AWS_05,0,normal,none,1,-0.02862695928776693
2026-01-08 02:30:00,AWS_05,0,normal,none,0,0.024485444108871657
2026-01-08 02:45:00,AWS_05,0,normal,none,1,-0.008328820396601322
2026-01-08 03:00:00,AWS_05,0,normal,none,1,-0.02964133593269458
2026-01-08 03:15:00,AWS_05,0,normal,none,1,-0.021803997164057343
2026-01-08 03:30:00,AWS_05,0,normal,none,1,-0.06463828056830001
2026-01-08 03:45:00,AWS_05,0,normal,none,1,-0.04337837439434544
2026-01-08 04:00:00,AWS_05,0,normal,none,0,0.008217060436473966
2026-01-08 04:15:00,AWS_05,0,normal,none,0,0.02241819787311017
2026-01-08 04:30:00,AWS_05,0,normal,none,0,0.01911759756850101
2026-01-08 04:45:00,AWS_05,0,normal,none,0,0.006238828247379369
2026-01-08 05:00:00,AWS_05,0,normal,none,1,-0.01971527013041452
2026-01-08 05:15:00,AWS_05,0,normal,none,0,0.01176171870135434
2026-01-08 05:30:00,AWS_05,0,normal,none,1,-0.004638114422696127
2026-01-08 05:45:00,AWS_05,0,normal,none,1,-0.006595560872202144
2026-01-08 06:00:00,AWS_05,0,normal,none,1,-0.00849556928419204
2026-01-08 06:15:00,AWS_05,0,normal,none,0,0.013615575669997493
2026-01-08 06:30:00,AWS_05,0,normal,none,1,-0.06004498249704471
2026-01-08 06:45:00,AWS_05,0,normal,none,0,0.00792681499457748
2026-01-08 07:00:00,AWS_05,0,normal,none,0,0.02587139589687193
2026-01-08 07:15:00,AWS_05,0,normal,none,0,0.021940970453959485
2026-01-08 07:30:00,AWS_05,0,normal,none,0,0.012180792278362385
2026-01-08 07:45:00,AWS_05,0,normal,none,0,0.027037317490250456
2026-01-08 08:00:00,AWS_05,0,normal,none,0,0.0032225987984109694
2026-01-08 08:15:00,AWS_05,0,normal,none,0,0.04475586817496563
2026-01-08 08:30:00,AWS_05,0,normal,none,1,-0.0395348228929564
2026-01-08 08:45:00,AWS_05,0,normal,none,1,-0.02979324450955223
2026-01-08 09:00:00,AWS_05,0,normal,none,1,-0.0644462402193543
2026-01-08 09:15:00,AWS_05,0,normal,none,0,0.013285365455885767
2026-01-08 09:30:00,AWS_05,0,normal,none,1,-0.024042352860408678
2026-01-08 09:45:00,AWS_05,0,normal,none,0,8.249743459876058e-05
2026-01-08 10:00:00,AWS_05,0,normal,none,0,0.005735246951320383
2026-01-08 10:15:00,AWS_05,0,normal,none,0,0.0015085715813506484
2026-01-08 10:30:00,AWS_05,0,normal,none,0,0.026123101249493907
2026-01-08 10:45:00,AWS_05,0,normal,none,1,-0.04861103524546384
2026-01-08 11:00:00,AWS_05,0,normal,none,0,0.019148560965719374
2026-01-08 11:15:00,AWS_05,0,normal,none,0,0.04074482898736742
2026-01-08 11:30:00,AWS_05,0,normal,none,0,0.032304530680829835
2026-01-08 11:45:00,AWS_05,0,normal,none,0,0.07365031893746266
2026-01-08 12:00:00,AWS_05,0,normal,none,0,0.039320015459408386
2026-01-08 12:15:00,AWS_05,0,normal,none,0,0.034371949662977574
2026-01-08 12:30:00,AWS_05,0,normal,none,1,-0.016311990278803812
2026-01-08 12:45:00,AWS_05,0,normal,none,0,0.05507223628735047
2026-01-08 13:00:00,AWS_05,0,normal,none,0,0.024749623476030436
2026-01-08 13:15:00,AWS_05,0,normal,none,0,0.024143522745235402
2026-01-08 13:30:00,AWS_05,0,normal,none,0,0.04114723659996439
2026-01-08 13:45:00,AWS_05,0,normal,none,1,-0.015250838598117156
2026-01-08 14:00:00,AWS_05,0,normal,none,1,-0.014827631791540452
2026-01-08 14:15:00,AWS_05,0,normal,none,1,-0.016908270378610646
2026-01-08 14:30:00,AWS_05,0,normal,none,0,0.01579910453275063
2026-01-08 14:45:00,AWS_05,0,normal,none,0,0.03479987714737759
2026-01-08 15:00:00,AWS_05,0,normal,none,0,0.05021125844271829
2026-01-08 15:15:00,AWS_05,0,normal,none,0,0.034464349225233504
2026-01-08 15:30:00,AWS_05,0,normal,none,0,0.02044010880224023
2026-01-08 15:45:00,AWS_05,0,normal,none,1,-0.006219762720080069
2026-01-08 16:00:00,AWS_05,0,normal,none,0,0.027503540637943302
2026-01-08 16:15:00,AWS_05,0,normal,none,0,0.03251634236178369
2026-01-08 16:30:00,AWS_05,0,normal,none,0,0.02233771341518198
2026-01-08 16:45:00,AWS_05,0,normal,none,0,0.035308055920162396
2026-01-08 17:00:00,AWS_05,0,normal,none,0,0.015242967015217268
2026-01-08 17:15:00,AWS_05,0,normal,none,0,0.0462956713816301
2026-01-08 17:30:00,AWS_05,0,normal,none,0,0.05332395299526421
2026-01-08 17:45:00,AWS_05,0,normal,none,0,0.06153891718094423
2026-01-08 18:00:00,AWS_05,0,normal,none,0,0.0245726473039779
2026-01-08 18:15:00,AWS_05,0,normal,none,1,-0.025100907468971978
2026-01-08 18:30:00,AWS_05,0,normal,none,0,0.05341166356327359
2026-01-08 18:45:00,AWS_05,0,normal,none,1,-0.04593216560972746
2026-01-08 19:00:00,AWS_05,0,normal,none,0,0.04695605487761895
2026-01-08 19:15:00,AWS_05,0,normal,none,0,0.04240520645542217
2026-01-08 19:30:00,AWS_05,0,normal,none,0,0.05203581783178157
2026-01-08 19:45:00,AWS_05,0,normal,none,1,-0.004797138938003709
2026-01-08 20:00:00,AWS_05,0,normal,none,0,0.07872677485696239
2026-01-08 20:15:00,AWS_05,0,normal,none,1,-0.023095759529178306
2026-01-08 20:30:00,AWS_05,0,normal,none,0,0.03004161934970412
2026-01-08 20:45:00,AWS_05,0,normal,none,1,-0.010407648429796579
2026-01-08 21:00:00,AWS_05,0,normal,none,0,0.02175169336665861
2026-01-08 21:15:00,AWS_05,0,normal,none,0,0.038264754274448365
2026-01-08 21:30:00,AWS_05,0,normal,none,0,0.0608416001044112
2026-01-08 21:45:00,AWS_05,0,normal,none,0,0.04756022411546823
2026-01-08 22:00:00,AWS_05,0,normal,none,0,0.007433456734496469
2026-01-08 22:15:00,AWS_05,0,normal,none,0,0.012265770937874343
2026-01-08 22:30:00,AWS_05,0,normal,none,1,-0.0319850786637631
2026-01-08 22:45:00,AWS_05,0,normal,none,0,0.068023866885982
2026-01-08 23:00:00,AWS_05,0,normal,none,0,0.04472533630797293
2026-01-08 23:15:00,AWS_05,0,normal,none,0,0.05936088240493509
2026-01-08 23:30:00,AWS_05,0,normal,none,0,0.06862618278552729
2026-01-08 23:45:00,AWS_05,0,normal,none,0,0.06805890328016723
2026-01-09 00:00:00,AWS_05,0,normal,none,0,0.054309047913309816
2026-01-09 00:15:00,AWS_05,0,normal,none,0,0.04643330093746634
2026-01-09 00:30:00,AWS_05,0,normal,none,0,0.05444733863690887
2026-01-09 00:45:00,AWS_05,0,normal,none,0,0.033923337453184155
2026-01-09 01:00:00,AWS_05,0,normal,none,0,0.037808725787623565
2026-01-09 01:15:00,AWS_05,0,normal,none,0,0.05926931184710976
2026-01-09 01:30:00,AWS_05,0,normal,none,0,0.051464180230628875
2026-01-09 01:45:00,AWS_05,0,normal,none,0,0.03828969360561901
2026-01-09 02:00:00,AWS_05,0,normal,none,0,0.010614902808855853
2026-01-09 02:15:00,AWS_05,0,normal,none,0,0.05456484031164388
2026-01-09 02:30:00,AWS_05,0,normal,none,0,0.053603589660018436
2026-01-09 02:45:00,AWS_05,0,normal,none,0,0.023444385742020513
2026-01-09 03:00:00,AWS_05,0,normal,none,0,0.038598665969665436
2026-01-09 03:15:00,AWS_05,0,normal,none,0,0.054467390073796584
2026-01-09 03:30:00,AWS_05,0,normal,none,1,-0.0348218118865401
2026-01-09 03:45:00,AWS_05,0,normal,none,0,0.041824106916205306
2026-01-09 04:00:00,AWS_05,0,normal,none,0,0.0489209268284041
2026-01-09 04:15:00,AWS_05,0,normal,none,1,-0.05150057661243679
2026-01-09 04:30:00,AWS_05,0,normal,none,0,0.011532466127387064
2026-01-09 04:45:00,AWS_05,0,normal,none,1,-0.006220345853680698
2026-01-09 05:00:00,AWS_05,0,normal,none,0,0.018991746124595588
2026-01-09 05:15:00,AWS_05,0,normal,none,0,0.045427655212510964
2026-01-09 05:30:00,AWS_05,0,normal,none,0,0.008394521429982038
2026-01-09 05:45:00,AWS_05,0,normal,none,1,-0.00714994082590914
2026-01-09 06:00:00,AWS_05,0,normal,none,0,0.015605877954010305
2026-01-09 06:15:00,AWS_05,0,normal,none,0,0.015690572381419132
2026-01-09 06:30:00,AWS_05,0,normal,none,0,0.058949894054462826
2026-01-09 06:45:00,AWS_05,0,normal,none,1,-0.022562756982761223
2026-01-09 07:00:00,AWS_05,0,normal,none,0,0.01829042791777502
2026-01-09 07:15:00,AWS_05,0,normal,none,0,0.07082142398622004
2026-01-09 07:30:00,AWS_05,0,normal,none,1,-0.011103636681162099
2026-01-09 07:45:00,AWS_05,0,normal,none,1,-0.009943932568505565
2026-01-09 08:00:00,AWS_05,0,normal,none,0,0.05678563599066189
2026-01-09 08:15:00,AWS_05,0,normal,none,1,-0.011787001987366486
2026-01-09 08:30:00,AWS_05,0,normal,none,0,0.04527771575725131
2026-01-09 08:45:00,AWS_05,0,normal,none,0,0.03153867094446311
2026-01-09 09:00:00,AWS_05,0,normal,none,0,0.04206236328060198
2026-01-09 09:15:00,AWS_05,0,normal,none,0,0.06166802771723445
2026-01-09 09:30:00,AWS_05,0,normal,none,1,-0.004062421319442122
2026-01-09 09:45:00,AWS_05,0,normal,none,0,0.08238190102062526
2026-01-09 10:00:00,AWS_05,0,normal,none,0,0.00093467537783265
2026-01-09 10:15:00,AWS_05,0,normal,none,0,0.06376833431540863
2026-01-09 10:30:00,AWS_05,0,normal,none,0,0.011025185012446703
2026-01-09 10:45:00,AWS_05,0,normal,none,0,0.017802520507116948
2026-01-09 11:00:00,AWS_05,0,normal,none,0,0.054752955233805634
2026-01-09 11:15:00,AWS_05,0,normal,none,0,0.06705777184598866
2026-01-09 11:30:00,AWS_05,0,normal,none,0,0.03952143112476869
2026-01-09 11:45:00,AWS_05,0,normal,none,0,0.059403810331564444
2026-01-09 12:00:00,AWS_05,0,normal,none,0,0.06194123657217537
2026-01-09 12:15:00,AWS_05,0,normal,none,0,0.058695411546443255
2026-01-09 12:30:00,AWS_05,0,normal,none,0,0.039481941753806815
2026-01-09 12:45:00,AWS_05,0,normal,none,1,-0.03448289537999716
2026-01-09 13:00:00,AWS_05,0,normal,none,0,0.043853030316407915
2026-01-09 13:15:00,AWS_05,0,normal,none,0,0.05231564817386264
2026-01-09 13:30:00,AWS_05,0,normal,none,0,0.0480874601146295
2026-01-09 13:45:00,AWS_05,0,normal,none,0,0.014118932962241482
2026-01-09 14:00:00,AWS_05,0,normal,none,0,0.04959121706171249
2026-01-09 14:15:00,AWS_05,0,normal,none,0,0.0181748963324595
2026-01-09 14:30:00,AWS_05,0,normal,none,1,-0.025279354744225047
2026-01-09 14:45:00,AWS_05,0,normal,none,1,-0.047590404523816354
2026-01-09 15:00:00,AWS_05,0,normal,none,0,0.03730476425507889
2026-01-09 15:15:00,AWS_05,0,normal,none,1,-0.0018869263398050284
2026-01-09 15:30:00,AWS_05,0,normal,none,0,0.06065951629384153
2026-01-09 15:45:00,AWS_05,0,normal,none,0,0.04732459186191468
2026-01-09 16:00:00,AWS_05,0,normal,none,0,0.02234430247736091
2026-01-09 16:15:00,AWS_05,0,normal,none,0,0.03162555990421678
2026-01-09 16:30:00,AWS_05,0,normal,none,0,0.06874785805739209
2026-01-09 16:45:00,AWS_05,0,normal,none,1,-0.02580884687727414
2026-01-09 17:00:00,AWS_05,0,normal,none,1,-0.006377808511050187
2026-01-09 17:15:00,AWS_05,0,normal,none,0,0.007134539669977902
2026-01-09 17:30:00,AWS_05,0,normal,none,0,0.003977886269008413
2026-01-09 17:45:00,AWS_05,0,normal,none,0,0.0127979771365751
2026-01-09 18:00:00,AWS_05,0,normal,none,0,0.03719876943097111
2026-01-09 18:15:00,AWS_05,0,normal,none,1,-0.0015100932549192425
2026-01-09 18:30:00,AWS_05,0,normal,none,1,-0.026849241578619565
2026-01-09 18:45:00,AWS_05,0,normal,none,1,-0.026613702322991206
2026-01-09 19:00:00,AWS_05,0,normal,none,0,0.0011445395756147225
2026-01-09 19:15:00,AWS_05,0,normal,none,1,-0.02182298506456337
2026-01-09 19:30:00,AWS_05,0,normal,none,0,0.040838334103575014
2026-01-09 19:45:00,AWS_05,0,normal,none,0,0.03479531800817903
2026-01-09 20:00:00,AWS_05,0,normal,none,0,0.052887750272684386
2026-01-09 20:15:00,AWS_05,0,normal,none,0,0.036873309692561695
2026-01-09 20:30:00,AWS_05,0,normal,none,1,-0.02760811483031289
2026-01-09 20:45:00,AWS_05,0,normal,none,0,0.04970993806229573
2026-01-09 21:00:00,AWS_05,0,normal,none,1,-0.015462701684708868
2026-01-09 21:15:00,AWS_05,0,normal,none,0,0.0031889630680958514
2026-01-09 21:30:00,AWS_05,0,normal,none,0,0.03568057791811363
2026-01-09 21:45:00,AWS_05,0,normal,none,1,-0.011076522308619108
2026-01-09 22:00:00,AWS_05,0,normal,none,0,0.03725336181032307
2026-01-09 22:15:00,AWS_05,0,normal,none,0,0.03256095236251361
2026-01-09 22:30:00,AWS_05,0,normal,none,1,-0.035112595007067315
2026-01-09 22:45:00,AWS_05,0,normal,none,1,-0.03260887279170133
2026-01-09 23:00:00,AWS_05,0,normal,none,0,0.04764045844835019
2026-01-09 23:15:00,AWS_05,0,normal,none,0,0.020696574433534842
2026-01-09 23:30:00,AWS_05,0,normal,none,0,0.00226779296588131
2026-01-09 23:45:00,AWS_05,0,normal,none,0,0.029663148182848098
2026-01-10 00:00:00,AWS_05,0,normal,none,1,-0.029951345995701817
2026-01-10 00:15:00,AWS_05,0,normal,none,1,-0.04911598118060523
2026-01-10 00:30:00,AWS_05,0,normal,none,1,-0.0032555524572219774
2026-01-10 00:45:00,AWS_05,0,normal,none,0,0.02202512842530613
2026-01-10 01:00:00,AWS_05,0,normal,none,0,0.023731881263027554
2026-01-10 01:15:00,AWS_05,0,normal,none,0,0.025675370693372113
2026-01-10 01:30:00,AWS_05,0,normal,none,0,0.02009389414859486
2026-01-10 01:45:00,AWS_05,0,normal,none,0,0.021142141467901776
2026-01-10 02:00:00,AWS_05,0,normal,none,0,0.011564846092519732
2026-01-10 02:15:00,AWS_05,0,normal,none,1,-0.01570583239194534
2026-01-10 02:30:00,AWS_05,0,normal,none,1,-0.04968305900807235
2026-01-10 02:45:00,AWS_05,0,normal,none,1,-0.039775421765605445
2026-01-10 03:00:00,AWS_05,0,normal,none,1,-0.017587928409241393
2026-01-10 03:15:00,AWS_05,0,normal,none,1,-0.017594565351186975
2026-01-10 03:30:00,AWS_05,0,normal,none,1,-0.00016601332659826884
2026-01-10 03:45:00,AWS_05,0,normal,none,0,0.005216338379583796
2026-01-10 04:00:00,AWS_05,0,normal,none,1,-0.05873686506526554
2026-01-10 04:15:00,AWS_05,0,normal,none,1,-0.06064846332554363
2026-01-10 04:30:00,AWS_05,0,normal,none,1,-0.013310287501391627
2026-01-10 04:45:00,AWS_05,0,normal,none,1,-0.033333011398938406
2026-01-10 05:00:00,AWS_05,0,normal,none,1,-0.03356718032545947
2026-01-10 05:15:00,AWS_05,0,normal,none,0,0.018761181357322188
2026-01-10 05:30:00,AWS_05,0,normal,none,0,0.020513870973488724
2026-01-10 05:45:00,AWS_05,0,normal,none,0,0.034605120434517855
2026-01-10 06:00:00,AWS_05,0,normal,none,0,0.03589991311608126
2026-01-10 06:15:00,AWS_05,0,normal,none,0,0.027729245265973257
2026-01-10 06:30:00,AWS_05,0,normal,none,0,0.0068665051760969376
2026-01-10 06:45:00,AWS_05,0,normal,none,0,0.037570047852866106
2026-01-10 07:00:00,AWS_05,0,normal,none,1,-0.05565853884825578
2026-01-10 07:15:00,AWS_05,0,normal,none,0,0.03409826834428631
2026-01-10 07:30:00,AWS_05,0,normal,none,1,-0.026945002348126912
2026-01-10 07:45:00,AWS_05,0,normal,none,1,-0.08518917886759081
2026-01-10 08:00:00,AWS_05,0,normal,none,0,0.022597745208988274
2026-01-10 08:15:00,AWS_05,0,normal,none,0,0.02276585750845639
2026-01-10 08:30:00,AWS_05,0,normal,none,0,0.01702000946546245
2026-01-10 08:45:00,AWS_05,0,normal,none,0,0.07638149097707819
2026-01-10 09:00:00,AWS_05,0,normal,none,0,0.07126358140411893
2026-01-10 09:15:00,AWS_05,0,normal,none,1,-0.03608590892595742
2026-01-10 09:30:00,AWS_05,0,normal,none,0,0.07454251588474015
2026-01-10 09:45:00,AWS_05,0,normal,none,0,0.052324153058442346
2026-01-10 10:00:00,AWS_05,0,normal,none,0,0.09616606708106329
2026-01-10 10:15:00,AWS_05,0,normal,none,0,0.07138938539042117
2026-01-10 10:30:00,AWS_05,0,normal,none,0,0.07013955889077239
2026-01-10 10:45:00,AWS_05,0,normal,none,0,0.04606596316041206
2026-01-10 11:00:00,AWS_05,0,normal,none,0,0.013442473690742751
2026-01-10 11:15:00,AWS_05,0,normal,none,0,0.06375077136258134
2026-01-10 11:30:00,AWS_05,0,normal,none,0,0.10391743993564162
2026-01-10 11:45:00,AWS_05,0,normal,none,0,0.06118262691827636
2026-01-10 12:00:00,AWS_05,0,normal,none,0,0.05087194357035729
2026-01-10 12:15:00,AWS_05,0,normal,none,0,0.10052688033093266
2026-01-10 12:30:00,AWS_05,0,normal,none,0,0.04263611951755897
2026-01-10 12:45:00,AWS_05,0,normal,none,0,0.0937804594794523
2026-01-10 13:00:00,AWS_05,0,normal,none,0,0.080177830920525
2026-01-10 13:15:00,AWS_05,0,normal,none,0,0.07516484868191975
2026-01-10 13:30:00,AWS_05,0,normal,none,1,-0.05818035324892756
2026-01-10 13:45:00,AWS_05,0,normal,none,0,0.013240343877174543
2026-01-10 14:00:00,AWS_05,0,normal,none,0,0.09126674661203094
2026-01-10 14:15:00,AWS_05,0,normal,none,0,0.09560625788296578
2026-01-10 14:30:00,AWS_05,0,normal,none,0,0.0014514931989437763
2026-01-10 14:45:00,AWS_05,0,normal,none,0,0.059650213274896835
2026-01-10 15:00:00,AWS_05,0,normal,none,1,-0.016373780997938292
2026-01-10 15:15:00,AWS_05,0,normal,none,0,0.01638882399344682
2026-01-10 15:30:00,AWS_05,0,normal,none,0,0.08639992486365011
2026-01-10 15:45:00,AWS_05,0,normal,none,0,0.09938048205126593
2026-01-10 16:00:00,AWS_05,0,normal,none,0,0.09368965192596779
2026-01-10 16:15:00,AWS_05,0,normal,none,0,0.048289123649338184
2026-01-10 16:30:00,AWS_05,0,normal,none,0,0.023160486076053144
2026-01-10 16:45:00,AWS_05,0,normal,none,0,0.01765354059590779
2026-01-10 17:00:00,AWS_05,0,normal,none,0,0.03244964294019986
2026-01-10 17:15:00,AWS_05,0,normal,none,0,0.02028070176610619
2026-01-10 17:30:00,AWS_05,0,normal,none,0,0.01623296051840961
2026-01-10 17:45:00,AWS_05,0,normal,none,0,0.027513172948680165
2026-01-10 18:00:00,AWS_05,0,normal,none,0,0.05540013842552005
2026-01-10 18:15:00,AWS_05,0,normal,none,0,0.0715519630090834
2026-01-10 18:30:00,AWS_05,0,normal,none,0,0.04192761477567081
2026-01-10 18:45:00,AWS_05,0,normal,none,0,0.0634306832435177
2026-01-10 19:00:00,AWS_05,0,normal,none,0,0.09959036620106376
2026-01-10 19:15:00,AWS_05,0,normal,none,0,0.09956323638657111
2026-01-10 19:30:00,AWS_05,0,normal,none,0,0.07461130494226004
2026-01-10 19:45:00,AWS_05,0,normal,none,0,0.09338636393295607
2026-01-10 20:00:00,AWS_05,0,normal,none,0,0.07684719474505392
2026-01-10 20:15:00,AWS_05,0,normal,none,0,0.09543637422963885
2026-01-10 20:30:00,AWS_05,0,normal,none,0,0.08171779607129892
2026-01-10 20:45:00,AWS_05,0,normal,none,0,0.08541207266595624
2026-01-10 21:00:00,AWS_05,0,normal,none,0,0.07561976808853366
2026-01-10 21:15:00,AWS_05,0,normal,none,0,0.0995744141763183
2026-01-10 21:30:00,AWS_05,0,normal,none,0,0.08268200815855986
2026-01-10 21:45:00,AWS_05,0,normal,none,0,0.051480773188335605
2026-01-10 22:00:00,AWS_05,0,normal,none,0,0.043850636475918026
2026-01-10 22:15:00,AWS_05,0,normal,none,0,0.051613607372225034
2026-01-10 22:30:00,AWS_05,0,normal,none,0,0.06759617411456853
2026-01-10 22:45:00,AWS_05,0,normal,none,0,0.09656818046840643
2026-01-10 23:00:00,AWS_05,0,normal,none,1,-0.02430046057423174
2026-01-10 23:15:00,AWS_05,0,normal,none,0,0.06578043676856293
2026-01-10 23:30:00,AWS_05,0,normal,none,0,0.03664429801802682
2026-01-10 23:45:00,AWS_05,0,normal,none,0,0.05874861583982921
2026-01-11 00:00:00,AWS_05,0,normal,none,1,-0.002391264063220544
2026-01-11 00:15:00,AWS_05,0,normal,none,0,0.06264276427741883
2026-01-11 00:30:00,AWS_05,0,normal,none,0,0.06349299829802002
2026-01-11 00:45:00,AWS_05,0,normal,none,0,0.0524939330210597
2026-01-11 01:00:00,AWS_05,0,normal,none,0,0.06296265321737587
2026-01-11 01:15:00,AWS_05,0,normal,none,0,0.03411877245511197
2026-01-11 01:30:00,AWS_05,0,normal,none,0,0.019331486043080548
2026-01-11 01:45:00,AWS_05,0,normal,none,1,-0.007762186216843325
2026-01-11 02:00:00,AWS_05,0,normal,none,0,0.036459381160087734
2026-01-11 02:15:00,AWS_05,0,normal,none,0,0.0001330242095142209
2026-01-11 02:30:00,AWS_05,0,normal,none,0,0.04074350027097334
2026-01-11 02:45:00,AWS_05,0,normal,none,0,0.046597985991031654
2026-01-11 03:00:00,AWS_05,0,normal,none,1,-0.02230710366905886
2026-01-11 03:15:00,AWS_05,0,normal,none,0,0.008234616545580609
2026-01-11 03:30:00,AWS_05,0,normal,none,1,-0.019420618897353692
2026-01-11 03:45:00,AWS_05,0,normal,none,0,0.0213371075098322
2026-01-11 04:00:00,AWS_05,0,normal,none,0,0.020535493684349926
2026-01-11 04:15:00,AWS_05,0,normal,none,0,0.038538489236574824
2026-01-11 04:30:00,AWS_05,0,normal,none,0,0.04681970658255319
2026-01-11 04:45:00,AWS_05,0,normal,none,0,0.0005307561080004075
2026-01-11 05:00:00,AWS_05,0,normal,none,1,-0.0349658799308864
2026-01-11 05:15:00,AWS_05,0,normal,none,0,0.004100653786441588
2026-01-11 05:30:00,AWS_05,0,normal,none,0,0.03867463235540619
2026-01-11 05:45:00,AWS_05,0,normal,none,0,0.057986825737571024
2026-01-11 06:00:00,AWS_05,0,normal,none,0,0.06226932590144668
2026-01-11 06:15:00,AWS_05,0,normal,none,0,0.02152921497048199
2026-01-11 06:30:00,AWS_05,0,normal,none,0,0.0497353719782378
2026-01-11 06:45:00,AWS_05,0,normal,none,0,0.08245879645656073
2026-01-11 07:00:00,AWS_05,0,normal,none,0,0.01532229948770858
2026-01-11 07:15:00,AWS_05,0,normal,none,0,0.05518451037408745
2026-01-11 07:30:00,AWS_05,0,normal,none,0,0.028602126254422433
2026-01-11 07:45:00,AWS_05,0,normal,none,0,0.08871366391658658
2026-01-11 08:00:00,AWS_05,0,normal,none,0,0.06033937351570323
2026-01-11 08:15:00,AWS_05,0,normal,none,0,0.10536845564762226
2026-01-11 08:30:00,AWS_05,0,normal,none,0,0.07610746268323271
2026-01-11 08:45:00,AWS_05,0,normal,none,0,0.09426262587870354
2026-01-11 09:00:00,AWS_05,0,normal,none,0,0.057617639903042084
2026-01-11 09:15:00,AWS_05,0,normal,none,0,0.08715472646719619
2026-01-11 09:30:00,AWS_05,0,normal,none,0,0.0708759872981245
2026-01-11 09:45:00,AWS_05,0,normal,none,0,0.08908231718058934
2026-01-11 10:00:00,AWS_05,0,normal,none,0,0.08277097862832156
2026-01-11 10:15:00,AWS_05,0,normal,none,0,0.08778942186307542
2026-01-11 10:30:00,AWS_05,0,normal,none,0,0.09617212291102573
2026-01-11 10:45:00,AWS_05,0,normal,none,0,0.06307341466762534
2026-01-11 11:00:00,AWS_05,0,normal,none,0,0.10924976256726127
2026-01-11 11:15:00,AWS_05,0,normal,none,0,0.07484898074958773
2026-01-11 11:30:00,AWS_05,0,normal,none,0,0.08390028184111137
2026-01-11 11:45:00,AWS_05,0,normal,none,0,0.059267620242556496
2026-01-11 12:00:00,AWS_05,0,normal,none,0,0.1087130255490919
2026-01-11 12:15:00,AWS_05,0,normal,none,0,0.030226344277590522
2026-01-11 12:30:00,AWS_05,0,normal,none,1,-0.0413410370365731
2026-01-11 12:45:00,AWS_05,0,normal,none,0,0.0704582194294443
2026-01-11 13:00:00,AWS_05,0,normal,none,0,0.018514636785413152
2026-01-11 13:15:00,AWS_05,0,normal,none,0,0.09260135731174579
2026-01-11 13:30:00,AWS_05,0,normal,none,0,0.06250827682375298
2026-01-11 13:45:00,AWS_05,0,normal,none,0,0.10446946993476447
2026-01-11 14:00:00,AWS_05,0,normal,none,0,0.056840863364637784
2026-01-11 14:15:00,AWS_05,0,normal,none,0,0.07198283514571935
2026-01-11 14:30:00,AWS_05,0,normal,none,0,0.10060719451118605
2026-01-11 14:45:00,AWS_05,0,normal,none,0,0.10751453967648017
2026-01-11 15:00:00,AWS_05,0,normal,none,0,0.05873403327514265
2026-01-11 15:15:00,AWS_05,0,normal,none,0,0.10530582312454878
2026-01-11 15:30:00,AWS_05,0,normal,none,0,0.04293091164061885
2026-01-11 15:45:00,AWS_05,0,normal,none,0,0.09689142493462488
2026-01-11 16:00:00,AWS_05,0,normal,none,0,0.026703989601119194
2026-01-11 16:15:00,AWS_05,0,normal,none,0,0.10834569810244898
2026-01-11 16:30:00,AWS_05,0,normal,none,0,0.1062199586949249
2026-01-11 16:45:00,AWS_05,0,normal,none,0,0.09142690265110914
2026-01-11 17:00:00,AWS_05,0,normal,none,0,0.09707877959394168
2026-01-11 17:15:00,AWS_05,0,normal,none,0,0.06696405731293581
2026-01-11 17:30:00,AWS_05,0,normal,none,0,0.09808151133244392
2026-01-11 17:45:00,AWS_05,0,normal,none,0,0.10162737926617987
2026-01-11 18:00:00,AWS_05,0,normal,none,0,0.09517158209881182
2026-01-11 18:15:00,AWS_05,0,normal,none,0,0.08547541071271308
2026-01-11 18:30:00,AWS_05,0,normal,none,0,0.1029484158829842
2026-01-11 18:45:00,AWS_05,0,normal,none,0,0.10547406382936414
2026-01-11 19:00:00,AWS_05,0,normal,none,0,0.07585898549448356
2026-01-11 19:15:00,AWS_05,0,normal,none,1,-0.021447367766975978
2026-01-11 19:30:00,AWS_05,0,normal,none,0,0.07399752310568974
2026-01-11 19:45:00,AWS_05,0,normal,none,0,0.10426712205806837
2026-01-11 20:00:00,AWS_05,0,normal,none,0,0.08758391306543778
2026-01-11 20:15:00,AWS_05,0,normal,none,0,0.1065678093524357
2026-01-11 20:30:00,AWS_05,0,normal,none,0,0.09235364035782534
2026-01-11 20:45:00,AWS_05,0,normal,none,0,0.05048810163923556
2026-01-11 21:00:00,AWS_05,0,normal,none,0,0.04940919779723535
2026-01-11 21:15:00,AWS_05,0,normal,none,0,0.09153544267344405
2026-01-11 21:30:00,AWS_05,0,normal,none,0,0.07670448803740026
2026-01-11 21:45:00,AWS_05,0,normal,none,0,0.06100851330944296
2026-01-11 22:00:00,AWS_05,0,normal,none,0,0.03904403420090752
2026-01-11 22:15:00,AWS_05,0,normal,none,0,0.07107918151292009
2026-01-11 22:30:00,AWS_05,0,normal,none,0,0.08527125305652389
2026-01-11 22:45:00,AWS_05,0,normal,none,0,0.08459787400726021
2026-01-11 23:00:00,AWS_05,0,normal,none,0,0.09743349453604305
2026-01-11 23:15:00,AWS_05,0,normal,none,0,0.07939914222631234
2026-01-11 23:30:00,AWS_05,0,normal,none,0,0.08764603993988823
2026-01-11 23:45:00,AWS_05,0,normal,none,0,0.08905363501953978
2026-01-12 00:00:00,AWS_05,0,normal,none,0,0.08250092832395406
2026-01-12 00:15:00,AWS_05,0,normal,none,0,0.08180334823502045
2026-01-12 00:30:00,AWS_05,0,normal,none,0,0.0777452234361134
2026-01-12 00:45:00,AWS_05,0,normal,none,0,0.07724420950933247
2026-01-12 01:00:00,AWS_05,0,normal,none,0,0.05509538886816373
2026-01-12 01:15:00,AWS_05,0,normal,none,0,0.0006529576612203658
2026-01-12 01:30:00,AWS_05,0,normal,none,0,0.06695367880044095
2026-01-12 01:45:00,AWS_05,0,normal,none,0,0.025262714119182683
2026-01-12 02:00:00,AWS_05,0,normal,none,0,0.03667001639619355
2026-01-12 02:15:00,AWS_05,0,normal,none,0,0.03397113687563241
2026-01-12 02:30:00,AWS_05,0,normal,none,1,-0.04582023111319444
2026-01-12 02:45:00,AWS_05,0,normal,none,0,0.0445453576475181
2026-01-12 03:00:00,AWS_05,0,normal,none,0,0.05755919809610632
2026-01-12 03:15:00,AWS_05,0,normal,none,1,-0.0124383669893815
2026-01-12 03:30:00,AWS_05,0,normal,none,0,0.021485574553294196
2026-01-12 03:45:00,AWS_05,0,normal,none,0,0.0024900045291152417
2026-01-12 04:00:00,AWS_05,0,normal,none,0,0.023981359215814735
2026-01-12 04:15:00,AWS_05,0,normal,none,0,0.04548317533412244
2026-01-12 04:30:00,AWS_05,0,normal,none,0,0.06385868924399923
2026-01-12 04:45:00,AWS_05,0,normal,none,0,0.04769972349596763
2026-01-12 05:00:00,AWS_05,0,normal,none,0,0.07002348799640867
2026-01-12 05:15:00,AWS_05,0,normal,none,0,0.045330210590914854
2026-01-12 05:30:00,AWS_05,0,normal,none,0,0.02611782145542152
2026-01-12 05:45:00,AWS_05,0,normal,none,0,0.06778197664514513
2026-01-12 06:00:00,AWS_05,0,normal,none,0,0.05131386696147988
2026-01-12 06:15:00,AWS_05,0,normal,none,0,0.07969291120965383
2026-01-12 06:30:00,AWS_05,0,normal,none,0,0.07050225209513228
2026-01-12 06:45:00,AWS_05,0,normal,none,0,0.06284281104652661
2026-01-12 07:00:00,AWS_05,0,normal,none,1,-0.009447082063683387
2026-01-12 07:15:00,AWS_05,0,normal,none,0,0.0374201836410884
2026-01-12 07:30:00,AWS_05,0,normal,none,0,0.09487976439949608
2026-01-12 07:45:00,AWS_05,0,normal,none,0,0.07253366116923132
2026-01-12 08:00:00,AWS_05,0,normal,none,0,0.042213403106972525
2026-01-12 08:15:00,AWS_05,0,normal,none,0,0.006619842413709165
2026-01-12 08:30:00,AWS_05,0,normal,none,0,0.06254643518048664
2026-01-12 08:45:00,AWS_05,0,normal,none,0,0.018466910311671303
2026-01-12 09:00:00,AWS_05,0,normal,none,0,0.08689045911586735
2026-01-12 09:15:00,AWS_05,0,normal,none,0,0.05420640358568224
2026-01-12 09:30:00,AWS_05,0,normal,none,0,0.0035216552932473832
2026-01-12 09:45:00,AWS_05,0,normal,none,0,0.07227093975632054
2026-01-12 10:00:00,AWS_05,0,normal,none,0,0.01374512771863029
2026-01-12 10:15:00,AWS_05,0,normal,none,0,0.08791181076696242
2026-01-12 10:30:00,AWS_05,0,normal,none,0,0.05325479259409249
2026-01-12 10:45:00,AWS_05,0,normal,none,0,0.0753937917828933
2026-01-12 11:00:00,AWS_05,0,normal,none,0,0.08582438184712121
2026-01-12 11:15:00,AWS_05,0,normal,none,0,0.022141150488770356
2026-01-12 11:30:00,AWS_05,0,normal,none,0,0.06411738362359087
2026-01-12 11:45:00,AWS_05,0,normal,none,0,0.03891088025796685
2026-01-12 12:00:00,AWS_05,0,normal,none,0,0.06736799702585211
2026-01-12 12:15:00,AWS_05,0,normal,none,0,0.10243451200194426
2026-01-12 12:30:00,AWS_05,0,normal,none,0,0.04387925573610346
2026-01-12 12:45:00,AWS_05,0,normal,none,0,0.05263392704645575
2026-01-12 13:00:00,AWS_05,0,normal,none,0,0.08910338128459677
2026-01-12 13:15:00,AWS_05,0,normal,none,0,0.051376902466395924
2026-01-12 13:30:00,AWS_05,0,normal,none,0,0.021885668951324433
2026-01-12 13:45:00,AWS_05,0,normal,none,0,0.07952648926701289
2026-01-12 14:00:00,AWS_05,0,normal,none,0,0.06117945527372409
2026-01-12 14:15:00,AWS_05,0,normal,none,0,0.043260072557635365
2026-01-12 14:30:00,AWS_05,0,normal,none,0,0.06275529336299995
2026-01-12 14:45:00,AWS_05,0,normal,none,0,0.05958474250939022
2026-01-12 15:00:00,AWS_05,0,normal,none,0,0.08592682260101875
2026-01-12 15:15:00,AWS_05,0,normal,none,0,0.04857677915062669
2026-01-12 15:30:00,AWS_05,0,normal,none,0,0.05240983504020963
2026-01-12 15:45:00,AWS_05,0,normal,none,0,0.07427717589404043
2026-01-12 16:00:00,AWS_05,0,normal,none,0,0.06274937563277738
2026-01-12 16:15:00,AWS_05,0,normal,none,0,0.02907341031149202
2026-01-12 16:30:00,AWS_05,0,normal,none,0,0.08476021579000648
2026-01-12 16:45:00,AWS_05,0,normal,none,0,0.07361360983964915
2026-01-12 17:00:00,AWS_05,0,normal,none,0,0.06345856837287528
2026-01-12 17:15:00,AWS_05,0,normal,none,0,0.05696425702897451
2026-01-12 17:30:00,AWS_05,0,normal,none,0,0.06870585207758056
2026-01-12 17:45:00,AWS_05,0,normal,none,0,0.021364901570650463
2026-01-12 18:00:00,AWS_05,0,normal,none,1,-0.01195630497926703
2026-01-12 18:15:00,AWS_05,0,normal,none,0,0.0880846295638057
2026-01-12 18:30:00,AWS_05,0,normal,none,0,0.07805080343485205
2026-01-12 18:45:00,AWS_05,0,normal,none,0,0.08314819401174928
2026-01-12 19:00:00,AWS_05,0,normal,none,0,0.062123468744733124
2026-01-12 19:15:00,AWS_05,0,normal,none,0,0.09936392289141888
2026-01-12 19:30:00,AWS_05,0,normal,none,0,0.04774236369251439
2026-01-12 19:45:00,AWS_05,0,normal,none,0,0.026593779935186468
2026-01-12 20:00:00,AWS_05,0,normal,none,0,0.07087301708105515
2026-01-12 20:15:00,AWS_05,0,normal,none,0,0.07383597891032506
2026-01-12 20:30:00,AWS_05,0,normal,none,0,0.10533767944686573
2026-01-12 20:45:00,AWS_05,0,normal,none,0,0.03926006305171903
2026-01-12 21:00:00,AWS_05,0,normal,none,0,0.07037471964848951
2026-01-12 21:15:00,AWS_05,0,normal,none,0,0.08156396233651347
2026-01-12 21:30:00,AWS_05,0,normal,none,1,-0.012440441872783148
2026-01-12 21:45:00,AWS_05,0,normal,none,0,0.06827634565332502
2026-01-12 22:00:00,AWS_05,0,normal,none,0,0.09087274029452852
2026-01-12 22:15:00,AWS_05,0,normal,none,0,0.07697963018243403
2026-01-12 22:30:00,AWS_05,0,normal,none,0,0.10127442452377594
2026-01-12 22:45:00,AWS_05,0,normal,none,0,0.040123826054303535
2026-01-12 23:00:00,AWS_05,0,normal,none,0,0.07015428221517095
2026-01-12 23:15:00,AWS_05,0,normal,none,0,0.08251144854349318
2026-01-12 23:30:00,AWS_05,0,normal,none,0,0.0752744227615848
2026-01-12 23:45:00,AWS_05,0,normal,none,0,0.08770003659114994
2026-01-13 00:00:00,AWS_05,0,normal,none,0,0.08709200385549942
2026-01-13 00:15:00,AWS_05,0,normal,none,0,0.038822281677789616
2026-01-13 00:30:00,AWS_05,0,normal,none,0,0.056888568757287095
2026-01-13 00:45:00,AWS_05,0,normal,none,0,0.06725934365956043
2026-01-13 01:00:00,AWS_05,0,normal,none,0,0.09207506398669446
2026-01-13 01:15:00,AWS_05,0,normal,none,0,0.08557621085677147
2026-01-13 01:30:00,AWS_05,0,normal,none,0,0.03950000467891357
2026-01-13 01:45:00,AWS_05,0,normal,none,0,0.005399893777495723
2026-01-13 02:00:00,AWS_05,0,normal,none,0,0.0659053943592241
2026-01-13 02:15:00,AWS_05,0,normal,none,0,0.02893813057510547
2026-01-13 02:30:00,AWS_05,0,normal,none,1,-0.020128663908670186
2026-01-13 02:45:00,AWS_05,0,normal,none,0,0.04926028666461385
2026-01-13 03:00:00,AWS_05,0,normal,none,0,0.04861622199231208
2026-01-13 03:15:00,AWS_05,0,normal,none,1,-0.017950762084766425
2026-01-13 03:30:00,AWS_05,0,normal,none,0,0.02203320115877394
2026-01-13 03:45:00,AWS_05,0,normal,none,0,0.06534354906211959
2026-01-13 04:00:00,AWS_05,0,normal,none,0,0.026490859808437517
2026-01-13 04:15:00,AWS_05,0,normal,none,0,0.07537821662620464
2026-01-13 04:30:00,AWS_05,0,normal,none,0,0.0005324314889943449
2026-01-13 04:45:00,AWS_05,0,normal,none,1,-0.021661152689354535
2026-01-13 05:00:00,AWS_05,0,normal,none,0,0.07090546843482087
2026-01-13 05:15:00,AWS_05,0,normal,none,0,0.08531515049871963
2026-01-13 05:30:00,AWS_05,0,normal,none,0,0.05035175529334529
2026-01-13 05:45:00,AWS_05,0,normal,none,0,0.06934752780347214
2026-01-13 06:00:00,AWS_05,0,normal,none,0,0.05430569462318707
2026-01-13 06:15:00,AWS_05,0,normal,none,0,0.055612245384280445
2026-01-13 06:30:00,AWS_05,0,normal,none,0,0.05203438501881513
2026-01-13 06:45:00,AWS_05,0,normal,none,0,0.09308805040496237
2026-01-13 07:00:00,AWS_05,0,normal,none,0,0.06491726382013113
2026-01-13 07:15:00,AWS_05,0,normal,none,0,0.0929314370945179
2026-01-13 07:30:00,AWS_05,0,normal,none,0,0.0935941284618027
2026-01-13 07:45:00,AWS_05,0,normal,none,0,0.05461798766468284
2026-01-13 08:00:00,AWS_05,0,normal,none,0,0.03309345445733031
2026-01-13 08:15:00,AWS_05,0,normal,none,0,0.0814834882667933
2026-01-13 08:30:00,AWS_05,0,normal,none,0,0.04927446760869625
2026-01-13 08:45:00,AWS_05,0,normal,none,0,0.006605067682414811
2026-01-13 09:00:00,AWS_05,0,normal,none,0,0.06889550797403166
2026-01-13 09:15:00,AWS_05,0,normal,none,0,0.06949861278355246
2026-01-13 09:30:00,AWS_05,0,normal,none,0,0.07960075901884106
2026-01-13 09:45:00,AWS_05,0,normal,none,0,0.10228761486651766
2026-01-13 10:00:00,AWS_05,0,normal,none,0,0.08888820360020994
2026-01-13 10:15:00,AWS_05,0,normal,none,0,0.08375685655016318
2026-01-13 10:30:00,AWS_05,0,normal,none,1,-0.0007805713863259234
2026-01-13 10:45:00,AWS_05,0,normal,none,0,0.024069045187280425
2026-01-13 11:00:00,AWS_05,0,normal,none,0,0.00874425425165748
2026-01-13 11:15:00,AWS_05,0,normal,none,0,0.06737376078077584
2026-01-13 11:30:00,AWS_05,0,normal,none,0,0.0665233391889477
2026-01-13 11:45:00,AWS_05,0,normal,none,0,0.06408629763587409
2026-01-13 12:00:00,AWS_05,0,normal,none,0,0.02991921526465452
2026-01-13 12:15:00,AWS_05,0,normal,none,0,0.07100352467150706
2026-01-13 12:30:00,AWS_05,0,normal,none,1,-0.004707387548533171
2026-01-13 12:45:00,AWS_05,0,normal,none,0,0.039355421830088555
2026-01-13 13:00:00,AWS_05,0,normal,none,0,0.022371746670960868
2026-01-13 13:15:00,AWS_05,0,normal,none,0,0.07340888773504683
2026-01-13 13:30:00,AWS_05,0,normal,none,0,0.007338197243231648
2026-01-13 13:45:00,AWS_05,0,normal,none,0,0.07475273122636023
2026-01-13 14:00:00,AWS_05,0,normal,none,0,0.07861963260284127
2026-01-13 14:15:00,AWS_05,0,normal,none,0,0.08687973113278663
2026-01-13 14:30:00,AWS_05,0,normal,none,0,0.04142228723697511
2026-01-13 14:45:00,AWS_05,0,normal,none,0,0.012949633597384824
2026-01-13 15:00:00,AWS_05,0,normal,none,0,0.04796416245876389
2026-01-13 15:15:00,AWS_05,0,normal,none,0,0.05863420113532203
2026-01-13 15:30:00,AWS_05,0,normal,none,0,0.03240912577268901
2026-01-13 15:45:00,AWS_05,0,normal,none,0,0.030570857002186147
2026-01-13 16:00:00,AWS_05,0,normal,none,0,0.08396528090634586
2026-01-13 16:15:00,AWS_05,0,normal,none,0,0.06139974688300032
2026-01-13 16:30:00,AWS_05,0,normal,none,0,0.04180836624699685
2026-01-13 16:45:00,AWS_05,0,normal,none,0,0.08394214950324463
2026-01-13 17:00:00,AWS_05,0,normal,none,0,0.0785894686185053
2026-01-13 17:15:00,AWS_05,0,normal,none,0,0.05435173797805326
2026-01-13 17:30:00,AWS_05,0,normal,none,0,0.06292189348302801
2026-01-13 17:45:00,AWS_05,0,normal,none,0,0.06933445216358652
2026-01-13 18:00:00,AWS_05,0,normal,none,0,0.01074120239021975
2026-01-13 18:15:00,AWS_05,0,normal,none,0,0.014174267646758054
2026-01-13 18:30:00,AWS_05,0,normal,none,0,0.05950787816091857
2026-01-13 18:45:00,AWS_05,0,normal,none,0,0.09060739371386178
2026-01-13 19:00:00,AWS_05,0,normal,none,0,0.10128235333757396
2026-01-13 19:15:00,AWS_05,0,normal,none,0,0.08636834835642132
2026-01-13 19:30:00,AWS_05,0,normal,none,0,0.08212122036176972
2026-01-13 19:45:00,AWS_05,0,normal,none,0,0.06101078383877434
2026-01-13 20:00:00,AWS_05,0,normal,none,0,0.10174825040376945
2026-01-13 20:15:00,AWS_05,0,normal,none,0,0.06746041585938317
2026-01-13 20:30:00,AWS_05,0,normal,none,0,0.02367808422694445
2026-01-13 20:45:00,AWS_05,0,normal,none,0,0.08959184874521126
2026-01-13 21:00:00,AWS_05,0,normal,none,0,0.08232923358144029
2026-01-13 21:15:00,AWS_05,0,normal,none,0,0.07615574820807836
2026-01-13 21:30:00,AWS_05,0,normal,none,0,0.07115038065996276
2026-01-13 21:45:00,AWS_05,0,normal,none,0,0.09750669040789955
2026-01-13 22:00:00,AWS_05,0,normal,none,0,0.09588773988473992
2026-01-13 22:15:00,AWS_05,0,normal,none,0,0.008835567570662894
2026-01-13 22:30:00,AWS_05,0,normal,none,0,0.09339217289960594
2026-01-13 22:45:00,AWS_05,0,normal,none,0,0.05622743962159793
2026-01-13 23:00:00,AWS_05,0,normal,none,0,0.04246316553241375
2026-01-13 23:15:00,AWS_05,0,normal,none,0,0.09329474614404426
2026-01-13 23:30:00,AWS_05,0,normal,none,0,0.09130795824803933
2026-01-13 23:45:00,AWS_05,0,normal,none,0,0.06789438691963323
2026-01-14 00:00:00,AWS_05,0,normal,none,0,0.0758727693780119
2026-01-14 00:15:00,AWS_05,0,normal,none,0,0.09939689700676935
2026-01-14 00:30:00,AWS_05,0,normal,none,0,0.01814167042395698
2026-01-14 00:45:00,AWS_05,0,normal,none,0,0.10176377955851734
2026-01-14 01:00:00,AWS_05,0,normal,none,0,0.08510293325089247
2026-01-14 01:15:00,AWS_05,0,normal,none,0,0.04141749619949847
2026-01-14 01:30:00,AWS_05,0,normal,none,0,0.06220152353358305
2026-01-14 01:45:00,AWS_05,0,normal,none,0,0.0937742458054362
2026-01-14 02:00:00,AWS_05,0,normal,none,0,0.068556564191804
2026-01-14 02:15:00,AWS_05,0,normal,none,1,-0.005468850000346803
2026-01-14 02:30:00,AWS_05,0,normal,none,0,0.0920278451164972
2026-01-14 02:45:00,AWS_05,0,normal,none,0,0.07019144094661056
2026-01-14 03:00:00,AWS_05,0,normal,none,0,0.05724361588558957
2026-01-14 03:15:00,AWS_05,0,normal,none,0,0.07708192520086304
2026-01-14 03:30:00,AWS_05,0,normal,none,0,0.07160235888844774
2026-01-14 03:45:00,AWS_05,0,normal,none,0,0.08506968544141719
2026-01-14 04:00:00,AWS_05,0,normal,none,0,0.07934283701036832
2026-01-14 04:15:00,AWS_05,0,normal,none,0,0.08925465640599056
2026-01-14 04:30:00,AWS_05,0,normal,none,0,0.07870737868188277
2026-01-14 04:45:00,AWS_05,0,normal,none,0,0.09700711008083329
2026-01-14 05:00:00,AWS_05,0,normal,none,0,0.08946771023552225
2026-01-14 05:15:00,AWS_05,0,normal,none,0,0.05656777211102815
2026-01-14 05:30:00,AWS_05,0,normal,none,0,0.015478421270058884
2026-01-14 05:45:00,AWS_05,0,normal,none,0,0.06462509365832331
2026-01-14 06:00:00,AWS_05,0,normal,none,0,0.08694570004407426
2026-01-14 06:15:00,AWS_05,0,normal,none,0,0.08293646969564322
2026-01-14 06:30:00,AWS_05,0,normal,none,0,0.08646283180964776
2026-01-14 06:45:00,AWS_05,0,normal,none,0,0.10406445578091017
2026-01-14 07:00:00,AWS_05,0,normal,none,0,0.09915613164800452
2026-01-14 07:15:00,AWS_05,0,normal,none,0,0.09757129323296543
2026-01-14 07:30:00,AWS_05,0,normal,none,0,0.0015162452022268735
2026-01-14 07:45:00,AWS_05,0,normal,none,0,0.01913222366348649
2026-01-14 08:00:00,AWS_05,0,normal,none,0,0.057635221895013244
2026-01-14 08:15:00,AWS_05,0,normal,none,0,0.09064302825844506
2026-01-14 08:30:00,AWS_05,0,normal,none,0,0.012664111139706058
2026-01-14 08:45:00,AWS_05,0,normal,none,0,0.05830820953035076
2026-01-14 09:00:00,AWS_05,0,normal,none,0,0.07263380256958551
2026-01-14 09:15:00,AWS_05,0,normal,none,0,0.075919857908748
2026-01-14 09:30:00,AWS_05,0,normal,none,0,0.029566210355924827
2026-01-14 09:45:00,AWS_05,0,normal,none,0,0.0016125034060359145
2026-01-14 10:00:00,AWS_05,0,normal,none,0,0.058792471130848845
2026-01-14 10:15:00,AWS_05,0,normal,none,0,0.06680927399121472
2026-01-14 10:30:00,AWS_05,0,normal,none,0,0.03155430629699646
2026-01-14 10:45:00,AWS_05,0,normal,none,0,0.03397811667178113
2026-01-14 11:00:00,AWS_05,0,normal,none,0,0.09221298818543544
2026-01-14 11:15:00,AWS_05,0,normal,none,0,0.03715214688215651
2026-01-14 11:30:00,AWS_05,0,normal,none,0,0.06283045672787224
2026-01-14 11:45:00,AWS_05,0,normal,none,0,0.018390182183028347
2026-01-14 12:00:00,AWS_05,0,normal,none,0,0.020609849712556583
2026-01-14 12:15:00,AWS_05,0,normal,none,0,0.07995294803584502
2026-01-14 12:30:00,AWS_05,0,normal,none,0,0.05887182687429193
2026-01-14 12:45:00,AWS_05,0,normal,none,0,0.054477262099407675
2026-01-14 13:00:00,AWS_05,0,normal,none,0,0.016194893864799997
2026-01-14 13:15:00,AWS_05,0,normal,none,1,-0.019457169784982353
2026-01-14 13:30:00,AWS_05,0,normal,none,0,0.07464799663000571
2026-01-14 13:45:00,AWS_05,0,normal,none,0,0.08387145527130563
2026-01-14 14:00:00,AWS_05,0,normal,none,0,0.08220855350701856
2026-01-14 14:15:00,AWS_05,0,normal,none,0,0.10166461751791556
2026-01-14 14:30:00,AWS_05,0,normal,none,0,0.05708276342791602
2026-01-14 14:45:00,AWS_05,0,normal,none,0,0.08439716060919095
2026-01-14 15:00:00,AWS_05,0,normal,none,0,0.04449313020460771
2026-01-14 15:15:00,AWS_05,0,normal,none,0,0.03384208609382122
2026-01-14 15:30:00,AWS_05,0,normal,none,0,0.1017763667227522
2026-01-14 15:45:00,AWS_05,0,normal,none,0,0.08993006113595264
2026-01-14 16:00:00,AWS_05,0,normal,none,0,0.07568236478206375
2026-01-14 16:15:00,AWS_05,0,normal,none,0,0.045374917269947745
2026-01-14 16:30:00,AWS_05,0,normal,none,0,0.08486944157203224
2026-01-14 16:45:00,AWS_05,0,normal,none,0,0.08513474618720701
2026-01-14 17:00:00,AWS_05,0,normal,none,0,0.10193588893786776
2026-01-14 17:15:00,AWS_05,0,normal,none,0,0.10539335870617711
2026-01-14 17:30:00,AWS_05,0,normal,none,0,0.04319994600178556
2026-01-14 17:45:00,AWS_05,0,normal,none,0,0.056840032336995916
2026-01-14 18:00:00,AWS_05,0,normal,none,0,0.10391389260691247
2026-01-14 18:15:00,AWS_05,0,normal,none,0,0.09115974261535936
2026-01-14 18:30:00,AWS_05,0,normal,none,0,0.09637150170178782
2026-01-14 18:45:00,AWS_05,0,normal,none,0,0.015564584652627222
2026-01-14 19:00:00,AWS_05,0,normal,none,0,0.07021164154265008
2026-01-14 19:15:00,AWS_05,0,normal,none,0,0.10078421891925715
2026-01-14 19:30:00,AWS_05,0,normal,none,0,0.09862566926890004
2026-01-14 19:45:00,AWS_05,0,normal,none,0,0.040381208616321385
2026-01-14 20:00:00,AWS_05,0,normal,none,0,0.025259903423452745
2026-01-14 20:15:00,AWS_05,0,normal,none,0,0.063662831001632
2026-01-14 20:30:00,AWS_05,0,normal,none,0,0.005270312677427391
2026-01-14 20:45:00,AWS_05,0,normal,none,0,0.0932172621237814
2026-01-14 21:00:00,AWS_05,0,normal,none,1,-0.00846537549269133
2026-01-14 21:15:00,AWS_05,0,normal,none,0,0.08002946345606676
2026-01-14 21:30:00,AWS_05,0,normal,none,0,0.07053779513786645
2026-01-14 21:45:00,AWS_05,0,normal,none,0,0.05203176714755081
2026-01-14 22:00:00,AWS_05,0,normal,none,0,0.06607404408931339
2026-01-14 22:15:00,AWS_05,0,normal,none,0,0.06448024818631704
2026-01-14 22:30:00,AWS_05,0,normal,none,1,-0.01784429271194865
2026-01-14 22:45:00,AWS_05,0,normal,none,1,-0.027909395909409995
2026-01-14 23:00:00,AWS_05,0,normal,none,0,0.07084177602280528
2026-01-14 23:15:00,AWS_05,0,normal,none,0,0.05018721871951115
2026-01-14 23:30:00,AWS_05,0,normal,none,0,0.08783700516716653
2026-01-14 23:45:00,AWS_05,0,normal,none,0,0.060790779073683354
2026-01-15 00:00:00,AWS_05,0,normal,none,0,0.042121871899446106
2026-01-15 00:15:00,AWS_05,0,normal,none,0,0.060461893143851364
2026-01-15 00:30:00,AWS_05,0,normal,none,0,0.0013432738605490546
2026-01-15 00:45:00,AWS_05,0,normal,none,0,0.03994701273906287
2026-01-15 01:00:00,AWS_05,0,normal,none,0,0.032021440850806715
2026-01-15 01:15:00,AWS_05,0,normal,none,0,0.04709531966757785
2026-01-15 01:30:00,AWS_05,0,normal,none,1,-0.04079124827578928
2026-01-15 01:45:00,AWS_05,0,normal,none,0,0.002049521154362799
2026-01-15 02:00:00,AWS_05,0,normal,none,0,0.033673348295979955
2026-01-15 02:15:00,AWS_05,0,normal,none,0,0.04277806205763601
2026-01-15 02:30:00,AWS_05,0,normal,none,1,-0.03663261586885591
2026-01-15 02:45:00,AWS_05,0,normal,none,1,-0.00212702894705874
2026-01-15 03:00:00,AWS_05,0,normal,none,0,0.004995494963889013
2026-01-15 03:15:00,AWS_05,0,normal,none,0,0.015664096809718753
2026-01-15 03:30:00,AWS_05,0,normal,none,1,-0.02752308096407108
2026-01-15 03:45:00,AWS_05,0,normal,none,1,-0.05395157608122636
2026-01-15 04:00:00,AWS_05,0,normal,none,0,0.009446460260584766
2026-01-15 04:15:00,AWS_05,0,normal,none,1,-0.11093743124512367
2026-01-15 04:30:00,AWS_05,0,normal,none,1,-0.058437122148318754
2026-01-15 04:45:00,AWS_05,0,normal,none,1,-0.021415462510279926
2026-01-15 05:00:00,AWS_05,0,normal,none,1,-0.011041942898356027
2026-01-15 05:15:00,AWS_05,0,normal,none,1,-0.012261123496464577
2026-01-15 05:30:00,AWS_05,0,normal,none,1,-0.02635990087872986
2026-01-15 05:45:00,AWS_05,0,normal,none,0,0.05491660025101619
2026-01-15 06:00:00,AWS_05,0,normal,none,0,0.06235158640611782
2026-01-15 06:15:00,AWS_05,0,normal,none,1,-0.0027028751731050793
2026-01-15 06:30:00,AWS_05,0,normal,none,0,0.023492586134898574
2026-01-15 06:45:00,AWS_05,0,normal,none,0,0.09194060862117148
2026-01-15 07:00:00,AWS_05,0,normal,none,1,-0.007252109383597993
2026-01-15 07:15:00,AWS_05,0,normal,none,0,0.03553591448699983
2026-01-15 07:30:00,AWS_05,0,normal,none,1,-0.040347093362870234
2026-01-15 07:45:00,AWS_05,0,normal,none,0,0.08525187487008562
2026-01-15 08:00:00,AWS_05,0,normal,none,0,0.0807859567288366
2026-01-15 08:15:00,AWS_05,0,normal,none,0,0.07985778013863276
2026-01-15 08:30:00,AWS_05,0,normal,none,0,0.07007027215938377
2026-01-15 08:45:00,AWS_05,0,normal,none,0,0.026133092074446973
2026-01-15 09:00:00,AWS_05,0,normal,none,0,0.04716648947642982
2026-01-15 09:15:00,AWS_05,0,normal,none,0,0.04945621256733257
2026-01-15 09:30:00,AWS_05,0,normal,none,0,0.09720432137737006
2026-01-15 09:45:00,AWS_05,0,normal,none,0,0.09780087328991849
2026-01-15 10:00:00,AWS_05,0,normal,none,1,-0.02804351107235481
2026-01-15 10:15:00,AWS_05,0,normal,none,1,-0.012171104608696526
2026-01-15 10:30:00,AWS_05,0,normal,none,0,0.07802732121536249
2026-01-15 10:45:00,AWS_05,0,normal,none,0,0.06114745492412382
2026-01-15 11:00:00,AWS_05,0,normal,none,0,0.05844243233635793
2026-01-15 11:15:00,AWS_05,0,normal,none,1,-0.021598684294091286
2026-01-15 11:30:00,AWS_05,0,normal,none,0,0.030042082482113375
2026-01-15 11:45:00,AWS_05,0,normal,none,0,0.05909209655627118
2026-01-15 12:00:00,AWS_05,0,normal,none,0,0.005563955213337579
2026-01-15 12:15:00,AWS_05,0,normal,none,0,0.03651713598694678
2026-01-15 12:30:00,AWS_05,0,normal,none,0,0.05365257084186559
2026-01-15 12:45:00,AWS_05,0,normal,none,0,0.01689415259074778
2026-01-15 13:00:00,AWS_05,0,normal,none,1,-0.03224991021678292
2026-01-15 13:15:00,AWS_05,0,normal,none,0,0.06655174963534555
2026-01-15 13:30:00,AWS_05,0,normal,none,0,0.07093948881490525
2026-01-15 13:45:00,AWS_05,0,normal,none,0,0.05093530231345844
2026-01-15 14:00:00,AWS_05,0,normal,none,0,0.06210596500645199
2026-01-15 14:15:00,AWS_05,0,normal,none,0,0.04772563949516312
2026-01-15 14:30:00,AWS_05,0,normal,none,0,0.08695306009911485
2026-01-15 14:45:00,AWS_05,0,normal,none,0,0.011878054816189365
2026-01-15 15:00:00,AWS_05,0,normal,none,0,0.06791687536398028
2026-01-15 15:15:00,AWS_05,0,normal,none,0,0.07207946775892093
2026-01-15 15:30:00,AWS_05,0,normal,none,0,0.016491513784174128
2026-01-15 15:45:00,AWS_05,0,normal,none,0,0.07972654073963437
2026-01-15 16:00:00,AWS_05,0,normal,none,0,0.05423757983363714
2026-01-15 16:15:00,AWS_05,0,normal,none,0,0.007955837363446183
2026-01-15 16:30:00,AWS_05,0,normal,none,0,0.046975162746708155
2026-01-15 16:45:00,AWS_05,0,normal,none,0,0.06812434241973891
2026-01-15 17:00:00,AWS_05,0,normal,none,0,0.07203343672550389
2026-01-15 17:15:00,AWS_05,0,normal,none,0,0.08917839398134159
2026-01-15 17:30:00,AWS_05,0,normal,none,0,0.08158442555436152
2026-01-15 17:45:00,AWS_05,0,normal,none,0,0.053556132249739985
2026-01-15 18:00:00,AWS_05,0,normal,none,1,-0.031309085106705825
2026-01-15 18:15:00,AWS_05,0,normal,none,0,0.036585870626463735
2026-01-15 18:30:00,AWS_05,0,normal,none,0,0.06490827308239439
2026-01-15 18:45:00,AWS_05,0,normal,none,0,0.09803315210100327
2026-01-15 19:00:00,AWS_05,0,normal,none,0,0.05858191456195677
2026-01-15 19:15:00,AWS_05,0,normal,none,0,0.07759744663304607
2026-01-15 19:30:00,AWS_05,0,normal,none,1,-0.00447848005172502
2026-01-15 19:45:00,AWS_05,0,normal,none,0,0.02500808805223692
2026-01-15 20:00:00,AWS_05,0,normal,none,0,0.04713679139215948
2026-01-15 20:15:00,AWS_05,0,normal,none,0,0.09455518018808667
2026-01-15 20:30:00,AWS_05,0,normal,none,0,0.0757035216475993
2026-01-15 20:45:00,AWS_05,0,normal,none,0,0.08352394803685381
2026-01-15 21:00:00,AWS_05,0,normal,none,0,0.0889787603362851
2026-01-15 21:15:00,AWS_05,0,normal,none,0,0.09470820391240303
2026-01-15 21:30:00,AWS_05,0,normal,none,0,0.0662124953801273
2026-01-15 21:45:00,AWS_05,0,normal,none,0,0.05322451771755987
2026-01-15 22:00:00,AWS_05,0,normal,none,0,0.04711271839267245
2026-01-15 22:15:00,AWS_05,0,normal,none,0,0.06765130208984521
2026-01-15 22:30:00,AWS_05,0,normal,none,0,0.09241296939226101
2026-01-15 22:45:00,AWS_05,0,normal,none,0,0.032147047704267295
2026-01-15 23:00:00,AWS_05,0,normal,none,0,0.040909749582641486
2026-01-15 23:15:00,AWS_05,0,normal,none,0,0.015667628710090975
2026-01-15 23:30:00,AWS_05,0,normal,none,0,0.06215065620159144
2026-01-15 23:45:00,AWS_05,0,normal,none,0,0.09328389252019365
2026-01-16 00:00:00,AWS_05,0,normal,none,1,-0.018755161180621593
2026-01-16 00:15:00,AWS_05,0,normal,none,0,0.017740239917254208
2026-01-16 00:30:00,AWS_05,0,normal,none,0,0.016761453958887895
2026-01-16 03:45:00,AWS_05,0,normal,none,1,-0.06883213869934068
2026-01-16 04:00:00,AWS_05,0,normal,none,0,0.015994682018101947
2026-01-16 04:15:00,AWS_05,0,normal,none,0,0.03132514648752599
2026-01-16 04:30:00,AWS_05,0,normal,none,0,0.019238204853834484
2026-01-16 04:45:00,AWS_05,0,normal,none,0,0.006380884102269613
2026-01-16 05:00:00,AWS_05,0,normal,none,1,-0.0001626620132345602
2026-01-16 05:15:00,AWS_05,0,normal,none,0,0.0002140575923185728
2026-01-16 05:30:00,AWS_05,0,normal,none,1,-0.003277518109938704
2026-01-16 05:45:00,AWS_05,0,normal,none,1,-0.02263854025118428
2026-01-16 06:00:00,AWS_05,0,normal,none,0,0.06490341904960178
2026-01-16 06:15:00,AWS_05,0,normal,none,0,0.04411461375718312
2026-01-16 06:30:00,AWS_05,0,normal,none,0,0.020376896485888085
2026-01-16 06:45:00,AWS_05,0,normal,none,0,0.025673632620383136
2026-01-16 07:00:00,AWS_05,0,normal,none,1,-0.010559770407412739
2026-01-16 07:15:00,AWS_05,0,normal,none,0,0.06343409993954824
2026-01-16 07:30:00,AWS_05,0,normal,none,0,0.004315507071653124
2026-01-16 07:45:00,AWS_05,0,normal,none,1,-0.012025563733593314
2026-01-16 08:00:00,AWS_05,0,normal,none,0,0.04597561610674478
2026-01-16 08:15:00,AWS_05,0,normal,none,0,0.020288697365252573
2026-01-16 08:30:00,AWS_05,0,normal,none,0,0.05600533378451672
2026-01-16 08:45:00,AWS_05,0,normal,none,0,0.051820449966600624
2026-01-16 09:00:00,AWS_05,0,normal,none,0,0.020167384649197595
2026-01-16 09:15:00,AWS_05,0,normal,none,1,-0.01570928206757083
2026-01-16 09:30:00,AWS_05,0,normal,none,1,-0.058492317196755184
2026-01-16 09:45:00,AWS_05,0,normal,none,0,0.021550219691772732
2026-01-16 10:00:00,AWS_05,0,normal,none,0,0.040805300128684385
2026-01-16 10:15:00,AWS_05,0,normal,none,0,0.012978803903064051
2026-01-16 10:30:00,AWS_05,0,normal,none,0,0.03178872817872397
2026-01-16 10:45:00,AWS_05,0,normal,none,0,0.030237062503251755
2026-01-16 11:00:00,AWS_05,0,normal,none,1,-0.029627227448828064
2026-01-16 11:15:00,AWS_05,0,normal,none,0,0.014313996264659123
2026-01-16 11:30:00,AWS_05,0,normal,none,1,-0.022140230517104675
2026-01-16 11:45:00,AWS_05,0,normal,none,1,-0.006879575311532604
2026-01-16 12:00:00,AWS_05,0,normal,none,0,0.013672480230443596
2026-01-16 12:15:00,AWS_05,0,normal,none,0,0.0004025205069087545
2026-01-16 12:30:00,AWS_05,0,normal,none,0,0.04511926669413446
2026-01-16 12:45:00,AWS_05,0,normal,none,0,0.038192415229973686
2026-01-16 13:00:00,AWS_05,0,normal,none,0,0.05290154367882599
2026-01-16 13:15:00,AWS_05,0,normal,none,0,0.049615939323648495
2026-01-16 13:30:00,AWS_05,0,normal,none,0,0.05541089493992868
2026-01-16 13:45:00,AWS_05,0,normal,none,0,0.05484199373051313
2026-01-16 14:00:00,AWS_05,0,normal,none,0,0.0415735795782915
2026-01-16 14:15:00,AWS_05,0,normal,none,0,0.03912413499187245
2026-01-16 14:30:00,AWS_05,0,normal,none,0,0.02136094495175933
2026-01-16 14:45:00,AWS_05,0,normal,none,0,0.01855664870665824
2026-01-16 15:00:00,AWS_05,0,normal,none,1,-0.0220169462710047
2026-01-16 15:15:00,AWS_05,0,normal,none,0,0.04962038990406559
2026-01-16 15:30:00,AWS_05,0,normal,none,0,0.031824212555413456
2026-01-16 15:45:00,AWS_05,0,normal,none,0,0.062177474796490384
2026-01-16 16:00:00,AWS_05,0,normal,none,0,0.06781751630101002
2026-01-16 16:15:00,AWS_05,0,normal,none,0,0.050129059370855045
2026-01-16 16:30:00,AWS_05,0,normal,none,1,-0.005105545933590139
2026-01-16 16:45:00,AWS_05,0,normal,none,0,0.045986050002904844
2026-01-16 17:00:00,AWS_05,0,normal,none,0,0.03994181499268967
2026-01-16 17:15:00,AWS_05,0,normal,none,0,0.014647576507490767
2026-01-16 17:30:00,AWS_05,0,normal,none,0,0.05980392787729105
2026-01-16 17:45:00,AWS_05,0,normal,none,0,0.07251896351855303
2026-01-16 18:00:00,AWS_05,0,normal,none,0,0.0823876576975845
2026-01-16 18:15:00,AWS_05,0,normal,none,0,0.07491218100692087
2026-01-16 18:30:00,AWS_05,0,normal,none,0,0.08552166734556915
2026-01-16 18:45:00,AWS_05,0,normal,none,0,0.04057006272000907
2026-01-16 19:00:00,AWS_05,0,normal,none,0,0.04117681338546153
2026-01-16 19:15:00,AWS_05,0,normal,none,0,0.07281088354774512
2026-01-16 19:30:00,AWS_05,0,normal,none,0,0.08068953417272995
2026-01-16 19:45:00,AWS_05,0,normal,none,0,0.03067257715559829
2026-01-16 20:00:00,AWS_05,0,normal,none,1,-0.00466479833872302
2026-01-16 20:15:00,AWS_05,0,normal,none,0,0.09806687484871052
2026-01-16 20:30:00,AWS_05,0,normal,none,0,0.07650121863442533
2026-01-16 20:45:00,AWS_05,0,normal,none,0,0.009155400530481916
2026-01-16 21:00:00,AWS_05,0,normal,none,0,0.05884005773101114
2026-01-16 21:15:00,AWS_05,0,normal,none,0,0.08766764523629245
2026-01-16 21:30:00,AWS_05,0,normal,none,0,0.029709882425061118
2026-01-16 21:45:00,AWS_05,0,normal,none,1,-0.0062701434041971815
2026-01-16 22:00:00,AWS_05,0,normal,none,0,0.02660693857663321
2026-01-16 22:15:00,AWS_05,0,normal,none,0,0.062186034110328525
2026-01-16 22:30:00,AWS_05,0,normal,none,1,-0.009160655379669147
2026-01-16 22:45:00,AWS_05,0,normal,none,0,0.044408124517271774
2026-01-16 23:00:00,AWS_05,0,normal,none,0,0.07475352369899457
2026-01-16 23:15:00,AWS_05,0,normal,none,0,0.06297601317440216
2026-01-16 23:30:00,AWS_05,0,normal,none,0,0.0010224113625100228
2026-01-16 23:45:00,AWS_05,0,normal,none,0,0.040695666200282476
2026-01-17 00:00:00,AWS_05,0,normal,none,0,0.0661487020564222
2026-01-17 00:15:00,AWS_05,0,normal,none,0,0.07226909460481695
2026-01-17 00:30:00,AWS_05,0,normal,none,0,0.07182218800491708
2026-01-17 00:45:00,AWS_05,0,normal,none,1,-0.009128482643533498
2026-01-17 01:00:00,AWS_05,0,normal,none,0,0.059929696083436734
2026-01-17 01:15:00,AWS_05,0,normal,none,1,-0.009905553756305085
2026-01-17 01:30:00,AWS_05,0,normal,none,0,0.04047829579171869
2026-01-17 01:45:00,AWS_05,0,normal,none,1,-0.013411701031765033
2026-01-17 02:00:00,AWS_05,0,normal,none,0,0.02171996105527596
2026-01-17 02:15:00,AWS_05,0,normal,none,0,0.01915554147127646
2026-01-17 02:30:00,AWS_05,0,normal,none,0,0.048211240062163485
2026-01-17 02:45:00,AWS_05,0,normal,none,0,0.00713290078145612
2026-01-17 03:00:00,AWS_05,0,normal,none,0,0.05588494473371958
2026-01-17 03:15:00,AWS_05,0,normal,none,0,0.04194934722163729
2026-01-17 03:30:00,AWS_05,0,normal,none,0,0.020250941119908217
2026-01-17 03:45:00,AWS_05,0,normal,none,0,0.0585793228259443
2026-01-17 04:00:00,AWS_05,0,normal,none,0,0.026053430733896765
2026-01-17 04:15:00,AWS_05,0,normal,none,0,0.02325182961208122
2026-01-17 04:30:00,AWS_05,0,normal,none,0,0.03364022237227132
2026-01-17 04:45:00,AWS_05,0,normal,none,0,0.039025825359797595
2026-01-17 05:00:00,AWS_05,0,normal,none,1,-0.027394157022793242
2026-01-17 05:15:00,AWS_05,0,normal,none,1,-0.008252825878722891
2026-01-17 05:30:00,AWS_05,0,normal,none,0,0.05155820096748692
2026-01-17 05:45:00,AWS_05,0,normal,none,1,-0.01463152312851479
2026-01-17 06:00:00,AWS_05,0,normal,none,1,-0.02675861397796775
2026-01-17 06:15:00,AWS_05,0,normal,none,0,0.08468946463958293
2026-01-17 06:30:00,AWS_05,0,normal,none,0,0.042877765166148774
2026-01-17 06:45:00,AWS_05,0,normal,none,0,0.0056262899237928266
2026-01-17 07:00:00,AWS_05,0,normal,none,0,0.06698693984336951
2026-01-17 07:15:00,AWS_05,0,normal,none,0,0.045392347169299296
2026-01-17 07:30:00,AWS_05,0,normal,none,0,0.09011557441745471
2026-01-17 07:45:00,AWS_05,0,normal,none,0,0.07243475179481595
2026-01-17 08:00:00,AWS_05,0,normal,none,0,0.07316569597682432
2026-01-17 08:15:00,AWS_05,0,normal,none,0,0.04996173077928795
2026-01-17 08:30:00,AWS_05,0,normal,none,0,0.0910954700941759
2026-01-17 08:45:00,AWS_05,0,normal,none,0,0.03178295471886383
2026-01-17 09:00:00,AWS_05,0,normal,none,0,0.0009285864165423652
2026-01-17 09:15:00,AWS_05,0,normal,none,0,0.07695988171476376
2026-01-17 09:30:00,AWS_05,0,normal,none,0,0.0903508270365122
2026-01-17 09:45:00,AWS_05,0,normal,none,0,0.09850462820959838
2026-01-17 10:00:00,AWS_05,0,normal,none,0,0.09124126227240159
2026-01-17 10:15:00,AWS_05,0,normal,none,0,0.06163510019628676
2026-01-17 10:30:00,AWS_05,0,normal,none,0,0.05797715940234255
2026-01-17 10:45:00,AWS_05,0,normal,none,0,0.07086303407739702
2026-01-17 11:00:00,AWS_05,0,normal,none,0,0.03437714778534123
2026-01-17 11:15:00,AWS_05,0,normal,none,0,0.03781241154106424
2026-01-17 11:30:00,AWS_05,0,normal,none,0,0.002861923194131033
2026-01-17 11:45:00,AWS_05,0,normal,none,0,0.054014578203811336
2026-01-17 12:00:00,AWS_05,0,normal,none,0,0.08363858355886472
2026-01-17 12:15:00,AWS_05,0,normal,none,0,0.0612358889307873
2026-01-17 12:30:00,AWS_05,0,normal,none,0,0.031276941182229234
2026-01-17 12:45:00,AWS_05,0,normal,none,0,0.05185310864168441
2026-01-17 13:00:00,AWS_05,0,normal,none,0,0.0829454960536074
2026-01-17 13:15:00,AWS_05,0,normal,none,0,0.07043942671819137
2026-01-17 13:30:00,AWS_05,0,normal,none,0,0.05409301122039173
2026-01-17 13:45:00,AWS_05,0,normal,none,0,0.05463527608100299
2026-01-17 14:00:00,AWS_05,0,normal,none,0,0.019963973306829697
2026-01-17 14:15:00,AWS_05,0,normal,none,0,0.0050779069297844925
2026-01-17 14:30:00,AWS_05,0,normal,none,0,0.0534754976887557
2026-01-17 14:45:00,AWS_05,0,normal,none,0,0.058446337341229004
2026-01-17 15:00:00,AWS_05,0,normal,none,0,0.03388087195034639
2026-01-17 15:15:00,AWS_05,0,normal,none,0,0.01286308346726317
2026-01-17 15:30:00,AWS_05,0,normal,none,0,0.018317844868457556
2026-01-17 15:45:00,AWS_05,0,normal,none,0,0.07496318088697157
2026-01-17 16:00:00,AWS_05,0,normal,none,0,0.05493021763373418
2026-01-17 16:15:00,AWS_05,0,normal,none,0,0.07672946549229592
2026-01-17 16:30:00,AWS_05,0,normal,none,0,0.0073237385371262564
2026-01-17 16:45:00,AWS_05,0,normal,none,0,0.07061037122720376
2026-01-17 17:00:00,AWS_05,0,normal,none,0,0.07381816262835272
2026-01-17 17:15:00,AWS_05,0,normal,none,0,0.07135775150175705
2026-01-17 17:30:00,AWS_05,0,normal,none,0,0.058732968933334184
2026-01-17 17:45:00,AWS_05,0,normal,none,0,0.02130118823105215
2026-01-17 18:00:00,AWS_05,0,normal,none,0,0.0003683528255924995
2026-01-17 18:15:00,AWS_05,0,normal,none,0,0.06884407306751006
2026-01-17 18:30:00,AWS_05,0,normal,none,0,0.029140460111788558
2026-01-17 18:45:00,AWS_05,0,normal,none,1,-0.019188939376089786
2026-01-17 19:00:00,AWS_05,0,normal,none,1,-0.01673363932212424
2026-01-17 19:15:00,AWS_05,0,normal,none,0,0.0046057632490487665
2026-01-17 19:30:00,AWS_05,0,normal,none,0,0.0390290877510695
2026-01-17 19:45:00,AWS_05,0,normal,none,0,0.0026769778419687418
2026-01-17 20:00:00,AWS_05,0,normal,none,0,0.04757653917626592
2026-01-17 20:15:00,AWS_05,0,normal,none,0,0.0007527154206465325
2026-01-17 20:30:00,AWS_05,0,normal,none,0,0.01738861031015254
2026-01-17 20:45:00,AWS_05,0,normal,none,0,0.019742602425187383
2026-01-17 21:00:00,AWS_05,0,normal,none,0,0.06962696821524711
2026-01-17 21:15:00,AWS_05,0,normal,none,1,-0.023503225813469975
2026-01-17 21:30:00,AWS_05,0,normal,none,0,0.01767070562464096
2026-01-17 21:45:00,AWS_05,0,normal,none,1,-0.009975798625909249
2026-01-17 22:00:00,AWS_05,0,normal,none,0,0.0021215350253328547
2026-01-17 22:15:00,AWS_05,0,normal,none,0,0.004589317949938165
2026-01-17 22:30:00,AWS_05,0,normal,none,0,0.03116438716272185
2026-01-17 22:45:00,AWS_05,0,normal,none,0,0.009531980444312138
2026-01-17 23:00:00,AWS_05,0,normal,none,0,0.039966372890005764
2026-01-17 23:15:00,AWS_05,0,normal,none,0,0.04294305298475154
2026-01-17 23:30:00,AWS_05,0,normal,none,1,-0.005784987159625943
2026-01-17 23:45:00,AWS_05,0,normal,none,1,-0.06123825192460608
2026-01-18 00:00:00,AWS_05,0,normal,none,0,0.0033206411918962897
2026-01-18 00:15:00,AWS_05,0,normal,none,1,-0.017953524577356106
2026-01-18 00:30:00,AWS_05,0,normal,none,0,0.0006455596395327223
2026-01-18 00:45:00,AWS_05,0,normal,none,1,-0.01475242202181426
2026-01-18 01:00:00,AWS_05,0,normal,none,1,-0.027572485662362478
2026-01-18 01:15:00,AWS_05,0,normal,none,1,-0.005673399520482181
2026-01-18 01:30:00,AWS_05,0,normal,none,1,-0.049924091792974634
2026-01-18 01:45:00,AWS_05,0,normal,none,1,-0.0012163435525942567
2026-01-18 02:00:00,AWS_05,0,normal,none,0,0.007392363079706976
2026-01-18 02:15:00,AWS_05,0,normal,none,1,-0.002953195786805307
2026-01-18 02:30:00,AWS_05,0,normal,none,1,-0.0017213230514886435
2026-01-18 02:45:00,AWS_05,0,normal,none,0,0.01573610487458832
2026-01-18 03:00:00,AWS_05,0,normal,none,1,-0.035264876510755716
2026-01-18 03:15:00,AWS_05,0,normal,none,1,-0.017314631760992905
2026-01-18 03:30:00,AWS_05,0,normal,none,0,0.024821627787684153
2026-01-18 03:45:00,AWS_05,0,normal,none,0,0.015601400561747136
2026-01-18 04:00:00,AWS_05,0,normal,none,0,0.025575698402063307
2026-01-18 04:15:00,AWS_05,0,normal,none,1,-0.04774246108883884
2026-01-18 04:30:00,AWS_05,0,normal,none,1,-0.048455095078965504
2026-01-18 04:45:00,AWS_05,0,normal,none,0,0.013867351145581908
2026-01-18 05:00:00,AWS_05,0,normal,none,0,0.024261297428672446
2026-01-18 05:15:00,AWS_05,0,normal,none,0,0.022858479428184586
2026-01-18 05:30:00,AWS_05,0,normal,none,0,0.02688396597823256
2026-01-18 05:45:00,AWS_05,0,normal,none,0,0.020365380164120428
2026-01-18 06:00:00,AWS_05,0,normal,none,1,-0.0017046456711824476
2026-01-18 06:15:00,AWS_05,0,normal,none,0,0.0014704239260909802
2026-01-18 06:30:00,AWS_05,0,normal,none,0,0.027061603569338788
2026-01-18 06:45:00,AWS_05,0,normal,none,1,-0.015294647908437264
2026-01-18 07:00:00,AWS_05,0,normal,none,0,0.0032462100658458004
2026-01-18 07:15:00,AWS_05,0,normal,none,0,0.02186015927434598
2026-01-18 07:30:00,AWS_05,0,normal,none,1,-0.0040549684952336795
2026-01-18 07:45:00,AWS_05,0,normal,none,0,0.03801155654685767
2026-01-18 08:00:00,AWS_05,0,normal,none,0,0.02747340575881141
2026-01-18 08:15:00,AWS_05,0,normal,none,0,0.047675397101017924
2026-01-18 08:30:00,AWS_05,0,normal,none,0,0.02005333916410973
2026-01-18 08:45:00,AWS_05,0,normal,none,0,0.06041559244621442
2026-01-18 09:00:00,AWS_05,0,normal,none,0,0.030983703305265786
2026-01-18 09:15:00,AWS_05,0,normal,none,0,0.04232128711750066
2026-01-18 09:30:00,AWS_05,0,normal,none,0,0.054356748301506164
2026-01-18 09:45:00,AWS_05,0,normal,none,0,0.0696537793223666
2026-01-18 10:00:00,AWS_05,0,normal,none,0,0.08991195176225386
2026-01-18 10:15:00,AWS_05,0,normal,none,0,0.07244486559923674
2026-01-18 10:30:00,AWS_05,0,normal,none,1,-0.023024644229175717
2026-01-18 10:45:00,AWS_05,0,normal,none,1,-0.025956132159606016
2026-01-18 11:00:00,AWS_05,0,normal,none,0,0.06961160481577033
2026-01-18 11:15:00,AWS_05,0,normal,none,0,0.09320772133325095
2026-01-18 11:30:00,AWS_05,0,normal,none,0,0.10486696664365425
2026-01-18 11:45:00,AWS_05,0,normal,none,0,0.07872717153690578
2026-01-18 12:00:00,AWS_05,0,normal,none,0,0.08811741833215186
2026-01-18 12:15:00,AWS_05,0,normal,none,0,0.07447769999243686
2026-01-18 12:30:00,AWS_05,0,normal,none,0,0.08677572251268278
2026-01-18 12:45:00,AWS_05,0,normal,none,0,0.08080660668180523
2026-01-18 13:00:00,AWS_05,0,normal,none,0,0.05120896289918686
2026-01-18 13:15:00,AWS_05,0,normal,none,0,0.059016121748916295
2026-01-18 13:30:00,AWS_05,0,normal,none,0,0.10012163324965434
2026-01-18 13:45:00,AWS_05,0,normal,none,0,0.07326509631340183
2026-01-18 14:00:00,AWS_05,0,normal,none,0,0.019314176076425993
2026-01-18 14:15:00,AWS_05,0,normal,none,0,0.03121182750531787
2026-01-18 14:30:00,AWS_05,0,normal,none,0,0.023457569688528135
2026-01-18 14:45:00,AWS_05,0,normal,none,0,0.07228920141782774
2026-01-18 15:00:00,AWS_05,0,normal,none,0,0.04659877666580198
2026-01-18 15:15:00,AWS_05,0,normal,none,0,0.023961954142320274
2026-01-18 15:30:00,AWS_05,0,normal,none,0,0.08750445406713331
2026-01-18 15:45:00,AWS_05,0,normal,none,0,0.08234476233528659
2026-01-18 16:00:00,AWS_05,0,normal,none,0,0.03657227631467708
2026-01-18 16:15:00,AWS_05,0,normal,none,0,0.05604604300638666
2026-01-18 16:30:00,AWS_05,0,normal,none,0,0.023156995201899733
2026-01-18 16:45:00,AWS_05,0,normal,none,0,0.08465172533946974
2026-01-18 17:00:00,AWS_05,0,normal,none,0,0.03822833003204207
2026-01-18 17:15:00,AWS_05,0,normal,none,0,0.030257466680487066
2026-01-18 17:30:00,AWS_05,0,normal,none,0,0.032672206558093886
2026-01-18 17:45:00,AWS_05,0,normal,none,0,0.04159028169528367
2026-01-18 18:00:00,AWS_05,0,normal,none,0,0.09953656009295342
2026-01-18 18:15:00,AWS_05,0,normal,none,0,0.04146678832640721
2026-01-18 18:30:00,AWS_05,0,normal,none,0,0.09117833582303758
2026-01-18 18:45:00,AWS_05,0,normal,none,0,0.03945083267248456
2026-01-18 19:00:00,AWS_05,0,normal,none,0,0.06875585100846521
2026-01-18 19:15:00,AWS_05,0,normal,none,0,0.0935727946852557
2026-01-18 19:30:00,AWS_05,0,normal,none,0,0.04836659959073791
2026-01-18 19:45:00,AWS_05,0,normal,none,1,-0.003003056746243238
2026-01-18 20:00:00,AWS_05,0,normal,none,0,0.06954032376500507
2026-01-18 20:15:00,AWS_05,0,normal,none,0,0.07295592531235595
2026-01-18 20:30:00,AWS_05,0,normal,none,0,0.047316485768650385
2026-01-18 20:45:00,AWS_05,0,normal,none,1,-0.02169596355266079
2026-01-18 21:00:00,AWS_05,0,normal,none,0,0.015340298436361754
2026-01-18 21:15:00,AWS_05,0,normal,none,0,0.07910395521840735
2026-01-18 21:30:00,AWS_05,0,normal,none,0,0.030446185472402187
2026-01-18 21:45:00,AWS_05,0,normal,none,1,-0.017100600102772368
2026-01-18 22:00:00,AWS_05,0,normal,none,0,0.05075000675681274
2026-01-18 22:15:00,AWS_05,0,normal,none,0,0.024887111064909873
2026-01-18 22:30:00,AWS_05,0,normal,none,0,0.05445968049009936
2026-01-18 22:45:00,AWS_05,0,normal,none,0,0.05836372381779531
2026-01-18 23:00:00,AWS_05,0,normal,none,0,0.01467435250717214
2026-01-18 23:15:00,AWS_05,0,normal,none,1,-0.02313505817224404
2026-01-18 23:30:00,AWS_05,0,normal,none,0,0.04608525706708794
2026-01-18 23:45:00,AWS_05,0,normal,none,0,0.033127948331130974
2026-01-19 00:00:00,AWS_05,0,normal,none,0,0.04242332571831475
2026-01-19 00:15:00,AWS_05,0,normal,none,0,0.0007013959117110335
2026-01-19 00:30:00,AWS_05,0,normal,none,1,-0.021692465050107246
2026-01-19 00:45:00,AWS_05,0,normal,none,0,0.03454763675668343
2026-01-19 01:00:00,AWS_05,0,normal,none,1,-0.05560921847283884
2026-01-19 01:15:00,AWS_05,0,normal,none,0,0.009918524601083112
2026-01-19 01:30:00,AWS_05,0,normal,none,0,0.021895977861111526
2026-01-19 01:45:00,AWS_05,0,normal,none,0,0.01626933747577025
2026-01-19 02:00:00,AWS_05,0,normal,none,0,0.009585831790452082
2026-01-19 02:15:00,AWS_05,0,normal,none,0,0.016273592217800836
2026-01-19 02:30:00,AWS_05,0,normal,none,1,-0.009630277355086259
2026-01-19 02:45:00,AWS_05,0,normal,none,0,0.019321005274474834
2026-01-19 03:00:00,AWS_05,0,normal,none,1,-0.009448995626900047
2026-01-19 03:15:00,AWS_05,0,normal,none,1,-0.030644029270485373
2026-01-19 03:30:00,AWS_05,0,normal,none,1,-0.03038520751752094
2026-01-19 03:45:00,AWS_05,0,normal,none,1,-0.03091284483995782
2026-01-19 04:00:00,AWS_05,0,normal,none,1,-0.011805763155169346
2026-01-19 04:15:00,AWS_05,0,normal,none,0,0.0072707558837586395
2026-01-19 04:30:00,AWS_05,0,normal,none,1,-0.014976428008933174
2026-01-19 04:45:00,AWS_05,0,normal,none,1,-0.04268569666178712
2026-01-19 05:00:00,AWS_05,0,normal,none,0,0.040299587687658955
2026-01-19 05:15:00,AWS_05,0,normal,none,0,0.03333684008177629
2026-01-19 05:30:00,AWS_05,0,normal,none,0,0.01139608624665217
2026-01-19 05:45:00,AWS_05,0,normal,none,0,0.05330356135085107
2026-01-19 06:00:00,AWS_05,0,normal,none,0,0.0337528784605195
2026-01-19 06:15:00,AWS_05,0,normal,none,1,-0.0426639626124633
2026-01-19 06:30:00,AWS_05,0,normal,none,1,-0.06165346657308246
2026-01-19 06:45:00,AWS_05,0,normal,none,1,-0.00024004413571665495
2026-01-19 07:00:00,AWS_05,0,normal,none,0,0.03939244668870695
2026-01-19 07:15:00,AWS_05,0,normal,none,0,0.03499060121155473
2026-01-19 07:30:00,AWS_05,0,normal,none,0,0.05226072814717886
2026-01-19 07:45:00,AWS_05,0,normal,none,0,0.07627341299114776
2026-01-19 08:00:00,AWS_05,0,normal,none,0,0.0992167247678496
2026-01-19 08:15:00,AWS_05,0,normal,none,0,0.09587327833837067
2026-01-19 08:30:00,AWS_05,0,normal,none,0,0.030977777239223736
2026-01-19 08:45:00,AWS_05,0,normal,none,0,0.06017175938991276
2026-01-19 09:00:00,AWS_05,0,normal,none,0,0.09768794249478424
2026-01-19 09:15:00,AWS_05,0,normal,none,0,0.10435711978187046
2026-01-19 09:30:00,AWS_05,0,normal,none,0,0.02202418895333208
2026-01-19 09:45:00,AWS_05,0,normal,none,0,0.060570999107264156
2026-01-19 10:00:00,AWS_05,0,normal,none,0,0.0948294802320217
2026-01-19 10:15:00,AWS_05,0,normal,none,0,0.032042885115845854
2026-01-19 10:30:00,AWS_05,0,normal,none,0,0.08562017506235875
2026-01-19 10:45:00,AWS_05,0,normal,none,0,0.08370185351961018
2026-01-19 11:00:00,AWS_05,0,normal,none,0,0.09745875022858635
2026-01-19 11:15:00,AWS_05,0,normal,none,0,0.09619700894412064
2026-01-19 11:30:00,AWS_05,0,normal,none,0,0.09528771168369665
2026-01-19 11:45:00,AWS_05,0,normal,none,0,0.05116774723813394
2026-01-19 12:00:00,AWS_05,0,normal,none,0,0.09231314167564325
2026-01-19 12:15:00,AWS_05,0,normal,none,0,0.09451854309033586
2026-01-19 12:30:00,AWS_05,0,normal,none,0,0.05498912663766681
2026-01-19 12:45:00,AWS_05,0,normal,none,0,0.09460462745692211
2026-01-19 13:00:00,AWS_05,0,normal,none,0,0.10598397599747544
2026-01-19 13:15:00,AWS_05,0,normal,none,0,0.052145911540203316
2026-01-19 13:30:00,AWS_05,0,normal,none,0,0.08969965921352918
2026-01-19 13:45:00,AWS_05,0,normal,none,0,0.05502854184337791
2026-01-19 14:00:00,AWS_05,0,normal,none,0,0.10269172312800628
2026-01-19 14:15:00,AWS_05,0,normal,none,0,0.0874831204248191
2026-01-19 14:30:00,AWS_05,0,normal,none,0,0.07615666689135142
2026-01-19 14:45:00,AWS_05,0,normal,none,0,0.10992655798718709
2026-01-19 15:00:00,AWS_05,0,normal,none,0,0.0724782023371105
2026-01-19 15:15:00,AWS_05,0,normal,none,0,0.004094705650228958
2026-01-19 15:30:00,AWS_05,0,normal,none,0,0.05407955240419382
2026-01-19 15:45:00,AWS_05,0,normal,none,0,0.08961204180654359
2026-01-19 16:00:00,AWS_05,0,normal,none,0,0.09947565691076504
2026-01-19 16:15:00,AWS_05,0,normal,none,0,0.050608677130468405
2026-01-19 16:30:00,AWS_05,0,normal,none,0,0.0365136596757375
2026-01-19 16:45:00,AWS_05,0,normal,none,1,-0.0050231055189040585
2026-01-19 17:00:00,AWS_05,0,normal,none,0,0.037208940617316166
2026-01-19 17:15:00,AWS_05,0,normal,none,0,0.040929594556534
2026-01-19 17:30:00,AWS_05,0,normal,none,0,0.043937888376751
2026-01-19 17:45:00,AWS_05,0,normal,none,0,0.04509803066319784
2026-01-19 18:00:00,AWS_05,0,normal,none,0,0.05975820667091558
2026-01-19 18:15:00,AWS_05,0,normal,none,0,0.08080106813117055
2026-01-19 18:30:00,AWS_05,0,normal,none,0,0.06568488350053975
2026-01-19 18:45:00,AWS_05,0,normal,none,0,0.02357705335863336
2026-01-19 19:00:00,AWS_05,0,normal,none,1,-0.007412539117530925
2026-01-19 19:15:00,AWS_05,0,normal,none,0,0.05779167464575519
2026-01-19 19:30:00,AWS_05,0,normal,none,0,0.046540686994536284
2026-01-19 19:45:00,AWS_05,0,normal,none,0,0.06609768531261867
2026-01-19 20:00:00,AWS_05,0,normal,none,0,0.08252551801752905
2026-01-19 20:15:00,AWS_05,0,normal,none,0,0.10231074650964633
2026-01-19 20:30:00,AWS_05,0,normal,none,0,0.0897026915292522
2026-01-19 20:45:00,AWS_05,0,normal,none,0,0.10452367516699657
2026-01-19 21:00:00,AWS_05,0,normal,none,0,0.09140844063796211
2026-01-19 21:15:00,AWS_05,0,normal,none,0,0.006632094626583207
2026-01-19 21:30:00,AWS_05,0,normal,none,0,0.08552908035716023
2026-01-19 21:45:00,AWS_05,0,normal,none,0,0.05113463389882145
2026-01-19 22:00:00,AWS_05,0,normal,none,0,0.06225271658222309
2026-01-19 22:15:00,AWS_05,0,normal,none,0,0.04662655584127434
2026-01-19 22:30:00,AWS_05,0,normal,none,0,0.054233831004256494
2026-01-19 22:45:00,AWS_05,0,normal,none,0,0.04956151828145011
2026-01-19 23:00:00,AWS_05,0,normal,none,0,0.06609517865171416
2026-01-19 23:15:00,AWS_05,0,normal,none,0,0.008587998855514145
2026-01-19 23:30:00,AWS_05,0,normal,none,1,-0.0005402906627063331
2026-01-19 23:45:00,AWS_05,0,normal,none,0,0.019656867804220046
2026-01-20 00:00:00,AWS_05,0,normal,none,0,0.047659262406067715
2026-01-20 00:15:00,AWS_05,0,normal,none,0,0.015812913167615905
2026-01-20 00:30:00,AWS_05,0,normal,none,0,0.05669020379833983
2026-01-20 00:45:00,AWS_05,0,normal,none,0,0.05157067609548793
2026-01-20 01:00:00,AWS_05,0,normal,none,0,0.04599121509369014
2026-01-20 01:15:00,AWS_05,0,normal,none,0,0.05721363388532169
2026-01-20 01:30:00,AWS_05,0,normal,none,0,0.05079116308884363
2026-01-20 01:45:00,AWS_05,0,normal,none,0,0.017864086619370168
2026-01-20 02:00:00,AWS_05,0,normal,none,0,0.01189299073404021
2026-01-20 02:15:00,AWS_05,0,normal,none,0,0.04169465210640211
2026-01-20 02:30:00,AWS_05,0,normal,none,0,0.05212168992483329
2026-01-20 02:45:00,AWS_05,0,normal,none,0,0.01720755629980486
2026-01-20 03:00:00,AWS_05,0,normal,none,0,0.05191326690527709
2026-01-20 03:15:00,AWS_05,0,normal,none,0,0.07268503490069717
2026-01-20 03:30:00,AWS_05,0,normal,none,0,0.09741864140962708
2026-01-20 03:45:00,AWS_05,0,normal,none,0,0.08147651775959924
2026-01-20 04:00:00,AWS_05,0,normal,none,0,0.08942820075510377
2026-01-20 04:15:00,AWS_05,0,normal,none,0,0.00190679129546667
2026-01-20 04:30:00,AWS_05,0,normal,none,0,0.09137561330764477
2026-01-20 04:45:00,AWS_05,0,normal,none,0,0.060723978032146686
2026-01-20 05:00:00,AWS_05,0,normal,none,0,0.09303646426038475
2026-01-20 05:15:00,AWS_05,0,normal,none,0,0.05844477337927584
2026-01-20 05:30:00,AWS_05,0,normal,none,0,0.06447585656979443
2026-01-20 05:45:00,AWS_05,0,normal,none,0,0.09397123195058033
2026-01-20 06:00:00,AWS_05,0,normal,none,0,0.09492008110004602
2026-01-20 06:15:00,AWS_05,0,normal,none,0,0.09947065740479621
2026-01-20 06:30:00,AWS_05,0,normal,none,0,0.10062429852882243
2026-01-20 06:45:00,AWS_05,0,normal,none,0,0.06548529025680133
2026-01-20 07:00:00,AWS_05,0,normal,none,1,-0.010920022206681423
2026-01-20 07:15:00,AWS_05,0,normal,none,0,0.0675785861858158
2026-01-20 07:30:00,AWS_05,0,normal,none,0,0.0964783912669871
2026-01-20 07:45:00,AWS_05,0,normal,none,0,0.04056915101888997
2026-01-20 08:00:00,AWS_05,0,normal,none,0,0.07580081521519338
2026-01-20 08:15:00,AWS_05,0,normal,none,0,0.02200408001628379
2026-01-20 08:30:00,AWS_05,0,normal,none,0,0.11112573636501633
2026-01-20 08:45:00,AWS_05,0,normal,none,0,0.07900449046628721
2026-01-20 09:00:00,AWS_05,0,normal,none,0,0.023671030445045038
2026-01-20 09:15:00,AWS_05,0,normal,none,0,0.052124826959549175
2026-01-20 09:30:00,AWS_05,0,normal,none,0,0.06709134906734948
2026-01-20 09:45:00,AWS_05,0,normal,none,0,0.08607063639044765
2026-01-20 10:00:00,AWS_05,0,normal,none,0,0.07153570158726846
2026-01-20 10:15:00,AWS_05,0,normal,none,0,0.08294503860527697
2026-01-20 10:30:00,AWS_05,0,normal,none,0,0.05023208841758098
2026-01-20 10:45:00,AWS_05,0,normal,none,0,0.08745645273119929
2026-01-20 11:00:00,AWS_05,0,normal,none,1,-0.055201015228601436
2026-01-20 11:15:00,AWS_05,0,normal,none,0,0.023251778588664618
2026-01-20 11:30:00,AWS_05,0,normal,none,0,0.10254500183923848
2026-01-20 11:45:00,AWS_05,0,normal,none,0,0.05794648794872531
2026-01-20 12:00:00,AWS_05,0,normal,none,0,0.07282665608938366
2026-01-20 12:15:00,AWS_05,0,normal,none,0,0.08389985837687075
2026-01-20 12:30:00,AWS_05,0,normal,none,0,0.0655852910579815
2026-01-20 12:45:00,AWS_05,0,normal,none,0,0.03800767714025782
2026-01-20 13:00:00,AWS_05,0,normal,none,0,0.03313265136526006
2026-01-20 13:15:00,AWS_05,0,normal,none,0,0.09012480325774569
2026-01-20 13:30:00,AWS_05,0,normal,none,0,0.06397146577743212
2026-01-20 13:45:00,AWS_05,0,normal,none,0,0.03844456384793776
2026-01-20 14:00:00,AWS_05,0,normal,none,0,0.06626877042083862
2026-01-20 14:15:00,AWS_05,0,normal,none,0,0.018952465273575525
2026-01-20 14:30:00,AWS_05,0,normal,none,0,0.008434011380850592
2026-01-20 14:45:00,AWS_05,0,normal,none,0,0.07490495949262321
2026-01-20 15:00:00,AWS_05,0,normal,none,0,0.05652161783571902
2026-01-20 15:15:00,AWS_05,0,normal,none,0,0.07299463844967075
2026-01-20 15:30:00,AWS_05,0,normal,none,0,0.0830302278291773
2026-01-20 15:45:00,AWS_05,0,normal,none,0,0.08814506436620989
2026-01-20 16:00:00,AWS_05,0,normal,none,0,0.042831233182243245
2026-01-20 16:15:00,AWS_05,0,normal,none,0,0.04420937582971446
2026-01-20 16:30:00,AWS_05,0,normal,none,0,0.04409563468669908
2026-01-20 16:45:00,AWS_05,0,normal,none,0,0.01621839753753701
2026-01-20 17:00:00,AWS_05,0,normal,none,0,0.09631035501538349
2026-01-20 17:15:00,AWS_05,0,normal,none,0,0.07620971864277959
2026-01-20 17:30:00,AWS_05,0,normal,none,0,0.06751536565339644
2026-01-20 17:45:00,AWS_05,0,normal,none,0,0.10349545763180068
2026-01-20 18:00:00,AWS_05,0,normal,none,0,0.06565134386711408
2026-01-20 18:15:00,AWS_05,0,normal,none,0,0.10663357655232103
2026-01-20 18:30:00,AWS_05,0,normal,none,0,0.03880080258690449
2026-01-20 18:45:00,AWS_05,0,normal,none,0,0.042357780477602636
2026-01-20 19:00:00,AWS_05,0,normal,none,0,0.0854193811146512
2026-01-20 19:15:00,AWS_05,0,normal,none,0,0.0753852913796823
2026-01-20 19:30:00,AWS_05,0,normal,none,0,0.08479662825479128
2026-01-20 19:45:00,AWS_05,0,normal,none,0,0.05492333699686647
2026-01-20 20:00:00,AWS_05,0,normal,none,0,0.1009040366364794
2026-01-20 20:15:00,AWS_05,0,normal,none,0,0.05181207160412821
2026-01-20 20:30:00,AWS_05,0,normal,none,0,0.08979022242044071
2026-01-20 20:45:00,AWS_05,0,normal,none,0,0.09982336321611973
2026-01-20 21:00:00,AWS_05,0,normal,none,0,0.07070696355010969
2026-01-20 21:15:00,AWS_05,0,normal,none,0,0.0897468180093563
2026-01-20 21:30:00,AWS_05,0,normal,none,0,0.053160309024461005
2026-01-20 21:45:00,AWS_05,0,normal,none,0,0.049683148150735934
2026-01-20 22:00:00,AWS_05,0,normal,none,0,0.0431398936988297
2026-01-20 22:15:00,AWS_05,0,normal,none,0,0.08883329966084386
2026-01-20 22:30:00,AWS_05,0,normal,none,0,0.07086687497768224
2026-01-20 22:45:00,AWS_05,0,normal,none,1,-0.01829494209488247
2026-01-20 23:00:00,AWS_05,0,normal,none,0,0.05982876117969177
2026-01-20 23:15:00,AWS_05,0,normal,none,0,0.10040119969137107
2026-01-20 23:30:00,AWS_05,0,normal,none,0,0.08561897908696764
2026-01-20 23:45:00,AWS_05,0,normal,none,0,0.07455583764515389
2026-01-21 00:00:00,AWS_05,0,normal,none,0,0.01274533786910298
2026-01-21 00:15:00,AWS_05,0,normal,none,0,0.07602438937121248
2026-01-21 00:30:00,AWS_05,0,normal,none,0,0.019914963072891367
2026-01-21 00:45:00,AWS_05,0,normal,none,0,0.023872548699929164
2026-01-21 01:00:00,AWS_05,0,normal,none,0,0.01293861962295556
2026-01-21 01:15:00,AWS_05,0,normal,none,0,0.020171586154541843
2026-01-21 01:30:00,AWS_05,0,normal,none,0,0.05795112327655544
2026-01-21 01:45:00,AWS_05,0,normal,none,0,0.06141409619334648
2026-01-21 02:00:00,AWS_05,0,normal,none,0,0.01499069509493206
2026-01-21 02:15:00,AWS_05,0,normal,none,0,0.02425261057739292
2026-01-21 02:30:00,AWS_05,0,normal,none,1,-0.02413661326305716
2026-01-21 02:45:00,AWS_05,0,normal,none,0,0.06448779597007137
2026-01-21 03:00:00,AWS_05,0,normal,none,0,0.06605668568074241
2026-01-21 03:15:00,AWS_05,0,normal,none,0,0.05673340603182814
2026-01-21 03:30:00,AWS_05,0,normal,none,1,-0.010554943301313569
2026-01-21 03:45:00,AWS_05,0,normal,none,0,0.020836621824894763
2026-01-21 04:00:00,AWS_05,0,normal,none,0,0.035005479131802464
2026-01-21 04:15:00,AWS_05,0,normal,none,1,-0.002422787362659551
2026-01-21 04:30:00,AWS_05,0,normal,none,0,0.002301061178017594
2026-01-21 04:45:00,AWS_05,0,normal,none,0,0.030531497227850146
2026-01-21 05:00:00,AWS_05,0,normal,none,0,0.032487120174217454
2026-01-21 05:15:00,AWS_05,0,normal,none,0,0.010747109658704401
2026-01-21 05:30:00,AWS_05,0,normal,none,0,0.049928371676155825
2026-01-21 05:45:00,AWS_05,0,normal,none,1,-0.042564683406164816
2026-01-21 06:00:00,AWS_05,0,normal,none,0,0.051912614431080084
2026-01-21 06:15:00,AWS_05,0,normal,none,0,0.052151515464078146
2026-01-21 06:30:00,AWS_05,0,normal,none,1,-0.015872162392388867
2026-01-21 06:45:00,AWS_05,0,normal,none,0,0.07361155414265874
2026-01-21 07:00:00,AWS_05,0,normal,none,0,0.06830976898081903
2026-01-21 07:15:00,AWS_05,0,normal,none,0,0.06969820867656451
2026-01-21 07:30:00,AWS_05,0,normal,none,0,0.021537131318880298
2026-01-21 07:45:00,AWS_05,0,normal,none,0,0.09248979477254743
2026-01-21 08:00:00,AWS_05,0,normal,none,0,0.06686640308897673
2026-01-21 08:15:00,AWS_05,0,normal,none,0,0.07098254799118398
2026-01-21 08:30:00,AWS_05,0,normal,none,0,0.08745229806535415
2026-01-21 08:45:00,AWS_05,0,normal,none,0,0.04569256637640495
2026-01-21 09:00:00,AWS_05,0,normal,none,0,0.08739143839694258
2026-01-21 09:15:00,AWS_05,0,normal,none,0,0.07348721211883918
2026-01-21 09:30:00,AWS_05,0,normal,none,0,0.09486016293470151
2026-01-21 09:45:00,AWS_05,0,normal,none,0,0.08670371984220526
2026-01-21 10:00:00,AWS_05,0,normal,none,0,0.07572203773671471
2026-01-21 10:15:00,AWS_05,0,normal,none,0,0.07314151526818757
2026-01-21 10:30:00,AWS_05,0,normal,none,0,0.020853288203047604
2026-01-21 10:45:00,AWS_05,0,normal,none,0,0.08218440674307381
2026-01-21 11:00:00,AWS_05,0,normal,none,0,0.012744218634344828
2026-01-21 11:15:00,AWS_05,0,normal,none,0,0.03192373993211883
2026-01-21 11:30:00,AWS_05,0,normal,none,0,0.08957561373303408
2026-01-21 11:45:00,AWS_05,0,normal,none,0,0.08378029476442911
2026-01-21 12:00:00,AWS_05,0,normal,none,0,0.09375165754184833
2026-01-21 12:15:00,AWS_05,0,normal,none,0,0.0063069862199024995
2026-01-21 12:30:00,AWS_05,0,normal,none,0,0.01603670673700236
2026-01-21 12:45:00,AWS_05,0,normal,none,0,0.06327145484666474
2026-01-21 13:00:00,AWS_05,0,normal,none,0,0.06324432981365885
2026-01-21 13:15:00,AWS_05,0,normal,none,0,0.05603836994082512
2026-01-21 13:30:00,AWS_05,0,normal,none,0,0.05603509691162434
2026-01-21 13:45:00,AWS_05,0,normal,none,0,0.0031119296497031934
2026-01-21 14:00:00,AWS_05,0,normal,none,0,0.046204235078706246
2026-01-21 14:15:00,AWS_05,0,normal,none,0,0.07993883843793748
2026-01-21 14:30:00,AWS_05,0,normal,none,0,0.0678083809408857
2026-01-21 14:45:00,AWS_05,0,normal,none,0,0.053613873586763894
2026-01-21 15:00:00,AWS_05,0,normal,none,0,0.05598311751494611
2026-01-21 15:15:00,AWS_05,0,normal,none,0,0.07036701700830172
2026-01-21 15:30:00,AWS_05,0,normal,none,0,0.0791056581823395
2026-01-21 15:45:00,AWS_05,0,normal,none,0,0.04336256652709025
2026-01-21 16:00:00,AWS_05,0,normal,none,0,0.057492872843448284
2026-01-21 16:15:00,AWS_05,0,normal,none,0,0.06873175915163265
2026-01-21 16:30:00,AWS_05,0,normal,none,0,0.054604107629582954
2026-01-21 16:45:00,AWS_05,0,normal,none,0,0.07168725941793869
2026-01-21 17:00:00,AWS_05,0,normal,none,0,0.09394069101112418
2026-01-21 17:15:00,AWS_05,0,normal,none,0,0.036684133453559475
2026-01-21 17:30:00,AWS_05,0,normal,none,0,0.06156603753902423
2026-01-21 17:45:00,AWS_05,0,normal,none,0,0.08581895585919025
2026-01-21 18:00:00,AWS_05,0,normal,none,0,0.06834909447832432
2026-01-21 18:15:00,AWS_05,0,normal,none,0,0.01622864265700602
2026-01-21 18:30:00,AWS_05,0,normal,none,0,0.04580278708043489
2026-01-21 18:45:00,AWS_05,0,normal,none,0,0.10568811100804737
2026-01-21 19:00:00,AWS_05,0,normal,none,0,0.08724988782960791
2026-01-21 19:15:00,AWS_05,0,normal,none,0,0.04542426291061946
2026-01-21 19:30:00,AWS_05,0,normal,none,0,0.06236687179775069
2026-01-21 19:45:00,AWS_05,0,normal,none,0,0.10051094872753213
2026-01-21 20:00:00,AWS_05,0,normal,none,0,0.078425493902958
2026-01-21 20:15:00,AWS_05,0,normal,none,0,0.07699906793581163
2026-01-21 20:30:00,AWS_05,0,normal,none,0,0.06436482722623804
2026-01-21 20:45:00,AWS_05,0,normal,none,0,0.11275385795896681
2026-01-21 21:00:00,AWS_05,0,normal,none,0,0.01747021778799729
2026-01-21 21:15:00,AWS_05,0,normal,none,0,0.05544411490778939
2026-01-21 21:30:00,AWS_05,0,normal,none,1,-0.00023937507728566398
2026-01-21 21:45:00,AWS_05,0,normal,none,0,0.06602210658506563
2026-01-21 22:00:00,AWS_05,0,normal,none,0,0.09314310751031213
2026-01-21 22:15:00,AWS_05,0,normal,none,0,0.009779715951687196
2026-01-21 22:30:00,AWS_05,0,normal,none,0,0.048788706420669126
2026-01-21 22:45:00,AWS_05,0,normal,none,0,0.08753052102500086
2026-01-21 23:00:00,AWS_05,0,normal,none,0,0.026132855010419176
2026-01-21 23:15:00,AWS_05,0,normal,none,0,0.032885916491931844
2026-01-21 23:30:00,AWS_05,0,normal,none,0,0.06684232436784526
2026-01-21 23:45:00,AWS_05,0,normal,none,0,0.07736108058633534
2026-01-22 00:00:00,AWS_05,0,normal,none,0,0.02920306732721889
2026-01-22 00:15:00,AWS_05,0,normal,none,0,0.08623015767908132
2026-01-22 00:30:00,AWS_05,0,normal,none,0,0.09471526731288166
2026-01-22 00:45:00,AWS_05,0,normal,none,0,0.030450654854927095
2026-01-22 01:00:00,AWS_05,0,normal,none,0,0.10448875015604403
2026-01-22 01:15:00,AWS_05,0,normal,none,0,0.09496569002192295
2026-01-22 01:30:00,AWS_05,0,normal,none,0,0.09007152669224139
2026-01-22 01:45:00,AWS_05,0,normal,none,0,0.01604038509875022
2026-01-22 02:00:00,AWS_05,0,normal,none,0,0.08615207114291712
2026-01-22 02:15:00,AWS_05,0,normal,none,0,0.07215345715953514
2026-01-22 02:30:00,AWS_05,0,normal,none,0,0.06346204434314523
2026-01-22 02:45:00,AWS_05,0,normal,none,0,0.07796610179285712
2026-01-22 03:00:00,AWS_05,0,normal,none,0,0.0847212911286988
2026-01-22 03:15:00,AWS_05,0,normal,none,0,0.08418139377880368
2026-01-22 03:30:00,AWS_05,0,normal,none,0,0.07668891645315223
2026-01-22 03:45:00,AWS_05,0,normal,none,0,0.040646531581662315
2026-01-22 04:00:00,AWS_05,0,normal,none,0,0.07577405129088799
2026-01-22 04:15:00,AWS_05,0,normal,none,0,0.01481489827020499
2026-01-22 04:30:00,AWS_05,0,normal,none,0,0.018236823758347787
2026-01-22 04:45:00,AWS_05,0,normal,none,0,0.06875662699063156
2026-01-22 05:00:00,AWS_05,0,normal,none,0,0.08299094640144922
2026-01-22 05:15:00,AWS_05,0,normal,none,0,0.08520131355404081
2026-01-22 05:30:00,AWS_05,0,normal,none,0,0.040327123987290214
2026-01-22 05:45:00,AWS_05,0,normal,none,0,0.07183193188358156
2026-01-22 06:00:00,AWS_05,0,normal,none,1,-0.0032304423863026566
2026-01-22 06:15:00,AWS_05,0,normal,none,0,0.09336073584953891
2026-01-22 06:30:00,AWS_05,0,normal,none,0,0.08436035217435384
2026-01-22 06:45:00,AWS_05,0,normal,none,0,0.021274820881998335
2026-01-22 07:00:00,AWS_05,0,normal,none,0,0.017462236311448998
2026-01-22 07:15:00,AWS_05,0,normal,none,1,-0.004849179920560109
2026-01-22 07:30:00,AWS_05,0,normal,none,0,0.08023305074912634
2026-01-22 07:45:00,AWS_05,0,normal,none,0,0.07673807701388863
2026-01-22 08:00:00,AWS_05,0,normal,none,0,0.08769195459562612
2026-01-22 08:15:00,AWS_05,0,normal,none,0,0.11420204771644177
2026-01-22 08:30:00,AWS_05,0,normal,none,0,0.11147120903518476
2026-01-22 08:45:00,AWS_05,0,normal,none,0,0.06080265356958725
2026-01-22 09:00:00,AWS_05,0,normal,none,0,0.08917720503058896
2026-01-22 09:15:00,AWS_05,0,normal,none,0,0.0914381722941991
2026-01-22 09:30:00,AWS_05,0,normal,none,0,0.029510419507918717
2026-01-22 09:45:00,AWS_05,0,normal,none,0,0.07646797717046777
2026-01-22 10:00:00,AWS_05,0,normal,none,0,0.10754605511118248
2026-01-22 10:15:00,AWS_05,0,normal,none,0,0.07606982678150526
2026-01-22 10:30:00,AWS_05,0,normal,none,0,0.09150597403818994
2026-01-22 10:45:00,AWS_05,0,normal,none,0,0.1012178196681996
2026-01-22 11:00:00,AWS_05,0,normal,none,0,0.10085083055590066
2026-01-22 11:15:00,AWS_05,0,normal,none,0,0.09163219238767384
2026-01-22 11:30:00,AWS_05,0,normal,none,0,0.0030572182172490803
2026-01-22 11:45:00,AWS_05,0,normal,none,0,0.07959601381574616
2026-01-22 12:00:00,AWS_05,0,normal,none,0,0.08763924585713467
2026-01-22 12:15:00,AWS_05,0,normal,none,0,0.047836834447466614
2026-01-22 12:30:00,AWS_05,0,normal,none,0,0.10119013269008037
2026-01-22 12:45:00,AWS_05,0,normal,none,0,0.0620121169599433
2026-01-22 13:00:00,AWS_05,0,normal,none,0,0.08943224580292464
2026-01-22 13:15:00,AWS_05,0,normal,none,0,0.033638872252237884
2026-01-22 13:30:00,AWS_05,0,normal,none,0,0.0776963301752912
2026-01-22 13:45:00,AWS_05,0,normal,none,0,0.08853878763013301
2026-01-22 14:00:00,AWS_05,0,normal,none,0,0.09795357050433484
2026-01-22 14:15:00,AWS_05,0,normal,none,0,0.0960333209723444
2026-01-22 14:30:00,AWS_05,0,normal,none,0,0.09721571882155344
2026-01-22 14:45:00,AWS_05,0,normal,none,0,0.08911104320406438
2026-01-22 15:00:00,AWS_05,0,normal,none,0,0.06371174842434552
2026-01-22 15:15:00,AWS_05,0,normal,none,0,0.07776437490690347
2026-01-22 15:30:00,AWS_05,0,normal,none,0,0.06550797832084942
2026-01-22 15:45:00,AWS_05,0,normal,none,0,0.07643510004036508
2026-01-22 16:00:00,AWS_05,0,normal,none,0,0.05262173242831236
2026-01-22 16:15:00,AWS_05,0,normal,none,0,0.029446493632942994
2026-01-22 16:30:00,AWS_05,0,normal,none,0,0.03918572159366912
2026-01-22 16:45:00,AWS_05,0,normal,none,0,0.017156651998209482
2026-01-22 17:00:00,AWS_05,0,normal,none,1,-0.030747695221857274
2026-01-22 17:15:00,AWS_05,0,normal,none,0,0.07424092189660242
2026-01-22 17:30:00,AWS_05,0,normal,none,0,0.07298054597264014
2026-01-22 17:45:00,AWS_05,0,normal,none,0,0.03002724333000617
2026-01-22 18:00:00,AWS_05,0,normal,none,0,0.05053956551370792
2026-01-22 18:15:00,AWS_05,0,normal,none,0,0.07515858808244913
2026-01-22 18:30:00,AWS_05,0,normal,none,0,0.043094648270792235
2026-01-22 18:45:00,AWS_05,0,normal,none,0,0.0355741802678427
2026-01-22 19:00:00,AWS_05,0,normal,none,0,0.07180090293221514
2026-01-22 19:15:00,AWS_05,0,normal,none,0,0.05248448212220863
2026-01-22 19:30:00,AWS_05,0,normal,none,0,0.05373181682817557
2026-01-22 19:45:00,AWS_05,0,normal,none,0,0.09612701928510986
2026-01-22 20:00:00,AWS_05,0,normal,none,0,0.06914639160611769
2026-01-22 20:15:00,AWS_05,0,normal,none,0,0.08231329003570698
2026-01-22 20:30:00,AWS_05,0,normal,none,0,0.06274067568365493
2026-01-22 20:45:00,AWS_05,0,normal,none,0,0.015794148752468262
2026-01-22 21:00:00,AWS_05,0,normal,none,0,0.0848050104084701
2026-01-22 21:15:00,AWS_05,0,normal,none,0,0.09878825960269388
2026-01-22 21:30:00,AWS_05,0,normal,none,0,0.08246765165152031
2026-01-22 21:45:00,AWS_05,0,normal,none,0,0.06433660686844195
2026-01-22 22:00:00,AWS_05,0,normal,none,0,0.10513181010658651
2026-01-22 22:15:00,AWS_05,0,normal,none,0,0.05069317255264344
2026-01-22 22:30:00,AWS_05,0,normal,none,0,0.0810033383482503
2026-01-22 22:45:00,AWS_05,0,normal,none,1,-0.009826783038078823
2026-01-22 23:00:00,AWS_05,0,normal,none,1,-0.010743054934436502
2026-01-22 23:15:00,AWS_05,0,normal,none,0,0.04396724924475992
2026-01-22 23:30:00,AWS_05,0,normal,none,0,0.07287852852842247
2026-01-22 23:45:00,AWS_05,0,normal,none,0,0.023370091577286534
2026-01-23 00:00:00,AWS_05,0,normal,none,0,0.041148438808750076
2026-01-23 00:15:00,AWS_05,0,normal,none,1,-0.016989423740023768
2026-01-23 00:30:00,AWS_05,0,normal,none,1,-0.004125756848559314
2026-01-23 00:45:00,AWS_05,0,normal,none,0,0.09164288164564388
2026-01-23 01:00:00,AWS_05,0,normal,none,0,0.0882861271714373
2026-01-23 01:15:00,AWS_05,0,normal,none,0,0.05605570265369503
2026-01-23 01:30:00,AWS_05,0,normal,none,0,0.07498219992580502
2026-01-23 01:45:00,AWS_05,0,normal,none,1,-0.01822606629863155
2026-01-23 02:00:00,AWS_05,0,normal,none,1,-0.0005275796396329024
2026-01-23 02:15:00,AWS_05,0,normal,none,0,0.057854153596920255
2026-01-23 02:30:00,AWS_05,0,normal,none,0,0.06921573639824014
2026-01-23 02:45:00,AWS_05,0,normal,none,0,0.045355333325152736
2026-01-23 03:00:00,AWS_05,0,normal,none,0,0.06649749195865895
2026-01-23 03:15:00,AWS_05,0,normal,none,0,0.08141844906789003
2026-01-23 03:30:00,AWS_05,0,normal,none,0,0.08069172788004808
2026-01-23 03:45:00,AWS_05,0,normal,none,0,0.09023191845829992
2026-01-23 04:00:00,AWS_05,0,normal,none,0,0.019478565231555667
2026-01-23 04:15:00,AWS_05,0,normal,none,1,-0.09078862032679136
2026-01-23 04:30:00,AWS_05,0,normal,none,0,0.01053470649502658
2026-01-23 04:45:00,AWS_05,0,normal,none,0,0.06363101056350107
2026-01-23 05:00:00,AWS_05,0,normal,none,0,0.02349127595509426
2026-01-23 05:15:00,AWS_05,0,normal,none,0,0.06912435423435798
2026-01-23 05:30:00,AWS_05,0,normal,none,1,-0.0019985370242713296
2026-01-23 05:45:00,AWS_05,0,normal,none,0,0.006116632036617831
2026-01-23 06:00:00,AWS_05,0,normal,none,0,0.10006328386593838
2026-01-23 06:15:00,AWS_05,0,normal,none,0,0.10474532380417911
2026-01-23 06:30:00,AWS_05,0,normal,none,0,0.1025490978318791
2026-01-23 06:45:00,AWS_05,0,normal,none,0,0.07492913517787064
2026-01-23 07:00:00,AWS_05,0,normal,none,0,0.0768669970005551
2026-01-23 07:15:00,AWS_05,0,normal,none,0,0.03428428742979983
2026-01-23 07:30:00,AWS_05,0,normal,none,0,0.08148292209719515
2026-01-23 07:45:00,AWS_05,0,normal,none,0,0.09753956311040546
2026-01-23 08:00:00,AWS_05,0,normal,none,0,0.10644061888358491
2026-01-23 08:15:00,AWS_05,0,normal,none,0,0.05788045065899766
2026-01-23 08:30:00,AWS_05,0,normal,none,0,0.009515165078610055
2026-01-23 08:45:00,AWS_05,0,normal,none,0,0.07793441307533733
2026-01-23 09:00:00,AWS_05,0,normal,none,0,0.037009848416320545
2026-01-23 09:15:00,AWS_05,0,normal,none,0,0.0873656071888046
2026-01-23 09:30:00,AWS_05,0,normal,none,0,0.11444280487982311
2026-01-23 09:45:00,AWS_05,0,normal,none,0,0.058937004205665555
2026-01-23 10:00:00,AWS_05,0,normal,none,0,0.029220478712615294
2026-01-23 10:15:00,AWS_05,0,normal,none,0,0.09617313309140746
2026-01-23 10:30:00,AWS_05,0,normal,none,0,0.04074565842614736
2026-01-23 10:45:00,AWS_05,0,normal,none,0,0.053025752572818774
2026-01-23 11:00:00,AWS_05,0,normal,none,0,0.07522998440403789
2026-01-23 11:15:00,AWS_05,0,normal,none,1,-0.005246875318637434
2026-01-23 11:30:00,AWS_05,0,normal,none,0,0.08574631003583055
2026-01-23 11:45:00,AWS_05,0,normal,none,0,0.06043751603958841
2026-01-23 12:00:00,AWS_05,0,normal,none,0,0.06860228624236503
2026-01-23 12:15:00,AWS_05,0,normal,none,0,0.07491635645833788
2026-01-23 12:30:00,AWS_05,0,normal,none,0,0.06261612954794055
2026-01-23 12:45:00,AWS_05,0,normal,none,0,0.05372865766502988
2026-01-23 13:00:00,AWS_05,0,normal,none,0,0.03400881678049994
2026-01-23 13:15:00,AWS_05,0,normal,none,0,0.08154965543274795
2026-01-23 13:30:00,AWS_05,0,normal,none,0,0.02041370764103695
2026-01-23 13:45:00,AWS_05,0,normal,none,0,0.08718000285716154
2026-01-23 14:00:00,AWS_05,0,normal,none,0,0.08093696362905806
2026-01-23 14:15:00,AWS_05,0,normal,none,0,0.07077529310048686
2026-01-23 14:30:00,AWS_05,0,normal,none,0,0.07572647318096964
2026-01-23 14:45:00,AWS_05,0,normal,none,1,-0.02973565270009737
2026-01-23 15:00:00,AWS_05,0,normal,none,0,0.0746596618403374
2026-01-23 15:15:00,AWS_05,0,normal,none,0,0.07789581568018616
2026-01-23 15:30:00,AWS_05,0,normal,none,0,0.06140539381025012
2026-01-23 15:45:00,AWS_05,0,normal,none,0,0.06533187278217684
2026-01-23 16:00:00,AWS_05,0,normal,none,0,0.01507192683997749
2026-01-23 16:15:00,AWS_05,0,normal,none,1,-0.0032462661499660372
2026-01-23 16:30:00,AWS_05,0,normal,none,0,0.0667888197970295
2026-01-23 16:45:00,AWS_05,0,normal,none,0,0.07405379914771582
2026-01-23 17:00:00,AWS_05,0,normal,none,0,0.07779413452411588
2026-01-23 17:15:00,AWS_05,0,normal,none,0,0.07004085211027183
2026-01-23 17:30:00,AWS_05,0,normal,none,0,0.07731423142615279
2026-01-23 17:45:00,AWS_05,0,normal,none,0,0.01650753038847963
2026-01-23 18:00:00,AWS_05,0,normal,none,0,0.05475303382306085
2026-01-23 18:15:00,AWS_05,0,normal,none,0,0.061545859452577956
2026-01-23 18:30:00,AWS_05,0,normal,none,0,0.07180291685135265
2026-01-23 18:45:00,AWS_05,0,normal,none,0,0.0660152813510867
2026-01-23 19:00:00,AWS_05,0,normal,none,0,0.09613113984498978
2026-01-23 19:15:00,AWS_05,0,normal,none,0,0.06698803390429159
2026-01-23 19:30:00,AWS_05,0,normal,none,0,0.03534530564209426
2026-01-23 19:45:00,AWS_05,0,normal,none,0,0.09136726085190344
2026-01-23 20:00:00,AWS_05,0,normal,none,0,0.09798036951381844
2026-01-23 20:15:00,AWS_05,0,normal,none,0,0.08993493071170666
2026-01-23 20:30:00,AWS_05,0,normal,none,0,0.09970088229824758
2026-01-23 20:45:00,AWS_05,0,normal,none,0,0.05531768646641
2026-01-23 21:00:00,AWS_05,0,normal,none,0,0.08593802868347639
2026-01-23 21:15:00,AWS_05,0,normal,none,0,0.0893703357795933
2026-01-23 21:30:00,AWS_05,0,normal,none,0,0.09704841928315472
2026-01-23 21:45:00,AWS_05,0,normal,none,0,0.035777986784861604
2026-01-23 22:00:00,AWS_05,0,normal,none,0,0.08360738484011238
2026-01-23 22:15:00,AWS_05,0,normal,none,0,0.010085918492915569
2026-01-23 22:30:00,AWS_05,0,normal,none,0,0.10219587951879622
2026-01-23 22:45:00,AWS_05,0,normal,none,0,0.1018907969054691
2026-01-23 23:00:00,AWS_05,0,normal,none,0,0.09041832636880609
2026-01-23 23:15:00,AWS_05,0,normal,none,0,0.09515121646151325
2026-01-23 23:30:00,AWS_05,0,normal,none,0,0.03961676772303252
2026-01-23 23:45:00,AWS_05,0,normal,none,0,0.059540254472016385
2026-01-24 00:00:00,AWS_05,0,normal,none,0,0.09548021854545441
2026-01-24 00:15:00,AWS_05,0,normal,none,0,0.09866533794039228
2026-01-24 00:30:00,AWS_05,0,normal,none,0,0.09455345785364283
2026-01-24 00:45:00,AWS_05,0,normal,none,0,0.07369036984725874
2026-01-24 01:00:00,AWS_05,0,normal,none,0,0.0546619644010527
2026-01-24 01:15:00,AWS_05,0,normal,none,0,0.07432842872319195
2026-01-24 01:30:00,AWS_05,0,normal,none,0,0.08093936058187579
2026-01-24 01:45:00,AWS_05,0,normal,none,0,0.022345589638922747
2026-01-24 02:00:00,AWS_05,0,normal,none,0,0.043686665582265916
2026-01-24 02:15:00,AWS_05,0,normal,none,0,0.08655867403706519
2026-01-24 02:30:00,AWS_05,0,normal,none,0,0.05934742667464715
2026-01-24 02:45:00,AWS_05,0,normal,none,0,0.08715369375582183
2026-01-24 03:00:00,AWS_05,0,normal,none,0,0.08039784885809809
2026-01-24 03:15:00,AWS_05,0,normal,none,0,0.07886658448379585
2026-01-24 03:30:00,AWS_05,0,normal,none,0,0.06267527077507473
2026-01-24 03:45:00,AWS_05,0,normal,none,0,0.04626905902896772
2026-01-24 04:00:00,AWS_05,0,normal,none,0,0.00927475932698546
2026-01-24 04:15:00,AWS_05,0,normal,none,0,0.07217163993484421
2026-01-24 04:30:00,AWS_05,0,normal,none,0,0.005613186113163415
2026-01-24 04:45:00,AWS_05,0,normal,none,0,0.059429955389915134
2026-01-24 05:00:00,AWS_05,0,normal,none,0,0.07431434818355509
2026-01-24 05:15:00,AWS_05,0,normal,none,0,0.09425761389278486
2026-01-24 05:30:00,AWS_05,0,normal,none,0,0.08645547739175757
2026-01-24 05:45:00,AWS_05,0,normal,none,0,0.04897609300496769
2026-01-24 06:00:00,AWS_05,0,normal,none,0,0.061507243612357376
2026-01-24 06:15:00,AWS_05,0,normal,none,0,0.05389922755622656
2026-01-24 06:30:00,AWS_05,0,normal,none,0,0.0674375149407846
2026-01-24 06:45:00,AWS_05,0,normal,none,0,0.10354879444815751
2026-01-24 07:00:00,AWS_05,0,normal,none,0,0.08475927725497573
2026-01-24 07:15:00,AWS_05,0,normal,none,0,0.08805136752173043
2026-01-24 07:30:00,AWS_05,0,normal,none,0,0.0823175734112358
2026-01-24 07:45:00,AWS_05,0,normal,none,0,0.07446984041609966
2026-01-24 08:00:00,AWS_05,0,normal,none,0,0.09116127130788043
2026-01-24 08:15:00,AWS_05,0,normal,none,0,0.07676705703798997
2026-01-24 08:30:00,AWS_05,0,normal,none,0,0.07541147145859683
2026-01-24 08:45:00,AWS_05,0,normal,none,0,0.08215782780449216
2026-01-24 09:00:00,AWS_05,0,normal,none,0,0.10779685661503147
2026-01-24 09:15:00,AWS_05,0,normal,none,0,0.0567353033112471
2026-01-24 09:30:00,AWS_05,0,normal,none,0,0.040798916880731506
2026-01-24 09:45:00,AWS_05,0,normal,none,0,0.009996620992176908
2026-01-24 10:00:00,AWS_05,0,normal,none,0,0.07975096089055594
2026-01-24 10:15:00,AWS_05,0,normal,none,1,-0.04359827780948744
2026-01-24 10:30:00,AWS_05,0,normal,none,0,0.014502182921854345
2026-01-24 10:45:00,AWS_05,0,normal,none,0,0.04292262875378361
2026-01-24 11:00:00,AWS_05,0,normal,none,0,0.09490714794286609
2026-01-24 11:15:00,AWS_05,0,normal,none,0,0.08510011562395292
2026-01-24 11:30:00,AWS_05,0,normal,none,0,0.03276328229110759
2026-01-24 11:45:00,AWS_05,0,normal,none,0,0.04528190910402746
2026-01-24 12:00:00,AWS_05,0,normal,none,0,0.032037445181541946
2026-01-24 12:15:00,AWS_05,0,normal,none,1,-0.07333416790969849
2026-01-24 12:30:00,AWS_05,0,normal,none,0,0.07480168168691703
2026-01-24 12:45:00,AWS_05,0,normal,none,0,0.05027021194224707
2026-01-24 13:00:00,AWS_05,0,normal,none,0,0.04592661213807042
2026-01-24 13:15:00,AWS_05,0,normal,none,0,0.07519686480560323
2026-01-24 13:30:00,AWS_05,0,normal,none,0,0.018844643063328226
2026-01-24 13:45:00,AWS_05,0,normal,none,1,-0.008547540438503809
2026-01-24 14:00:00,AWS_05,0,normal,none,1,-0.02046553999839207
2026-01-24 14:15:00,AWS_05,0,normal,none,0,0.04005140588389383
2026-01-24 14:30:00,AWS_05,0,normal,none,0,0.032513571958893484
2026-01-24 14:45:00,AWS_05,0,normal,none,0,0.027499766537031345
2026-01-24 15:00:00,AWS_05,0,normal,none,0,0.04290246365383504
2026-01-24 15:15:00,AWS_05,0,normal,none,0,0.05694910237422135
2026-01-24 15:30:00,AWS_05,0,normal,none,1,-0.07206383087994894
2026-01-24 15:45:00,AWS_05,0,normal,none,0,0.006763868668651862
2026-01-24 16:00:00,AWS_05,0,normal,none,0,0.06385091985914315
2026-01-24 16:15:00,AWS_05,0,normal,none,0,0.035432887042114725
2026-01-24 16:30:00,AWS_05,0,normal,none,0,0.04890255159604484
2026-01-24 16:45:00,AWS_05,0,normal,none,0,0.050529900343076084
2026-01-24 17:00:00,AWS_05,0,normal,none,0,0.028633434397686952
2026-01-24 17:15:00,AWS_05,0,normal,none,0,0.03299804451893462
2026-01-24 17:30:00,AWS_05,0,normal,none,0,0.06316097972169488
2026-01-24 17:45:00,AWS_05,0,normal,none,0,0.05710180247012342
2026-01-24 18:00:00,AWS_05,0,normal,none,0,0.0745796392627871
2026-01-24 18:15:00,AWS_05,0,normal,none,0,0.07875580065899196
2026-01-24 18:30:00,AWS_05,0,normal,none,0,0.04281277728554095
2026-01-24 18:45:00,AWS_05,0,normal,none,0,0.022169928936555894
2026-01-24 19:00:00,AWS_05,0,normal,none,0,0.06469303081660788
2026-01-24 19:15:00,AWS_05,0,normal,none,0,0.07615068913282363
2026-01-24 19:30:00,AWS_05,0,normal,none,0,0.09071248854559316
2026-01-24 19:45:00,AWS_05,0,normal,none,0,0.03701244889823313
2026-01-24 20:00:00,AWS_05,0,normal,none,1,-0.022721249887375894
2026-01-24 20:15:00,AWS_05,0,normal,none,0,0.1029283557614285
2026-01-24 20:30:00,AWS_05,0,normal,none,0,0.10999104990718422
2026-01-24 20:45:00,AWS_05,0,normal,none,0,0.06323438379800428
2026-01-24 21:00:00,AWS_05,0,normal,none,0,0.06031501946954443
2026-01-24 21:15:00,AWS_05,0,normal,none,1,-0.0035860083357108774
2026-01-24 21:30:00,AWS_05,0,normal,none,0,0.08209227723035739
2026-01-24 21:45:00,AWS_05,0,normal,none,0,0.09887773996196675
2026-01-24 22:00:00,AWS_05,0,normal,none,0,0.05365337148959343
2026-01-24 22:15:00,AWS_05,0,normal,none,0,0.024256892847153266
2026-01-24 22:30:00,AWS_05,0,normal,none,0,0.04870043077810632
2026-01-24 22:45:00,AWS_05,0,normal,none,1,-0.0073908663488158055
2026-01-24 23:00:00,AWS_05,0,normal,none,0,0.056337663855132225
2026-01-24 23:15:00,AWS_05,0,normal,none,0,0.09451945088722846
2026-01-24 23:30:00,AWS_05,0,normal,none,0,0.07324960436673883
2026-01-24 23:45:00,AWS_05,0,normal,none,0,0.04197169518587518
2026-01-25 00:00:00,AWS_05,0,normal,none,0,0.05746982075381851
2026-01-25 00:15:00,AWS_05,0,normal,none,0,0.08397927234539132
2026-01-25 00:30:00,AWS_05,0,normal,none,0,0.05067348216336365
2026-01-25 00:45:00,AWS_05,0,normal,none,0,0.06986666525857027
2026-01-25 01:00:00,AWS_05,0,normal,none,0,0.07935682778963599
2026-01-25 01:15:00,AWS_05,0,normal,none,0,0.0839298660032965
2026-01-25 01:30:00,AWS_05,0,normal,none,0,0.07908745593036853
2026-01-25 01:45:00,AWS_05,0,normal,none,0,0.08009698419450023
2026-01-25 02:00:00,AWS_05,0,normal,none,0,0.07158657069429203
2026-01-25 02:15:00,AWS_05,0,normal,none,0,0.08512892880295908
2026-01-25 02:30:00,AWS_05,0,normal,none,1,-0.025176700202975133
2026-01-25 02:45:00,AWS_05,0,normal,none,0,0.025222713868380653
2026-01-25 03:00:00,AWS_05,0,normal,none,0,0.07124051479302457
2026-01-25 03:15:00,AWS_05,0,normal,none,0,0.0667575471622322
2026-01-25 03:30:00,AWS_05,0,normal,none,0,0.057268390626892596
2026-01-25 03:45:00,AWS_05,0,normal,none,0,0.06397575663599092
2026-01-25 04:00:00,AWS_05,0,normal,none,0,0.0480818917135758
2026-01-25 04:15:00,AWS_05,0,normal,none,0,0.044152048392210486
2026-01-25 04:30:00,AWS_05,0,normal,none,1,-0.006976960523802367
2026-01-25 04:45:00,AWS_05,0,normal,none,0,0.04508734488023863
2026-01-25 05:00:00,AWS_05,0,normal,none,0,0.009464654173209464
2026-01-25 05:15:00,AWS_05,0,normal,none,0,0.04213361554492556
2026-01-25 05:30:00,AWS_05,0,normal,none,0,0.06457210486650411
2026-01-25 05:45:00,AWS_05,0,normal,none,0,0.07764558498113067
2026-01-25 06:00:00,AWS_05,0,normal,none,0,0.07803744609533864
2026-01-25 06:15:00,AWS_05,0,normal,none,0,0.0711550321347505
2026-01-25 06:30:00,AWS_05,0,normal,none,1,-0.01610899692113532
2026-01-25 06:45:00,AWS_05,0,normal,none,0,0.04942156035249895
2026-01-25 07:00:00,AWS_05,0,normal,none,0,0.046918323316006205
2026-01-25 07:15:00,AWS_05,0,normal,none,0,0.019194841664750162
2026-01-25 07:30:00,AWS_05,0,normal,none,0,0.08389692790506015
2026-01-25 07:45:00,AWS_05,0,normal,none,0,0.017406627288472032
2026-01-25 08:00:00,AWS_05,0,normal,none,0,0.06571437596871504
2026-01-25 08:15:00,AWS_05,0,normal,none,0,0.044058250502458485
2026-01-25 08:30:00,AWS_05,0,normal,none,0,0.07464569245516539
2026-01-25 08:45:00,AWS_05,0,normal,none,0,0.02996683406094669
2026-01-25 09:00:00,AWS_05,0,normal,none,0,0.006886444999243235
2026-01-25 09:15:00,AWS_05,0,normal,none,0,0.08845633170358408
2026-01-25 09:30:00,AWS_05,0,normal,none,0,0.04881873527899194
2026-01-25 09:45:00,AWS_05,0,normal,none,0,0.07742717192314114
2026-01-25 10:00:00,AWS_05,0,normal,none,0,0.08351205003858331
2026-01-25 10:15:00,AWS_05,0,normal,none,0,0.10877743610752155
2026-01-25 10:30:00,AWS_05,0,normal,none,0,0.07285098472797319
2026-01-25 10:45:00,AWS_05,0,normal,none,0,0.10451430430233433
2026-01-25 11:00:00,AWS_05,0,normal,none,0,0.09377268989435045
2026-01-25 11:15:00,AWS_05,0,normal,none,0,0.10197102866231605
2026-01-25 11:30:00,AWS_05,0,normal,none,0,0.00922075826350871
2026-01-25 11:45:00,AWS_05,0,normal,none,0,0.0004572305181319569
2026-01-25 12:00:00,AWS_05,0,normal,none,0,0.01653331302999972
2026-01-25 12:15:00,AWS_05,0,normal,none,0,0.09121726760467563
2026-01-25 12:30:00,AWS_05,0,normal,none,0,0.016712675055515935
2026-01-25 12:45:00,AWS_05,0,normal,none,0,0.09194821878088871
2026-01-25 13:00:00,AWS_05,0,normal,none,0,0.01287771145027422
2026-01-25 13:15:00,AWS_05,0,normal,none,0,0.08902382907769413
2026-01-25 13:30:00,AWS_05,0,normal,none,1,-0.0015843894027399719
2026-01-25 13:45:00,AWS_05,0,normal,none,0,0.018377958070538603
2026-01-25 14:00:00,AWS_05,0,normal,none,0,0.07591864232127143
2026-01-25 14:15:00,AWS_05,0,normal,none,0,0.09246004830390742
2026-01-25 14:30:00,AWS_05,0,normal,none,0,0.0949899348991674
2026-01-25 14:45:00,AWS_05,0,normal,none,0,0.08405911426621693
2026-01-25 15:00:00,AWS_05,0,normal,none,0,0.0838188804135141
2026-01-25 15:15:00,AWS_05,0,normal,none,0,0.05661668412192211
2026-01-25 15:30:00,AWS_05,0,normal,none,0,0.09972439539786515
2026-01-25 15:45:00,AWS_05,0,normal,none,0,0.08931749185524296
2026-01-25 16:00:00,AWS_05,0,normal,none,0,0.09232108500756941
2026-01-25 16:15:00,AWS_05,0,normal,none,0,0.10395407741249613
2026-01-25 16:30:00,AWS_05,0,normal,none,0,0.08033909617425683
2026-01-25 16:45:00,AWS_05,0,normal,none,0,0.08317219584308916
2026-01-25 17:00:00,AWS_05,0,normal,none,0,0.06598456100246608
2026-01-25 17:15:00,AWS_05,0,normal,none,0,0.022072851316328745
2026-01-25 17:30:00,AWS_05,0,normal,none,0,0.03869318673217409
2026-01-25 17:45:00,AWS_05,0,normal,none,0,0.041337646337665845
2026-01-25 18:00:00,AWS_05,0,normal,none,0,0.07300658229154583
2026-01-25 18:15:00,AWS_05,0,normal,none,0,0.0760008455232069
2026-01-25 18:30:00,AWS_05,0,normal,none,0,0.07597826789271411
2026-01-25 18:45:00,AWS_05,0,normal,none,0,0.04424249804814395
2026-01-25 19:00:00,AWS_05,0,normal,none,0,0.014892091696713572
2026-01-25 19:15:00,AWS_05,0,normal,none,0,0.037982926374364845
2026-01-25 19:30:00,AWS_05,0,normal,none,0,0.056782824023962064
2026-01-25 19:45:00,AWS_05,0,normal,none,1,-0.004911133471874329
2026-01-25 20:00:00,AWS_05,0,normal,none,0,0.10618995378708596
2026-01-25 20:15:00,AWS_05,0,normal,none,0,0.018140970969057868
2026-01-25 20:30:00,AWS_05,0,normal,none,0,0.10826166451858166
2026-01-25 20:45:00,AWS_05,0,normal,none,0,0.10027324036408192
2026-01-25 21:00:00,AWS_05,0,normal,none,0,0.05651290350959798
2026-01-25 21:15:00,AWS_05,0,normal,none,0,0.09415089714549851
2026-01-25 21:30:00,AWS_05,0,normal,none,0,0.10415422875758568
2026-01-25 21:45:00,AWS_05,0,normal,none,0,0.0541701676557072
2026-01-25 22:00:00,AWS_05,0,normal,none,0,0.07492657919171025
2026-01-25 22:15:00,AWS_05,0,normal,none,0,0.04265661522266523
2026-01-25 22:30:00,AWS_05,0,normal,none,0,0.0684107965793978
2026-01-25 22:45:00,AWS_05,0,normal,none,0,0.07563758050150032
2026-01-25 23:00:00,AWS_05,0,normal,none,0,0.07679885347588572
2026-01-25 23:15:00,AWS_05,0,normal,none,0,0.05037414862688344
2026-01-25 23:30:00,AWS_05,0,normal,none,0,0.036356210247635745
2026-01-25 23:45:00,AWS_05,0,normal,none,0,0.06052940516498645
2026-01-26 00:00:00,AWS_05,0,normal,none,1,-0.015914018147583975
2026-01-26 00:15:00,AWS_05,0,normal,none,0,0.06855545333448493
2026-01-26 00:30:00,AWS_05,0,normal,none,0,0.04529920195002951
2026-01-26 00:45:00,AWS_05,0,normal,none,0,0.06750774005345306
2026-01-26 01:00:00,AWS_05,0,normal_weather_event,temperature,1,-0.033673891499740094
2026-01-26 01:15:00,AWS_05,0,normal_weather_event,temperature,0,0.05075058952661715
2026-01-26 01:30:00,AWS_05,0,normal_weather_event,temperature,0,0.03425364936072106
2026-01-26 01:45:00,AWS_05,0,normal_weather_event,temperature,0,0.04921533963915886
2026-01-26 02:00:00,AWS_05,0,normal_weather_event,temperature,1,-0.011981718942764563
2026-01-26 02:15:00,AWS_05,0,normal_weather_event,temperature,0,0.031195509916510156
2026-01-26 02:30:00,AWS_05,0,normal_weather_event,temperature,0,0.031203515018249695
2026-01-26 02:45:00,AWS_05,0,normal_weather_event,temperature,1,-0.0024253703980804397
2026-01-26 03:00:00,AWS_05,0,normal_weather_event,temperature,0,0.002123947454011288
2026-01-26 03:15:00,AWS_05,0,normal_weather_event,temperature,0,0.039061783091837554
2026-01-26 03:30:00,AWS_05,0,normal_weather_event,temperature,1,-0.020136233670430936
2026-01-26 03:45:00,AWS_05,0,normal_weather_event,temperature,0,0.05196065728519261
2026-01-26 04:00:00,AWS_05,0,normal_weather_event,temperature,0,0.03835047721547269
2026-01-26 04:15:00,AWS_05,0,normal_weather_event,temperature,0,0.03566157724293573
2026-01-26 04:30:00,AWS_05,0,normal_weather_event,temperature,0,0.002782080865544878
2026-01-26 04:45:00,AWS_05,0,normal_weather_event,temperature,0,0.027183400687073922
2026-01-26 05:00:00,AWS_05,0,normal_weather_event,temperature,1,-0.0032922719855639215
2026-01-26 05:15:00,AWS_05,0,normal_weather_event,temperature,0,0.01677392323249438
2026-01-26 05:30:00,AWS_05,0,normal_weather_event,temperature,0,0.03519771753907258
2026-01-26 05:45:00,AWS_05,0,normal_weather_event,temperature,0,0.06564084290184102
2026-01-26 06:00:00,AWS_05,0,normal_weather_event,temperature,0,0.022053914811820674
2026-01-26 06:15:00,AWS_05,0,normal_weather_event,temperature,0,0.06462669920747766
2026-01-26 06:30:00,AWS_05,0,normal_weather_event,temperature,0,0.021810490918811876
2026-01-26 06:45:00,AWS_05,0,normal_weather_event,temperature,0,0.04460033243875172
2026-01-26 07:00:00,AWS_05,0,normal_weather_event,temperature,0,0.05907003602327743
2026-01-26 07:15:00,AWS_05,0,normal_weather_event,temperature,0,0.05853051997551717
2026-01-26 07:30:00,AWS_05,0,normal_weather_event,temperature,0,0.05925138591506657
2026-01-26 07:45:00,AWS_05,0,normal_weather_event,temperature,1,-0.011168105278879126
2026-01-26 08:00:00,AWS_05,0,normal_weather_event,temperature,0,0.06583120069846687
2026-01-26 08:15:00,AWS_05,0,normal_weather_event,temperature,0,0.07831457764884775
2026-01-26 08:30:00,AWS_05,0,normal_weather_event,temperature,0,0.06218607150627903
2026-01-26 08:45:00,AWS_05,0,normal_weather_event,temperature,0,0.08742091313942152
2026-01-26 09:00:00,AWS_05,0,normal_weather_event,temperature,0,0.011869476885779717
2026-01-26 09:15:00,AWS_05,0,normal_weather_event,temperature,0,0.014953121469071906
2026-01-26 09:30:00,AWS_05,0,normal_weather_event,temperature,0,0.08895340265121476
2026-01-26 09:45:00,AWS_05,0,normal_weather_event,temperature,0,0.022755301223382263
2026-01-26 10:00:00,AWS_05,0,normal_weather_event,temperature,0,0.09233553212269963
2026-01-26 10:15:00,AWS_05,0,normal_weather_event,temperature,0,0.08822296241993971
2026-01-26 10:30:00,AWS_05,0,normal_weather_event,temperature,0,0.09404085856578465
2026-01-26 10:45:00,AWS_05,0,normal_weather_event,temperature,0,0.10510973775541876
2026-01-26 11:00:00,AWS_05,0,normal_weather_event,temperature,0,0.06083460001300578
2026-01-26 11:15:00,AWS_05,0,normal_weather_event,temperature,0,0.07375042570502827
2026-01-26 11:30:00,AWS_05,0,normal_weather_event,temperature,0,0.050056905970696564
2026-01-26 11:45:00,AWS_05,0,normal_weather_event,temperature,0,0.08995573245970612
2026-01-26 12:00:00,AWS_05,0,normal_weather_event,temperature,0,0.04950264108386093
2026-01-26 12:15:00,AWS_05,0,normal_weather_event,temperature,0,0.08382478163216034
2026-01-26 12:30:00,AWS_05,0,normal_weather_event,temperature,0,0.08121093315257744
2026-01-26 12:45:00,AWS_05,0,normal_weather_event,temperature,0,0.08371440644758255
2026-01-26 13:00:00,AWS_05,0,normal,none,1,-0.009905016650742393
2026-01-26 13:15:00,AWS_05,0,normal,none,0,0.07754399349240682
2026-01-26 13:30:00,AWS_05,0,normal,none,0,0.09182910710290682
2026-01-26 13:45:00,AWS_05,0,normal,none,0,0.0961575410883116
2026-01-26 14:00:00,AWS_05,0,normal,none,0,0.08237755216534898
2026-01-26 14:15:00,AWS_05,0,normal,none,0,0.02367688804229029
2026-01-26 14:30:00,AWS_05,0,normal,none,0,0.0810524946026327
2026-01-26 14:45:00,AWS_05,0,normal,none,0,0.004468143981409156
2026-01-26 15:00:00,AWS_05,0,normal,none,0,0.07770974047821833
2026-01-26 15:15:00,AWS_05,0,normal,none,0,0.0784808983322205
2026-01-26 15:30:00,AWS_05,0,normal,none,0,0.05309826496771619
2026-01-26 15:45:00,AWS_05,0,normal,none,0,0.06821161316188307
2026-01-26 16:00:00,AWS_05,0,normal,none,0,0.0626577779021727
2026-01-26 16:15:00,AWS_05,0,normal,none,0,0.08189797241662333
2026-01-26 16:30:00,AWS_05,0,normal,none,0,0.08408240500918784
2026-01-26 16:45:00,AWS_05,0,normal,none,0,0.03339903781261733
2026-01-26 17:00:00,AWS_05,0,normal,none,0,0.08383957852342194
2026-01-26 17:15:00,AWS_05,0,normal,none,0,0.09205943134817451
2026-01-26 17:30:00,AWS_05,0,normal,none,0,0.039330941556974086
2026-01-26 17:45:00,AWS_05,0,normal,none,0,0.0686349023450159
2026-01-26 18:00:00,AWS_05,0,normal,none,0,0.044752675832445576
2026-01-26 18:15:00,AWS_05,0,normal,none,0,0.06728170683004919
2026-01-26 18:30:00,AWS_05,0,normal,none,0,0.06100587015905462
2026-01-26 18:45:00,AWS_05,0,normal,none,0,0.047595235507617295
2026-01-26 19:00:00,AWS_05,0,normal,none,0,0.09025864861246552
2026-01-26 19:15:00,AWS_05,0,normal,none,0,0.050019362028469794
2026-01-26 19:30:00,AWS_05,0,normal,none,0,0.07513183001879098
2026-01-26 19:45:00,AWS_05,0,normal,none,0,0.037648146909721125
2026-01-26 20:00:00,AWS_05,0,normal,none,0,0.06278832104803034
2026-01-26 20:15:00,AWS_05,0,normal,none,0,0.07652445132615321
2026-01-26 20:30:00,AWS_05,0,normal,none,0,0.07985806587371963
2026-01-26 20:45:00,AWS_05,0,normal,none,0,0.05531960847715689
2026-01-26 21:00:00,AWS_05,0,normal,none,0,0.07075917616479527
2026-01-26 21:15:00,AWS_05,0,normal,none,0,0.05673691140216891
2026-01-26 21:30:00,AWS_05,0,normal,none,0,0.07413846646752376
2026-01-26 21:45:00,AWS_05,0,normal,none,0,0.02808406825166021
2026-01-26 22:00:00,AWS_05,0,normal,none,0,0.0002373399086557093
2026-01-26 22:15:00,AWS_05,0,normal,none,0,0.057759839816652225
2026-01-26 22:30:00,AWS_05,0,normal,none,0,0.0509403811329856
2026-01-26 22:45:00,AWS_05,0,normal,none,0,0.005939763676666321
2026-01-26 23:00:00,AWS_05,0,normal,none,0,0.03476749443330007
2026-01-26 23:15:00,AWS_05,0,normal,none,0,0.03420130517613379
2026-01-26 23:30:00,AWS_05,0,normal,none,0,0.05232267968981702
2026-01-26 23:45:00,AWS_05,0,normal,none,1,-0.004161834604726078
2026-01-27 00:00:00,AWS_05,0,normal,none,0,0.0063312880699984975
2026-01-27 00:15:00,AWS_05,0,normal,none,0,0.003338861213314781
2026-01-27 00:30:00,AWS_05,0,normal,none,1,-0.0005816973288155225
2026-01-27 00:45:00,AWS_05,0,normal,none,0,0.04211206874339929
2026-01-27 01:00:00,AWS_05,0,normal,none,0,0.03324398061827433
2026-01-27 01:15:00,AWS_05,0,normal,none,0,0.03703321733234721
2026-01-27 01:30:00,AWS_05,0,normal,none,1,-0.022708627526011105
2026-01-27 01:45:00,AWS_05,0,normal,none,1,-0.014563061830795476
2026-01-27 02:00:00,AWS_05,0,normal,none,0,0.006596131232511071
2026-01-27 02:15:00,AWS_05,0,normal,none,0,0.042122244029901335
2026-01-27 02:30:00,AWS_05,0,normal,none,1,-0.0019396210526191338
2026-01-27 02:45:00,AWS_05,0,normal,none,0,0.05449187122832083
2026-01-27 03:00:00,AWS_05,0,normal,none,0,0.04128430961853885
2026-01-27 03:15:00,AWS_05,0,normal,none,0,0.0578203276252095
2026-01-27 03:30:00,AWS_05,0,normal,none,0,0.0421893042696877
2026-01-27 03:45:00,AWS_05,0,normal,none,0,0.04308649222579941
2026-01-27 04:00:00,AWS_05,0,normal,none,1,-0.0074187652962933726
2026-01-27 04:15:00,AWS_05,0,normal,none,0,0.03281376336039882
2026-01-27 04:30:00,AWS_05,0,normal,none,0,0.002369814632909306
2026-01-27 04:45:00,AWS_05,0,normal,none,0,0.007429139678861385
2026-01-27 05:00:00,AWS_05,0,normal,none,1,-0.019094631224992775
2026-01-27 05:15:00,AWS_05,0,normal,none,0,0.04627953514745897
2026-01-27 05:30:00,AWS_05,0,normal,none,0,0.031742325275759764
2026-01-27 05:45:00,AWS_05,0,normal,none,0,0.0817713617960239
2026-01-27 06:00:00,AWS_05,0,normal,none,0,0.05563982439061915
2026-01-27 06:15:00,AWS_05,0,normal,none,0,0.07034934309614221
2026-01-27 06:30:00,AWS_05,0,normal,none,0,0.008766515268959607
2026-01-27 06:45:00,AWS_05,0,normal,none,0,0.04134612314423536
2026-01-27 07:00:00,AWS_05,0,normal,none,0,0.06223498327216942
2026-01-27 07:15:00,AWS_05,0,normal,none,0,0.08243439854900125
2026-01-27 07:30:00,AWS_05,0,normal,none,0,0.09848493078756715
2026-01-27 07:45:00,AWS_05,0,normal,none,0,0.05675686875759356
2026-01-27 08:00:00,AWS_05,0,normal,none,0,0.09553430117503042
2026-01-27 08:15:00,AWS_05,0,normal,none,0,0.09119110677790776
2026-01-27 08:30:00,AWS_05,0,normal,none,0,0.07517387967270367
2026-01-27 08:45:00,AWS_05,0,normal,none,1,-0.0011844284051661935
2026-01-27 09:00:00,AWS_05,0,normal,none,0,0.09485420666821942
2026-01-27 09:15:00,AWS_05,0,normal,none,0,0.1152755065163652
2026-01-27 09:30:00,AWS_05,0,normal,none,0,0.10054865447773614
2026-01-27 09:45:00,AWS_05,0,normal,none,0,0.10739733336568197
2026-01-27 10:00:00,AWS_05,0,normal,none,0,0.06301648887780426
2026-01-27 10:15:00,AWS_05,0,normal,none,0,0.09343261072487208
2026-01-27 10:30:00,AWS_05,0,normal,none,0,0.11104082608525156
2026-01-27 10:45:00,AWS_05,0,normal,none,0,0.0709926062689677
2026-01-27 11:00:00,AWS_05,0,normal,none,0,0.0960331473927849
2026-01-27 11:15:00,AWS_05,0,normal,none,0,0.06496434062113449
2026-01-27 11:30:00,AWS_05,0,normal,none,0,0.06692870802685885
2026-01-27 11:45:00,AWS_05,0,normal,none,0,0.09910674997661612
2026-01-27 12:00:00,AWS_05,0,normal,none,0,0.10574547054169164
2026-01-27 12:15:00,AWS_05,0,normal,none,0,0.09721329513184401
2026-01-27 12:30:00,AWS_05,0,normal,none,0,0.06539695929076805
2026-01-27 12:45:00,AWS_05,0,normal,none,0,0.08013271242561354
2026-01-27 13:00:00,AWS_05,0,normal,none,0,0.06499054370001595
2026-01-27 13:15:00,AWS_05,0,normal,none,0,0.10008711644660423
2026-01-27 13:30:00,AWS_05,0,normal,none,0,0.09555641904336826
2026-01-27 13:45:00,AWS_05,0,normal,none,0,0.09320543128979958
2026-01-27 14:00:00,AWS_05,0,normal,none,0,0.05578747244192289
2026-01-27 14:15:00,AWS_05,0,normal,none,0,0.04673755365579424
2026-01-27 14:30:00,AWS_05,0,normal,none,1,-0.00306823509290588
2026-01-27 14:45:00,AWS_05,0,normal,none,0,0.07764452170063463
2026-01-27 15:00:00,AWS_05,0,normal,none,0,0.026862536667810633
2026-01-27 15:15:00,AWS_05,0,normal,none,0,0.07581165700823728
2026-01-27 15:30:00,AWS_05,0,normal,none,0,0.02311014542047385
2026-01-27 15:45:00,AWS_05,0,normal,none,0,0.05009284090403732
2026-01-27 16:00:00,AWS_05,0,normal,none,0,0.07431370012265753
2026-01-27 16:15:00,AWS_05,0,normal,none,0,0.08664965697191346
2026-01-27 16:30:00,AWS_05,0,normal,none,0,0.09387688047962106
2026-01-27 16:45:00,AWS_05,0,normal,none,0,0.08998557140509222
2026-01-27 17:00:00,AWS_05,0,normal,none,0,0.015156991649703966
2026-01-27 17:15:00,AWS_05,0,normal,none,0,0.021064570352454348
2026-01-27 17:30:00,AWS_05,0,normal,none,0,0.08839660274859407
2026-01-27 17:45:00,AWS_05,0,normal,none,0,0.09694381075514397
2026-01-27 18:00:00,AWS_05,0,normal,none,0,0.09212301091779268
2026-01-27 18:15:00,AWS_05,0,normal,none,0,0.062020166868473336
2026-01-27 18:30:00,AWS_05,0,normal,none,0,0.06556946940407415
2026-01-27 18:45:00,AWS_05,0,normal,none,0,0.07099650292093307
2026-01-27 19:00:00,AWS_05,0,normal,none,0,0.07266830894709597
2026-01-27 19:15:00,AWS_05,0,normal,none,0,0.04681361101962822
2026-01-27 19:30:00,AWS_05,0,normal,none,0,0.059187872371857186
2026-01-27 19:45:00,AWS_05,0,normal,none,0,0.09635983157685307
2026-01-27 20:00:00,AWS_05,0,normal,none,0,0.10860068732654155
2026-01-27 20:15:00,AWS_05,0,normal,none,0,0.08845679292986991
2026-01-27 20:30:00,AWS_05,0,normal,none,0,0.03799140006574275
2026-01-27 20:45:00,AWS_05,0,normal,none,0,0.07309995993755758
2026-01-27 21:00:00,AWS_05,0,normal,none,0,0.09042296627480029
2026-01-27 21:15:00,AWS_05,0,normal,none,0,0.062121763800717045
2026-01-27 21:30:00,AWS_05,0,normal,none,0,0.08959393910063385
2026-01-27 21:45:00,AWS_05,0,normal,none,0,0.09743476697974152
2026-01-27 22:00:00,AWS_05,0,normal,none,1,-0.02671877356009622
2026-01-27 22:15:00,AWS_05,0,normal,none,0,0.04656478873248848
2026-01-27 22:30:00,AWS_05,0,normal,none,0,0.001539898456223987
2026-01-27 22:45:00,AWS_05,0,normal,none,1,-0.015044446440637294
2026-01-27 23:00:00,AWS_05,0,normal,none,0,0.070378049106812
2026-01-27 23:15:00,AWS_05,0,normal,none,0,0.08408468521503115
2026-01-27 23:30:00,AWS_05,0,normal,none,0,0.07536619526589233
2026-01-27 23:45:00,AWS_05,0,normal,none,0,0.07046598867727827
2026-01-28 00:00:00,AWS_05,0,normal,none,0,0.07976205789133312
2026-01-28 00:15:00,AWS_05,0,normal,none,0,0.014836803389648712
2026-01-28 00:30:00,AWS_05,0,normal,none,0,0.08208384939473728
2026-01-28 00:45:00,AWS_05,0,normal,none,0,0.07214122748402313
2026-01-28 01:00:00,AWS_05,0,normal,none,0,0.041140312607455876
2026-01-28 01:15:00,AWS_05,0,normal,none,0,0.03952829994507012
2026-01-28 01:30:00,AWS_05,0,normal,none,0,0.05483967338699025
2026-01-28 01:45:00,AWS_05,0,normal,none,0,0.05680308680747126
2026-01-28 02:00:00,AWS_05,0,normal,none,0,0.054848037254253634
2026-01-28 02:15:00,AWS_05,0,normal,none,1,-0.023938138889458838
2026-01-28 02:30:00,AWS_05,0,normal,none,0,0.008280752073697606
2026-01-28 02:45:00,AWS_05,0,normal,none,0,0.027011899816819118
2026-01-28 03:00:00,AWS_05,0,normal,none,1,-0.008056926459293345
2026-01-28 03:15:00,AWS_05,0,normal,none,1,-0.00028417355949950096
2026-01-28 03:30:00,AWS_05,0,normal,none,0,0.03068046156075266
2026-01-28 03:45:00,AWS_05,0,normal,none,0,0.0206730943589144
2026-01-28 04:00:00,AWS_05,0,normal,none,0,0.03432960706073779
2026-01-28 04:15:00,AWS_05,0,normal,none,1,-0.00116235270243914
2026-01-28 04:30:00,AWS_05,0,normal,none,1,-0.038620801450910625
2026-01-28 04:45:00,AWS_05,0,normal,none,1,-0.05969811561663385
2026-01-28 05:00:00,AWS_05,0,normal,none,1,-0.026891091819086332
2026-01-28 05:15:00,AWS_05,0,normal,none,0,0.006511391255436705
2026-01-28 05:30:00,AWS_05,0,normal,none,0,0.008955652844502837
2026-01-28 05:45:00,AWS_05,0,normal,none,1,-0.004821890095926706
2026-01-28 06:00:00,AWS_05,0,normal,none,0,0.03951257550576481
2026-01-28 06:15:00,AWS_05,0,normal,none,1,-0.01105091327182206
2026-01-28 06:30:00,AWS_05,0,normal,none,0,0.042485327718837784
2026-01-28 06:45:00,AWS_05,0,normal,none,0,0.024709947993510728
2026-01-28 07:00:00,AWS_05,0,normal,none,0,0.005412831710177424
2026-01-28 07:15:00,AWS_05,0,normal,none,1,-0.07677658646457752
2026-01-28 07:30:00,AWS_05,0,normal,none,0,0.037741842968908534
2026-01-28 07:45:00,AWS_05,0,normal,none,0,0.05184946113918548
2026-01-28 08:00:00,AWS_05,0,normal,none,0,0.02098590937774164
2026-01-28 08:15:00,AWS_05,0,normal,none,0,0.07757955299391917
2026-01-28 08:30:00,AWS_05,0,normal,none,0,0.05268116468193157
2026-01-28 08:45:00,AWS_05,0,normal,none,0,0.08498453662055405
2026-01-28 09:00:00,AWS_05,0,normal,none,1,-0.01656740914826471
2026-01-28 09:15:00,AWS_05,0,normal,none,1,-0.009000559662339369
2026-01-28 09:30:00,AWS_05,0,normal,none,0,0.06400009968389625
2026-01-28 09:45:00,AWS_05,0,normal,none,0,0.041326478669932554
2026-01-28 10:00:00,AWS_05,0,normal,none,0,0.06320679084515712
2026-01-28 10:15:00,AWS_05,0,normal,none,0,0.06229542983362679
2026-01-28 10:30:00,AWS_05,0,normal,none,0,0.034410737980003825
2026-01-28 10:45:00,AWS_05,0,normal,none,0,0.07913020826131606
2026-01-28 11:00:00,AWS_05,0,normal,none,0,0.08133963471223843
2026-01-28 11:15:00,AWS_05,0,normal,none,0,0.056741402554285225
2026-01-28 11:30:00,AWS_05,0,normal,none,0,0.04912702746118641
2026-01-28 11:45:00,AWS_05,0,normal,none,1,-0.010364236732492982
2026-01-28 12:00:00,AWS_05,0,normal,none,0,0.04035691246655626
2026-01-28 12:15:00,AWS_05,0,normal,none,0,0.03246042240972408
2026-01-28 12:30:00,AWS_05,0,normal,none,0,0.00335078667475186
2026-01-28 12:45:00,AWS_05,0,normal,none,0,0.05468170651790749
2026-01-28 13:00:00,AWS_05,0,normal,none,0,0.014009581679393812
2026-01-28 13:15:00,AWS_05,0,normal,none,0,0.02725173677211884
2026-01-28 13:30:00,AWS_05,0,normal,none,0,0.023283472024347773
2026-01-28 13:45:00,AWS_05,0,normal,none,0,0.04449776415267448
2026-01-28 14:00:00,AWS_05,0,normal,none,0,0.05930171900497849
2026-01-28 14:15:00,AWS_05,0,normal,none,0,0.056499689864744296
2026-01-28 14:30:00,AWS_05,0,normal,none,0,0.08330266787968355
2026-01-28 14:45:00,AWS_05,0,normal,none,0,0.0596342955242099
2026-01-28 15:00:00,AWS_05,0,normal,none,0,0.07144784883782218
2026-01-28 15:15:00,AWS_05,0,normal,none,0,0.004061694442264119
2026-01-28 15:30:00,AWS_05,0,normal,none,0,0.07151217942914184
2026-01-28 15:45:00,AWS_05,0,normal,none,0,0.0749140970744876
2026-01-28 16:00:00,AWS_05,0,normal,none,0,0.08193280422986099
2026-01-28 16:15:00,AWS_05,0,normal,none,0,0.026932459636130057
2026-01-28 16:30:00,AWS_05,0,normal,none,0,0.05958291989023884
2026-01-28 16:45:00,AWS_05,0,normal,none,1,-0.032471911000345965
2026-01-28 17:00:00,AWS_05,0,normal,none,0,0.011219988488248622
2026-01-28 17:15:00,AWS_05,0,normal,none,0,0.004338134738104904
2026-01-28 17:30:00,AWS_05,0,normal,none,0,0.02299447937828325
2026-01-28 17:45:00,AWS_05,0,normal,none,0,0.02058204777551742
2026-01-28 18:00:00,AWS_05,0,normal,none,0,0.06255339887809186
2026-01-28 18:15:00,AWS_05,0,normal,none,0,0.04096220029297454
2026-01-28 18:30:00,AWS_05,0,normal,none,0,0.023898426066591927
2026-01-28 18:45:00,AWS_05,0,normal,none,1,-0.007652781853242363
2026-01-28 19:00:00,AWS_05,0,normal,none,0,0.05028405900235716
2026-01-28 19:15:00,AWS_05,0,normal,none,0,0.05641427082979439
2026-01-28 19:30:00,AWS_05,0,normal,none,0,0.0585870574447635
2026-01-28 19:45:00,AWS_05,0,normal,none,1,-0.011633681838713494
2026-01-28 20:00:00,AWS_05,0,normal,none,0,0.04923460852864864
2026-01-28 20:15:00,AWS_05,0,normal,none,0,0.0460683405383851
2026-01-28 20:30:00,AWS_05,0,normal,none,1,-0.021259137418858876
2026-01-28 20:45:00,AWS_05,0,normal,none,1,-0.022226676134226464
2026-01-28 21:00:00,AWS_05,0,normal,none,1,-0.02270804542558713
2026-01-28 21:15:00,AWS_05,0,normal,none,0,0.04649311795948796
2026-01-28 21:30:00,AWS_05,0,normal,none,0,0.041552057878052884
2026-01-28 21:45:00,AWS_05,0,normal,none,0,0.06541033481093611
2026-01-28 22:00:00,AWS_05,0,normal,none,0,0.049405226427742976
2026-01-28 22:15:00,AWS_05,0,normal,none,0,0.04181532324886933
2026-01-28 22:30:00,AWS_05,0,normal,none,0,0.03421301016943129
2026-01-28 22:45:00,AWS_05,0,normal,none,1,-0.039788464044740235
2026-01-28 23:00:00,AWS_05,0,normal,none,0,0.023402068681750432
2026-01-28 23:15:00,AWS_05,0,normal,none,0,0.05680492665572634
2026-01-28 23:30:00,AWS_05,0,normal,none,0,0.013832094997134003
2026-01-28 23:45:00,AWS_05,0,normal,none,0,0.04245741370203532
2026-01-29 00:00:00,AWS_05,0,normal,none,0,0.02652607391425771
2026-01-29 00:15:00,AWS_05,0,normal,none,0,0.030366728537841947
2026-01-29 00:30:00,AWS_05,0,normal,none,0,0.028245599705949087
2026-01-29 00:45:00,AWS_05,0,normal,none,0,0.012391392839455506
2026-01-29 01:00:00,AWS_05,0,normal,none,0,0.014286989689850482
2026-01-29 01:15:00,AWS_05,0,normal,none,0,0.0211929178578516
2026-01-29 01:30:00,AWS_05,0,normal,none,0,0.012531188724785258
2026-01-29 01:45:00,AWS_05,0,normal,none,0,0.03090939206313481
2026-01-29 02:00:00,AWS_05,0,normal,none,0,0.03141522375950723
2026-01-29 02:15:00,AWS_05,0,normal,none,0,0.01110588190144296
2026-01-29 02:30:00,AWS_05,0,normal,none,0,0.03795361373688272
2026-01-29 02:45:00,AWS_05,0,normal,none,0,0.042172908614326376
2026-01-29 03:00:00,AWS_05,0,normal,none,0,0.03572969333277054
2026-01-29 03:15:00,AWS_05,0,normal,none,0,0.00015396832716607634
2026-01-29 03:30:00,AWS_05,0,normal,none,0,0.005333372919497759
2026-01-29 03:45:00,AWS_05,0,normal,none,0,0.05542802806812308
2026-01-29 04:00:00,AWS_05,0,normal,none,0,0.051373684582184775
2026-01-29 04:15:00,AWS_05,0,normal,none,0,0.03515499422918256
2026-01-29 04:30:00,AWS_05,0,normal,none,0,0.04355867386186307
2026-01-29 04:45:00,AWS_05,0,normal,none,0,0.06014531985207816
2026-01-29 05:00:00,AWS_05,0,normal,none,0,0.06093501234084514
2026-01-29 05:15:00,AWS_05,0,normal,none,1,-0.009877738050875884
2026-01-29 05:30:00,AWS_05,0,normal,none,0,0.08844789952097398
2026-01-29 05:45:00,AWS_05,0,normal,none,0,0.08826724178731299
2026-01-29 06:00:00,AWS_05,0,normal,none,0,0.06335631647967876
2026-01-29 06:15:00,AWS_05,0,normal,none,1,-0.026339412218912672
2026-01-29 06:30:00,AWS_05,0,normal,none,0,0.10244385006176782
2026-01-29 06:45:00,AWS_05,0,normal,none,0,0.08173931329478168
2026-01-29 07:00:00,AWS_05,0,normal,none,0,0.0922351205872125
2026-01-29 07:15:00,AWS_05,0,normal,none,0,0.10691534248790957
2026-01-29 07:30:00,AWS_05,0,normal,none,0,0.06486337001719988
2026-01-29 07:45:00,AWS_05,0,normal,none,0,0.10327245605063112
2026-01-29 08:00:00,AWS_05,0,normal,none,0,0.013718864601999115
2026-01-29 08:15:00,AWS_05,0,normal,none,0,0.09465750391696731
2026-01-29 08:30:00,AWS_05,0,normal,none,0,0.10567617818287212
2026-01-29 08:45:00,AWS_05,0,normal,none,0,0.014384359391777457
2026-01-29 09:00:00,AWS_05,0,normal,none,0,0.0925867449299228
2026-01-29 09:15:00,AWS_05,0,normal,none,0,0.01903044624703837
2026-01-29 09:30:00,AWS_05,0,normal,none,1,-0.010136974521054332
2026-01-29 09:45:00,AWS_05,0,normal,none,0,0.10167139184977608
2026-01-29 10:00:00,AWS_05,0,normal,none,0,0.045675360131981424
2026-01-29 10:15:00,AWS_05,0,normal,none,0,0.09259803068951239
2026-01-29 10:30:00,AWS_05,0,normal,none,0,0.0757484640286527
2026-01-29 10:45:00,AWS_05,0,normal,none,0,0.07260885025935493
2026-01-29 11:00:00,AWS_05,0,normal,none,0,0.0951161814227165
2026-01-29 11:15:00,AWS_05,0,normal,none,0,0.053718988088711894
2026-01-29 11:30:00,AWS_05,0,normal,none,0,0.10071981586529316
2026-01-29 11:45:00,AWS_05,0,normal,none,0,0.07695814568557419
2026-01-29 12:00:00,AWS_05,0,normal,none,0,0.0953147281644745
2026-01-29 12:15:00,AWS_05,0,normal,none,0,0.027477528203186274
2026-01-29 12:30:00,AWS_05,0,normal,none,0,0.07346199445818713
2026-01-29 12:45:00,AWS_05,0,normal,none,0,0.08850857674613832
2026-01-29 13:00:00,AWS_05,0,normal,none,0,0.02024968038616326
2026-01-29 13:15:00,AWS_05,0,normal,none,0,0.09414745065150665
2026-01-29 13:30:00,AWS_05,0,normal,none,0,0.05370669701719827
2026-01-29 13:45:00,AWS_05,0,normal,none,0,0.09063676161050405
2026-01-29 14:00:00,AWS_05,0,normal,none,0,0.10857636696682726
2026-01-29 14:15:00,AWS_05,0,normal,none,0,0.09527402781424582
2026-01-29 14:30:00,AWS_05,0,normal,none,0,0.0732651060244679
2026-01-29 14:45:00,AWS_05,0,normal,none,0,0.10033169923971569
2026-01-29 15:00:00,AWS_05,0,normal,none,0,0.0930440458894653
2026-01-29 15:15:00,AWS_05,0,normal,none,0,0.05813330618543755
2026-01-29 15:30:00,AWS_05,0,normal,none,0,0.036920861687137985
2026-01-29 15:45:00,AWS_05,0,normal,none,0,0.0068060643942048915
2026-01-29 16:00:00,AWS_05,0,normal,none,0,0.09858260628818077
2026-01-29 16:15:00,AWS_05,0,normal,none,0,0.08714327452530224
2026-01-29 16:30:00,AWS_05,0,normal,none,0,0.08416301039871377
2026-01-29 16:45:00,AWS_05,0,normal,none,0,0.09337590706992638
2026-01-29 17:00:00,AWS_05,0,normal,none,0,0.09103859678794995
2026-01-29 17:15:00,AWS_05,0,normal,none,0,0.04605468449215516
2026-01-29 17:30:00,AWS_05,0,normal,none,0,0.0887015737835114
2026-01-29 17:45:00,AWS_05,0,normal,none,0,0.0681217018959055
2026-01-29 18:00:00,AWS_05,0,normal,none,0,0.06995784833704272
2026-01-29 18:15:00,AWS_05,0,normal,none,0,0.08853639657803036
2026-01-29 18:30:00,AWS_05,0,normal,none,0,0.08491610438600894
2026-01-29 18:45:00,AWS_05,0,normal,none,0,0.06552480775153319
2026-01-29 19:00:00,AWS_05,0,normal,none,0,0.004664400342376973
2026-01-29 19:15:00,AWS_05,0,normal,none,0,0.05333466293362904
2026-01-29 19:30:00,AWS_05,0,normal,none,0,0.07731906288414842
2026-01-29 19:45:00,AWS_05,0,normal,none,0,0.08684340553254283
2026-01-29 20:00:00,AWS_05,0,normal,none,0,0.06080423384566963
2026-01-29 20:15:00,AWS_05,0,normal,none,0,0.03981547369330041
2026-01-29 20:30:00,AWS_05,0,normal,none,0,0.058205447443613445
2026-01-29 20:45:00,AWS_05,0,normal,none,0,0.07437296715395386
2026-01-29 21:00:00,AWS_05,0,normal,none,0,0.07606018520220698
2026-01-29 21:15:00,AWS_05,0,normal,none,0,0.07195808761789224
2026-01-29 21:30:00,AWS_05,0,normal,none,0,0.07847648122035894
2026-01-29 21:45:00,AWS_05,0,normal,none,0,0.0844916229482151
2026-01-29 22:00:00,AWS_05,0,normal,none,0,0.04887884591884012
2026-01-29 22:15:00,AWS_05,0,normal,none,0,0.028744501357379937
2026-01-29 22:30:00,AWS_05,0,normal,none,0,0.078074250194621
2026-01-29 22:45:00,AWS_05,0,normal,none,0,0.05138237157441905
2026-01-29 23:00:00,AWS_05,0,normal,none,0,0.006571490878302333
2026-01-29 23:15:00,AWS_05,0,normal,none,0,0.0614062109411429
2026-01-29 23:30:00,AWS_05,0,normal,none,0,0.05428379733811928
2026-01-29 23:45:00,AWS_05,0,normal,none,0,0.0703598769256441
2026-01-30 00:00:00,AWS_05,0,normal,none,0,0.042678069044375544
2026-01-30 00:15:00,AWS_05,0,normal,none,0,0.0782563818636759
2026-01-30 00:30:00,AWS_05,0,normal,none,1,-0.020624674944032306
2026-01-30 00:45:00,AWS_05,0,normal,none,0,0.036256554170328414
2026-01-30 01:00:00,AWS_05,0,normal,none,0,0.04975806434185637
2026-01-30 01:15:00,AWS_05,0,normal,none,0,0.03802828468394909
2026-01-30 01:30:00,AWS_05,0,normal,none,1,-0.014469148702183743
2026-01-30 01:45:00,AWS_05,0,normal,none,0,0.01650332881052541
2026-01-30 02:00:00,AWS_05,0,normal,none,0,0.00681041901532381
2026-01-30 02:15:00,AWS_05,0,normal,none,0,0.02897874764267455
2026-01-30 02:30:00,AWS_05,0,normal,none,0,0.03476437247130826
2026-01-30 02:45:00,AWS_05,0,normal,none,0,0.015708136335614076
2026-01-30 03:00:00,AWS_05,0,normal,none,1,-0.03970048559557848
2026-01-30 03:15:00,AWS_05,0,normal,none,0,0.006437712218905156
2026-01-30 03:30:00,AWS_05,0,normal,none,0,0.054303169153948116
2026-01-30 03:45:00,AWS_05,0,normal,none,0,0.021781654119402638
2026-01-30 04:00:00,AWS_05,0,normal,none,0,0.0033677449984796937
2026-01-30 04:15:00,AWS_05,0,normal,none,0,0.04621070444654285
2026-01-30 04:30:00,AWS_05,0,normal,none,1,-0.035464100842168444
2026-01-30 04:45:00,AWS_05,0,normal,none,1,-0.01852654687837385
2026-01-30 05:00:00,AWS_05,0,normal,none,0,0.018970619444634462
2026-01-30 05:15:00,AWS_05,0,normal,none,0,0.02983975510046416
2026-01-30 05:30:00,AWS_05,0,normal,none,0,0.06490021572465016
2026-01-30 05:45:00,AWS_05,0,normal,none,1,-0.06343981796913045
2026-01-30 06:00:00,AWS_05,0,normal,none,1,-0.03762951139841608
2026-01-30 06:15:00,AWS_05,0,normal,none,0,0.05258202990285499
2026-01-30 06:30:00,AWS_05,0,normal,none,0,0.050900018222726384
2026-01-30 06:45:00,AWS_05,0,normal,none,0,0.03179364300159915
2026-01-30 07:00:00,AWS_05,0,normal,none,0,0.08300418355860789
2026-01-30 07:15:00,AWS_05,0,normal,none,0,0.06821076683348598
2026-01-30 07:30:00,AWS_05,0,normal,none,0,0.01940078825530528
2026-01-30 07:45:00,AWS_05,0,normal,none,0,0.08857230815538808
2026-01-30 08:00:00,AWS_05,0,normal,none,0,0.08340945481382628
2026-01-30 08:15:00,AWS_05,0,normal,none,1,-0.07949613483768991
2026-01-30 08:30:00,AWS_05,0,normal,none,0,0.056709655190088915
2026-01-30 08:45:00,AWS_05,0,normal,none,0,0.04963630546197212
2026-01-30 09:00:00,AWS_05,0,normal,none,0,0.006870696610892457
2026-01-30 09:15:00,AWS_05,0,normal,none,0,0.09664175984900775
2026-01-30 09:30:00,AWS_05,0,normal,none,0,0.07548996745117065
2026-01-30 09:45:00,AWS_05,0,normal,none,0,0.09747541549275729
2026-01-30 10:00:00,AWS_05,0,normal,none,0,0.06915065323513225
2026-01-30 10:15:00,AWS_05,0,normal,none,0,0.014423832811936044
2026-01-30 10:30:00,AWS_05,0,normal,none,0,0.024336929225168002
2026-01-30 10:45:00,AWS_05,0,normal,none,0,0.015463343631283266
2026-01-30 11:00:00,AWS_05,0,normal,none,0,0.0820519220424632
2026-01-30 11:15:00,AWS_05,0,normal,none,0,0.03513968150259439
2026-01-30 11:30:00,AWS_05,0,normal,none,0,0.09396424669207931
2026-01-30 11:45:00,AWS_05,0,normal,none,0,0.05759905237195989
2026-01-30 12:00:00,AWS_05,0,normal,none,0,0.04810784626360004
2026-01-30 12:15:00,AWS_05,0,normal,none,0,0.09998204470027677
2026-01-30 12:30:00,AWS_05,0,normal,none,0,0.03414547530933304
2026-01-30 12:45:00,AWS_05,0,normal,none,0,0.06777984786831759
2026-01-30 13:00:00,AWS_05,0,normal,none,0,0.1031502801992415
2026-01-30 13:15:00,AWS_05,0,normal,none,0,0.055449228907594794
2026-01-30 13:30:00,AWS_05,0,normal,none,0,0.07059511941186997
2026-01-30 13:45:00,AWS_05,0,normal,none,0,0.09241011332387755
2026-01-30 14:00:00,AWS_05,0,normal,none,0,0.08158372132040809
2026-01-30 14:15:00,AWS_05,0,normal,none,0,0.02945760031298239
2026-01-30 14:30:00,AWS_05,0,normal,none,0,0.06315729305469103
2026-01-30 14:45:00,AWS_05,0,normal,none,0,0.05381957282138061
2026-01-30 15:00:00,AWS_05,0,normal,none,0,0.0733191936407167
2026-01-30 15:15:00,AWS_05,0,normal,none,0,0.06966867949481037
2026-01-30 15:30:00,AWS_05,0,normal,none,0,0.07914510877835651
2026-01-30 15:45:00,AWS_05,0,normal,none,0,0.06101106740212753
2026-01-30 16:00:00,AWS_05,0,normal,none,0,0.034300129808784274
2026-01-30 16:15:00,AWS_05,0,normal,none,0,0.058074236530320955
2026-01-30 16:30:00,AWS_05,0,normal,none,0,0.0401605089614005
2026-01-30 16:45:00,AWS_05,0,normal,none,0,0.07970018521793698
2026-01-30 17:00:00,AWS_05,0,normal,none,0,0.08328369991586043
2026-01-30 17:15:00,AWS_05,0,normal,none,1,-0.01039738275230695
2026-01-30 17:30:00,AWS_05,0,normal,none,0,0.006998063940959365
2026-01-30 17:45:00,AWS_05,0,normal,none,0,0.00023272676911101353
2026-01-30 18:00:00,AWS_05,0,normal,none,0,0.03273149014226073
2026-01-30 18:15:00,AWS_05,0,normal,none,0,0.07027425351614569
2026-01-30 18:30:00,AWS_05,0,normal,none,0,0.05128867653079078
2026-01-30 18:45:00,AWS_05,0,normal,none,0,0.07238699835912149
2026-01-30 19:00:00,AWS_05,0,normal,none,0,0.06766592915782182
2026-01-30 19:15:00,AWS_05,0,normal,none,0,0.04877105323860159
2026-01-30 19:30:00,AWS_05,0,normal,none,1,-0.0057769774196728685
2026-01-30 19:45:00,AWS_05,0,normal,none,0,0.043403963732016715
2026-01-30 20:00:00,AWS_05,0,normal,none,0,0.08380564473666191
2026-01-30 20:15:00,AWS_05,0,normal,none,0,0.0370698465162797
2026-01-30 20:30:00,AWS_05,0,normal,none,0,0.057824151877177155
2026-01-30 20:45:00,AWS_05,0,normal,none,0,0.07057093933884989
2026-01-30 21:00:00,AWS_05,0,normal,none,0,0.05367752656136976
2026-01-30 21:15:00,AWS_05,0,normal,none,0,0.07172644148212315
2026-01-30 21:30:00,AWS_05,0,normal,none,0,0.006010789834757779
2026-01-30 21:45:00,AWS_05,0,normal,none,0,0.026901108933470974
2026-01-30 22:00:00,AWS_05,0,normal,none,0,0.05174063751400859
2026-01-30 22:15:00,AWS_05,0,normal,none,0,0.05450511821247356
2026-01-30 22:30:00,AWS_05,0,normal,none,0,0.05394867445034901
2026-01-30 22:45:00,AWS_05,0,normal,none,0,0.046067059953209366
2026-01-30 23:00:00,AWS_05,0,normal,none,0,0.008592075429888824
2026-01-30 23:15:00,AWS_05,0,normal,none,0,0.011271278564737863
2026-01-30 23:30:00,AWS_05,0,normal,none,1,-0.02963563053204421
2026-01-30 23:45:00,AWS_05,0,normal,none,0,0.017999153862089
