timestamp,station_id,is_anomaly,anomaly_type,injected_parameter,predicted_anomaly,anomaly_score
2026-01-01 00:15:00,AWS_01,0,normal,none,0,0.029991749255163458
2026-01-01 00:30:00,AWS_01,0,normal,none,0,0.05311838856227291
2026-01-01 00:45:00,AWS_01,0,normal,none,0,0.057176553946159614
2026-01-01 01:00:00,AWS_01,0,normal,none,0,0.04365757736718723
2026-01-01 01:15:00,AWS_01,0,normal,none,0,0.05723692188960938
2026-01-01 01:30:00,AWS_01,0,normal,none,0,0.08290671682997158
2026-01-01 01:45:00,AWS_01,0,normal,none,0,0.043569877947345015
2026-01-01 02:00:00,AWS_01,0,normal,none,0,0.062246647963094204
2026-01-01 02:15:00,AWS_01,0,normal,none,0,0.0667956475269667
2026-01-01 02:30:00,AWS_01,0,normal,none,0,0.06749740132514276
2026-01-01 02:45:00,AWS_01,0,normal,none,0,0.037489165451591644
2026-01-01 03:00:00,AWS_01,0,normal,none,0,0.050056970548484514
2026-01-01 03:15:00,AWS_01,0,normal,none,0,0.06101266563461055
2026-01-01 03:30:00,AWS_01,0,normal,none,0,0.06339816813654048
2026-01-01 03:45:00,AWS_01,0,normal,none,0,0.04163485001535283
2026-01-01 04:00:00,AWS_01,0,normal,none,0,0.019214851485346407
2026-01-01 04:15:00,AWS_01,0,normal,none,0,0.001299992000153516
2026-01-01 04:30:00,AWS_01,0,normal,none,0,0.05586560224734427
2026-01-01 04:45:00,AWS_01,0,normal,none,0,0.06583732163983114
2026-01-01 05:00:00,AWS_01,0,normal,none,0,0.04412227392661672
2026-01-01 05:15:00,AWS_01,0,normal,none,0,0.039412370289236276
2026-01-01 05:30:00,AWS_01,0,normal,none,0,0.059562407007126617
2026-01-01 05:45:00,AWS_01,0,normal,none,0,0.06954554859369283
2026-01-01 06:00:00,AWS_01,0,normal,none,0,0.05818824951084828
2026-01-01 06:15:00,AWS_01,0,normal,none,0,0.020446753130723527
2026-01-01 06:30:00,AWS_01,0,normal,none,0,0.04433344516428439
2026-01-01 06:45:00,AWS_01,0,normal,none,0,0.07298586957014797
2026-01-01 07:00:00,AWS_01,0,normal,none,0,0.07570794670863251
2026-01-01 07:15:00,AWS_01,0,normal,none,0,0.07143463058626748
2026-01-01 07:30:00,AWS_01,0,normal,none,0,0.06715118562802536
2026-01-01 07:45:00,AWS_01,0,normal,none,0,0.053869293229483806
2026-01-01 08:00:00,AWS_01,0,normal,none,0,0.04264823584829558
2026-01-01 08:15:00,AWS_01,0,normal,none,0,0.08257683047484837
2026-01-01 08:30:00,AWS_01,0,normal,none,0,0.06572252787377952
2026-01-01 08:45:00,AWS_01,0,normal,none,0,0.06611035691344008
2026-01-01 09:00:00,AWS_01,0,normal,none,0,0.06495535353615789
2026-01-01 09:15:00,AWS_01,0,normal,none,0,0.06358663042573587
2026-01-01 09:30:00,AWS_01,0,normal,none,0,0.07693280256278295
2026-01-01 09:45:00,AWS_01,0,normal,none,0,0.03342085588010668
2026-01-01 10:00:00,AWS_01,0,normal,none,0,0.06466555813573477
2026-01-01 10:15:00,AWS_01,0,normal,none,0,0.058002714632335084
2026-01-01 10:30:00,AWS_01,0,normal,none,0,0.05692741344347846
2026-01-01 10:45:00,AWS_01,0,normal,none,0,0.050816840510452765
2026-01-01 11:00:00,AWS_01,0,normal,none,0,0.08094995161058743
2026-01-01 11:15:00,AWS_01,0,normal,none,0,0.07521879199598047
2026-01-01 11:30:00,AWS_01,0,normal,none,0,0.058665834890726576
2026-01-01 11:45:00,AWS_01,0,normal,none,0,0.04184489338329256
2026-01-01 12:00:00,AWS_01,0,normal,none,0,0.05163225601932514
2026-01-01 12:15:00,AWS_01,0,normal,none,0,0.05262763038934748
2026-01-01 12:30:00,AWS_01,0,normal,none,0,0.07407597497897495
2026-01-01 12:45:00,AWS_01,0,normal,none,0,0.07576477712573554
2026-01-01 13:00:00,AWS_01,0,normal,none,0,0.07696000059483693
2026-01-01 13:15:00,AWS_01,0,normal,none,0,0.0475244236774659
2026-01-01 13:30:00,AWS_01,0,normal,none,0,0.06182965043610028
2026-01-01 13:45:00,AWS_01,0,normal,none,0,0.06263014067665684
2026-01-01 14:00:00,AWS_01,0,normal,none,0,0.046281037209856546
2026-01-01 14:15:00,AWS_01,0,normal,none,0,0.027616177994056912
2026-01-01 14:30:00,AWS_01,0,normal,none,0,0.0676317232509192
2026-01-01 14:45:00,AWS_01,0,normal,none,0,0.046407689515339245
2026-01-01 15:00:00,AWS_01,0,normal,none,0,0.05173906420372876
2026-01-01 15:15:00,AWS_01,0,normal,none,0,0.049321763991707734
2026-01-01 15:30:00,AWS_01,0,normal,none,0,0.05797561453000272
2026-01-01 15:45:00,AWS_01,0,normal,none,0,0.049705952460370295
2026-01-01 16:00:00,AWS_01,0,normal,none,0,0.059142798393417295
2026-01-01 16:15:00,AWS_01,0,normal,none,0,0.06315239635590197
2026-01-01 16:30:00,AWS_01,0,normal,none,0,0.06191628518946235
2026-01-01 16:45:00,AWS_01,0,normal,none,0,0.050160454136615906
2026-01-01 17:00:00,AWS_01,0,normal,none,0,0.04723722841112965
2026-01-01 17:15:00,AWS_01,0,normal,none,0,0.04490430404477197
2026-01-01 17:30:00,AWS_01,0,normal,none,0,0.05586303482709931
2026-01-01 17:45:00,AWS_01,0,normal,none,0,0.06636257234671655
2026-01-01 18:00:00,AWS_01,0,normal,none,0,0.07035191687966008
2026-01-01 18:15:00,AWS_01,0,normal,none,0,0.05418958642458699
2026-01-01 18:30:00,AWS_01,0,normal,none,0,0.01862200579566342
2026-01-01 18:45:00,AWS_01,0,normal,none,0,0.04810608332834654
2026-01-01 19:00:00,AWS_01,0,normal,none,0,0.07512177088618366
2026-01-01 19:15:00,AWS_01,0,normal,none,0,0.069892978841954
2026-01-01 19:30:00,AWS_01,0,normal,none,0,0.07928678872149375
2026-01-01 19:45:00,AWS_01,0,normal,none,0,0.025787385948931818
2026-01-01 20:00:00,AWS_01,0,normal,none,0,0.04775054902935316
2026-01-01 20:15:00,AWS_01,0,normal,none,0,0.07674884580056102
2026-01-01 20:30:00,AWS_01,0,normal,none,0,0.0795446386565743
2026-01-01 20:45:00,AWS_01,0,normal,none,0,0.06654964183097967
2026-01-01 21:00:00,AWS_01,0,normal,none,0,0.08411315060395824
2026-01-01 21:15:00,AWS_01,0,normal,none,0,0.06544347894442415
2026-01-01 21:30:00,AWS_01,0,normal,none,0,0.020581077786662294
2026-01-01 21:45:00,AWS_01,0,normal,none,0,0.055962026359352435
2026-01-01 22:00:00,AWS_01,0,normal,none,0,0.03667200093245504
2026-01-01 22:15:00,AWS_01,0,normal,none,0,0.0607402515522284
2026-01-01 22:30:00,AWS_01,0,normal,none,0,0.0409460480280045
2026-01-01 22:45:00,AWS_01,0,normal,none,0,0.06660508424031736
2026-01-01 23:00:00,AWS_01,0,normal,none,0,0.06617105106012983
2026-01-01 23:15:00,AWS_01,0,normal,none,0,0.047103158921612875
2026-01-01 23:30:00,AWS_01,0,normal,none,0,0.07438389765055708
2026-01-01 23:45:00,AWS_01,0,normal,none,0,0.0314163729331256
2026-01-02 00:00:00,AWS_01,0,normal,none,0,0.07733448508273594
2026-01-02 00:15:00,AWS_01,0,normal,none,0,0.034702625565849354
2026-01-02 00:30:00,AWS_01,1,temperature_spike,temperature,1,-0.03602713656047829
2026-01-02 00:45:00,AWS_01,0,normal,none,0,0.00784882329884562
2026-01-02 01:00:00,AWS_01,0,normal,none,0,0.07001326119826884
2026-01-02 01:15:00,AWS_01,0,normal,none,0,0.044988214167388074
2026-01-02 01:30:00,AWS_01,0,normal,none,0,0.07178427823548333
2026-01-02 01:45:00,AWS_01,0,normal,none,0,0.06573928812305979
2026-01-02 02:00:00,AWS_01,0,normal,none,0,0.042386028687437016
2026-01-02 02:15:00,AWS_01,0,normal,none,0,0.03297279822395216
2026-01-02 02:30:00,AWS_01,0,normal,none,0,0.05659245993859774
2026-01-02 02:45:00,AWS_01,0,normal,none,0,0.06732054026425183
2026-01-02 03:00:00,AWS_01,0,normal,none,0,0.05183042490650708
2026-01-02 03:15:00,AWS_01,0,normal,none,0,0.04361921597057561
2026-01-02 03:30:00,AWS_01,0,normal,none,0,0.05536633256759349
2026-01-02 03:45:00,AWS_01,0,normal,none,0,0.07471349030144486
2026-01-02 04:00:00,AWS_01,0,normal,none,0,0.07386772164732125
2026-01-02 04:15:00,AWS_01,0,normal,none,0,0.0552020781097976
2026-01-02 04:30:00,AWS_01,0,normal,none,0,0.07797097541624404
2026-01-02 04:45:00,AWS_01,0,normal,none,0,0.06469594396727235
2026-01-02 05:00:00,AWS_01,0,normal,none,0,0.0659523570656676
2026-01-02 05:15:00,AWS_01,0,normal,none,0,0.06080651468212794
2026-01-02 05:30:00,AWS_01,0,normal,none,0,0.05709632845490337
2026-01-02 05:45:00,AWS_01,0,normal,none,0,0.08473928170617534
2026-01-02 06:00:00,AWS_01,0,normal,none,0,0.07987307454219933
2026-01-02 06:15:00,AWS_01,0,normal,none,0,0.0611721881297379
2026-01-02 06:30:00,AWS_01,0,normal,none,0,0.0630241903876223
2026-01-02 06:45:00,AWS_01,0,normal,none,0,0.0695233751120291
2026-01-02 07:00:00,AWS_01,0,normal,none,0,0.08185299086351316
2026-01-02 07:15:00,AWS_01,0,normal,none,0,0.08430870756380171
2026-01-02 07:30:00,AWS_01,0,normal,none,0,0.0881628230667103
2026-01-02 07:45:00,AWS_01,0,normal,none,0,0.07449075309183245
2026-01-02 08:00:00,AWS_01,0,normal,none,0,0.047471748743606934
2026-01-02 08:15:00,AWS_01,0,normal,none,0,0.07059753910532596
2026-01-02 08:30:00,AWS_01,0,normal,none,0,0.06180818019702894
2026-01-02 08:45:00,AWS_01,0,normal,none,0,0.06000748807837969
2026-01-02 09:00:00,AWS_01,0,normal,none,0,0.03269793221370687
2026-01-02 09:15:00,AWS_01,0,normal,none,0,0.0699109954748734
2026-01-02 09:30:00,AWS_01,0,normal,none,0,0.05974198875959902
2026-01-02 09:45:00,AWS_01,0,normal,none,1,-0.0028572048948529716
2026-01-02 10:00:00,AWS_01,0,normal,none,0,0.03836753558231987
2026-01-02 10:15:00,AWS_01,0,normal,none,0,0.06992661923540466
2026-01-02 10:30:00,AWS_01,0,normal,none,0,0.048490903745014746
2026-01-02 10:45:00,AWS_01,0,normal,none,0,0.0684350767139496
2026-01-02 11:00:00,AWS_01,0,normal,none,0,0.06888057708298922
2026-01-02 11:15:00,AWS_01,0,normal,none,0,0.07747685458043357
2026-01-02 11:30:00,AWS_01,0,normal,none,0,0.08065871548053305
2026-01-02 11:45:00,AWS_01,0,normal,none,0,0.02978071775060609
2026-01-02 12:00:00,AWS_01,0,normal,none,0,0.05597705123424673
2026-01-02 12:15:00,AWS_01,0,normal,none,0,0.013565069264612761
2026-01-02 12:30:00,AWS_01,0,normal,none,0,0.05488330560127047
2026-01-02 12:45:00,AWS_01,0,normal,none,0,0.045771477735553345
2026-01-02 13:00:00,AWS_01,0,normal,none,0,0.07263926806713811
2026-01-02 13:15:00,AWS_01,0,normal,none,0,0.031285823922448164
2026-01-02 13:30:00,AWS_01,0,normal,none,0,0.025934467548814788
2026-01-02 13:45:00,AWS_01,0,normal,none,0,0.03814091833514166
2026-01-02 14:00:00,AWS_01,0,normal,none,0,0.06562191621056551
2026-01-02 14:15:00,AWS_01,0,normal,none,0,0.06265235844172368
2026-01-02 14:30:00,AWS_01,0,normal,none,0,0.02071028988722945
2026-01-02 14:45:00,AWS_01,0,normal,none,0,0.04552939618936813
2026-01-02 15:00:00,AWS_01,0,normal,none,0,0.059462151552862996
2026-01-02 15:15:00,AWS_01,0,normal,none,0,0.04812454130708843
2026-01-02 15:30:00,AWS_01,0,normal,none,0,0.032719388394778726
2026-01-02 15:45:00,AWS_01,0,normal,none,0,0.07192093769646596
2026-01-02 16:00:00,AWS_01,0,normal,none,0,0.05564976376778458
2026-01-02 16:15:00,AWS_01,0,normal,none,0,0.03502584547758936
2026-01-02 16:30:00,AWS_01,0,normal,none,0,0.011930723317956415
2026-01-02 16:45:00,AWS_01,0,normal,none,0,0.06515209459617277
2026-01-02 17:00:00,AWS_01,0,normal,none,0,0.07260322021379567
2026-01-02 17:15:00,AWS_01,0,normal,none,0,0.024525366938283777
2026-01-02 17:30:00,AWS_01,0,normal,none,0,0.029035252897324226
2026-01-02 17:45:00,AWS_01,0,normal,none,0,0.0597536346685818
2026-01-02 18:00:00,AWS_01,0,normal,none,0,0.06504604647866224
2026-01-02 18:15:00,AWS_01,0,normal,none,0,0.08132816947839977
2026-01-02 18:30:00,AWS_01,0,normal,none,0,0.03787539758671088
2026-01-02 18:45:00,AWS_01,0,normal,none,0,0.08314769622133472
2026-01-02 19:00:00,AWS_01,0,normal,none,0,0.061523720236822566
2026-01-02 19:15:00,AWS_01,0,normal,none,0,0.07494346673742991
2026-01-02 19:30:00,AWS_01,0,normal,none,0,0.07065337541107919
2026-01-02 19:45:00,AWS_01,0,normal,none,0,0.07393557871474538
2026-01-02 20:00:00,AWS_01,0,normal,none,0,0.08759622450078453
2026-01-02 20:15:00,AWS_01,0,normal,none,0,0.08419268203305552
2026-01-02 20:30:00,AWS_01,0,normal,none,0,0.07093231264710204
2026-01-02 20:45:00,AWS_01,0,normal,none,0,0.055229261138988905
2026-01-02 21:00:00,AWS_01,0,normal,none,0,0.08729555547816109
2026-01-02 21:15:00,AWS_01,0,normal,none,0,0.056629434052734406
2026-01-02 21:30:00,AWS_01,0,normal,none,0,0.06917545885744286
2026-01-02 21:45:00,AWS_01,0,normal,none,0,0.08573975090731695
2026-01-02 22:00:00,AWS_01,0,normal,none,0,0.06822941264348109
2026-01-02 22:15:00,AWS_01,0,normal,none,0,0.05753597810944755
2026-01-02 22:30:00,AWS_01,0,normal,none,0,0.08575757311263771
2026-01-02 22:45:00,AWS_01,0,normal,none,0,0.06093525901926666
2026-01-02 23:00:00,AWS_01,0,normal,none,0,0.09026585403186255
2026-01-02 23:15:00,AWS_01,0,normal,none,0,0.06989486990400684
2026-01-02 23:30:00,AWS_01,0,normal,none,0,0.06890313152737804
2026-01-02 23:45:00,AWS_01,0,normal,none,0,0.06514557472805937
2026-01-03 00:00:00,AWS_01,0,normal,none,0,0.06665847285888249
2026-01-03 00:15:00,AWS_01,0,normal,none,0,0.0788853367080023
2026-01-03 00:30:00,AWS_01,0,normal,none,0,0.07817267382277598
2026-01-03 00:45:00,AWS_01,0,normal,none,0,0.07094963354463035
2026-01-03 01:00:00,AWS_01,0,normal,none,0,0.0716590135270474
2026-01-03 01:15:00,AWS_01,0,normal,none,0,0.09283857661874212
2026-01-03 01:30:00,AWS_01,0,normal,none,0,0.02076363534494874
2026-01-03 01:45:00,AWS_01,0,normal,none,0,0.05188629253913046
2026-01-03 02:00:00,AWS_01,0,normal,none,0,0.07907252997786768
2026-01-03 02:15:00,AWS_01,0,normal,none,0,0.07175348110212887
2026-01-03 02:30:00,AWS_01,0,normal,none,0,0.07366394491242001
2026-01-03 02:45:00,AWS_01,0,normal,none,0,0.08415580718802068
2026-01-03 03:00:00,AWS_01,0,normal,none,0,0.08565622472195811
2026-01-03 03:15:00,AWS_01,0,normal,none,0,0.04116489227644604
2026-01-03 03:30:00,AWS_01,0,normal,none,0,0.0861485080013088
2026-01-03 03:45:00,AWS_01,0,normal,none,0,0.08677753959472584
2026-01-03 04:00:00,AWS_01,0,normal,none,0,0.08247310408343678
2026-01-03 04:15:00,AWS_01,0,normal,none,0,0.035585482122655776
2026-01-03 04:30:00,AWS_01,0,normal,none,0,0.08181035031117956
2026-01-03 04:45:00,AWS_01,0,normal,none,0,0.03316610550767962
2026-01-03 05:00:00,AWS_01,0,normal,none,0,0.08829170336365233
2026-01-03 05:15:00,AWS_01,0,normal,none,0,0.08777440085004234
2026-01-03 05:30:00,AWS_01,0,normal,none,0,0.06603913139400519
2026-01-03 05:45:00,AWS_01,0,normal,none,0,0.05697362965007935
2026-01-03 06:00:00,AWS_01,0,normal,none,0,0.08009986203235436
2026-01-03 06:15:00,AWS_01,0,normal,none,0,0.05391392992192695
2026-01-03 06:30:00,AWS_01,0,normal,none,0,0.07377100156387684
2026-01-03 06:45:00,AWS_01,0,normal,none,0,0.08720124380558003
2026-01-03 07:00:00,AWS_01,0,normal,none,0,0.0763390278629818
2026-01-03 07:15:00,AWS_01,0,normal,none,0,0.09962492113979388
2026-01-03 07:30:00,AWS_01,0,normal,none,0,0.0582469159505804
2026-01-03 07:45:00,AWS_01,0,normal,none,0,0.07472717456206013
2026-01-03 08:00:00,AWS_01,0,normal,none,0,0.06674649310307357
2026-01-03 08:15:00,AWS_01,0,normal,none,0,0.02002533632421366
2026-01-03 08:30:00,AWS_01,0,normal,none,0,0.0673593473835124
2026-01-03 08:45:00,AWS_01,0,normal,none,0,0.0727149267109391
2026-01-03 09:00:00,AWS_01,0,normal,none,0,0.08967909081788417
2026-01-03 09:15:00,AWS_01,0,normal,none,0,0.07449960407851192
2026-01-03 09:30:00,AWS_01,0,normal,none,0,0.0673010996330522
2026-01-03 09:45:00,AWS_01,0,normal,none,0,0.07666908620870927
2026-01-03 10:00:00,AWS_01,0,normal,none,0,0.06423774253906206
2026-01-03 10:15:00,AWS_01,0,normal,none,0,0.08119010292058354
2026-01-03 10:30:00,AWS_01,0,normal,none,0,0.05076360087438775
2026-01-03 10:45:00,AWS_01,0,normal,none,0,0.07202306394429292
2026-01-03 11:00:00,AWS_01,0,normal,none,0,0.0806544173204522
2026-01-03 11:15:00,AWS_01,0,normal,none,0,0.07831570352545947
2026-01-03 11:30:00,AWS_01,0,normal,none,0,0.0664291836937766
2026-01-03 11:45:00,AWS_01,0,normal,none,0,0.05751046176909852
2026-01-03 12:00:00,AWS_01,0,normal,none,0,0.024370720289242698
2026-01-03 12:15:00,AWS_01,0,normal,none,0,0.06518718898049919
2026-01-03 12:30:00,AWS_01,0,normal,none,0,0.038622325826309645
2026-01-03 12:45:00,AWS_01,0,normal,none,0,0.060785835829017365
2026-01-03 13:00:00,AWS_01,0,normal,none,0,0.06209671089756158
2026-01-03 13:15:00,AWS_01,0,normal,none,0,0.05366020083134282
2026-01-03 13:30:00,AWS_01,0,normal,none,0,0.05619043267660767
2026-01-03 13:45:00,AWS_01,0,normal,none,0,0.033786965057455265
2026-01-03 14:00:00,AWS_01,0,normal,none,0,0.04829968645505012
2026-01-03 14:15:00,AWS_01,0,normal,none,0,0.049061538931122195
2026-01-03 14:30:00,AWS_01,0,normal,none,0,0.08378903015592365
2026-01-03 14:45:00,AWS_01,0,normal,none,0,0.07405980766756765
2026-01-03 15:00:00,AWS_01,0,normal,none,0,0.06115958251900566
2026-01-03 15:15:00,AWS_01,0,normal,none,0,0.022670721797188764
2026-01-03 15:30:00,AWS_01,0,normal,none,0,0.044444300798387126
2026-01-03 15:45:00,AWS_01,0,normal,none,1,-0.006342765223400715
2026-01-03 16:00:00,AWS_01,0,normal,none,0,0.04577992279691234
2026-01-03 16:15:00,AWS_01,0,normal,none,0,0.06647493906681867
2026-01-03 16:30:00,AWS_01,0,normal,none,0,0.05391484799192925
2026-01-03 16:45:00,AWS_01,0,normal,none,0,0.05991791152177245
2026-01-03 17:00:00,AWS_01,0,normal,none,0,0.07720530554008503
2026-01-03 17:15:00,AWS_01,0,normal,none,0,0.05920965576848347
2026-01-03 17:30:00,AWS_01,0,normal,none,0,0.06330164750336503
2026-01-03 17:45:00,AWS_01,0,normal,none,0,0.07717564047357373
2026-01-03 18:00:00,AWS_01,0,normal,none,0,0.08996238206400498
2026-01-03 18:15:00,AWS_01,0,normal,none,0,0.08832836917104753
2026-01-03 18:30:00,AWS_01,0,normal,none,0,0.07523461433640621
2026-01-03 18:45:00,AWS_01,0,normal,none,0,0.046829720237864914
2026-01-03 19:00:00,AWS_01,0,normal,none,0,0.07565234971539087
2026-01-03 19:15:00,AWS_01,0,normal,none,0,0.09783184853247467
2026-01-03 19:30:00,AWS_01,0,normal,none,0,0.06604817377497951
2026-01-03 19:45:00,AWS_01,0,normal,none,0,0.07640310581922277
2026-01-03 20:00:00,AWS_01,0,normal,none,0,0.0735541501985863
2026-01-03 20:15:00,AWS_01,0,normal,none,0,0.08950069421750234
2026-01-03 20:30:00,AWS_01,0,normal,none,0,0.0776742754236272
2026-01-03 20:45:00,AWS_01,0,normal,none,0,0.08842709783889208
2026-01-03 21:00:00,AWS_01,0,normal,none,0,0.05436199280942916
2026-01-03 21:15:00,AWS_01,0,normal,none,0,0.07778518923132627
2026-01-03 21:30:00,AWS_01,0,normal,none,0,0.06759116229856449
2026-01-03 21:45:00,AWS_01,0,normal,none,0,0.029080709845182406
2026-01-03 22:00:00,AWS_01,0,normal,none,0,0.09297100323772212
2026-01-03 22:15:00,AWS_01,0,normal,none,0,0.09186628369411098
2026-01-03 22:30:00,AWS_01,0,normal,none,0,0.09489875125874359
2026-01-03 22:45:00,AWS_01,0,normal,none,0,0.09029892966821684
2026-01-03 23:00:00,AWS_01,0,normal,none,0,0.0871752678478796
2026-01-03 23:15:00,AWS_01,0,normal,none,0,0.06006605497831258
2026-01-03 23:30:00,AWS_01,0,normal,none,0,0.07535828635308572
2026-01-03 23:45:00,AWS_01,0,normal,none,0,0.08738567459442304
2026-01-04 00:00:00,AWS_01,0,normal,none,0,0.07597382469267339
2026-01-04 00:15:00,AWS_01,0,normal,none,0,0.0865224567253906
2026-01-04 00:30:00,AWS_01,1,temperature_drop,temperature,0,0.00969789271391941
2026-01-04 00:45:00,AWS_01,0,normal,none,0,0.03182472776699108
2026-01-04 01:00:00,AWS_01,0,normal,none,0,0.06824267516422694
2026-01-04 01:15:00,AWS_01,0,normal,none,0,0.047387371985478155
2026-01-04 01:30:00,AWS_01,0,normal,none,0,0.07211719709317488
2026-01-04 01:45:00,AWS_01,1,temperature_spike,temperature,1,-0.019724339661270407
2026-01-04 02:00:00,AWS_01,0,normal,none,0,0.01669711859364309
2026-01-04 02:15:00,AWS_01,0,normal,none,0,0.01900835355661712
2026-01-04 02:30:00,AWS_01,0,normal,none,0,0.06308141728770145
2026-01-04 02:45:00,AWS_01,0,normal,none,0,0.08045561893609643
2026-01-04 03:00:00,AWS_01,0,normal,none,0,0.07144731416422517
2026-01-04 03:15:00,AWS_01,0,normal,none,0,0.0787127482055206
2026-01-04 03:30:00,AWS_01,0,normal,none,0,0.07249297018487239
2026-01-04 03:45:00,AWS_01,0,normal,none,0,0.07871451945813313
2026-01-04 04:00:00,AWS_01,0,normal,none,0,0.05930077505676462
2026-01-04 04:15:00,AWS_01,0,normal,none,0,0.04243604477443297
2026-01-04 04:30:00,AWS_01,0,normal,none,0,0.09205899703104325
2026-01-04 04:45:00,AWS_01,0,normal,none,0,0.08462535169392321
2026-01-04 05:00:00,AWS_01,0,normal,none,0,0.08842954447931134
2026-01-04 05:15:00,AWS_01,0,normal,none,0,0.09113828813439251
2026-01-04 05:30:00,AWS_01,0,normal,none,0,0.07400711876229044
2026-01-04 05:45:00,AWS_01,0,normal,none,0,0.06991073699430478
2026-01-04 06:00:00,AWS_01,0,normal,none,0,0.06449980681167411
2026-01-04 06:15:00,AWS_01,0,normal,none,0,0.08121741772050928
2026-01-04 06:30:00,AWS_01,0,normal,none,0,0.06599712492573523
2026-01-04 06:45:00,AWS_01,0,normal,none,0,0.07333988140823838
2026-01-04 07:00:00,AWS_01,0,normal,none,0,0.0251295835170684
2026-01-04 07:15:00,AWS_01,0,normal,none,0,0.0898197707150441
2026-01-04 07:30:00,AWS_01,0,normal,none,0,0.07653783454942925
2026-01-04 07:45:00,AWS_01,0,normal,none,0,0.08762954032174675
2026-01-04 08:00:00,AWS_01,0,normal,none,0,0.09176427104928475
2026-01-04 08:15:00,AWS_01,0,normal,none,0,0.08725363271849113
2026-01-04 08:30:00,AWS_01,0,normal,none,0,0.09561009401133885
2026-01-04 08:45:00,AWS_01,0,normal,none,0,0.02845085244485024
2026-01-04 09:00:00,AWS_01,0,normal,none,0,0.06752831186840241
2026-01-04 09:15:00,AWS_01,0,normal,none,0,0.06250629582189376
2026-01-04 09:30:00,AWS_01,0,normal,none,0,0.0800136599283664
2026-01-04 09:45:00,AWS_01,0,normal,none,0,0.06234193955986478
2026-01-04 10:00:00,AWS_01,0,normal,none,0,0.07759958545313733
2026-01-04 10:15:00,AWS_01,0,normal,none,0,0.0837411046650639
2026-01-04 10:30:00,AWS_01,0,normal,none,0,0.04440176449057365
2026-01-04 10:45:00,AWS_01,0,normal,none,0,0.03757327935591748
2026-01-04 11:00:00,AWS_01,0,normal,none,0,0.027503330418024774
2026-01-04 11:15:00,AWS_01,0,normal,none,0,0.06598958235156688
2026-01-04 11:30:00,AWS_01,0,normal,none,0,0.07453262801911698
2026-01-04 11:45:00,AWS_01,0,normal,none,0,0.03851363195904178
2026-01-04 12:00:00,AWS_01,0,normal,none,0,0.041797881576644325
2026-01-04 12:15:00,AWS_01,0,normal,none,0,0.08326426528610897
2026-01-04 12:30:00,AWS_01,0,normal,none,0,0.08397588497522163
2026-01-04 12:45:00,AWS_01,0,normal,none,0,0.07378571013646246
2026-01-04 13:00:00,AWS_01,0,normal,none,0,0.06336007304625396
2026-01-04 13:15:00,AWS_01,0,normal,none,0,0.06584719346321882
2026-01-04 13:30:00,AWS_01,0,normal,none,0,0.07125613170526035
2026-01-04 13:45:00,AWS_01,0,normal,none,0,0.07680758271126342
2026-01-04 14:00:00,AWS_01,0,normal,none,0,0.08157624259810164
2026-01-04 14:15:00,AWS_01,0,normal,none,0,0.06361562755182959
2026-01-04 14:30:00,AWS_01,0,normal,none,0,0.0689088389481774
2026-01-04 14:45:00,AWS_01,0,normal,none,0,0.03718695355114965
2026-01-04 15:00:00,AWS_01,0,normal,none,0,0.047951178298223374
2026-01-04 15:15:00,AWS_01,0,normal,none,0,0.07308222569896838
2026-01-04 15:30:00,AWS_01,0,normal,none,0,0.03896121988562318
2026-01-04 15:45:00,AWS_01,0,normal,none,0,0.08586525969614289
2026-01-04 16:00:00,AWS_01,0,normal,none,0,0.08440078981040211
2026-01-04 16:15:00,AWS_01,0,normal,none,0,0.040565835763364144
2026-01-04 16:30:00,AWS_01,0,normal,none,0,0.03476460483300092
2026-01-04 16:45:00,AWS_01,0,normal,none,0,0.08949076870604894
2026-01-04 17:00:00,AWS_01,0,normal,none,0,0.08712610289952827
2026-01-04 17:15:00,AWS_01,0,normal,none,0,0.07206230402500452
2026-01-04 17:30:00,AWS_01,0,normal,none,0,0.07952846785136086
2026-01-04 17:45:00,AWS_01,0,normal,none,0,0.08509833662960126
2026-01-04 18:00:00,AWS_01,0,normal,none,0,0.09700184656766891
2026-01-04 18:15:00,AWS_01,0,normal,none,0,0.06040310388394249
2026-01-04 18:30:00,AWS_01,0,normal,none,0,0.025185072074251247
2026-01-04 18:45:00,AWS_01,0,normal,none,0,0.05853278889795843
2026-01-04 19:00:00,AWS_01,0,normal,none,0,0.061923737730210926
2026-01-04 19:15:00,AWS_01,0,normal,none,0,0.09349762578349119
2026-01-04 19:30:00,AWS_01,0,normal,none,0,0.091387116670538
2026-01-04 19:45:00,AWS_01,0,normal,none,0,0.07618124478650973
2026-01-04 20:00:00,AWS_01,0,normal,none,0,0.04093696109574163
2026-01-04 20:15:00,AWS_01,0,normal,none,0,0.07209399511289288
2026-01-04 20:30:00,AWS_01,0,normal,none,0,0.09413513505982862
2026-01-04 20:45:00,AWS_01,0,normal,none,0,0.06648300094049336
2026-01-04 21:00:00,AWS_01,0,normal,none,0,0.09503526030431358
2026-01-04 21:15:00,AWS_01,0,normal,none,0,0.059111018501070534
2026-01-04 21:30:00,AWS_01,0,normal,none,0,0.09267500688709057
2026-01-04 21:45:00,AWS_01,0,normal,none,0,0.0912379983723311
2026-01-04 22:00:00,AWS_01,0,normal,none,0,0.09088213719557542
2026-01-04 22:15:00,AWS_01,0,normal,none,0,0.0889249856400664
2026-01-04 22:30:00,AWS_01,0,normal,none,0,0.07324435859527495
2026-01-04 22:45:00,AWS_01,0,normal,none,0,0.08433285905371918
2026-01-04 23:00:00,AWS_01,0,normal,none,0,0.06433756595286072
2026-01-04 23:15:00,AWS_01,0,normal,none,0,0.057102189571395956
2026-01-04 23:30:00,AWS_01,0,normal,none,0,0.05546696800568063
2026-01-04 23:45:00,AWS_01,0,normal,none,0,0.07339264280674923
2026-01-05 00:00:00,AWS_01,0,normal,none,0,0.09001159556460137
2026-01-05 00:15:00,AWS_01,0,normal,none,0,0.07625379891499817
2026-01-05 00:30:00,AWS_01,0,normal,none,0,0.08035959284999361
2026-01-05 00:45:00,AWS_01,0,normal,none,0,0.0622723808052843
2026-01-05 01:00:00,AWS_01,0,normal,none,0,0.0933144305674859
2026-01-05 01:15:00,AWS_01,0,normal,none,0,0.09695921340060731
2026-01-05 01:30:00,AWS_01,0,normal,none,0,0.08155722706444485
2026-01-05 01:45:00,AWS_01,0,normal,none,0,0.08911882032988627
2026-01-05 02:00:00,AWS_01,0,normal,none,0,0.09188459264950649
2026-01-05 02:15:00,AWS_01,0,normal,none,0,0.0732981621770985
2026-01-05 02:30:00,AWS_01,0,normal,none,0,0.07735010932738284
2026-01-05 02:45:00,AWS_01,0,normal,none,0,0.08195677019997577
2026-01-05 03:00:00,AWS_01,0,normal,none,0,0.08151830949352473
2026-01-05 03:15:00,AWS_01,0,normal,none,0,0.08219900778733025
2026-01-05 03:30:00,AWS_01,0,normal,none,0,0.08423952936194995
2026-01-05 03:45:00,AWS_01,0,normal,none,0,0.08379823628608973
2026-01-05 04:00:00,AWS_01,0,normal,none,0,0.07959685164433566
2026-01-05 04:15:00,AWS_01,0,normal,none,0,0.091260224918561
2026-01-05 04:30:00,AWS_01,0,normal,none,0,0.060557784172672935
2026-01-05 04:45:00,AWS_01,0,normal,none,0,0.046299405761134005
2026-01-05 05:00:00,AWS_01,0,normal,none,0,0.07305028275501346
2026-01-05 05:15:00,AWS_01,0,normal,none,0,0.05397236238419367
2026-01-05 05:30:00,AWS_01,0,normal,none,0,0.03216406623084733
2026-01-05 05:45:00,AWS_01,0,normal,none,0,0.09727926091225475
2026-01-05 06:00:00,AWS_01,0,normal,none,0,0.09880416912469037
2026-01-05 06:15:00,AWS_01,0,normal,none,0,0.09063476713316043
2026-01-05 06:30:00,AWS_01,0,normal,none,0,0.06912747678282755
2026-01-05 06:45:00,AWS_01,0,normal,none,0,0.033782837546223465
2026-01-05 07:00:00,AWS_01,0,normal,none,0,0.07187686307835417
2026-01-05 07:15:00,AWS_01,0,normal,none,0,0.09795058041355886
2026-01-05 07:30:00,AWS_01,0,normal,none,0,0.07530171993815082
2026-01-05 07:45:00,AWS_01,0,normal,none,0,0.10120194371395241
2026-01-05 08:00:00,AWS_01,0,normal,none,0,0.03866629652592379
2026-01-05 08:15:00,AWS_01,0,normal,none,0,0.08623505201833065
2026-01-05 08:30:00,AWS_01,0,normal,none,0,0.07736643993998388
2026-01-05 08:45:00,AWS_01,0,normal,none,0,0.050575910282401826
2026-01-05 09:00:00,AWS_01,0,normal,none,0,0.07634789367411848
2026-01-05 09:15:00,AWS_01,0,normal,none,0,0.05835471588259217
2026-01-05 09:30:00,AWS_01,0,normal,none,0,0.0882022629255953
2026-01-05 09:45:00,AWS_01,0,normal,none,0,0.08874817122329909
2026-01-05 10:00:00,AWS_01,0,normal,none,0,0.04708265477515028
2026-01-05 10:15:00,AWS_01,0,normal,none,0,0.06818861300876577
2026-01-05 10:30:00,AWS_01,0,normal,none,0,0.08321023047160753
2026-01-05 10:45:00,AWS_01,0,normal,none,0,0.06964671165187308
2026-01-05 11:00:00,AWS_01,0,normal,none,0,0.04918563650274144
2026-01-05 11:15:00,AWS_01,0,normal,none,0,0.03615818486976441
2026-01-05 11:30:00,AWS_01,0,normal,none,0,0.06076829044292531
2026-01-05 11:45:00,AWS_01,0,normal,none,0,0.0498899481804998
2026-01-05 12:00:00,AWS_01,0,normal,none,0,0.06765450184936905
2026-01-05 12:15:00,AWS_01,0,normal,none,0,0.02957003569586858
2026-01-05 12:30:00,AWS_01,0,normal,none,0,0.04930905913468864
2026-01-05 12:45:00,AWS_01,0,normal,none,0,0.07249753968250156
2026-01-05 13:00:00,AWS_01,0,normal,none,0,0.048824867014086504
2026-01-05 13:15:00,AWS_01,0,normal,none,0,0.06666403423319284
2026-01-05 13:30:00,AWS_01,0,normal,none,0,0.084069355490414
2026-01-05 13:45:00,AWS_01,0,normal,none,0,0.05627825457215824
2026-01-05 14:00:00,AWS_01,0,normal,none,0,0.06905983829811974
2026-01-05 14:15:00,AWS_01,0,normal,none,0,0.07907956670459354
2026-01-05 14:30:00,AWS_01,0,normal,none,0,0.06290128520162125
2026-01-05 14:45:00,AWS_01,0,normal,none,0,0.07861780523189826
2026-01-05 15:00:00,AWS_01,0,normal,none,0,0.08684471173673625
2026-01-05 15:15:00,AWS_01,0,normal,none,0,0.07993667114088976
2026-01-05 15:30:00,AWS_01,0,normal,none,0,0.06595481853951912
2026-01-05 15:45:00,AWS_01,0,normal,none,0,0.09198752173191982
2026-01-05 16:00:00,AWS_01,0,normal,none,0,0.07411437401518883
2026-01-05 16:15:00,AWS_01,0,normal,none,0,0.06570676330616282
2026-01-05 16:30:00,AWS_01,0,normal,none,0,0.07756138093891846
2026-01-05 16:45:00,AWS_01,0,normal,none,0,0.08275914382193067
2026-01-05 17:00:00,AWS_01,0,normal,none,0,0.07400735794864105
2026-01-05 17:15:00,AWS_01,0,normal,none,0,0.063773043604274
2026-01-05 17:30:00,AWS_01,0,normal,none,0,0.10085205331461794
2026-01-05 17:45:00,AWS_01,0,normal,none,0,0.04880493480277848
2026-01-05 18:00:00,AWS_01,0,normal,none,0,0.08389309705901832
2026-01-05 18:15:00,AWS_01,0,normal,none,0,0.08887934019790555
2026-01-05 18:30:00,AWS_01,0,normal,none,0,0.08987827231460316
2026-01-05 18:45:00,AWS_01,0,normal,none,0,0.08307958542781596
2026-01-05 19:00:00,AWS_01,0,normal,none,0,0.09330174964861632
2026-01-05 19:15:00,AWS_01,0,normal,none,0,0.08111019797766289
2026-01-05 19:30:00,AWS_01,0,normal,none,0,0.0815560380599723
2026-01-05 19:45:00,AWS_01,0,normal,none,0,0.08707732312293631
2026-01-05 20:00:00,AWS_01,0,normal,none,0,0.05583409830272035
2026-01-05 20:15:00,AWS_01,0,normal,none,0,0.09278576991901072
2026-01-05 20:30:00,AWS_01,0,normal,none,0,0.08544599254350183
2026-01-05 20:45:00,AWS_01,0,normal,none,0,0.09116476570233811
2026-01-05 21:00:00,AWS_01,0,normal,none,0,0.08506822777860307
2026-01-05 21:15:00,AWS_01,0,normal,none,0,0.09671988680118093
2026-01-05 21:30:00,AWS_01,0,normal,none,0,0.08939779084138844
2026-01-05 21:45:00,AWS_01,0,normal,none,0,0.08937787499718947
2026-01-05 22:00:00,AWS_01,0,normal,none,0,0.09186968631538472
2026-01-05 22:15:00,AWS_01,0,normal,none,0,0.08864864894790003
2026-01-05 22:30:00,AWS_01,0,normal,none,0,0.10289124672958005
2026-01-05 22:45:00,AWS_01,0,normal,none,0,0.08288269311019913
2026-01-05 23:00:00,AWS_01,0,normal,none,0,0.08983789555085064
2026-01-05 23:15:00,AWS_01,0,normal,none,0,0.08436357542825745
2026-01-05 23:30:00,AWS_01,0,normal,none,0,0.04641370942892609
2026-01-05 23:45:00,AWS_01,0,normal,none,0,0.07343843267072592
2026-01-06 00:00:00,AWS_01,0,normal,none,0,0.052735751491427396
2026-01-06 00:15:00,AWS_01,0,normal,none,0,0.08759414823319617
2026-01-06 00:30:00,AWS_01,0,normal,none,0,0.049470321015375074
2026-01-06 00:45:00,AWS_01,0,normal,none,0,0.092797371628278
2026-01-06 01:00:00,AWS_01,0,normal,none,0,0.09018998015565
2026-01-06 01:15:00,AWS_01,1,frozen_sensor,temperature,1,-0.012647170610468828
2026-01-06 01:30:00,AWS_01,1,frozen_sensor,temperature,0,0.01840423788141332
2026-01-06 01:45:00,AWS_01,1,frozen_sensor,temperature,0,0.026269495908287532
2026-01-06 02:00:00,AWS_01,1,frozen_sensor,temperature,0,0.019231737515585268
2026-01-06 02:15:00,AWS_01,1,frozen_sensor,temperature,0,0.017380240642262734
2026-01-06 02:30:00,AWS_01,1,frozen_sensor,temperature,0,0.029254715081640348
2026-01-06 02:45:00,AWS_01,1,frozen_sensor,temperature,0,0.022187483853792322
2026-01-06 03:00:00,AWS_01,1,frozen_sensor,temperature,0,0.023208440463580948
2026-01-06 03:15:00,AWS_01,1,frozen_sensor,temperature,0,0.028648090303882268
2026-01-06 03:30:00,AWS_01,1,frozen_sensor,temperature,0,0.027966844364198717
2026-01-06 03:45:00,AWS_01,1,frozen_sensor,temperature,0,0.03534815665798585
2026-01-06 04:00:00,AWS_01,1,frozen_sensor,temperature,0,0.03972483459576337
2026-01-06 04:15:00,AWS_01,1,frozen_sensor,temperature,0,0.016984025409999548
2026-01-06 04:30:00,AWS_01,1,frozen_sensor,temperature,0,0.024813050483142307
2026-01-06 04:45:00,AWS_01,1,frozen_sensor,temperature,0,0.023696319390418386
2026-01-06 05:00:00,AWS_01,1,frozen_sensor,temperature,0,0.03600389197114162
2026-01-06 05:15:00,AWS_01,1,frozen_sensor,temperature,0,0.040821881383316105
2026-01-06 05:30:00,AWS_01,1,frozen_sensor,temperature,0,0.039335080257816624
2026-01-06 05:45:00,AWS_01,1,frozen_sensor,temperature,0,0.03737979791969992
2026-01-06 06:00:00,AWS_01,1,frozen_sensor,temperature,0,0.04488996622090158
2026-01-06 06:15:00,AWS_01,1,frozen_sensor,temperature,0,0.025281369424201894
2026-01-06 06:30:00,AWS_01,1,frozen_sensor,temperature,0,0.02950893036108071
2026-01-06 06:45:00,AWS_01,1,frozen_sensor,temperature,0,0.03617475900332423
2026-01-06 07:00:00,AWS_01,1,frozen_sensor,temperature,0,0.05036781867187817
2026-01-06 07:15:00,AWS_01,0,normal,none,0,0.0400366830414538
2026-01-06 07:30:00,AWS_01,0,normal,none,0,0.09777013764274434
2026-01-06 07:45:00,AWS_01,0,normal,none,0,0.08505607030527818
2026-01-06 08:00:00,AWS_01,0,normal,none,0,0.04439755228233
2026-01-06 08:15:00,AWS_01,0,normal,none,0,0.06451249776083728
2026-01-06 08:30:00,AWS_01,0,normal,none,0,0.06697571480663639
2026-01-06 08:45:00,AWS_01,0,normal,none,0,0.060711272014007556
2026-01-06 09:00:00,AWS_01,0,normal,none,0,0.06724646800803663
2026-01-06 09:15:00,AWS_01,0,normal,none,0,0.1037231251112522
2026-01-06 09:30:00,AWS_01,0,normal,none,0,0.09869384694207423
2026-01-06 09:45:00,AWS_01,0,normal,none,0,0.09194606135187028
2026-01-06 10:00:00,AWS_01,0,normal,none,0,0.08450747680496912
2026-01-06 10:15:00,AWS_01,0,normal,none,0,0.08900446541076074
2026-01-06 10:30:00,AWS_01,0,normal,none,0,0.09311407688212736
2026-01-06 10:45:00,AWS_01,0,normal,none,0,0.09671079703391117
2026-01-06 11:00:00,AWS_01,0,normal,none,0,0.10166948064955689
2026-01-06 11:15:00,AWS_01,0,normal,none,0,0.0578133980295194
2026-01-06 11:30:00,AWS_01,0,normal,none,0,0.06584958309482941
2026-01-06 11:45:00,AWS_01,0,normal,none,0,0.09733290856545346
2026-01-06 12:00:00,AWS_01,0,normal,none,0,0.08507719377511325
2026-01-06 12:15:00,AWS_01,0,normal,none,0,0.08867853149694127
2026-01-06 12:30:00,AWS_01,0,normal,none,0,0.054333954824677955
2026-01-06 12:45:00,AWS_01,0,normal,none,0,0.06426636444161904
2026-01-06 13:00:00,AWS_01,0,normal,none,0,0.07177317772550973
2026-01-06 13:15:00,AWS_01,0,normal,none,0,0.05309973758693537
2026-01-06 13:30:00,AWS_01,0,normal,none,0,0.08696197859903254
2026-01-06 13:45:00,AWS_01,0,normal,none,0,0.08311037841355301
2026-01-06 14:00:00,AWS_01,0,normal,none,0,0.0965491790423717
2026-01-06 14:15:00,AWS_01,0,normal,none,0,0.08102278746668384
2026-01-06 14:30:00,AWS_01,0,normal,none,0,0.09730624591573661
2026-01-06 14:45:00,AWS_01,0,normal,none,0,0.09689560139228504
2026-01-06 15:00:00,AWS_01,0,normal,none,0,0.10328656862266639
2026-01-06 15:15:00,AWS_01,0,normal,none,0,0.09860689624218133
2026-01-06 15:30:00,AWS_01,0,normal,none,0,0.09957003715224177
2026-01-06 15:45:00,AWS_01,0,normal,none,0,0.09883066693593628
2026-01-06 16:00:00,AWS_01,0,normal,none,0,0.04435125959346131
2026-01-06 16:15:00,AWS_01,0,normal,none,0,0.08744932544518852
2026-01-06 16:30:00,AWS_01,0,normal,none,0,0.07361459508415147
2026-01-06 16:45:00,AWS_01,0,normal,none,0,0.08821184497842793
2026-01-06 17:00:00,AWS_01,0,normal,none,0,0.09685809926491196
2026-01-06 17:15:00,AWS_01,0,normal,none,0,0.09667552376630634
2026-01-06 17:30:00,AWS_01,0,normal,none,0,0.06465348023405176
2026-01-06 17:45:00,AWS_01,0,normal,none,0,0.09571496218107695
2026-01-06 18:00:00,AWS_01,0,normal,none,0,0.08455892432307538
2026-01-06 18:15:00,AWS_01,0,normal,none,0,0.0901758520826848
2026-01-06 18:30:00,AWS_01,0,normal,none,0,0.08690940600504626
2026-01-06 18:45:00,AWS_01,0,normal,none,0,0.09215550042739051
2026-01-06 19:00:00,AWS_01,0,normal,none,0,0.054806505415312845
2026-01-06 19:15:00,AWS_01,0,normal,none,0,0.0971733944706944
2026-01-06 19:30:00,AWS_01,0,normal,none,0,0.05801431942744628
2026-01-06 19:45:00,AWS_01,0,normal,none,0,0.08449154171872908
2026-01-06 20:00:00,AWS_01,0,normal,none,0,0.08038837115179226
2026-01-06 20:15:00,AWS_01,0,normal,none,0,0.09073739291689842
2026-01-06 20:30:00,AWS_01,0,normal,none,0,0.1145139654893867
2026-01-06 20:45:00,AWS_01,0,normal,none,0,0.11879698864802773
2026-01-06 21:00:00,AWS_01,0,normal,none,0,0.11584351927311148
2026-01-06 21:15:00,AWS_01,0,normal,none,0,0.09860306543091474
2026-01-06 21:30:00,AWS_01,0,normal,none,0,0.0670812521581648
2026-01-06 21:45:00,AWS_01,0,normal,none,0,0.04346976693392157
2026-01-06 22:00:00,AWS_01,0,normal,none,0,0.04957935741737424
2026-01-06 22:15:00,AWS_01,0,normal,none,0,0.08225663428174174
2026-01-06 22:30:00,AWS_01,0,normal,none,0,0.07455671727394397
2026-01-06 22:45:00,AWS_01,0,normal,none,0,0.09098766999772367
2026-01-06 23:00:00,AWS_01,0,normal,none,0,0.06100447001443282
2026-01-06 23:15:00,AWS_01,0,normal,none,0,0.07981281361933001
2026-01-06 23:30:00,AWS_01,0,normal,none,0,0.06937294405619021
2026-01-06 23:45:00,AWS_01,0,normal,none,0,0.05433707714886499
2026-01-07 00:00:00,AWS_01,0,normal,none,0,0.09182996506870528
2026-01-07 00:15:00,AWS_01,0,normal,none,0,0.08890095122388236
2026-01-07 00:30:00,AWS_01,0,normal,none,0,0.07674785600427975
2026-01-07 00:45:00,AWS_01,0,normal,none,0,0.07892513493319064
2026-01-07 01:00:00,AWS_01,0,normal,none,0,0.0401714066475094
2026-01-07 01:15:00,AWS_01,0,normal,none,0,0.09540338835454587
2026-01-07 01:30:00,AWS_01,0,normal,none,0,0.059352746457597916
2026-01-07 01:45:00,AWS_01,0,normal,none,0,0.004044076088388526
2026-01-07 02:00:00,AWS_01,0,normal,none,0,0.03972384135380824
2026-01-07 02:15:00,AWS_01,0,normal,none,0,0.06758197736708316
2026-01-07 02:30:00,AWS_01,0,normal,none,0,0.09101500520940725
2026-01-07 02:45:00,AWS_01,0,normal,none,0,0.0867945564789484
2026-01-07 03:00:00,AWS_01,0,normal,none,0,0.08907796952482289
2026-01-07 03:15:00,AWS_01,0,normal,none,0,0.06353925819238554
2026-01-07 03:30:00,AWS_01,0,normal,none,0,0.08308705257874005
2026-01-07 03:45:00,AWS_01,0,normal,none,0,0.08958951632834783
2026-01-07 04:00:00,AWS_01,0,normal,none,0,0.0862391173992681
2026-01-07 04:15:00,AWS_01,0,normal,none,0,0.09730756542343422
2026-01-07 04:30:00,AWS_01,0,normal,none,0,0.08179518614671039
2026-01-07 04:45:00,AWS_01,0,normal,none,0,0.07292134108529258
2026-01-07 05:00:00,AWS_01,0,normal,none,0,0.05927100297048188
2026-01-07 05:15:00,AWS_01,0,normal,none,0,0.053877533307726044
2026-01-07 05:30:00,AWS_01,0,normal,none,0,0.053084215628261044
2026-01-07 05:45:00,AWS_01,0,normal,none,0,0.10623742267607661
2026-01-07 06:00:00,AWS_01,0,normal,none,0,0.08091179946714694
2026-01-07 06:15:00,AWS_01,0,normal,none,0,0.07679865361753474
2026-01-07 06:30:00,AWS_01,0,normal,none,0,0.06236093210507676
2026-01-07 06:45:00,AWS_01,0,normal,none,0,0.0862094902217892
2026-01-07 07:00:00,AWS_01,0,normal,none,0,0.10710242730978187
2026-01-07 07:15:00,AWS_01,0,normal,none,0,0.08646129818612552
2026-01-07 07:30:00,AWS_01,0,normal,none,0,0.09128729445150663
2026-01-07 07:45:00,AWS_01,0,normal,none,0,0.08252776060906325
2026-01-07 08:00:00,AWS_01,0,normal,none,0,0.07252814564309024
2026-01-07 08:15:00,AWS_01,0,normal,none,0,0.05722300049303314
2026-01-07 08:30:00,AWS_01,0,normal,none,0,0.07308516742213006
2026-01-07 08:45:00,AWS_01,0,normal,none,0,0.07404605235196793
2026-01-07 09:00:00,AWS_01,0,normal,none,0,0.07129279202051231
2026-01-07 09:15:00,AWS_01,0,normal,none,0,0.09903467523561843
2026-01-07 09:30:00,AWS_01,0,normal,none,0,0.06576585238048005
2026-01-07 09:45:00,AWS_01,0,normal,none,0,0.09157037795728801
2026-01-07 10:00:00,AWS_01,0,normal,none,0,0.09614236135589133
2026-01-07 10:15:00,AWS_01,0,normal,none,0,0.10378782387125851
2026-01-07 10:30:00,AWS_01,0,normal,none,0,0.04494943946469998
2026-01-07 10:45:00,AWS_01,0,normal,none,0,0.06238461582884597
2026-01-07 11:00:00,AWS_01,0,normal,none,0,0.09062516233821488
2026-01-07 11:15:00,AWS_01,0,normal,none,0,0.05776403949979547
2026-01-07 11:30:00,AWS_01,0,normal,none,0,0.06276369444080798
2026-01-07 11:45:00,AWS_01,0,normal,none,0,0.06974475592620949
2026-01-07 12:00:00,AWS_01,0,normal,none,0,0.08802899416193471
2026-01-07 12:15:00,AWS_01,0,normal,none,0,0.07780592484532556
2026-01-07 12:30:00,AWS_01,0,normal,none,0,0.0743427049244138
2026-01-07 12:45:00,AWS_01,0,normal,none,0,0.07191409317265895
2026-01-07 13:00:00,AWS_01,0,normal,none,0,0.048744192503341166
2026-01-07 13:15:00,AWS_01,0,normal,none,0,0.07627479924962682
2026-01-07 13:30:00,AWS_01,0,normal,none,0,0.05530750541654067
2026-01-07 13:45:00,AWS_01,0,normal,none,0,0.0994589364913453
2026-01-07 14:00:00,AWS_01,0,normal,none,0,0.019899578347509217
2026-01-07 14:15:00,AWS_01,0,normal,none,0,0.046909543056799174
2026-01-07 14:30:00,AWS_01,0,normal,none,0,0.06557855427517723
2026-01-07 14:45:00,AWS_01,0,normal,none,0,0.07554011823889273
2026-01-07 15:00:00,AWS_01,0,normal,none,0,0.08523985073351015
2026-01-07 15:15:00,AWS_01,0,normal,none,0,0.09659946120699348
2026-01-07 15:30:00,AWS_01,0,normal,none,0,0.1030972925943126
2026-01-07 15:45:00,AWS_01,0,normal,none,0,0.05102460085407762
2026-01-07 16:00:00,AWS_01,0,normal,none,0,0.08906789057739345
2026-01-07 16:15:00,AWS_01,0,normal,none,0,0.09697438027830763
2026-01-07 16:30:00,AWS_01,0,normal,none,0,0.10181886046194932
2026-01-07 16:45:00,AWS_01,0,normal,none,0,0.09568460718753946
2026-01-07 17:00:00,AWS_01,0,normal,none,0,0.07008714307193553
2026-01-07 17:15:00,AWS_01,0,normal,none,0,0.06495521194501563
2026-01-07 17:30:00,AWS_01,0,normal,none,0,0.06253181380578943
2026-01-07 17:45:00,AWS_01,0,normal,none,0,0.10381393725415883
2026-01-07 18:00:00,AWS_01,0,normal,none,0,0.05728435510310925
2026-01-07 18:15:00,AWS_01,0,normal,none,0,0.10471585898198443
2026-01-07 18:30:00,AWS_01,0,normal,none,0,0.05804947007645794
2026-01-07 18:45:00,AWS_01,0,normal,none,0,0.09250404479512414
2026-01-07 19:00:00,AWS_01,0,normal,none,0,0.03911067828748793
2026-01-07 19:15:00,AWS_01,0,normal,none,0,0.07575065866922553
2026-01-07 19:30:00,AWS_01,0,normal,none,0,0.0505674259878135
2026-01-07 19:45:00,AWS_01,0,normal,none,0,0.07260746015448027
2026-01-07 20:00:00,AWS_01,0,normal,none,0,0.10973715086629676
2026-01-07 20:15:00,AWS_01,0,normal,none,0,0.09402302814769686
2026-01-07 20:30:00,AWS_01,0,normal,none,0,0.09119991101689728
2026-01-07 20:45:00,AWS_01,0,normal,none,0,0.0901496306329635
2026-01-07 21:00:00,AWS_01,0,normal,none,0,0.08997954685472137
2026-01-07 21:15:00,AWS_01,0,normal,none,0,0.11714117846475963
2026-01-07 21:30:00,AWS_01,0,normal,none,0,0.11914986775896502
2026-01-07 21:45:00,AWS_01,0,normal,none,0,0.0686041005053657
2026-01-07 22:00:00,AWS_01,0,normal,none,0,0.0753985876783283
2026-01-07 22:15:00,AWS_01,0,normal,none,0,0.10509472488981036
2026-01-07 22:30:00,AWS_01,0,normal,none,0,0.11769226148685491
2026-01-07 22:45:00,AWS_01,0,normal,none,0,0.11255285004647025
2026-01-07 23:00:00,AWS_01,0,normal,none,0,0.04885328111706244
2026-01-07 23:15:00,AWS_01,0,normal,none,0,0.09859353856617614
2026-01-07 23:30:00,AWS_01,0,normal,none,0,0.09999552419405705
2026-01-07 23:45:00,AWS_01,0,normal,none,0,0.02997357171227355
2026-01-08 00:00:00,AWS_01,0,normal,none,0,0.08290310762281711
2026-01-08 00:15:00,AWS_01,0,normal,none,0,0.08723388690153877
2026-01-08 00:30:00,AWS_01,0,normal,none,0,0.04688356296770424
2026-01-08 00:45:00,AWS_01,0,normal,none,0,0.08160840789859419
2026-01-08 01:00:00,AWS_01,0,normal,none,0,0.07989915511813495
2026-01-08 01:15:00,AWS_01,0,normal,none,0,0.07170793373424805
2026-01-08 01:30:00,AWS_01,1,temperature_drop,temperature,0,0.01705306742664303
2026-01-08 01:45:00,AWS_01,0,normal,none,0,0.04920781255037032
2026-01-08 02:00:00,AWS_01,0,normal,none,0,0.0965593247717555
2026-01-08 02:15:00,AWS_01,0,normal,none,0,0.09119187909224585
2026-01-08 02:30:00,AWS_01,0,normal,none,0,0.08328817503683156
2026-01-08 02:45:00,AWS_01,0,normal,none,0,0.05220024864541545
2026-01-08 03:00:00,AWS_01,0,normal,none,0,0.08773847065611157
2026-01-08 03:15:00,AWS_01,0,normal,none,0,0.064038671794791
2026-01-08 03:30:00,AWS_01,0,normal,none,0,0.08310836871664001
2026-01-08 03:45:00,AWS_01,0,normal,none,0,0.0518920262642979
2026-01-08 04:00:00,AWS_01,0,normal,none,0,0.0984091100507754
2026-01-08 04:15:00,AWS_01,0,normal,none,0,0.08259494800743372
2026-01-08 04:30:00,AWS_01,0,normal,none,0,0.10061058092020747
2026-01-08 04:45:00,AWS_01,0,normal,none,0,0.06949102221577014
2026-01-08 05:00:00,AWS_01,0,normal,none,0,0.10131204106607983
2026-01-08 05:15:00,AWS_01,0,normal,none,0,0.10084217757644748
2026-01-08 05:30:00,AWS_01,0,normal,none,0,0.10323391421700889
2026-01-08 05:45:00,AWS_01,0,normal,none,0,0.10157582666795306
2026-01-08 06:00:00,AWS_01,0,normal,none,0,0.08954176458549618
2026-01-08 06:15:00,AWS_01,0,normal,none,0,0.09416470007491357
2026-01-08 06:30:00,AWS_01,0,normal,none,0,0.10191602230754859
2026-01-08 06:45:00,AWS_01,0,normal,none,0,0.09537577091364263
2026-01-08 07:00:00,AWS_01,0,normal,none,0,0.04133939402956277
2026-01-08 07:15:00,AWS_01,0,normal,none,0,0.07227786974342781
2026-01-08 07:30:00,AWS_01,0,normal,none,0,0.0793982246204275
2026-01-08 07:45:00,AWS_01,0,normal,none,0,0.06085818450289904
2026-01-08 08:00:00,AWS_01,0,normal,none,0,0.09073596710925996
2026-01-08 08:15:00,AWS_01,0,normal,none,0,0.08394457979140735
2026-01-08 08:30:00,AWS_01,0,normal,none,0,0.0652495723794746
2026-01-08 08:45:00,AWS_01,0,normal,none,0,0.08906317358685878
2026-01-08 09:00:00,AWS_01,0,normal,none,0,0.09819259611796899
2026-01-08 09:15:00,AWS_01,0,normal,none,0,0.087443579078193
2026-01-08 09:30:00,AWS_01,0,normal,none,0,0.07250110996260084
2026-01-08 09:45:00,AWS_01,0,normal,none,0,0.0981127603964182
2026-01-08 10:00:00,AWS_01,0,normal,none,0,0.06911808052992535
2026-01-08 10:15:00,AWS_01,0,normal,none,0,0.08162455269549079
2026-01-08 10:30:00,AWS_01,0,normal,none,0,0.016637523780742458
2026-01-08 10:45:00,AWS_01,0,normal,none,0,0.06377584740470849
2026-01-08 11:00:00,AWS_01,0,normal,none,0,0.08868950690777289
2026-01-08 11:15:00,AWS_01,0,normal,none,0,0.07499535469794483
2026-01-08 11:30:00,AWS_01,0,normal,none,0,0.09727484915855383
2026-01-08 11:45:00,AWS_01,0,normal,none,0,0.08546071450111903
2026-01-08 12:00:00,AWS_01,0,normal,none,0,0.05335263485862868
2026-01-08 12:15:00,AWS_01,0,normal,none,0,0.10083951314945455
2026-01-08 12:30:00,AWS_01,0,normal,none,0,0.07335455582978706
2026-01-08 12:45:00,AWS_01,0,normal,none,0,0.10333982521640761
2026-01-08 13:00:00,AWS_01,0,normal,none,0,0.09666237622146717
2026-01-08 13:15:00,AWS_01,0,normal,none,0,0.05604463958607325
2026-01-08 13:30:00,AWS_01,0,normal,none,0,0.08802584473188274
2026-01-08 13:45:00,AWS_01,0,normal,none,0,0.073875900728618
2026-01-08 14:00:00,AWS_01,0,normal,none,0,0.07695141555523927
2026-01-08 14:15:00,AWS_01,0,normal,none,0,0.09498919673654488
2026-01-08 14:30:00,AWS_01,0,normal,none,0,0.06871923848961503
2026-01-08 14:45:00,AWS_01,0,normal,none,0,0.07350631707407129
2026-01-08 15:00:00,AWS_01,0,normal,none,0,0.08131420360489372
2026-01-08 15:15:00,AWS_01,0,normal,none,0,0.08344570738012225
2026-01-08 15:30:00,AWS_01,0,normal,none,0,0.06898728182369074
2026-01-08 15:45:00,AWS_01,0,normal,none,0,0.090666753333986
2026-01-08 16:00:00,AWS_01,0,normal,none,0,0.06541787375894259
2026-01-08 16:15:00,AWS_01,0,normal,none,0,0.044756804244477144
2026-01-08 16:30:00,AWS_01,0,normal,none,0,0.049923555273329034
2026-01-08 16:45:00,AWS_01,0,normal,none,0,0.09145894356698347
2026-01-08 17:00:00,AWS_01,0,normal,none,0,0.04617435292946648
2026-01-08 17:15:00,AWS_01,0,normal,none,0,0.07857242543659099
2026-01-08 17:30:00,AWS_01,0,normal,none,0,0.06128498511243291
2026-01-08 17:45:00,AWS_01,0,normal,none,0,0.07508323125865435
2026-01-08 18:00:00,AWS_01,0,normal,none,0,0.07593839908669842
2026-01-08 18:15:00,AWS_01,0,normal,none,0,0.059306122515795756
2026-01-08 18:30:00,AWS_01,0,normal,none,0,0.09564302215295661
2026-01-08 18:45:00,AWS_01,0,normal,none,0,0.07527388070660507
2026-01-08 19:00:00,AWS_01,0,normal,none,0,0.07792201133488214
2026-01-08 19:15:00,AWS_01,0,normal,none,0,0.08961566710235613
2026-01-08 19:30:00,AWS_01,0,normal,none,0,0.11407077404037536
2026-01-08 19:45:00,AWS_01,0,normal,none,0,0.07633116561218223
2026-01-08 20:00:00,AWS_01,0,normal,none,0,0.08870370222344942
2026-01-08 20:15:00,AWS_01,0,normal,none,0,0.10230771880699391
2026-01-08 20:30:00,AWS_01,0,normal,none,0,0.09848272775189149
2026-01-08 20:45:00,AWS_01,0,normal,none,0,0.09793715022248906
2026-01-08 21:00:00,AWS_01,0,normal,none,0,0.11584214545468485
2026-01-08 21:15:00,AWS_01,0,normal,none,0,0.10488376712966246
2026-01-08 21:30:00,AWS_01,0,normal,none,0,0.09777455527892093
2026-01-08 21:45:00,AWS_01,0,normal,none,0,0.10596900800523401
2026-01-08 22:00:00,AWS_01,0,normal,none,0,0.1001307904651545
2026-01-08 22:15:00,AWS_01,0,normal,none,0,0.1018486761050133
2026-01-08 22:30:00,AWS_01,0,normal,none,0,0.07452491976395037
2026-01-08 22:45:00,AWS_01,0,normal,none,0,0.04138831730363979
2026-01-08 23:00:00,AWS_01,0,normal,none,0,0.09478518730054292
2026-01-08 23:15:00,AWS_01,0,normal,none,0,0.08518207291826718
2026-01-08 23:30:00,AWS_01,0,normal,none,0,0.0671101468604704
2026-01-08 23:45:00,AWS_01,0,normal,none,0,0.09824284721964321
2026-01-09 00:00:00,AWS_01,1,calibration_drift,temperature,0,0.10239724498759523
2026-01-09 00:15:00,AWS_01,1,calibration_drift,temperature,0,0.060871617247863885
2026-01-09 00:30:00,AWS_01,1,calibration_drift,temperature,0,0.09052561350571608
2026-01-09 00:45:00,AWS_01,1,calibration_drift,temperature,0,0.10334444471757565
2026-01-09 01:00:00,AWS_01,1,calibration_drift,temperature,0,0.0802748627063598
2026-01-09 01:15:00,AWS_01,1,calibration_drift,temperature,0,0.09280840777327315
2026-01-09 01:30:00,AWS_01,1,calibration_drift,temperature,0,0.08234890758972985
2026-01-09 01:45:00,AWS_01,1,calibration_drift,temperature,0,0.10518768153620423
2026-01-09 02:00:00,AWS_01,1,calibration_drift,temperature,0,0.05401451913594124
2026-01-09 02:15:00,AWS_01,1,calibration_drift,temperature,0,0.09962689482266146
2026-01-09 02:30:00,AWS_01,1,calibration_drift,temperature,0,0.09287365441764117
2026-01-09 02:45:00,AWS_01,1,calibration_drift,temperature,0,0.09115072772092164
2026-01-09 03:00:00,AWS_01,1,calibration_drift,temperature,0,0.09904745569136864
2026-01-09 03:15:00,AWS_01,1,calibration_drift,temperature,0,0.09633810929893882
2026-01-09 03:30:00,AWS_01,1,calibration_drift,temperature,0,0.09409471854824975
2026-01-09 03:45:00,AWS_01,1,calibration_drift,temperature,0,0.11045733204512498
2026-01-09 04:00:00,AWS_01,1,calibration_drift,temperature,0,0.10783139214536819
2026-01-09 04:15:00,AWS_01,1,calibration_drift,temperature,0,0.10579727090038404
2026-01-09 04:30:00,AWS_01,1,calibration_drift,temperature,0,0.09263800998762273
2026-01-09 04:45:00,AWS_01,1,calibration_drift,temperature,0,0.11138884691688938
2026-01-09 05:00:00,AWS_01,1,calibration_drift,temperature,0,0.09863645868820181
2026-01-09 05:15:00,AWS_01,1,calibration_drift,temperature,0,0.038302729723916684
2026-01-09 05:30:00,AWS_01,1,calibration_drift,temperature,0,0.10349363403374884
2026-01-09 05:45:00,AWS_01,1,calibration_drift,temperature,0,0.09726028535706865
2026-01-09 06:00:00,AWS_01,1,calibration_drift,temperature,0,0.09266625235952114
2026-01-09 06:15:00,AWS_01,1,calibration_drift,temperature,0,0.10157652767485248
2026-01-09 06:30:00,AWS_01,1,calibration_drift,temperature,0,0.07859253041908376
2026-01-09 06:45:00,AWS_01,1,calibration_drift,temperature,0,0.060034955554964575
2026-01-09 07:00:00,AWS_01,1,calibration_drift,temperature,0,0.02790055977015693
2026-01-09 07:15:00,AWS_01,1,calibration_drift,temperature,0,0.10453032284324937
2026-01-09 07:30:00,AWS_01,1,calibration_drift,temperature,0,0.07176189885051432
2026-01-09 07:45:00,AWS_01,1,calibration_drift,temperature,0,0.09408241969750603
2026-01-09 08:00:00,AWS_01,1,calibration_drift,temperature,0,0.08005498015699664
2026-01-09 08:15:00,AWS_01,1,calibration_drift,temperature,0,0.09071728163674664
2026-01-09 08:30:00,AWS_01,1,calibration_drift,temperature,0,0.048728754832843224
2026-01-09 08:45:00,AWS_01,1,calibration_drift,temperature,0,0.08331419155642306
2026-01-09 09:00:00,AWS_01,1,calibration_drift,temperature,0,0.09690643328224924
2026-01-09 09:15:00,AWS_01,1,calibration_drift,temperature,0,0.06416818475923775
2026-01-09 09:30:00,AWS_01,1,calibration_drift,temperature,0,0.05251279893573829
2026-01-09 09:45:00,AWS_01,1,calibration_drift,temperature,0,0.08147427654763562
2026-01-09 10:00:00,AWS_01,1,calibration_drift,temperature,0,0.06778553057351877
2026-01-09 10:15:00,AWS_01,1,calibration_drift,temperature,0,0.06160188142357159
2026-01-09 10:30:00,AWS_01,1,calibration_drift,temperature,0,0.08980602532751569
2026-01-09 10:45:00,AWS_01,1,calibration_drift,temperature,0,0.09192306526759753
2026-01-09 11:00:00,AWS_01,1,calibration_drift,temperature,0,0.06914335741548921
2026-01-09 11:15:00,AWS_01,1,calibration_drift,temperature,0,0.09591293024755959
2026-01-09 11:30:00,AWS_01,1,calibration_drift,temperature,0,0.07889954276502642
2026-01-09 11:45:00,AWS_01,1,calibration_drift,temperature,0,0.07806378513596007
2026-01-09 12:00:00,AWS_01,1,calibration_drift,temperature,0,0.07286737380098407
2026-01-09 12:15:00,AWS_01,1,calibration_drift,temperature,0,0.0738284954685467
2026-01-09 12:30:00,AWS_01,1,calibration_drift,temperature,0,0.08742722747997439
2026-01-09 12:45:00,AWS_01,1,calibration_drift,temperature,0,0.08127847401138782
2026-01-09 13:00:00,AWS_01,1,calibration_drift,temperature,0,0.08984988025097268
2026-01-09 13:15:00,AWS_01,1,calibration_drift,temperature,0,0.07634750700109894
2026-01-09 13:30:00,AWS_01,1,calibration_drift,temperature,0,0.06841287690644582
2026-01-09 13:45:00,AWS_01,1,calibration_drift,temperature,0,0.0898518396619325
2026-01-09 14:00:00,AWS_01,1,calibration_drift,temperature,0,0.09216754776810526
2026-01-09 14:15:00,AWS_01,1,calibration_drift,temperature,0,0.055581032766990834
2026-01-09 14:30:00,AWS_01,1,calibration_drift,temperature,0,0.055114217072515403
2026-01-09 14:45:00,AWS_01,1,calibration_drift,temperature,0,0.014892711213247978
2026-01-09 15:00:00,AWS_01,1,calibration_drift,temperature,0,0.0634875193073346
2026-01-09 15:15:00,AWS_01,1,calibration_drift,temperature,0,0.0834505310821469
2026-01-09 15:30:00,AWS_01,1,calibration_drift,temperature,0,0.06924728809550512
2026-01-09 15:45:00,AWS_01,1,calibration_drift,temperature,0,0.09049250478922233
2026-01-09 16:00:00,AWS_01,1,calibration_drift,temperature,0,0.04574395640150852
2026-01-09 16:15:00,AWS_01,1,calibration_drift,temperature,0,0.06723250405162828
2026-01-09 16:30:00,AWS_01,1,calibration_drift,temperature,0,0.041862323283413994
2026-01-09 16:45:00,AWS_01,1,calibration_drift,temperature,0,0.07206976679828447
2026-01-09 17:00:00,AWS_01,1,calibration_drift,temperature,0,0.0389142826860055
2026-01-09 17:15:00,AWS_01,1,calibration_drift,temperature,0,0.0653201035465989
2026-01-09 17:30:00,AWS_01,1,calibration_drift,temperature,0,0.08028741551715357
2026-01-09 17:45:00,AWS_01,1,calibration_drift,temperature,0,0.06226454848880131
2026-01-09 18:00:00,AWS_01,1,calibration_drift,temperature,0,0.09106857487564729
2026-01-09 18:15:00,AWS_01,1,calibration_drift,temperature,0,0.08588709061559446
2026-01-09 18:30:00,AWS_01,1,calibration_drift,temperature,0,0.052893491692087125
2026-01-09 18:45:00,AWS_01,1,calibration_drift,temperature,0,0.0833271673231627
2026-01-09 19:00:00,AWS_01,1,calibration_drift,temperature,0,0.082575833675676
2026-01-09 19:15:00,AWS_01,1,calibration_drift,temperature,0,0.0430924914686075
2026-01-09 19:30:00,AWS_01,1,calibration_drift,temperature,0,0.09201946240154146
2026-01-09 19:45:00,AWS_01,1,calibration_drift,temperature,0,0.0757187677625068
2026-01-09 20:00:00,AWS_01,1,calibration_drift,temperature,0,0.06377125193100364
2026-01-09 20:15:00,AWS_01,1,calibration_drift,temperature,0,0.09266371094777248
2026-01-09 20:30:00,AWS_01,1,calibration_drift,temperature,0,0.09331767512297817
2026-01-09 20:45:00,AWS_01,1,calibration_drift,temperature,0,0.09815643578162131
2026-01-09 21:00:00,AWS_01,1,calibration_drift,temperature,0,0.09744833469889658
2026-01-09 21:15:00,AWS_01,1,calibration_drift,temperature,0,0.08485441254908344
2026-01-09 21:30:00,AWS_01,1,calibration_drift,temperature,0,0.08769934595613738
2026-01-09 21:45:00,AWS_01,1,calibration_drift,temperature,0,0.10436136707309623
2026-01-09 22:00:00,AWS_01,1,calibration_drift,temperature,0,0.05807299944691352
2026-01-09 22:15:00,AWS_01,1,calibration_drift,temperature,0,0.1039023490845189
2026-01-09 22:30:00,AWS_01,1,calibration_drift,temperature,0,0.09550438742022588
2026-01-09 22:45:00,AWS_01,1,calibration_drift,temperature,0,0.08888177410315096
2026-01-09 23:00:00,AWS_01,1,calibration_drift,temperature,0,0.08643988527484608
2026-01-09 23:15:00,AWS_01,1,calibration_drift,temperature,0,0.05203744869293914
2026-01-09 23:30:00,AWS_01,1,calibration_drift,temperature,0,0.09666351027048214
2026-01-09 23:45:00,AWS_01,1,calibration_drift,temperature,0,0.07832572696356999
2026-01-10 00:00:00,AWS_01,0,normal,none,0,0.022502631361442704
2026-01-10 00:15:00,AWS_01,0,normal,none,0,0.09959389730149021
2026-01-10 00:30:00,AWS_01,1,temperature_drop,temperature,0,0.0007883282853824447
2026-01-10 00:45:00,AWS_01,0,normal,none,0,0.04067649743509938
2026-01-10 01:00:00,AWS_01,0,normal,none,0,0.10111794648174621
2026-01-10 01:15:00,AWS_01,1,temperature_spike,temperature,1,-0.027010658648579655
2026-01-10 01:30:00,AWS_01,0,normal,none,0,0.03086039576288435
2026-01-10 01:45:00,AWS_01,0,normal,none,0,0.09848356542926034
2026-01-10 02:00:00,AWS_01,0,normal,none,0,0.0884291539752492
2026-01-10 02:15:00,AWS_01,0,normal,none,0,0.09512871739572071
2026-01-10 02:30:00,AWS_01,0,normal,none,0,0.10064962945876876
2026-01-10 02:45:00,AWS_01,0,normal,none,0,0.06575945870490946
2026-01-10 03:00:00,AWS_01,0,normal,none,0,0.030349572054703122
2026-01-10 03:15:00,AWS_01,0,normal,none,0,0.09353277071962074
2026-01-10 03:30:00,AWS_01,0,normal,none,0,0.09792427221575056
2026-01-10 03:45:00,AWS_01,0,normal,none,0,0.11193078048025418
2026-01-10 04:00:00,AWS_01,0,normal,none,0,0.0845456868240288
2026-01-10 04:15:00,AWS_01,0,normal,none,0,0.09632461816079774
2026-01-10 04:30:00,AWS_01,0,normal,none,0,0.10051258606522828
2026-01-10 04:45:00,AWS_01,0,normal,none,0,0.08596999678242523
2026-01-10 05:00:00,AWS_01,0,normal,none,0,0.04222573714774869
2026-01-10 05:15:00,AWS_01,0,normal,none,0,0.10389967071689099
2026-01-10 05:30:00,AWS_01,0,normal,none,0,0.10008887468288641
2026-01-10 05:45:00,AWS_01,0,normal,none,0,0.08570795196717063
2026-01-10 06:00:00,AWS_01,0,normal,none,0,0.1047055333416908
2026-01-10 06:15:00,AWS_01,0,normal,none,0,0.08279611534484421
2026-01-10 06:30:00,AWS_01,0,normal,none,0,0.07884833438775801
2026-01-10 06:45:00,AWS_01,0,normal,none,0,0.10029638744688718
2026-01-10 07:00:00,AWS_01,0,normal,none,0,0.0664757937166977
2026-01-10 07:15:00,AWS_01,0,normal,none,0,0.09458873063391565
2026-01-10 07:30:00,AWS_01,0,normal,none,0,0.08916131222891926
2026-01-10 07:45:00,AWS_01,0,normal,none,0,0.043074917568931004
2026-01-10 08:00:00,AWS_01,0,normal,none,0,0.07764997992142919
2026-01-10 08:15:00,AWS_01,0,normal,none,0,0.07057924978255703
2026-01-10 08:30:00,AWS_01,0,normal,none,0,0.055705532958208126
2026-01-10 08:45:00,AWS_01,0,normal,none,0,0.062067941833222895
2026-01-10 09:00:00,AWS_01,0,normal,none,0,0.056667477835030566
2026-01-10 09:15:00,AWS_01,0,normal,none,0,0.0695918262963447
2026-01-10 09:30:00,AWS_01,0,normal,none,0,0.07751199463677122
2026-01-10 09:45:00,AWS_01,0,normal,none,0,0.06261732007346371
2026-01-10 10:00:00,AWS_01,0,normal,none,0,0.05320958708229906
2026-01-10 10:15:00,AWS_01,0,normal,none,0,0.05781420634150736
2026-01-10 10:30:00,AWS_01,0,normal,none,0,0.07741217350436053
2026-01-10 10:45:00,AWS_01,0,normal,none,0,0.07578234866274336
2026-01-10 11:00:00,AWS_01,0,normal,none,1,-0.0004999533784119103
2026-01-10 11:15:00,AWS_01,0,normal,none,0,0.000693394487180754
2026-01-10 11:30:00,AWS_01,0,normal,none,0,0.040582969974244265
2026-01-10 11:45:00,AWS_01,0,normal,none,0,0.06611729084634604
2026-01-10 12:00:00,AWS_01,0,normal,none,0,0.06590408535640391
2026-01-10 12:15:00,AWS_01,0,normal,none,0,0.04018784565358713
2026-01-10 12:30:00,AWS_01,0,normal,none,0,0.0632076206127869
2026-01-10 12:45:00,AWS_01,0,normal,none,0,0.035298042972419785
2026-01-10 13:00:00,AWS_01,0,normal,none,1,-0.023250196990403316
2026-01-10 13:15:00,AWS_01,0,normal,none,0,0.039117911742433065
2026-01-10 13:30:00,AWS_01,0,normal,none,0,0.042702484064586654
2026-01-10 13:45:00,AWS_01,0,normal,none,0,0.06244415366669126
2026-01-10 14:00:00,AWS_01,0,normal,none,0,0.06393435103612227
2026-01-10 14:15:00,AWS_01,0,normal,none,0,0.0568897523003658
2026-01-10 14:30:00,AWS_01,0,normal,none,0,0.0600442448181302
2026-01-10 14:45:00,AWS_01,0,normal,none,0,0.03018911791541168
2026-01-10 15:00:00,AWS_01,0,normal,none,0,0.05457181112897863
2026-01-10 15:15:00,AWS_01,0,normal,none,0,0.06272853874090972
2026-01-10 15:30:00,AWS_01,0,normal,none,0,0.05310523331738709
2026-01-10 15:45:00,AWS_01,0,normal,none,0,0.0388182993744397
2026-01-10 16:00:00,AWS_01,0,normal,none,0,0.028993490228886865
2026-01-10 16:15:00,AWS_01,0,normal,none,0,0.039425130123524554
2026-01-10 16:30:00,AWS_01,0,normal,none,0,0.039999471189804514
2026-01-10 16:45:00,AWS_01,0,normal,none,0,0.04305108513408751
2026-01-10 17:00:00,AWS_01,0,normal,none,0,0.020671635444254433
2026-01-10 17:15:00,AWS_01,0,normal,none,0,0.002407571658254337
2026-01-10 17:30:00,AWS_01,0,normal,none,0,0.038332568619307006
2026-01-10 17:45:00,AWS_01,0,normal,none,0,0.07403266206857834
2026-01-10 18:00:00,AWS_01,0,normal,none,0,0.07697865316080321
2026-01-10 18:15:00,AWS_01,0,normal,none,0,0.05434342072370174
2026-01-10 18:30:00,AWS_01,0,normal,none,0,0.05929647381705078
2026-01-10 18:45:00,AWS_01,0,normal,none,0,0.08625781382924108
2026-01-10 19:00:00,AWS_01,0,normal,none,0,0.07734476633074533
2026-01-10 19:15:00,AWS_01,0,normal,none,0,0.061604355609228834
2026-01-10 19:30:00,AWS_01,0,normal,none,0,0.0966546114337909
2026-01-10 19:45:00,AWS_01,0,normal,none,0,0.08825743806226172
2026-01-10 20:00:00,AWS_01,0,normal,none,0,0.08606880543944156
2026-01-10 20:15:00,AWS_01,0,normal,none,0,0.06693923862723061
2026-01-10 20:30:00,AWS_01,0,normal,none,0,0.03916391522306917
2026-01-10 20:45:00,AWS_01,0,normal,none,0,0.10146861523345058
2026-01-10 21:00:00,AWS_01,0,normal,none,0,0.07564737242195885
2026-01-10 21:15:00,AWS_01,0,normal,none,0,0.06547978516786418
2026-01-10 21:30:00,AWS_01,0,normal,none,0,0.09233868245149324
2026-01-10 21:45:00,AWS_01,0,normal,none,0,0.1007729152142916
2026-01-10 22:00:00,AWS_01,0,normal,none,0,0.0963795375333768
2026-01-10 22:15:00,AWS_01,0,normal,none,0,0.1128359454506438
2026-01-10 22:30:00,AWS_01,0,normal,none,0,0.10875063211855335
2026-01-10 22:45:00,AWS_01,0,normal,none,0,0.1156618773136519
2026-01-10 23:00:00,AWS_01,0,normal,none,0,0.09890746964330244
2026-01-10 23:15:00,AWS_01,0,normal,none,0,0.09952513857997003
2026-01-10 23:30:00,AWS_01,0,normal,none,0,0.10173855533599274
2026-01-10 23:45:00,AWS_01,0,normal,none,0,0.10205475909485362
2026-01-11 00:00:00,AWS_01,1,calibration_drift,temperature,0,0.09228190985217083
2026-01-11 00:15:00,AWS_01,1,calibration_drift,temperature,0,0.03830345928823653
2026-01-11 00:30:00,AWS_01,1,calibration_drift,temperature,0,0.08809316962295832
2026-01-11 00:45:00,AWS_01,1,calibration_drift,temperature,0,0.08046953550980868
2026-01-11 01:00:00,AWS_01,1,calibration_drift,temperature,0,0.04650299170166983
2026-01-11 01:15:00,AWS_01,1,calibration_drift,temperature,0,0.08989892717668385
2026-01-11 01:30:00,AWS_01,1,calibration_drift,temperature,0,0.04319322174990459
2026-01-11 01:45:00,AWS_01,1,calibration_drift,temperature,0,0.041424807065216895
2026-01-11 02:00:00,AWS_01,1,calibration_drift,temperature,0,0.09966578920698643
2026-01-11 02:15:00,AWS_01,1,calibration_drift,temperature,0,0.06281380466530861
2026-01-11 02:30:00,AWS_01,1,calibration_drift,temperature,0,0.1063943562719043
2026-01-11 02:45:00,AWS_01,1,calibration_drift,temperature,0,0.08351921726308181
2026-01-11 03:00:00,AWS_01,1,calibration_drift,temperature,0,0.08836945306788063
2026-01-11 03:15:00,AWS_01,1,calibration_drift,temperature,0,0.08783083368906108
2026-01-11 03:30:00,AWS_01,1,calibration_drift,temperature,0,0.09607492621399089
2026-01-11 03:45:00,AWS_01,1,calibration_drift,temperature,0,0.09792607088671351
2026-01-11 04:00:00,AWS_01,1,calibration_drift,temperature,0,0.09347177924222727
2026-01-11 04:15:00,AWS_01,1,calibration_drift,temperature,0,0.10440552782096202
2026-01-11 04:30:00,AWS_01,1,calibration_drift,temperature,0,0.04883698988739715
2026-01-11 04:45:00,AWS_01,1,calibration_drift,temperature,0,0.0748981919555019
2026-01-11 05:00:00,AWS_01,1,calibration_drift,temperature,0,0.09777565621744805
2026-01-11 05:15:00,AWS_01,1,calibration_drift,temperature,0,0.1119742429444221
2026-01-11 05:30:00,AWS_01,1,calibration_drift,temperature,0,0.07600300837028634
2026-01-11 05:45:00,AWS_01,1,calibration_drift,temperature,0,0.10616534819628298
2026-01-11 06:00:00,AWS_01,1,calibration_drift,temperature,0,0.0887998697817241
2026-01-11 06:15:00,AWS_01,1,calibration_drift,temperature,0,0.1096238735665816
2026-01-11 06:30:00,AWS_01,1,calibration_drift,temperature,0,0.06291352478034606
2026-01-11 06:45:00,AWS_01,1,calibration_drift,temperature,0,0.05791016430154078
2026-01-11 07:00:00,AWS_01,1,calibration_drift,temperature,0,0.05945906367119419
2026-01-11 07:15:00,AWS_01,1,calibration_drift,temperature,0,0.06890223138649454
2026-01-11 07:30:00,AWS_01,1,calibration_drift,temperature,0,0.07906276532941742
2026-01-11 07:45:00,AWS_01,1,calibration_drift,temperature,0,0.08738695445692041
2026-01-11 08:00:00,AWS_01,1,calibration_drift,temperature,0,0.10153055712252207
2026-01-11 08:15:00,AWS_01,1,calibration_drift,temperature,0,0.10269061797146806
2026-01-11 08:30:00,AWS_01,1,calibration_drift,temperature,0,0.10633585733785483
2026-01-11 08:45:00,AWS_01,1,calibration_drift,temperature,0,0.062056702486598
2026-01-11 09:00:00,AWS_01,1,calibration_drift,temperature,0,0.06601239198750175
2026-01-11 09:15:00,AWS_01,1,calibration_drift,temperature,0,0.09372523613691097
2026-01-11 09:30:00,AWS_01,1,calibration_drift,temperature,0,0.08282597980228612
2026-01-11 09:45:00,AWS_01,1,calibration_drift,temperature,0,0.079599348002795
2026-01-11 10:00:00,AWS_01,1,calibration_drift,temperature,0,0.06213850004182697
2026-01-11 10:15:00,AWS_01,1,calibration_drift,temperature,0,0.0744798811549604
2026-01-11 10:30:00,AWS_01,1,calibration_drift,temperature,0,0.06341569994523832
2026-01-11 10:45:00,AWS_01,1,calibration_drift,temperature,0,0.06884490932832843
2026-01-11 11:00:00,AWS_01,1,calibration_drift,temperature,0,0.06598110319998024
2026-01-11 11:15:00,AWS_01,1,calibration_drift,temperature,0,0.0849216338987181
2026-01-11 11:30:00,AWS_01,1,calibration_drift,temperature,0,0.07583214353299694
2026-01-11 11:45:00,AWS_01,1,calibration_drift,temperature,0,0.0516438133324838
2026-01-11 12:00:00,AWS_01,1,calibration_drift,temperature,0,0.06859636712214151
2026-01-11 12:15:00,AWS_01,1,calibration_drift,temperature,0,0.07000073104449955
2026-01-11 12:30:00,AWS_01,1,calibration_drift,temperature,0,0.06090325227803545
2026-01-11 12:45:00,AWS_01,1,calibration_drift,temperature,0,0.07139743370465207
2026-01-11 13:00:00,AWS_01,1,calibration_drift,temperature,0,0.06560753343506914
2026-01-11 13:15:00,AWS_01,1,calibration_drift,temperature,0,0.059126891684765204
2026-01-11 13:30:00,AWS_01,1,calibration_drift,temperature,0,0.028370809186230805
2026-01-11 13:45:00,AWS_01,1,calibration_drift,temperature,0,0.059094853497228705
2026-01-11 14:00:00,AWS_01,1,calibration_drift,temperature,0,0.06210746740010903
2026-01-11 14:15:00,AWS_01,1,calibration_drift,temperature,0,0.03633987452356868
2026-01-11 14:30:00,AWS_01,1,calibration_drift,temperature,0,0.04179314902471887
2026-01-11 14:45:00,AWS_01,1,calibration_drift,temperature,0,0.06490539500723996
2026-01-11 15:00:00,AWS_01,1,calibration_drift,temperature,0,0.07485753254362715
2026-01-11 15:15:00,AWS_01,1,calibration_drift,temperature,0,0.06539292471929492
2026-01-11 15:30:00,AWS_01,1,calibration_drift,temperature,0,0.05598567861708442
2026-01-11 15:45:00,AWS_01,1,calibration_drift,temperature,0,0.051230612742310444
2026-01-11 16:00:00,AWS_01,1,calibration_drift,temperature,0,0.02542243998030136
2026-01-11 16:15:00,AWS_01,1,calibration_drift,temperature,0,0.04144473433172713
2026-01-11 16:30:00,AWS_01,1,calibration_drift,temperature,0,0.05488383859834961
2026-01-11 16:45:00,AWS_01,1,calibration_drift,temperature,0,0.05348027273642064
2026-01-11 17:00:00,AWS_01,1,calibration_drift,temperature,0,0.04750750405079229
2026-01-11 17:15:00,AWS_01,1,calibration_drift,temperature,0,0.03914403246647036
2026-01-11 17:30:00,AWS_01,1,calibration_drift,temperature,0,0.0634231217727162
2026-01-11 17:45:00,AWS_01,1,calibration_drift,temperature,0,0.07522664500092541
2026-01-11 18:00:00,AWS_01,1,calibration_drift,temperature,0,0.05992075057344004
2026-01-11 18:15:00,AWS_01,1,calibration_drift,temperature,0,0.060312279050920625
2026-01-11 18:30:00,AWS_01,1,calibration_drift,temperature,0,0.04632299102966575
2026-01-11 18:45:00,AWS_01,1,calibration_drift,temperature,0,0.06439999153195802
2026-01-11 19:00:00,AWS_01,1,calibration_drift,temperature,0,0.059906826877335506
2026-01-11 19:15:00,AWS_01,1,calibration_drift,temperature,0,0.03904222183732331
2026-01-11 19:30:00,AWS_01,1,calibration_drift,temperature,0,0.0664152725872802
2026-01-11 19:45:00,AWS_01,1,calibration_drift,temperature,0,0.09297243507827996
2026-01-11 20:00:00,AWS_01,1,calibration_drift,temperature,0,0.05581459905824826
2026-01-11 20:15:00,AWS_01,1,calibration_drift,temperature,0,0.0665710711653627
2026-01-11 20:30:00,AWS_01,1,calibration_drift,temperature,0,0.0540872141076198
2026-01-11 20:45:00,AWS_01,1,calibration_drift,temperature,0,0.06823526585147943
2026-01-11 21:00:00,AWS_01,1,calibration_drift,temperature,0,0.07506091888162547
2026-01-11 21:15:00,AWS_01,1,calibration_drift,temperature,0,0.06384520199853028
2026-01-11 21:30:00,AWS_01,1,calibration_drift,temperature,0,0.049115565794995764
2026-01-11 21:45:00,AWS_01,1,calibration_drift,temperature,0,0.06606056486667833
2026-01-11 22:00:00,AWS_01,1,calibration_drift,temperature,0,0.06323868566716084
2026-01-11 22:15:00,AWS_01,1,calibration_drift,temperature,0,0.07650831656601059
2026-01-11 22:30:00,AWS_01,1,calibration_drift,temperature,0,0.08191200543636873
2026-01-11 22:45:00,AWS_01,1,calibration_drift,temperature,0,0.07893718384259463
2026-01-11 23:00:00,AWS_01,1,calibration_drift,temperature,0,0.02727793080171992
2026-01-11 23:15:00,AWS_01,1,calibration_drift,temperature,0,0.054504777880262534
2026-01-11 23:30:00,AWS_01,1,calibration_drift,temperature,0,0.07128887155189834
2026-01-11 23:45:00,AWS_01,1,calibration_drift,temperature,0,0.08563242045376873
2026-01-12 00:00:00,AWS_01,0,normal,none,0,0.04589532660470519
2026-01-12 00:15:00,AWS_01,0,normal,none,0,0.09243665969521336
2026-01-12 00:30:00,AWS_01,1,frozen_sensor,temperature,0,0.08602279446061512
2026-01-12 00:45:00,AWS_01,1,frozen_sensor,temperature,0,0.07599989986216493
2026-01-12 01:00:00,AWS_01,1,frozen_sensor,temperature,0,0.07187734910916671
2026-01-12 01:15:00,AWS_01,1,frozen_sensor,temperature,0,0.08139673528091601
2026-01-12 01:30:00,AWS_01,1,frozen_sensor,temperature,0,0.09879870719628187
2026-01-12 01:45:00,AWS_01,1,frozen_sensor,temperature,0,0.09574043546250349
2026-01-12 02:00:00,AWS_01,1,frozen_sensor,temperature,0,0.0931404465358508
2026-01-12 02:15:00,AWS_01,1,frozen_sensor,temperature,0,0.09634120875910085
2026-01-12 02:30:00,AWS_01,1,frozen_sensor,temperature,0,0.06354910076105813
2026-01-12 02:45:00,AWS_01,1,frozen_sensor,temperature,0,0.0904792300237739
2026-01-12 03:00:00,AWS_01,1,frozen_sensor,temperature,0,0.08393389706999216
2026-01-12 03:15:00,AWS_01,1,frozen_sensor,temperature,0,0.10280486512082548
2026-01-12 03:30:00,AWS_01,1,frozen_sensor,temperature,0,0.10455351027506316
2026-01-12 03:45:00,AWS_01,1,frozen_sensor,temperature,0,0.08823362525785394
2026-01-12 04:00:00,AWS_01,1,frozen_sensor,temperature,0,0.08306564909493597
2026-01-12 04:15:00,AWS_01,1,frozen_sensor,temperature,0,0.08556114051693164
2026-01-12 04:30:00,AWS_01,1,frozen_sensor,temperature,0,0.09753140024908302
2026-01-12 04:45:00,AWS_01,1,frozen_sensor,temperature,0,0.10822012267843534
2026-01-12 05:00:00,AWS_01,1,frozen_sensor,temperature,0,0.10418082123271544
2026-01-12 05:15:00,AWS_01,1,frozen_sensor,temperature,0,0.0937130222756904
2026-01-12 05:30:00,AWS_01,1,frozen_sensor,temperature,0,0.09936232880798096
2026-01-12 05:45:00,AWS_01,1,frozen_sensor,temperature,0,0.07651208925771286
2026-01-12 06:00:00,AWS_01,1,frozen_sensor,temperature,0,0.08870357539836393
2026-01-12 06:15:00,AWS_01,1,frozen_sensor,temperature,0,0.103534356723538
2026-01-12 06:30:00,AWS_01,0,normal,none,0,0.08278302428211076
2026-01-12 06:45:00,AWS_01,0,normal,none,0,0.07409854258775384
2026-01-12 07:00:00,AWS_01,0,normal,none,0,0.0984106805378116
2026-01-12 07:15:00,AWS_01,0,normal,none,0,0.09687552939198685
2026-01-12 07:30:00,AWS_01,0,normal,none,0,0.0908158583196278
2026-01-12 07:45:00,AWS_01,0,normal,none,0,0.03759881899451534
2026-01-12 08:00:00,AWS_01,0,normal,none,0,0.010126455039278559
2026-01-12 08:15:00,AWS_01,0,normal,none,0,0.08989048045446668
2026-01-12 08:30:00,AWS_01,0,normal,none,0,0.07443635028959766
2026-01-12 08:45:00,AWS_01,0,normal,none,0,0.05424874413333103
2026-01-12 09:00:00,AWS_01,0,normal,none,0,0.07269304708753038
2026-01-12 09:15:00,AWS_01,0,normal,none,0,0.06601774697712343
2026-01-12 09:30:00,AWS_01,0,normal,none,0,0.06357327676447783
2026-01-12 09:45:00,AWS_01,0,normal,none,0,0.0748895839610283
2026-01-12 10:00:00,AWS_01,0,normal,none,0,0.07867496610966296
2026-01-12 10:15:00,AWS_01,0,normal,none,0,0.0861755281937362
2026-01-12 10:30:00,AWS_01,0,normal,none,0,0.08004569784256166
2026-01-12 10:45:00,AWS_01,0,normal,none,0,0.08775840504336385
2026-01-12 11:00:00,AWS_01,0,normal,none,0,0.04507052147122459
2026-01-12 11:15:00,AWS_01,0,normal,none,0,0.07598156404339634
2026-01-12 11:30:00,AWS_01,0,normal,none,0,0.04687256674486773
2026-01-12 11:45:00,AWS_01,0,normal,none,0,0.04606535258944644
2026-01-12 12:00:00,AWS_01,0,normal,none,0,0.022362682539161627
2026-01-12 12:15:00,AWS_01,0,normal,none,0,0.06617317827611696
2026-01-12 12:30:00,AWS_01,0,normal,none,0,0.051930362574167666
2026-01-12 12:45:00,AWS_01,0,normal,none,0,0.07455928861968253
2026-01-12 13:00:00,AWS_01,0,normal,none,0,0.07671365119581958
2026-01-12 13:15:00,AWS_01,0,normal,none,0,0.0811194841127883
2026-01-12 13:30:00,AWS_01,0,normal,none,0,0.0751422912706109
2026-01-12 13:45:00,AWS_01,0,normal,none,0,0.08340581169340167
2026-01-12 14:00:00,AWS_01,0,normal,none,0,0.06746456184514121
2026-01-12 14:15:00,AWS_01,0,normal,none,0,0.04264752031698038
2026-01-12 14:30:00,AWS_01,0,normal,none,0,0.054189665911867135
2026-01-12 14:45:00,AWS_01,0,normal,none,0,0.05127909182111323
2026-01-12 15:00:00,AWS_01,0,normal,none,0,0.08417106068083358
2026-01-12 15:15:00,AWS_01,0,normal,none,0,0.0560373070941082
2026-01-12 15:30:00,AWS_01,0,normal,none,0,0.05966938402397687
2026-01-12 15:45:00,AWS_01,0,normal,none,0,0.0677052308843582
2026-01-12 16:00:00,AWS_01,0,normal,none,0,0.057714113510371146
2026-01-12 16:15:00,AWS_01,0,normal,none,0,0.05131115430465649
2026-01-12 16:30:00,AWS_01,0,normal,none,0,0.051864473486171736
2026-01-12 16:45:00,AWS_01,0,normal,none,0,0.05948964076029761
2026-01-12 17:00:00,AWS_01,0,normal,none,0,0.06648046854633394
2026-01-12 17:15:00,AWS_01,0,normal,none,0,0.04997902920123415
2026-01-12 17:30:00,AWS_01,0,normal,none,0,0.053032018668287106
2026-01-12 17:45:00,AWS_01,0,normal,none,0,0.08546199319714959
2026-01-12 18:00:00,AWS_01,0,normal,none,0,0.08001012224785398
2026-01-12 18:15:00,AWS_01,0,normal,none,0,0.044337212771565326
2026-01-12 18:30:00,AWS_01,0,normal,none,0,0.048784086833873364
2026-01-12 18:45:00,AWS_01,0,normal,none,0,0.027432836716895448
2026-01-12 19:00:00,AWS_01,0,normal,none,0,0.0690017678540073
2026-01-12 19:15:00,AWS_01,0,normal,none,0,0.07348770272683897
2026-01-12 19:30:00,AWS_01,0,normal,none,0,0.08302163173793514
2026-01-12 19:45:00,AWS_01,0,normal,none,0,0.040905672604121035
2026-01-12 20:00:00,AWS_01,0,normal,none,0,0.08150939137993879
2026-01-12 20:15:00,AWS_01,0,normal,none,0,0.07735900671569129
2026-01-12 20:30:00,AWS_01,0,normal,none,0,0.08283793765146164
2026-01-12 20:45:00,AWS_01,0,normal,none,0,0.09495118422228649
2026-01-12 21:00:00,AWS_01,0,normal,none,0,0.08238726142730002
2026-01-12 21:15:00,AWS_01,0,normal,none,0,0.06518444849342131
2026-01-12 21:30:00,AWS_01,0,normal,none,0,0.07869328974745277
2026-01-12 21:45:00,AWS_01,0,normal,none,0,0.07891682067163752
2026-01-12 22:00:00,AWS_01,0,normal,none,0,0.06659209431868335
2026-01-12 22:15:00,AWS_01,0,normal,none,0,0.08020616869274211
2026-01-12 22:30:00,AWS_01,0,normal,none,0,0.09968406465040247
2026-01-12 22:45:00,AWS_01,0,normal,none,0,0.09411852231894169
2026-01-12 23:00:00,AWS_01,0,normal,none,0,0.03921957718753322
2026-01-12 23:15:00,AWS_01,0,normal,none,0,0.08721829027518335
2026-01-12 23:30:00,AWS_01,0,normal,none,0,0.09329567940568506
2026-01-12 23:45:00,AWS_01,0,normal,none,0,0.06447712889920582
2026-01-13 00:00:00,AWS_01,0,normal,none,0,0.0779859561063711
2026-01-13 00:15:00,AWS_01,0,normal,none,0,0.07493208809797519
2026-01-13 00:30:00,AWS_01,0,normal,none,0,0.09026803256769367
2026-01-13 00:45:00,AWS_01,0,normal,none,0,0.07497112992327398
2026-01-13 01:00:00,AWS_01,0,normal,none,0,0.09508434339156235
2026-01-13 01:15:00,AWS_01,1,power_failure,all,1,-0.12546229391309704
2026-01-13 01:30:00,AWS_01,1,power_failure,all,1,-0.03581136358676262
2026-01-13 01:45:00,AWS_01,1,power_failure,all,1,-0.03581136358676262
2026-01-13 02:00:00,AWS_01,1,power_failure,all,1,-0.03401165052092636
2026-01-13 02:15:00,AWS_01,0,normal,none,1,-0.051774035780213334
2026-01-13 02:30:00,AWS_01,0,normal,none,0,0.06353686037056122
2026-01-13 02:45:00,AWS_01,0,normal,none,0,0.050568300143356004
2026-01-13 03:00:00,AWS_01,0,normal,none,0,0.06178335747576019
2026-01-13 03:15:00,AWS_01,0,normal,none,0,0.10174914211315594
2026-01-13 03:30:00,AWS_01,0,normal,none,0,0.06758299540584989
2026-01-13 03:45:00,AWS_01,0,normal,none,0,0.08343685425682462
2026-01-13 04:00:00,AWS_01,0,normal,none,0,0.06435415906969605
2026-01-13 04:15:00,AWS_01,0,normal,none,0,0.10006362791054496
2026-01-13 04:30:00,AWS_01,0,normal,none,0,0.10140396082403569
2026-01-13 04:45:00,AWS_01,0,normal,none,0,0.056479436257704685
2026-01-13 05:00:00,AWS_01,0,normal,none,0,0.09602150973233792
2026-01-13 05:15:00,AWS_01,0,normal,none,0,0.10747364630873091
2026-01-13 05:30:00,AWS_01,0,normal,none,0,0.10023460063304473
2026-01-13 05:45:00,AWS_01,0,normal,none,0,0.09976811594913731
2026-01-13 06:00:00,AWS_01,0,normal,none,0,0.10560795320031707
2026-01-13 06:15:00,AWS_01,0,normal,none,0,0.10663371464796129
2026-01-13 06:30:00,AWS_01,0,normal,none,0,0.09568895767193103
2026-01-13 06:45:00,AWS_01,0,normal,none,0,0.0792109323468343
2026-01-13 07:00:00,AWS_01,0,normal,none,0,0.10016456932838058
2026-01-13 07:15:00,AWS_01,0,normal,none,0,0.10444073571516249
2026-01-13 07:30:00,AWS_01,0,normal,none,0,0.09895023305680806
2026-01-13 07:45:00,AWS_01,0,normal,none,0,0.08683241758969745
2026-01-13 08:00:00,AWS_01,0,normal,none,0,0.09622962084042946
2026-01-13 08:15:00,AWS_01,0,normal,none,0,0.056292408978382835
2026-01-13 08:30:00,AWS_01,0,normal,none,0,0.08873452537043364
2026-01-13 08:45:00,AWS_01,0,normal,none,0,0.09293988634921663
2026-01-13 09:00:00,AWS_01,0,normal,none,0,0.1040373771027186
2026-01-13 09:15:00,AWS_01,0,normal,none,0,0.09044296808378294
2026-01-13 09:30:00,AWS_01,0,normal,none,0,0.0970919468638144
2026-01-13 09:45:00,AWS_01,0,normal,none,0,0.09010858842277197
2026-01-13 10:00:00,AWS_01,0,normal,none,0,0.10370059323292818
2026-01-13 10:15:00,AWS_01,0,normal,none,0,0.0673939465151811
2026-01-13 10:30:00,AWS_01,0,normal,none,0,0.07601247994094834
2026-01-13 10:45:00,AWS_01,0,normal,none,0,0.07852438318254013
2026-01-13 11:00:00,AWS_01,0,normal,none,0,0.09717903825466057
2026-01-13 11:15:00,AWS_01,0,normal,none,0,0.05882996977464572
2026-01-13 11:30:00,AWS_01,0,normal,none,0,0.024371844050095848
2026-01-13 11:45:00,AWS_01,0,normal,none,0,0.052762516716479524
2026-01-13 12:00:00,AWS_01,0,normal,none,0,0.09121329053281796
2026-01-13 12:15:00,AWS_01,0,normal,none,0,0.06758140927566897
2026-01-13 12:30:00,AWS_01,0,normal,none,0,0.038344883150909004
2026-01-13 12:45:00,AWS_01,0,normal,none,0,0.07158356760300671
2026-01-13 13:00:00,AWS_01,0,normal,none,0,0.054086413432459846
2026-01-13 13:15:00,AWS_01,0,normal,none,0,0.08715105684380908
2026-01-13 13:30:00,AWS_01,0,normal,none,0,0.09426853067395108
2026-01-13 13:45:00,AWS_01,0,normal,none,0,0.09400907012648879
2026-01-13 14:00:00,AWS_01,0,normal,none,0,0.09346858659517132
2026-01-13 14:15:00,AWS_01,0,normal,none,0,0.09295862038481734
2026-01-13 14:30:00,AWS_01,0,normal,none,0,0.08009977939280954
2026-01-13 14:45:00,AWS_01,0,normal,none,0,0.08936253120420179
2026-01-13 15:00:00,AWS_01,0,normal,none,0,0.08871019095251026
2026-01-13 15:15:00,AWS_01,0,normal,none,0,0.09062709756746579
2026-01-13 15:30:00,AWS_01,0,normal,none,0,0.10126542530877786
2026-01-13 15:45:00,AWS_01,0,normal,none,0,0.09498210518634487
2026-01-13 16:00:00,AWS_01,0,normal,none,0,0.08816763704923025
2026-01-13 16:15:00,AWS_01,0,normal,none,0,0.10005657283226815
2026-01-13 16:30:00,AWS_01,0,normal,none,0,0.0753533187520441
2026-01-13 16:45:00,AWS_01,0,normal,none,0,0.08294152411533084
2026-01-13 17:00:00,AWS_01,0,normal,none,0,0.08190654968439887
2026-01-13 17:15:00,AWS_01,0,normal,none,0,0.1105093493087107
2026-01-13 17:30:00,AWS_01,0,normal,none,0,0.08883226444720438
2026-01-13 17:45:00,AWS_01,0,normal,none,0,0.0972124323260507
2026-01-13 18:00:00,AWS_01,0,normal,none,0,0.09499573949367168
2026-01-13 18:15:00,AWS_01,0,normal,none,0,0.08454946641044364
2026-01-13 18:30:00,AWS_01,0,normal,none,0,0.10230279561053224
2026-01-13 18:45:00,AWS_01,0,normal,none,0,0.10812680444807954
2026-01-13 19:00:00,AWS_01,0,normal,none,0,0.09172319917934296
2026-01-13 19:15:00,AWS_01,0,normal,none,0,0.08464727002226596
2026-01-13 19:30:00,AWS_01,0,normal,none,0,0.10995982180349045
2026-01-13 19:45:00,AWS_01,0,normal,none,0,0.07784521462816174
2026-01-13 20:00:00,AWS_01,0,normal,none,0,0.07270168056398701
2026-01-13 20:15:00,AWS_01,0,normal,none,0,0.07754261478120922
2026-01-13 20:30:00,AWS_01,0,normal,none,0,0.09384418544810724
2026-01-13 20:45:00,AWS_01,0,normal,none,0,0.11035681705537764
2026-01-13 21:00:00,AWS_01,0,normal,none,0,0.08807145686991535
2026-01-13 21:15:00,AWS_01,0,normal,none,0,0.04062732985550088
2026-01-13 21:30:00,AWS_01,0,normal,none,0,0.11371924264336714
2026-01-13 21:45:00,AWS_01,0,normal,none,0,0.07496966975972713
2026-01-13 22:00:00,AWS_01,0,normal,none,0,0.0921549059445449
2026-01-13 22:15:00,AWS_01,0,normal,none,0,0.10665116063599112
2026-01-13 22:30:00,AWS_01,0,normal,none,0,0.10664598367297667
2026-01-13 22:45:00,AWS_01,0,normal,none,0,0.08286414109519885
2026-01-13 23:00:00,AWS_01,0,normal,none,0,0.11317052415306966
2026-01-13 23:15:00,AWS_01,0,normal,none,0,0.09651735784268073
2026-01-13 23:30:00,AWS_01,0,normal,none,0,0.11051489121860825
2026-01-13 23:45:00,AWS_01,0,normal,none,0,0.11177816087333947
2026-01-14 00:00:00,AWS_01,0,normal,none,0,0.08599435663584537
2026-01-14 00:15:00,AWS_01,0,normal,none,0,0.08666945370006368
2026-01-14 00:30:00,AWS_01,0,normal,none,0,0.07399415961412942
2026-01-14 00:45:00,AWS_01,1,temperature_drop,temperature,0,0.012834532470199278
2026-01-14 01:00:00,AWS_01,1,temperature_spike,temperature,0,9.354522630700135e-05
2026-01-14 01:15:00,AWS_01,0,normal,none,0,0.06538205373518419
2026-01-14 01:30:00,AWS_01,0,normal,none,0,0.10970565818824785
2026-01-14 01:45:00,AWS_01,0,normal,none,0,0.10681826389902754
2026-01-14 02:00:00,AWS_01,0,normal,none,0,0.0911026851490529
2026-01-14 02:15:00,AWS_01,0,normal,none,0,0.10250070791713284
2026-01-14 02:30:00,AWS_01,0,normal,none,0,0.06755551882190369
2026-01-14 02:45:00,AWS_01,0,normal,none,0,0.08886306508132075
2026-01-14 03:00:00,AWS_01,0,normal,none,0,0.09006999547906708
2026-01-14 03:15:00,AWS_01,0,normal,none,0,0.08253378885526608
2026-01-14 03:30:00,AWS_01,0,normal,none,0,0.10546575291103277
2026-01-14 03:45:00,AWS_01,0,normal,none,0,0.10246564799302954
2026-01-14 04:00:00,AWS_01,0,normal,none,0,0.09717248683628837
2026-01-14 04:15:00,AWS_01,0,normal,none,0,0.08206454807111119
2026-01-14 04:30:00,AWS_01,0,normal,none,0,0.07249931049849251
2026-01-14 04:45:00,AWS_01,0,normal,none,0,0.02780690642961936
2026-01-14 05:00:00,AWS_01,0,normal,none,0,0.08102091541235817
2026-01-14 05:15:00,AWS_01,0,normal,none,0,0.08757377375635267
2026-01-14 05:30:00,AWS_01,0,normal,none,0,0.08920394800427223
2026-01-14 05:45:00,AWS_01,0,normal,none,0,0.08618999987338849
2026-01-14 06:00:00,AWS_01,0,normal,none,0,0.09715035738156069
2026-01-14 06:15:00,AWS_01,0,normal,none,0,0.09643190879106184
2026-01-14 06:30:00,AWS_01,0,normal,none,0,0.05088133522476923
2026-01-14 06:45:00,AWS_01,0,normal,none,0,0.11229640889854142
2026-01-14 07:00:00,AWS_01,0,normal,none,0,0.07404249739344704
2026-01-14 07:15:00,AWS_01,0,normal,none,0,0.09317124970929841
2026-01-14 07:30:00,AWS_01,0,normal,none,0,0.10342097092758384
2026-01-14 07:45:00,AWS_01,0,normal,none,0,0.10143974332417766
2026-01-14 08:00:00,AWS_01,0,normal,none,0,0.10521055504096466
2026-01-14 08:15:00,AWS_01,0,normal,none,0,0.10482644315999429
2026-01-14 08:30:00,AWS_01,0,normal,none,0,0.09065828577142065
2026-01-14 08:45:00,AWS_01,0,normal,none,0,0.07669445232651417
2026-01-14 09:00:00,AWS_01,0,normal,none,0,0.09037088453349346
2026-01-14 09:15:00,AWS_01,0,normal,none,0,0.08994493121840647
2026-01-14 09:30:00,AWS_01,0,normal,none,0,0.09926164078020266
2026-01-14 09:45:00,AWS_01,0,normal,none,0,0.10660617601673023
2026-01-14 10:00:00,AWS_01,0,normal,none,0,0.11093200675442033
2026-01-14 10:15:00,AWS_01,0,normal,none,0,0.09069387616739694
2026-01-14 10:30:00,AWS_01,0,normal,none,0,0.09169931349699773
2026-01-14 10:45:00,AWS_01,0,normal,none,0,0.04389261371764108
2026-01-14 11:00:00,AWS_01,0,normal,none,0,0.09744932716775667
2026-01-14 11:15:00,AWS_01,0,normal,none,0,0.09435168925929754
2026-01-14 11:30:00,AWS_01,0,normal,none,0,0.10374622648979803
2026-01-14 11:45:00,AWS_01,0,normal,none,0,0.10144474495334149
2026-01-14 12:00:00,AWS_01,0,normal,none,0,0.10377444572584965
2026-01-14 12:15:00,AWS_01,0,normal,none,0,0.10424077962697093
2026-01-14 12:30:00,AWS_01,0,normal,none,0,0.065951090822014
2026-01-14 12:45:00,AWS_01,0,normal,none,0,0.07881496146827222
2026-01-14 13:00:00,AWS_01,0,normal,none,0,0.07751965988323684
2026-01-14 13:15:00,AWS_01,0,normal,none,0,0.08189479874965538
2026-01-14 13:30:00,AWS_01,0,normal,none,0,0.0996035423279375
2026-01-14 13:45:00,AWS_01,0,normal,none,0,0.0937613902920873
2026-01-14 14:00:00,AWS_01,0,normal,none,0,0.07828057285755535
2026-01-14 14:15:00,AWS_01,0,normal,none,0,0.06633241037234688
2026-01-14 14:30:00,AWS_01,0,normal,none,0,0.05768157100006083
2026-01-14 14:45:00,AWS_01,0,normal,none,0,0.05608192516294225
2026-01-14 15:00:00,AWS_01,0,normal,none,0,0.10124795422967803
2026-01-14 15:15:00,AWS_01,0,normal,none,0,0.09586052220437896
2026-01-14 15:30:00,AWS_01,0,normal,none,0,0.059496798697038
2026-01-14 15:45:00,AWS_01,0,normal,none,0,0.09481783997299659
2026-01-14 16:00:00,AWS_01,0,normal,none,0,0.07608734077224377
2026-01-14 16:15:00,AWS_01,0,normal,none,0,0.06693427464672175
2026-01-14 16:30:00,AWS_01,0,normal,none,0,0.08758794797429759
2026-01-14 16:45:00,AWS_01,0,normal,none,0,0.08302649922940647
2026-01-14 17:00:00,AWS_01,0,normal,none,0,0.09911630827741241
2026-01-14 17:15:00,AWS_01,0,normal,none,0,0.06671530834815076
2026-01-14 17:30:00,AWS_01,0,normal,none,0,0.0822639874470672
2026-01-14 17:45:00,AWS_01,0,normal,none,0,0.0841699905416613
2026-01-14 18:00:00,AWS_01,0,normal,none,0,0.09943896945876413
2026-01-14 18:15:00,AWS_01,0,normal,none,0,0.10301377371157722
2026-01-14 18:30:00,AWS_01,0,normal,none,0,0.0980677470998027
2026-01-14 18:45:00,AWS_01,0,normal,none,0,0.11155582425212529
2026-01-14 19:00:00,AWS_01,0,normal,none,0,0.08371488977427743
2026-01-14 19:15:00,AWS_01,0,normal,none,0,0.07868688009303554
2026-01-14 19:30:00,AWS_01,0,normal,none,0,0.0744034573780698
2026-01-14 19:45:00,AWS_01,0,normal,none,0,0.02582178740199803
2026-01-14 20:00:00,AWS_01,0,normal,none,0,0.11939244982609493
2026-01-14 20:15:00,AWS_01,0,normal,none,0,0.11863823070282348
2026-01-14 20:30:00,AWS_01,0,normal,none,0,0.10382256117141775
2026-01-14 20:45:00,AWS_01,0,normal,none,0,0.0863386791404715
2026-01-14 21:00:00,AWS_01,0,normal,none,0,0.11589671893427744
2026-01-14 21:15:00,AWS_01,0,normal,none,0,0.11552202175401094
2026-01-14 21:30:00,AWS_01,0,normal,none,0,0.11190494042577043
2026-01-14 21:45:00,AWS_01,0,normal,none,0,0.09438105994951407
2026-01-14 22:00:00,AWS_01,0,normal,none,0,0.07808755736063616
2026-01-14 22:15:00,AWS_01,0,normal,none,0,0.0761757281296691
2026-01-14 22:30:00,AWS_01,0,normal,none,0,0.1273864835537104
2026-01-14 22:45:00,AWS_01,0,normal,none,0,0.06364152742711504
2026-01-14 23:00:00,AWS_01,0,normal,none,0,0.09635110246268586
2026-01-14 23:15:00,AWS_01,0,normal,none,0,0.0995276362392849
2026-01-14 23:30:00,AWS_01,0,normal,none,0,0.11275444454919803
2026-01-14 23:45:00,AWS_01,0,normal,none,0,0.10341662220447473
2026-01-15 00:00:00,AWS_01,0,normal,none,0,0.09767813450170171
2026-01-15 00:15:00,AWS_01,1,frozen_sensor,temperature,0,0.10352227155113303
2026-01-15 00:30:00,AWS_01,1,frozen_sensor,temperature,0,0.11827749032119911
2026-01-15 00:45:00,AWS_01,1,frozen_sensor,temperature,0,0.11016254621660176
2026-01-15 01:00:00,AWS_01,1,frozen_sensor,temperature,0,0.11740501742979298
2026-01-15 01:15:00,AWS_01,1,frozen_sensor,temperature,0,0.10129460801494766
2026-01-15 01:30:00,AWS_01,1,frozen_sensor,temperature,0,0.08015418768626087
2026-01-15 01:45:00,AWS_01,1,frozen_sensor,temperature,0,0.10849544057866672
2026-01-15 02:00:00,AWS_01,1,frozen_sensor,temperature,0,0.1115015571520902
2026-01-15 02:15:00,AWS_01,1,frozen_sensor,temperature,0,0.09992450906263622
2026-01-15 02:30:00,AWS_01,1,frozen_sensor,temperature,0,0.05061565485034647
2026-01-15 02:45:00,AWS_01,1,frozen_sensor,temperature,0,0.09418971563725531
2026-01-15 03:00:00,AWS_01,1,frozen_sensor,temperature,0,0.08579493235111246
2026-01-15 03:15:00,AWS_01,1,frozen_sensor,temperature,0,0.10331698437350717
2026-01-15 03:30:00,AWS_01,1,frozen_sensor,temperature,0,0.10528612255336806
2026-01-15 03:45:00,AWS_01,1,frozen_sensor,temperature,0,0.10021424004858726
2026-01-15 04:00:00,AWS_01,1,frozen_sensor,temperature,0,0.11418161465539445
2026-01-15 04:15:00,AWS_01,1,frozen_sensor,temperature,0,0.09497612298623076
2026-01-15 04:30:00,AWS_01,1,frozen_sensor,temperature,0,0.1134753824850242
2026-01-15 04:45:00,AWS_01,1,frozen_sensor,temperature,0,0.10751485608848604
2026-01-15 05:00:00,AWS_01,1,frozen_sensor,temperature,0,0.09120725500855653
2026-01-15 05:15:00,AWS_01,1,frozen_sensor,temperature,0,0.09330198940842982
2026-01-15 05:30:00,AWS_01,1,frozen_sensor,temperature,0,0.10226138987447442
2026-01-15 05:45:00,AWS_01,1,frozen_sensor,temperature,0,0.10482543296035601
2026-01-15 06:00:00,AWS_01,1,frozen_sensor,temperature,0,0.1096484626569923
2026-01-15 06:15:00,AWS_01,0,normal,none,0,0.03797241856254885
2026-01-15 06:30:00,AWS_01,0,normal,none,0,0.10045090657837324
2026-01-15 06:45:00,AWS_01,0,normal,none,0,0.10570718155583919
2026-01-15 07:00:00,AWS_01,0,normal,none,0,0.0886461367303249
2026-01-15 07:15:00,AWS_01,0,normal,none,0,0.09279417882072172
2026-01-15 07:30:00,AWS_01,0,normal,none,0,0.0793537269184002
2026-01-15 07:45:00,AWS_01,0,normal,none,0,0.10048793387968291
2026-01-15 08:00:00,AWS_01,0,normal,none,0,0.0698834179728986
2026-01-15 08:15:00,AWS_01,0,normal,none,0,0.056614976620822655
2026-01-15 08:30:00,AWS_01,0,normal,none,0,0.09124377375355014
2026-01-15 08:45:00,AWS_01,0,normal,none,0,0.06801901880247718
2026-01-15 09:00:00,AWS_01,0,normal,none,0,0.06775294849236857
2026-01-15 09:15:00,AWS_01,0,normal,none,0,0.10407100682202203
2026-01-15 09:30:00,AWS_01,0,normal,none,0,0.07214445547226922
2026-01-15 09:45:00,AWS_01,0,normal,none,0,0.10246448325629082
2026-01-15 10:00:00,AWS_01,0,normal,none,0,0.10607342943413711
2026-01-15 10:15:00,AWS_01,0,normal,none,0,0.09101529729044228
2026-01-15 10:30:00,AWS_01,0,normal,none,0,0.08925219991288341
2026-01-15 10:45:00,AWS_01,0,normal,none,0,0.09820337143541313
2026-01-15 11:00:00,AWS_01,0,normal,none,0,0.0854551788074851
2026-01-15 11:15:00,AWS_01,0,normal,none,0,0.09222227861219484
2026-01-15 11:30:00,AWS_01,0,normal,none,0,0.0899946652066827
2026-01-15 11:45:00,AWS_01,0,normal,none,0,0.08015848240758877
2026-01-15 12:00:00,AWS_01,0,normal,none,0,0.09640128013743188
2026-01-15 12:15:00,AWS_01,0,normal,none,0,0.05312010830082892
2026-01-15 12:30:00,AWS_01,0,normal,none,0,0.08715550719812104
2026-01-15 12:45:00,AWS_01,0,normal,none,0,0.08564087715740193
2026-01-15 13:00:00,AWS_01,0,normal,none,0,0.10437767812459858
2026-01-15 13:15:00,AWS_01,0,normal,none,0,0.10991511590488096
2026-01-15 13:30:00,AWS_01,0,normal,none,0,0.08569914638987552
2026-01-15 13:45:00,AWS_01,0,normal,none,0,0.09781834567972958
2026-01-15 14:00:00,AWS_01,0,normal,none,0,0.04865703226320539
2026-01-15 14:15:00,AWS_01,0,normal,none,0,0.07353787152713043
2026-01-15 14:30:00,AWS_01,0,normal,none,0,0.06987184515560196
2026-01-15 14:45:00,AWS_01,0,normal,none,0,0.06894344521989854
2026-01-15 15:00:00,AWS_01,0,normal,none,0,0.0940233954539762
2026-01-15 15:15:00,AWS_01,0,normal,none,0,0.09548085670203055
2026-01-15 15:30:00,AWS_01,0,normal,none,0,0.09274171942319914
2026-01-15 15:45:00,AWS_01,0,normal,none,0,0.10445167940959893
2026-01-15 16:00:00,AWS_01,0,normal,none,0,0.10952433183900528
2026-01-15 16:15:00,AWS_01,0,normal,none,0,0.08682637537069449
2026-01-15 16:30:00,AWS_01,0,normal,none,0,0.05994119987154772
2026-01-15 16:45:00,AWS_01,0,normal,none,0,0.05925707051223966
2026-01-15 17:00:00,AWS_01,0,normal,none,0,0.09062146971054552
2026-01-15 17:15:00,AWS_01,0,normal,none,0,0.07343506011272471
2026-01-15 17:30:00,AWS_01,0,normal,none,0,0.09163059343271684
2026-01-15 17:45:00,AWS_01,0,normal,none,0,0.0809069453992331
2026-01-15 18:00:00,AWS_01,0,normal,none,0,0.09880643423304913
2026-01-15 18:15:00,AWS_01,0,normal,none,0,0.06058521792553334
2026-01-15 18:30:00,AWS_01,0,normal,none,0,0.07794099472204213
2026-01-15 18:45:00,AWS_01,0,normal,none,0,0.09112602121558805
2026-01-15 19:00:00,AWS_01,0,normal,none,0,0.08682649740917708
2026-01-15 19:15:00,AWS_01,0,normal,none,0,0.1041270472571183
2026-01-15 19:30:00,AWS_01,0,normal,none,0,0.10540762662465786
2026-01-15 19:45:00,AWS_01,0,normal,none,0,0.09999569966642335
2026-01-15 20:00:00,AWS_01,0,normal,none,0,0.04488716760020328
2026-01-15 20:15:00,AWS_01,0,normal,none,0,0.06350027666167163
2026-01-15 20:30:00,AWS_01,0,normal,none,0,0.0913242817153857
2026-01-15 20:45:00,AWS_01,0,normal,none,0,0.10780284536864704
2026-01-15 21:00:00,AWS_01,0,normal,none,0,0.0609025869771716
2026-01-15 21:15:00,AWS_01,0,normal,none,0,0.10142207539817638
2026-01-15 21:30:00,AWS_01,0,normal,none,0,0.1189960935986456
2026-01-15 21:45:00,AWS_01,0,normal,none,0,0.11346169690296809
2026-01-15 22:00:00,AWS_01,0,normal,none,0,0.0792531067023241
2026-01-15 22:15:00,AWS_01,0,normal,none,0,0.10970257414430429
2026-01-15 22:30:00,AWS_01,0,normal,none,0,0.10734029381874788
2026-01-15 22:45:00,AWS_01,0,normal,none,0,0.11176085189581353
2026-01-15 23:00:00,AWS_01,0,normal,none,0,0.0959596759229035
2026-01-15 23:15:00,AWS_01,0,normal,none,0,0.07853350569787643
2026-01-15 23:30:00,AWS_01,0,normal,none,0,0.10133867142017111
2026-01-15 23:45:00,AWS_01,0,normal,none,0,0.09901582647198526
2026-01-16 00:00:00,AWS_01,0,normal,none,0,0.05888516873173061
2026-01-16 00:15:00,AWS_01,0,normal,none,0,0.07594506597473055
2026-01-16 00:30:00,AWS_01,1,temperature_spike,temperature,1,-0.011830856834157522
2026-01-16 00:45:00,AWS_01,0,normal,none,0,0.00021191909696616218
2026-01-16 01:00:00,AWS_01,0,normal,none,0,0.0562759199605386
2026-01-16 01:15:00,AWS_01,1,multivariate_inconsistency,humidity,1,-0.12532553514569433
2026-01-16 01:30:00,AWS_01,1,multivariate_inconsistency,humidity,1,-0.03344919934063839
2026-01-16 01:45:00,AWS_01,1,multivariate_inconsistency,humidity,1,-0.03344919934063839
2026-01-16 02:00:00,AWS_01,1,multivariate_inconsistency,humidity,1,-0.0313963962648911
2026-01-16 02:15:00,AWS_01,1,multivariate_inconsistency,humidity,1,-0.06844551445457259
2026-01-16 02:30:00,AWS_01,1,multivariate_inconsistency,humidity,0,0.07752110221328073
2026-01-16 02:45:00,AWS_01,0,normal,none,0,0.0405860890594284
2026-01-16 03:00:00,AWS_01,0,normal,none,0,0.09950228081084456
2026-01-16 03:15:00,AWS_01,0,normal,none,0,0.09767554128232364
2026-01-16 03:30:00,AWS_01,0,normal,none,0,0.10367045061763153
2026-01-16 03:45:00,AWS_01,0,normal,none,0,0.06663080868648413
2026-01-16 04:00:00,AWS_01,0,normal,none,0,0.11029240883809271
2026-01-16 04:15:00,AWS_01,0,normal,none,0,0.08263858934958485
2026-01-16 04:30:00,AWS_01,0,normal,none,0,0.10967852546482926
2026-01-16 04:45:00,AWS_01,0,normal,none,0,0.0680528432193172
2026-01-16 05:00:00,AWS_01,0,normal,none,0,0.07889257724474663
2026-01-16 05:15:00,AWS_01,0,normal,none,0,0.0954894820048352
2026-01-16 05:30:00,AWS_01,0,normal,none,0,0.052664843481993795
2026-01-16 05:45:00,AWS_01,0,normal,none,0,0.0792073083175936
2026-01-16 06:00:00,AWS_01,0,normal,none,0,0.0786229139599065
2026-01-16 06:15:00,AWS_01,0,normal,none,0,0.08687879576286595
2026-01-16 06:30:00,AWS_01,0,normal,none,0,0.089492438013551
2026-01-16 06:45:00,AWS_01,0,normal,none,0,0.0920424837904662
2026-01-16 07:00:00,AWS_01,0,normal,none,0,0.1001444585425923
2026-01-16 07:15:00,AWS_01,0,normal,none,0,0.09210945144029536
2026-01-16 07:30:00,AWS_01,0,normal,none,0,0.07228778152571086
2026-01-16 07:45:00,AWS_01,0,normal,none,0,0.06110952985979057
2026-01-16 08:00:00,AWS_01,0,normal,none,0,0.07241436298211629
2026-01-16 08:15:00,AWS_01,0,normal,none,0,0.08676164636201483
2026-01-16 08:30:00,AWS_01,0,normal,none,0,0.07523884866740221
2026-01-16 08:45:00,AWS_01,0,normal,none,0,0.06288314046139953
2026-01-16 09:00:00,AWS_01,0,normal,none,0,0.09273980530556941
2026-01-16 09:15:00,AWS_01,0,normal,none,0,0.09595534184937327
2026-01-16 09:30:00,AWS_01,0,normal,none,0,0.0819928529700984
2026-01-16 09:45:00,AWS_01,0,normal,none,0,0.09108481065144752
2026-01-16 10:00:00,AWS_01,0,normal,none,0,0.04659900834339814
2026-01-16 10:15:00,AWS_01,0,normal,none,0,0.06164280552863599
2026-01-16 10:30:00,AWS_01,0,normal,none,0,0.05398638880789575
2026-01-16 10:45:00,AWS_01,0,normal,none,0,0.05505080926032052
2026-01-16 11:00:00,AWS_01,0,normal,none,0,0.07880054858065672
2026-01-16 11:15:00,AWS_01,0,normal,none,0,0.04309566130653464
2026-01-16 11:30:00,AWS_01,0,normal,none,0,0.058761442373976125
2026-01-16 11:45:00,AWS_01,0,normal,none,0,0.025797127537418918
2026-01-16 12:00:00,AWS_01,0,normal,none,0,0.0535687777177174
2026-01-16 12:15:00,AWS_01,0,normal,none,0,0.05893392165299982
2026-01-16 12:30:00,AWS_01,0,normal,none,0,0.07756848749499695
2026-01-16 12:45:00,AWS_01,0,normal,none,0,0.02139081230103035
2026-01-16 13:00:00,AWS_01,0,normal,none,0,0.0885098752173809
2026-01-16 13:15:00,AWS_01,0,normal,none,0,0.07877720745228683
2026-01-16 13:30:00,AWS_01,0,normal,none,0,0.05226498535145435
2026-01-16 13:45:00,AWS_01,0,normal,none,0,0.060513601843108
2026-01-16 14:00:00,AWS_01,0,normal,none,0,0.06320589019991768
2026-01-16 14:15:00,AWS_01,0,normal,none,1,-0.009836129106673752
2026-01-16 14:30:00,AWS_01,0,normal,none,0,0.04280823468364492
2026-01-16 14:45:00,AWS_01,0,normal,none,0,0.04559628381460035
2026-01-16 15:00:00,AWS_01,0,normal,none,0,0.051068009245908874
2026-01-16 15:15:00,AWS_01,0,normal,none,0,0.06536582301409255
2026-01-16 15:30:00,AWS_01,0,normal,none,0,0.05618409223593046
2026-01-16 15:45:00,AWS_01,0,normal,none,0,0.0713487575242428
2026-01-16 16:00:00,AWS_01,0,normal,none,0,0.05013969424980286
2026-01-16 16:15:00,AWS_01,0,normal,none,0,0.07405778295104215
2026-01-16 16:30:00,AWS_01,0,normal,none,0,0.0444685564971713
2026-01-16 16:45:00,AWS_01,0,normal,none,0,0.06624168048007645
2026-01-16 17:00:00,AWS_01,0,normal,none,0,0.056647790492833694
2026-01-16 17:15:00,AWS_01,0,normal,none,0,0.05785659112665853
2026-01-16 17:30:00,AWS_01,0,normal,none,0,0.06775446229023807
2026-01-16 17:45:00,AWS_01,0,normal,none,0,0.07535856261505797
2026-01-16 18:00:00,AWS_01,0,normal,none,0,0.07756183801728189
2026-01-16 18:15:00,AWS_01,0,normal,none,0,0.06185982254384503
2026-01-16 18:30:00,AWS_01,0,normal,none,0,0.06525635428845478
2026-01-16 18:45:00,AWS_01,0,normal,none,0,0.07683862602991931
2026-01-16 19:00:00,AWS_01,0,normal,none,0,0.06959192596215574
2026-01-16 19:15:00,AWS_01,0,normal,none,0,0.09046291927395145
2026-01-16 19:30:00,AWS_01,0,normal,none,0,0.08871103807088498
2026-01-16 19:45:00,AWS_01,0,normal,none,0,0.08524399253411469
2026-01-16 20:00:00,AWS_01,0,normal,none,0,0.0661886450295519
2026-01-16 20:15:00,AWS_01,0,normal,none,0,0.07276963713245038
2026-01-16 20:30:00,AWS_01,0,normal,none,0,0.048897293938147346
2026-01-16 20:45:00,AWS_01,0,normal,none,0,0.09666727803521458
2026-01-16 21:00:00,AWS_01,0,normal,none,0,0.07943296220984064
2026-01-16 21:15:00,AWS_01,0,normal,none,0,0.05610032298748224
2026-01-16 21:30:00,AWS_01,0,normal,none,0,0.0909685865986859
2026-01-16 21:45:00,AWS_01,0,normal,none,0,0.09063889568194755
2026-01-16 22:00:00,AWS_01,0,normal,none,0,0.0913808016910248
2026-01-16 22:15:00,AWS_01,0,normal,none,0,0.08903363277134263
2026-01-16 22:30:00,AWS_01,0,normal,none,0,0.07113003962853032
2026-01-16 22:45:00,AWS_01,0,normal,none,0,0.07934939533450697
2026-01-16 23:00:00,AWS_01,0,normal,none,0,0.10592104638906408
2026-01-16 23:15:00,AWS_01,0,normal,none,0,0.07658030186112064
2026-01-16 23:30:00,AWS_01,0,normal,none,0,0.09458132434438071
2026-01-16 23:45:00,AWS_01,0,normal,none,0,0.10527750726489538
2026-01-17 00:00:00,AWS_01,0,normal,none,0,0.08825270008951736
2026-01-17 00:15:00,AWS_01,0,normal,none,0,0.0893538924292247
2026-01-17 00:30:00,AWS_01,0,normal,none,0,0.09857045932882075
2026-01-17 00:45:00,AWS_01,0,normal,none,0,0.0686618638251772
2026-01-17 01:00:00,AWS_01,0,normal,none,0,0.06739063675826351
2026-01-17 01:15:00,AWS_01,0,normal,none,0,0.07268768045682761
2026-01-17 01:30:00,AWS_01,0,normal,none,0,0.07230018368170887
2026-01-17 01:45:00,AWS_01,0,normal,none,0,0.08692727318900156
2026-01-17 02:00:00,AWS_01,0,normal,none,0,0.09583227739465544
2026-01-17 02:15:00,AWS_01,0,normal,none,0,0.057601208269045356
2026-01-17 02:30:00,AWS_01,0,normal,none,0,0.03851865836940571
2026-01-17 02:45:00,AWS_01,0,normal,none,0,0.11152959231840243
2026-01-17 03:00:00,AWS_01,0,normal,none,0,0.08961622315626294
2026-01-17 03:15:00,AWS_01,0,normal,none,0,0.07967188492857591
2026-01-17 03:30:00,AWS_01,0,normal,none,0,0.0759215397977307
2026-01-17 03:45:00,AWS_01,0,normal,none,0,0.11702125371226568
2026-01-17 04:00:00,AWS_01,0,normal,none,0,0.10014682263725139
2026-01-17 04:15:00,AWS_01,0,normal,none,0,0.08854954696866857
2026-01-17 04:30:00,AWS_01,0,normal,none,0,0.11099613311663653
2026-01-17 04:45:00,AWS_01,0,normal,none,0,0.10344443714016649
2026-01-17 05:00:00,AWS_01,0,normal,none,0,0.10181203763963542
2026-01-17 05:15:00,AWS_01,0,normal,none,0,0.07421668109793672
2026-01-17 05:30:00,AWS_01,0,normal,none,0,0.09464943056130887
2026-01-17 05:45:00,AWS_01,0,normal,none,0,0.10151678783170381
2026-01-17 06:00:00,AWS_01,0,normal,none,0,0.10379409261699996
2026-01-17 06:15:00,AWS_01,0,normal,none,0,0.09496205617678238
2026-01-17 06:30:00,AWS_01,0,normal,none,0,0.07714105416184974
2026-01-17 06:45:00,AWS_01,0,normal,none,0,0.10196771017890977
2026-01-17 07:00:00,AWS_01,0,normal,none,0,0.10360666770555871
2026-01-17 07:15:00,AWS_01,0,normal,none,0,0.09788591177202
2026-01-17 07:30:00,AWS_01,0,normal,none,0,0.10519274752575836
2026-01-17 07:45:00,AWS_01,0,normal,none,0,0.06119015810694384
2026-01-17 08:00:00,AWS_01,0,normal,none,0,0.08662398378099945
2026-01-17 08:15:00,AWS_01,0,normal,none,0,0.07232830595037104
2026-01-17 08:30:00,AWS_01,0,normal,none,0,0.0964359224005032
2026-01-17 08:45:00,AWS_01,0,normal,none,0,0.0721739994800567
2026-01-17 09:00:00,AWS_01,0,normal,none,0,0.07561908277106266
2026-01-17 09:15:00,AWS_01,0,normal,none,0,0.0939889623464284
2026-01-17 09:30:00,AWS_01,0,normal,none,0,0.06659567958568369
2026-01-17 09:45:00,AWS_01,0,normal,none,0,0.10130856266387367
2026-01-17 10:00:00,AWS_01,0,normal,none,0,0.07204664642810887
2026-01-17 10:15:00,AWS_01,0,normal,none,0,0.03530725967253623
2026-01-17 10:30:00,AWS_01,0,normal,none,0,0.04968774722970887
2026-01-17 10:45:00,AWS_01,0,normal,none,0,0.07116843265960088
2026-01-17 11:00:00,AWS_01,0,normal,none,0,0.0750519235188934
2026-01-17 11:15:00,AWS_01,0,normal,none,0,0.07769131242074273
2026-01-17 11:30:00,AWS_01,0,normal,none,0,0.0748738090918058
2026-01-17 11:45:00,AWS_01,0,normal,none,0,0.06109530570599114
2026-01-17 12:00:00,AWS_01,0,normal,none,0,0.10432779169041334
2026-01-17 12:15:00,AWS_01,0,normal,none,0,0.10821176255509435
2026-01-17 12:30:00,AWS_01,0,normal,none,0,0.03673661452974586
2026-01-17 12:45:00,AWS_01,0,normal,none,0,0.10265839164610574
2026-01-17 13:00:00,AWS_01,0,normal,none,0,0.09604444768151832
2026-01-17 13:15:00,AWS_01,0,normal,none,0,0.09684815143494607
2026-01-17 13:30:00,AWS_01,0,normal,none,0,0.09731466141995343
2026-01-17 13:45:00,AWS_01,0,normal,none,0,0.06897349933173336
2026-01-17 14:00:00,AWS_01,0,normal,none,0,0.0986932065181147
2026-01-17 14:15:00,AWS_01,0,normal,none,0,0.09892680124557096
2026-01-17 14:30:00,AWS_01,0,normal,none,0,0.08458218098149528
2026-01-17 14:45:00,AWS_01,0,normal,none,0,0.08780639737864626
2026-01-17 15:00:00,AWS_01,0,normal,none,0,0.0929172300077119
2026-01-17 15:15:00,AWS_01,0,normal,none,0,0.05804261314230402
2026-01-17 15:30:00,AWS_01,0,normal,none,0,0.07689335933700653
2026-01-17 15:45:00,AWS_01,0,normal,none,0,0.07214417043972005
2026-01-17 16:00:00,AWS_01,0,normal,none,0,0.09177945446908453
2026-01-17 16:15:00,AWS_01,0,normal,none,0,0.060910977388051346
2026-01-17 16:30:00,AWS_01,0,normal,none,0,0.09181214174136382
2026-01-17 16:45:00,AWS_01,0,normal,none,0,0.11152347468389079
2026-01-17 17:00:00,AWS_01,0,normal,none,0,0.10290539533232923
2026-01-17 17:15:00,AWS_01,0,normal,none,0,0.08373474699215894
2026-01-17 17:30:00,AWS_01,0,normal,none,0,0.0978294210743596
2026-01-17 17:45:00,AWS_01,0,normal,none,0,0.09851144973776438
2026-01-17 18:00:00,AWS_01,0,normal,none,0,0.09571268046076575
2026-01-17 18:15:00,AWS_01,0,normal,none,0,0.09965402985997468
2026-01-17 18:30:00,AWS_01,0,normal,none,0,0.10418736099098946
2026-01-17 18:45:00,AWS_01,0,normal,none,0,0.07131457839852179
2026-01-17 19:00:00,AWS_01,0,normal,none,0,0.10564984230995622
2026-01-17 19:15:00,AWS_01,0,normal,none,0,0.10304939895425763
2026-01-17 19:30:00,AWS_01,0,normal,none,0,0.09996871476010344
2026-01-17 19:45:00,AWS_01,0,normal,none,0,0.07809968861657635
2026-01-17 20:00:00,AWS_01,0,normal,none,0,0.0704318590385013
2026-01-17 20:15:00,AWS_01,0,normal,none,0,0.10981668523832572
2026-01-17 20:30:00,AWS_01,0,normal,none,0,0.07355227406872494
2026-01-17 20:45:00,AWS_01,0,normal,none,0,0.10922614840103351
2026-01-17 21:00:00,AWS_01,0,normal,none,0,0.11757017651569168
2026-01-17 21:15:00,AWS_01,0,normal,none,0,0.06292090998084926
2026-01-17 21:30:00,AWS_01,0,normal,none,0,0.11029997788960438
2026-01-17 21:45:00,AWS_01,0,normal,none,0,0.11223464045431919
2026-01-17 22:00:00,AWS_01,0,normal,none,0,0.11243138267607694
2026-01-17 22:15:00,AWS_01,0,normal,none,0,0.11845367715366467
2026-01-17 22:30:00,AWS_01,0,normal,none,0,0.10487116315226447
2026-01-17 22:45:00,AWS_01,0,normal,none,0,0.11764216839333469
2026-01-17 23:00:00,AWS_01,0,normal,none,0,0.11231689519567817
2026-01-17 23:15:00,AWS_01,0,normal,none,0,0.11334310407928877
2026-01-17 23:30:00,AWS_01,0,normal,none,0,0.11722616130481261
2026-01-17 23:45:00,AWS_01,0,normal,none,0,0.1073677102505517
2026-01-18 00:00:00,AWS_01,0,normal,none,0,0.062237280321011834
2026-01-18 00:15:00,AWS_01,0,normal,none,0,0.08372048733601006
2026-01-18 00:30:00,AWS_01,1,multivariate_inconsistency,humidity,1,-0.020832766035751682
2026-01-18 00:45:00,AWS_01,1,multivariate_inconsistency,humidity,0,0.06860078726049373
2026-01-18 01:00:00,AWS_01,1,multivariate_inconsistency,humidity,1,-0.013010601907372243
2026-01-18 01:15:00,AWS_01,1,multivariate_inconsistency,humidity,0,0.040868570907140245
2026-01-18 01:30:00,AWS_01,1,multivariate_inconsistency,humidity,0,0.032765617077739284
2026-01-18 01:45:00,AWS_01,1,multivariate_inconsistency,humidity,0,0.03785013259187997
2026-01-18 02:00:00,AWS_01,1,frozen_sensor,temperature,0,0.0109087260402847
2026-01-18 02:15:00,AWS_01,1,frozen_sensor,temperature,0,0.05919714780712931
2026-01-18 02:30:00,AWS_01,1,frozen_sensor,temperature,0,0.040536267985460395
2026-01-18 02:45:00,AWS_01,1,frozen_sensor,temperature,0,0.051468725577814234
2026-01-18 03:00:00,AWS_01,1,frozen_sensor,temperature,0,0.06217190751798496
2026-01-18 03:15:00,AWS_01,1,frozen_sensor,temperature,0,0.0635062250118954
2026-01-18 03:30:00,AWS_01,1,frozen_sensor,temperature,0,0.05265483438183172
2026-01-18 03:45:00,AWS_01,1,frozen_sensor,temperature,0,0.0532948327445566
2026-01-18 04:00:00,AWS_01,1,frozen_sensor,temperature,0,0.04820584554243168
2026-01-18 04:15:00,AWS_01,1,frozen_sensor,temperature,0,0.05975769029388173
2026-01-18 04:30:00,AWS_01,1,frozen_sensor,temperature,0,0.04449904423914719
2026-01-18 04:45:00,AWS_01,1,frozen_sensor,temperature,0,0.05935165604876946
2026-01-18 05:00:00,AWS_01,1,frozen_sensor,temperature,0,0.048439831362782515
2026-01-18 05:15:00,AWS_01,1,frozen_sensor,temperature,0,0.048869642981611894
2026-01-18 05:30:00,AWS_01,1,frozen_sensor,temperature,0,0.047815165285673755
2026-01-18 05:45:00,AWS_01,1,frozen_sensor,temperature,0,0.05777923446240879
2026-01-18 06:00:00,AWS_01,1,frozen_sensor,temperature,0,0.045699226708597385
2026-01-18 06:15:00,AWS_01,1,frozen_sensor,temperature,1,-0.0031020174536616762
2026-01-18 06:30:00,AWS_01,1,frozen_sensor,temperature,0,0.04334477545741244
2026-01-18 06:45:00,AWS_01,1,frozen_sensor,temperature,0,0.053571907223911586
2026-01-18 07:00:00,AWS_01,0,normal,none,0,0.035861577735628924
2026-01-18 07:15:00,AWS_01,0,normal,none,0,0.04271620022521494
2026-01-18 07:30:00,AWS_01,0,normal,none,0,0.026211635233391428
2026-01-18 07:45:00,AWS_01,0,normal,none,0,0.043838297138722226
2026-01-18 08:00:00,AWS_01,0,normal,none,0,0.06293841321409616
2026-01-18 08:15:00,AWS_01,0,normal,none,0,0.08499002908495662
2026-01-18 08:30:00,AWS_01,0,normal,none,0,0.09373913235290393
2026-01-18 08:45:00,AWS_01,0,normal,none,0,0.09959594011608408
2026-01-18 09:00:00,AWS_01,0,normal,none,0,0.08907714456971766
2026-01-18 09:15:00,AWS_01,0,normal,none,0,0.08131242265371302
2026-01-18 09:30:00,AWS_01,0,normal,none,0,0.07273014695647995
2026-01-18 09:45:00,AWS_01,0,normal,none,0,0.08665604020064122
2026-01-18 10:00:00,AWS_01,0,normal,none,0,0.10102237505373074
2026-01-18 10:15:00,AWS_01,0,normal,none,0,0.09134672013729433
2026-01-18 10:30:00,AWS_01,0,normal,none,0,0.05437971639441164
2026-01-18 10:45:00,AWS_01,0,normal,none,0,0.09082214171306224
2026-01-18 11:00:00,AWS_01,0,normal,none,0,0.09776776824851613
2026-01-18 11:15:00,AWS_01,0,normal,none,0,0.01356622208267999
2026-01-18 11:30:00,AWS_01,0,normal,none,0,0.07048448010120983
2026-01-18 11:45:00,AWS_01,0,normal,none,0,0.08518236638959659
2026-01-18 12:00:00,AWS_01,0,normal,none,0,0.08042985185357487
2026-01-18 12:15:00,AWS_01,0,normal,none,0,0.06305036364510419
2026-01-18 12:30:00,AWS_01,0,normal,none,0,0.06683374091984229
2026-01-18 12:45:00,AWS_01,0,normal,none,0,0.06832837024281485
2026-01-18 13:00:00,AWS_01,0,normal,none,0,0.08361533789646308
2026-01-18 13:15:00,AWS_01,0,normal,none,0,0.07068781173895422
2026-01-18 13:30:00,AWS_01,0,normal,none,0,0.06709032344982702
2026-01-18 13:45:00,AWS_01,0,normal,none,0,0.07785978353237782
2026-01-18 14:00:00,AWS_01,0,normal,none,0,0.04861949819476008
2026-01-18 14:15:00,AWS_01,0,normal,none,0,0.07703090811755198
2026-01-18 14:30:00,AWS_01,0,normal,none,0,0.04641336157315201
2026-01-18 14:45:00,AWS_01,0,normal,none,0,0.08086391587242209
2026-01-18 15:00:00,AWS_01,0,normal,none,0,0.0506139680392837
2026-01-18 15:15:00,AWS_01,0,normal,none,0,0.04773097380233038
2026-01-18 15:30:00,AWS_01,0,normal,none,0,0.07925446291374072
2026-01-18 15:45:00,AWS_01,0,normal,none,0,0.07047107586654427
2026-01-18 16:00:00,AWS_01,0,normal,none,0,0.06257347657592188
2026-01-18 16:15:00,AWS_01,0,normal,none,0,0.019932902178872336
2026-01-18 16:30:00,AWS_01,0,normal,none,0,0.02149797488171512
2026-01-18 16:45:00,AWS_01,0,normal,none,0,0.0734733876557419
2026-01-18 17:00:00,AWS_01,0,normal,none,0,0.08455926877946501
2026-01-18 17:15:00,AWS_01,0,normal,none,0,0.05429969002835605
2026-01-18 17:30:00,AWS_01,0,normal,none,0,0.07116067676291438
2026-01-18 17:45:00,AWS_01,0,normal,none,0,0.0619855057059861
2026-01-18 18:00:00,AWS_01,0,normal,none,0,0.04620911390112259
2026-01-18 18:15:00,AWS_01,0,normal,none,0,0.028436995578679847
2026-01-18 18:30:00,AWS_01,0,normal,none,0,0.05314611791188956
2026-01-18 18:45:00,AWS_01,0,normal,none,0,0.07377315307201732
2026-01-18 19:00:00,AWS_01,0,normal,none,0,0.0646705475322985
2026-01-18 19:15:00,AWS_01,0,normal,none,0,0.06997985103203624
2026-01-18 19:30:00,AWS_01,0,normal,none,0,0.08217810603945996
2026-01-18 19:45:00,AWS_01,0,normal,none,0,0.07110162584319829
2026-01-18 20:00:00,AWS_01,0,normal,none,0,0.07103204819997222
2026-01-18 20:15:00,AWS_01,0,normal,none,0,0.07519054912429968
2026-01-18 20:30:00,AWS_01,0,normal,none,0,0.055652301668746795
2026-01-18 20:45:00,AWS_01,0,normal,none,0,0.057339185033809414
2026-01-18 21:00:00,AWS_01,0,normal,none,0,0.05489774951220938
2026-01-18 21:15:00,AWS_01,0,normal,none,0,0.06189534639138283
2026-01-18 21:30:00,AWS_01,0,normal,none,0,0.0743220183302189
2026-01-18 21:45:00,AWS_01,0,normal,none,0,0.0983317667364565
2026-01-18 22:00:00,AWS_01,0,normal,none,0,0.09089998430236917
2026-01-18 22:15:00,AWS_01,0,normal,none,0,0.06892313696484154
2026-01-18 22:30:00,AWS_01,0,normal,none,0,0.09071193931397886
2026-01-18 22:45:00,AWS_01,0,normal,none,0,0.05929771270731138
2026-01-18 23:00:00,AWS_01,0,normal,none,0,0.06686412534652741
2026-01-18 23:15:00,AWS_01,0,normal,none,0,0.0810126686729642
2026-01-18 23:30:00,AWS_01,0,normal,none,0,0.06496840072059362
2026-01-18 23:45:00,AWS_01,0,normal,none,0,0.09043378715476358
2026-01-19 00:00:00,AWS_01,1,missing_data,all,0,0.08281036666278324
2026-01-19 00:15:00,AWS_01,1,missing_data,all,0,0.04250900899657928
2026-01-19 00:30:00,AWS_01,1,missing_data,all,0,0.06842991833188794
2026-01-19 00:45:00,AWS_01,1,missing_data,all,0,0.08167469256334287
2026-01-19 01:00:00,AWS_01,1,missing_data,all,0,0.07813947735723692
2026-01-19 01:15:00,AWS_01,1,missing_data,all,1,-0.12675861579294911
2026-01-19 01:30:00,AWS_01,1,missing_data,all,1,-0.03666833436804795
2026-01-19 01:45:00,AWS_01,1,missing_data,all,1,-0.03666833436804795
2026-01-19 02:00:00,AWS_01,1,power_failure,all,1,-0.03301437215377834
2026-01-19 02:15:00,AWS_01,0,normal,none,1,-0.04714786057502751
2026-01-19 02:30:00,AWS_01,0,normal,none,0,0.07166582918467024
2026-01-19 02:45:00,AWS_01,0,normal,none,0,0.10283872540876582
2026-01-19 03:00:00,AWS_01,0,normal,none,0,0.06520504657134141
2026-01-19 03:15:00,AWS_01,0,normal,none,0,0.08917046313236854
2026-01-19 03:30:00,AWS_01,0,normal,none,0,0.08352352280882075
2026-01-19 03:45:00,AWS_01,0,normal,none,0,0.0828210576915267
2026-01-19 04:00:00,AWS_01,0,normal,none,0,0.08392172178269514
2026-01-19 04:15:00,AWS_01,0,normal,none,0,0.1019107468933062
2026-01-19 04:30:00,AWS_01,0,normal,none,0,0.08741404467834113
2026-01-19 04:45:00,AWS_01,0,normal,none,0,0.09637015893544415
2026-01-19 05:00:00,AWS_01,0,normal,none,0,0.054035564674333514
2026-01-19 05:15:00,AWS_01,0,normal,none,0,0.0984391929232109
2026-01-19 05:30:00,AWS_01,0,normal,none,0,0.045767077579318194
2026-01-19 05:45:00,AWS_01,0,normal,none,0,0.030747708337861224
2026-01-19 06:00:00,AWS_01,0,normal,none,0,0.09862970208747146
2026-01-19 06:15:00,AWS_01,0,normal,none,0,0.08401697065077796
2026-01-19 06:30:00,AWS_01,0,normal,none,0,0.09379823776113683
2026-01-19 06:45:00,AWS_01,0,normal,none,0,0.06762491919143815
2026-01-19 07:00:00,AWS_01,0,normal,none,0,0.06476659464039136
2026-01-19 07:15:00,AWS_01,0,normal,none,0,0.0851851735107238
2026-01-19 07:30:00,AWS_01,0,normal,none,0,0.07414160310092216
2026-01-19 07:45:00,AWS_01,0,normal,none,0,0.08239845052803407
2026-01-19 08:00:00,AWS_01,0,normal,none,0,0.021434600351655675
2026-01-19 08:15:00,AWS_01,0,normal,none,0,0.08518897154421451
2026-01-19 08:30:00,AWS_01,0,normal,none,0,0.07390125532655756
2026-01-19 08:45:00,AWS_01,0,normal,none,0,0.06827266334892712
2026-01-19 09:00:00,AWS_01,0,normal,none,0,0.08057425712827199
2026-01-19 09:15:00,AWS_01,0,normal,none,0,0.07023463186784001
2026-01-19 09:30:00,AWS_01,0,normal,none,0,0.04555149652918489
2026-01-19 09:45:00,AWS_01,0,normal,none,0,0.07367501566704798
2026-01-19 10:00:00,AWS_01,0,normal,none,0,0.06260353587499778
2026-01-19 10:15:00,AWS_01,0,normal,none,0,0.05120857594444528
2026-01-19 10:30:00,AWS_01,0,normal,none,0,0.08029329323356654
2026-01-19 10:45:00,AWS_01,0,normal,none,0,0.0374875136475461
2026-01-19 11:00:00,AWS_01,0,normal,none,0,0.06315356797656718
2026-01-19 11:15:00,AWS_01,0,normal,none,0,0.06511589004666568
2026-01-19 11:30:00,AWS_01,0,normal,none,0,0.04770457279610529
2026-01-19 11:45:00,AWS_01,0,normal,none,0,0.06330314892695305
2026-01-19 12:00:00,AWS_01,0,normal,none,0,0.04897133246523644
2026-01-19 12:15:00,AWS_01,0,normal,none,0,0.01889009926062679
2026-01-19 12:30:00,AWS_01,0,normal,none,0,0.050586136146415384
2026-01-19 12:45:00,AWS_01,0,normal,none,0,0.054560099856328204
2026-01-19 13:00:00,AWS_01,0,normal,none,0,0.06105659195239399
2026-01-19 13:15:00,AWS_01,0,normal,none,0,0.06560902760410448
2026-01-19 13:30:00,AWS_01,0,normal,none,0,0.0703859341670367
2026-01-19 13:45:00,AWS_01,0,normal,none,0,0.07354447264340447
2026-01-19 14:00:00,AWS_01,0,normal,none,0,0.06134195429840239
2026-01-19 14:15:00,AWS_01,0,normal,none,0,0.053463397541316404
2026-01-19 14:30:00,AWS_01,0,normal,none,0,0.08060803563135566
2026-01-19 14:45:00,AWS_01,0,normal,none,0,0.06350289639380458
2026-01-19 15:00:00,AWS_01,0,normal,none,0,0.05954949659514469
2026-01-19 15:15:00,AWS_01,0,normal,none,0,0.04835440036218286
2026-01-19 15:30:00,AWS_01,0,normal,none,0,0.07643315469056994
2026-01-19 15:45:00,AWS_01,0,normal,none,0,0.060292924448138996
2026-01-19 16:00:00,AWS_01,0,normal,none,0,0.07938233520898347
2026-01-19 16:15:00,AWS_01,0,normal,none,0,0.08892519653934977
2026-01-19 16:30:00,AWS_01,0,normal,none,0,0.05748758964191475
2026-01-19 16:45:00,AWS_01,0,normal,none,0,0.05858114526374947
2026-01-19 17:00:00,AWS_01,0,normal,none,0,0.06001408591922741
2026-01-19 17:15:00,AWS_01,0,normal,none,0,0.08908529139633858
2026-01-19 17:30:00,AWS_01,0,normal,none,0,0.08097491019728265
2026-01-19 17:45:00,AWS_01,0,normal,none,0,0.07571002077104699
2026-01-19 18:00:00,AWS_01,0,normal,none,0,0.08472651942527804
2026-01-19 18:15:00,AWS_01,0,normal,none,0,0.08363095320706843
2026-01-19 18:30:00,AWS_01,0,normal,none,0,0.09075922788291041
2026-01-19 18:45:00,AWS_01,0,normal,none,0,0.02001470866064292
2026-01-19 19:00:00,AWS_01,0,normal,none,0,0.06443927469917243
2026-01-19 19:15:00,AWS_01,0,normal,none,0,0.09590724791456501
2026-01-19 19:30:00,AWS_01,0,normal,none,0,0.08957979882004063
2026-01-19 19:45:00,AWS_01,0,normal,none,0,0.0735287493554847
2026-01-19 20:00:00,AWS_01,0,normal,none,0,0.06836391915874085
2026-01-19 20:15:00,AWS_01,0,normal,none,0,0.08124030241722485
2026-01-19 20:30:00,AWS_01,0,normal,none,0,0.0905206543303228
2026-01-19 20:45:00,AWS_01,0,normal,none,0,0.09074094563373553
2026-01-19 21:00:00,AWS_01,0,normal,none,0,0.08375314814264634
2026-01-19 21:15:00,AWS_01,0,normal,none,0,0.09213746768323544
2026-01-19 21:30:00,AWS_01,0,normal,none,0,0.06402532770952679
2026-01-19 21:45:00,AWS_01,0,normal,none,0,0.06940857386176436
2026-01-19 22:00:00,AWS_01,0,normal,none,0,0.0703244912265037
2026-01-19 22:15:00,AWS_01,0,normal,none,0,0.06596718128765194
2026-01-19 22:30:00,AWS_01,0,normal,none,0,0.06835958271191794
2026-01-19 22:45:00,AWS_01,0,normal,none,0,0.08117657583276033
2026-01-19 23:00:00,AWS_01,0,normal,none,0,0.06841664402253461
2026-01-19 23:15:00,AWS_01,0,normal,none,0,0.10224017235728056
2026-01-19 23:30:00,AWS_01,0,normal,none,0,0.10316031572462059
2026-01-19 23:45:00,AWS_01,0,normal,none,0,0.10814922110952768
2026-01-20 00:00:00,AWS_01,0,normal,none,0,0.10587101112738762
2026-01-20 00:15:00,AWS_01,0,normal,none,0,0.1039835461248701
2026-01-20 00:30:00,AWS_01,0,normal,none,0,0.10428189379745528
2026-01-20 00:45:00,AWS_01,0,normal,none,0,0.05666732525821011
2026-01-20 01:00:00,AWS_01,1,multivariate_inconsistency,humidity,1,-0.003179278993488688
2026-01-20 01:15:00,AWS_01,1,multivariate_inconsistency,humidity,0,0.07427737804323242
2026-01-20 01:30:00,AWS_01,1,multivariate_inconsistency,humidity,0,0.060656775764932336
2026-01-20 01:45:00,AWS_01,1,multivariate_inconsistency,humidity,0,0.07502088197279905
2026-01-20 02:00:00,AWS_01,1,multivariate_inconsistency,humidity,0,0.06230069690782669
2026-01-20 02:15:00,AWS_01,1,multivariate_inconsistency,humidity,0,0.07608181779345335
2026-01-20 02:30:00,AWS_01,0,normal,none,0,0.05111253405319338
2026-01-20 02:45:00,AWS_01,0,normal,none,0,0.1012525369136329
2026-01-20 03:00:00,AWS_01,0,normal,none,0,0.10188008619578354
2026-01-20 03:15:00,AWS_01,0,normal,none,0,0.08800377030131074
2026-01-20 03:30:00,AWS_01,0,normal,none,0,0.09329691668975654
2026-01-20 03:45:00,AWS_01,0,normal,none,0,0.0974737552290581
2026-01-20 04:00:00,AWS_01,0,normal,none,0,0.09219045817777294
2026-01-20 04:15:00,AWS_01,0,normal,none,0,0.055600044958894035
2026-01-20 04:30:00,AWS_01,0,normal,none,0,0.09551428989886451
2026-01-20 04:45:00,AWS_01,0,normal,none,0,0.05736250867228204
2026-01-20 05:00:00,AWS_01,0,normal,none,0,0.0859317856510537
2026-01-20 05:15:00,AWS_01,0,normal,none,0,0.058589983558825054
2026-01-20 05:30:00,AWS_01,0,normal,none,0,0.0593921680498094
2026-01-20 05:45:00,AWS_01,0,normal,none,0,0.04955621273862759
2026-01-20 06:00:00,AWS_01,0,normal,none,0,0.0546324768680731
2026-01-20 06:15:00,AWS_01,0,normal,none,0,0.10531027758483191
2026-01-20 06:30:00,AWS_01,0,normal,none,0,0.09431679756212286
2026-01-20 06:45:00,AWS_01,0,normal,none,0,0.0492909443595716
2026-01-20 07:00:00,AWS_01,0,normal,none,0,0.07497045796455248
2026-01-20 07:15:00,AWS_01,0,normal,none,0,0.08099647522182352
2026-01-20 07:30:00,AWS_01,0,normal,none,0,0.09322548392466667
2026-01-20 07:45:00,AWS_01,0,normal,none,0,0.10084560092663891
2026-01-20 08:00:00,AWS_01,0,normal,none,0,0.09226210600336565
2026-01-20 08:15:00,AWS_01,0,normal,none,0,0.08804706462530337
2026-01-20 08:30:00,AWS_01,0,normal,none,0,0.05637659123990463
2026-01-20 08:45:00,AWS_01,0,normal,none,0,0.06857449798212867
2026-01-20 09:00:00,AWS_01,0,normal,none,0,0.08905367759614347
2026-01-20 09:15:00,AWS_01,0,normal,none,0,0.1001491040695317
2026-01-20 09:30:00,AWS_01,0,normal,none,0,0.0930633616872838
2026-01-20 09:45:00,AWS_01,0,normal,none,0,0.08978479483905416
2026-01-20 10:00:00,AWS_01,0,normal,none,0,0.06958208820215195
2026-01-20 10:15:00,AWS_01,0,normal,none,0,0.07754182996023556
2026-01-20 10:30:00,AWS_01,0,normal,none,0,0.07187864170758862
2026-01-20 10:45:00,AWS_01,0,normal,none,0,0.06661033890371282
2026-01-20 11:00:00,AWS_01,0,normal,none,0,0.08132866599273719
2026-01-20 11:15:00,AWS_01,0,normal,none,0,0.07036999994438664
2026-01-20 11:30:00,AWS_01,0,normal,none,0,0.0895853494528498
2026-01-20 11:45:00,AWS_01,0,normal,none,0,0.09050178042875762
2026-01-20 12:00:00,AWS_01,0,normal,none,0,0.09294092783727587
2026-01-20 12:15:00,AWS_01,0,normal,none,0,0.07500151715394049
2026-01-20 12:30:00,AWS_01,0,normal,none,0,0.06920140425850096
2026-01-20 12:45:00,AWS_01,0,normal,none,0,0.06840925276510601
2026-01-20 13:00:00,AWS_01,0,normal,none,0,0.05901987538692566
2026-01-20 13:15:00,AWS_01,0,normal,none,0,0.04727584708617716
2026-01-20 13:30:00,AWS_01,0,normal,none,0,0.03781716756719511
2026-01-20 13:45:00,AWS_01,0,normal,none,0,0.055917778826833575
2026-01-20 14:00:00,AWS_01,0,normal,none,0,0.027046673116920217
2026-01-20 14:15:00,AWS_01,0,normal,none,0,0.05001930407632127
2026-01-20 14:30:00,AWS_01,0,normal,none,0,0.05415625994270179
2026-01-20 14:45:00,AWS_01,0,normal,none,0,0.06926622237275654
2026-01-20 15:00:00,AWS_01,0,normal,none,0,0.09230828674369046
2026-01-20 15:15:00,AWS_01,0,normal,none,0,0.08237900115199448
2026-01-20 15:30:00,AWS_01,0,normal,none,0,0.07258421973494039
2026-01-20 15:45:00,AWS_01,0,normal,none,0,0.08485301945224699
2026-01-20 16:00:00,AWS_01,0,normal,none,0,0.0750581451640257
2026-01-20 16:15:00,AWS_01,0,normal,none,0,0.07813522855597832
2026-01-20 16:30:00,AWS_01,0,normal,none,0,0.06314450829084467
2026-01-20 16:45:00,AWS_01,0,normal,none,0,0.0711045502021464
2026-01-20 17:00:00,AWS_01,0,normal,none,0,0.08300942582952037
2026-01-20 17:15:00,AWS_01,0,normal,none,0,0.081628657957587
2026-01-20 17:30:00,AWS_01,0,normal,none,0,0.037937516441476804
2026-01-20 17:45:00,AWS_01,0,normal,none,0,0.03873170134471171
2026-01-20 18:00:00,AWS_01,0,normal,none,0,0.03792476185251903
2026-01-20 18:15:00,AWS_01,0,normal,none,0,0.04585737495478848
2026-01-20 18:30:00,AWS_01,0,normal,none,0,0.07513730510624289
2026-01-20 18:45:00,AWS_01,0,normal,none,0,0.024799503843883297
2026-01-20 19:00:00,AWS_01,0,normal,none,0,0.021099130276813094
2026-01-20 19:15:00,AWS_01,0,normal,none,0,0.09001687806596087
2026-01-20 19:30:00,AWS_01,0,normal,none,0,0.09196147602888355
2026-01-20 19:45:00,AWS_01,0,normal,none,0,0.06286937393739195
2026-01-20 20:00:00,AWS_01,0,normal,none,0,0.04915883119784992
2026-01-20 20:15:00,AWS_01,0,normal,none,0,0.07359142511305317
2026-01-20 20:30:00,AWS_01,0,normal,none,0,0.0989964782641683
2026-01-20 20:45:00,AWS_01,0,normal,none,0,0.0820158041922523
2026-01-20 21:00:00,AWS_01,0,normal,none,0,0.029325818542924487
2026-01-20 21:15:00,AWS_01,0,normal,none,0,0.05187991223853933
2026-01-20 21:30:00,AWS_01,0,normal,none,0,0.09787149480187379
2026-01-20 21:45:00,AWS_01,0,normal,none,0,0.09128423823407505
2026-01-20 22:00:00,AWS_01,0,normal,none,0,0.10711905368878805
2026-01-20 22:15:00,AWS_01,0,normal,none,0,0.08988380037955968
2026-01-20 22:30:00,AWS_01,0,normal,none,0,0.06312700197852805
2026-01-20 22:45:00,AWS_01,0,normal,none,0,0.06551923071217791
2026-01-20 23:00:00,AWS_01,0,normal,none,0,0.07677265940633354
2026-01-20 23:15:00,AWS_01,0,normal,none,0,0.07968132952116003
2026-01-20 23:30:00,AWS_01,0,normal,none,0,0.11185326802342171
2026-01-20 23:45:00,AWS_01,0,normal,none,0,0.08806843483571802
2026-01-21 00:00:00,AWS_01,0,normal,none,0,0.08001558344830884
2026-01-21 00:15:00,AWS_01,1,missing_data,all,0,0.0943558329473248
2026-01-21 00:30:00,AWS_01,1,missing_data,all,0,0.079980740578106
2026-01-21 00:45:00,AWS_01,1,missing_data,all,0,0.09780246434590456
2026-01-21 01:00:00,AWS_01,1,missing_data,all,0,0.055125062088786314
2026-01-21 01:15:00,AWS_01,1,missing_data,all,0,0.06491337137220227
2026-01-21 01:30:00,AWS_01,1,missing_data,all,0,0.06991841641100544
2026-01-21 01:45:00,AWS_01,1,missing_data,all,0,0.09127344366325152
2026-01-21 02:00:00,AWS_01,1,missing_data,all,0,0.10285762021073386
2026-01-21 02:15:00,AWS_01,1,frozen_sensor,temperature,0,0.08330260641393678
2026-01-21 02:30:00,AWS_01,1,frozen_sensor,temperature,0,0.07668103919980485
2026-01-21 02:45:00,AWS_01,1,frozen_sensor,temperature,0,0.0959192070332271
2026-01-21 03:00:00,AWS_01,1,frozen_sensor,temperature,0,0.08381506340503464
2026-01-21 03:15:00,AWS_01,1,frozen_sensor,temperature,0,0.08703474679288636
2026-01-21 03:30:00,AWS_01,1,frozen_sensor,temperature,0,0.09764786156841343
2026-01-21 03:45:00,AWS_01,1,frozen_sensor,temperature,0,0.05474739234709558
2026-01-21 04:00:00,AWS_01,1,frozen_sensor,temperature,0,0.08700315178189844
2026-01-21 04:15:00,AWS_01,1,frozen_sensor,temperature,0,0.10090225105393924
2026-01-21 04:30:00,AWS_01,1,frozen_sensor,temperature,0,0.1001184861587936
2026-01-21 04:45:00,AWS_01,1,frozen_sensor,temperature,0,0.10062663666420957
2026-01-21 05:00:00,AWS_01,1,frozen_sensor,temperature,0,0.09924805839998518
2026-01-21 05:15:00,AWS_01,1,frozen_sensor,temperature,0,0.037264699394551126
2026-01-21 05:30:00,AWS_01,1,frozen_sensor,temperature,0,0.052401918009731374
2026-01-21 05:45:00,AWS_01,1,frozen_sensor,temperature,0,0.08772176268613308
2026-01-21 06:00:00,AWS_01,1,frozen_sensor,temperature,0,0.08630885573076624
2026-01-21 06:15:00,AWS_01,1,frozen_sensor,temperature,0,0.07586263117224346
2026-01-21 06:30:00,AWS_01,1,frozen_sensor,temperature,0,0.07736683225684593
2026-01-21 06:45:00,AWS_01,1,frozen_sensor,temperature,0,0.09412562559723031
2026-01-21 07:00:00,AWS_01,0,normal,none,0,0.04705107778493112
2026-01-21 07:15:00,AWS_01,0,normal,none,0,0.09063072059206478
2026-01-21 07:30:00,AWS_01,0,normal,none,0,0.07972230712368095
2026-01-21 07:45:00,AWS_01,0,normal,none,0,0.10259772404035722
2026-01-21 08:00:00,AWS_01,0,normal,none,0,0.09514016467974867
2026-01-21 08:15:00,AWS_01,0,normal,none,0,0.09218429282111396
2026-01-21 08:30:00,AWS_01,0,normal,none,0,0.08801785005876012
2026-01-21 08:45:00,AWS_01,0,normal,none,0,0.06550045531627985
2026-01-21 09:00:00,AWS_01,0,normal,none,0,0.09015417506958279
2026-01-21 09:15:00,AWS_01,0,normal,none,0,0.06474141484695939
2026-01-21 09:30:00,AWS_01,0,normal,none,0,0.058629357962319384
2026-01-21 09:45:00,AWS_01,0,normal,none,0,0.09629017981184279
2026-01-21 10:00:00,AWS_01,0,normal,none,0,0.09980142696055277
2026-01-21 10:15:00,AWS_01,0,normal,none,0,0.07025232704672907
2026-01-21 10:30:00,AWS_01,0,normal,none,0,0.08262205705968889
2026-01-21 10:45:00,AWS_01,0,normal,none,0,0.08398310172343154
2026-01-21 11:00:00,AWS_01,0,normal,none,0,0.05477529276079657
2026-01-21 11:15:00,AWS_01,0,normal,none,0,0.06420344366212011
2026-01-21 11:30:00,AWS_01,0,normal,none,0,0.058518631338356664
2026-01-21 11:45:00,AWS_01,0,normal,none,0,0.06708688854168415
2026-01-21 12:00:00,AWS_01,0,normal,none,0,0.09148504849309474
2026-01-21 12:15:00,AWS_01,0,normal,none,0,0.048856530640872475
2026-01-21 12:30:00,AWS_01,0,normal,none,0,0.08302146948209216
2026-01-21 12:45:00,AWS_01,0,normal,none,0,0.06314555625269092
2026-01-21 13:00:00,AWS_01,0,normal,none,0,0.09076973832123525
2026-01-21 13:15:00,AWS_01,0,normal,none,0,0.066476606953701
2026-01-21 13:30:00,AWS_01,0,normal,none,0,0.0762570341026087
2026-01-21 13:45:00,AWS_01,0,normal,none,0,0.08229475463323166
2026-01-21 14:00:00,AWS_01,0,normal,none,0,0.08942345078717945
2026-01-21 14:15:00,AWS_01,0,normal,none,0,0.07732720228650047
2026-01-21 14:30:00,AWS_01,0,normal,none,0,0.06980261666541931
2026-01-21 14:45:00,AWS_01,0,normal,none,0,0.039635765905837284
2026-01-21 15:00:00,AWS_01,0,normal,none,0,0.08172493351735477
2026-01-21 15:15:00,AWS_01,0,normal,none,0,0.08651348931706537
2026-01-21 15:30:00,AWS_01,0,normal,none,0,0.09752403895583284
2026-01-21 15:45:00,AWS_01,0,normal,none,0,0.08666959747665032
2026-01-21 16:00:00,AWS_01,0,normal,none,0,0.08330951968999845
2026-01-21 16:15:00,AWS_01,0,normal,none,0,0.08197770311364483
2026-01-21 16:30:00,AWS_01,0,normal,none,0,0.04374830829658616
2026-01-21 16:45:00,AWS_01,0,normal,none,0,0.07384315230453198
2026-01-21 17:00:00,AWS_01,0,normal,none,0,0.08068019639722718
2026-01-21 17:15:00,AWS_01,0,normal,none,0,0.09491794391440156
2026-01-21 17:30:00,AWS_01,0,normal,none,0,0.05067463902614994
2026-01-21 17:45:00,AWS_01,0,normal,none,0,0.08218074316272589
2026-01-21 18:00:00,AWS_01,0,normal,none,0,0.08110679146433225
2026-01-21 18:15:00,AWS_01,0,normal,none,0,0.07158976760930319
2026-01-21 18:30:00,AWS_01,0,normal,none,0,0.07493613521679898
2026-01-21 18:45:00,AWS_01,0,normal,none,0,0.07940986769642167
2026-01-21 19:00:00,AWS_01,0,normal,none,0,0.09047816578023166
2026-01-21 19:15:00,AWS_01,0,normal,none,0,0.08161802094998127
2026-01-21 19:30:00,AWS_01,0,normal,none,0,0.07864704328314326
2026-01-21 19:45:00,AWS_01,0,normal,none,0,0.09741201030746788
2026-01-21 20:00:00,AWS_01,0,normal,none,0,0.089350659041529
2026-01-21 20:15:00,AWS_01,0,normal,none,0,0.09489547329264403
2026-01-21 20:30:00,AWS_01,0,normal,none,0,0.05545866567146218
2026-01-21 20:45:00,AWS_01,0,normal,none,0,0.09508204656787622
2026-01-21 21:00:00,AWS_01,0,normal,none,0,0.08540805700896043
2026-01-21 21:15:00,AWS_01,0,normal,none,0,0.09804984061482686
2026-01-21 21:30:00,AWS_01,0,normal,none,0,0.05804905795390036
2026-01-21 21:45:00,AWS_01,0,normal,none,0,0.08656749243287759
2026-01-21 22:00:00,AWS_01,0,normal,none,0,0.09997076968475416
2026-01-21 22:15:00,AWS_01,0,normal,none,0,0.09818329577622997
2026-01-21 22:30:00,AWS_01,0,normal,none,0,0.06429895994580026
2026-01-21 22:45:00,AWS_01,0,normal,none,0,0.10137172878310652
2026-01-21 23:00:00,AWS_01,0,normal,none,0,0.07306444484134195
2026-01-21 23:15:00,AWS_01,0,normal,none,0,0.07084645120638305
2026-01-21 23:30:00,AWS_01,0,normal,none,0,0.08832331535660415
2026-01-21 23:45:00,AWS_01,0,normal,none,0,0.07123866126252687
2026-01-22 00:00:00,AWS_01,1,multivariate_inconsistency,humidity,1,-0.014888937945369385
2026-01-22 00:15:00,AWS_01,1,multivariate_inconsistency,humidity,0,0.048994281511880344
2026-01-22 00:30:00,AWS_01,1,multivariate_inconsistency,humidity,0,0.043129387100566796
2026-01-22 00:45:00,AWS_01,1,multivariate_inconsistency,humidity,1,-0.13139823094791925
2026-01-22 01:00:00,AWS_01,1,multivariate_inconsistency,humidity,1,-0.0395938328793034
2026-01-22 01:15:00,AWS_01,1,multivariate_inconsistency,humidity,1,-0.0395938328793034
2026-01-22 01:30:00,AWS_01,1,power_failure,all,1,-0.08003639139823027
2026-01-22 01:45:00,AWS_01,0,normal,none,1,-0.05205787121071037
2026-01-22 02:00:00,AWS_01,0,normal,none,0,0.04015311817305589
2026-01-22 02:15:00,AWS_01,0,normal,none,0,0.0738610499734565
2026-01-22 02:30:00,AWS_01,0,normal,none,0,0.057561408005038506
2026-01-22 02:45:00,AWS_01,0,normal,none,0,0.08111354791618908
2026-01-22 03:00:00,AWS_01,0,normal,none,0,0.07972950770770854
2026-01-22 03:15:00,AWS_01,0,normal,none,0,0.08565651955845777
2026-01-22 03:30:00,AWS_01,0,normal,none,0,0.06347228994580534
2026-01-22 03:45:00,AWS_01,0,normal,none,0,0.08218867832906773
2026-01-22 04:00:00,AWS_01,0,normal,none,0,0.06704995478353043
2026-01-22 04:15:00,AWS_01,0,normal,none,0,0.08382903959757709
2026-01-22 04:30:00,AWS_01,0,normal,none,0,0.058299642953026753
2026-01-22 04:45:00,AWS_01,0,normal,none,0,0.053819452115100086
2026-01-22 05:00:00,AWS_01,0,normal,none,0,0.07374146772522411
2026-01-22 05:15:00,AWS_01,0,normal,none,0,0.06177373116398199
2026-01-22 05:30:00,AWS_01,0,normal,none,0,0.0780141013106258
2026-01-22 05:45:00,AWS_01,0,normal,none,0,0.0812168809938576
2026-01-22 06:00:00,AWS_01,0,normal,none,0,0.05176827680479329
2026-01-22 06:15:00,AWS_01,0,normal,none,0,0.04487025211646356
2026-01-22 06:30:00,AWS_01,0,normal,none,0,0.08314857525238789
2026-01-22 06:45:00,AWS_01,0,normal,none,0,0.08962942669116908
2026-01-22 07:00:00,AWS_01,0,normal,none,0,0.07741515737530819
2026-01-22 07:15:00,AWS_01,0,normal,none,0,0.0915398151433065
2026-01-22 07:30:00,AWS_01,0,normal,none,0,0.07534621859985119
2026-01-22 07:45:00,AWS_01,0,normal,none,0,0.08698435978047153
2026-01-22 08:00:00,AWS_01,0,normal,none,0,0.08242333204328833
2026-01-22 08:15:00,AWS_01,0,normal,none,0,0.0705797941779277
2026-01-22 08:30:00,AWS_01,0,normal,none,0,0.07898115523166871
2026-01-22 08:45:00,AWS_01,0,normal,none,0,0.07070965405758034
2026-01-22 09:00:00,AWS_01,0,normal,none,0,0.059097649765117555
2026-01-22 09:15:00,AWS_01,0,normal,none,0,0.09528256461012241
2026-01-22 09:30:00,AWS_01,0,normal,none,0,0.08918338054406022
2026-01-22 09:45:00,AWS_01,0,normal,none,0,0.08713870346848074
2026-01-22 10:00:00,AWS_01,0,normal,none,0,0.06448578202964489
2026-01-22 10:15:00,AWS_01,0,normal,none,0,0.06579901064204763
2026-01-22 10:30:00,AWS_01,0,normal,none,0,0.09362793817128079
2026-01-22 10:45:00,AWS_01,0,normal,none,0,0.06351182825439983
2026-01-22 11:00:00,AWS_01,0,normal,none,0,0.053249502541732274
2026-01-22 11:15:00,AWS_01,0,normal,none,0,0.0992408111537561
2026-01-22 11:30:00,AWS_01,0,normal,none,0,0.07106058798357906
2026-01-22 11:45:00,AWS_01,0,normal,none,0,0.08553214454865105
2026-01-22 12:00:00,AWS_01,0,normal,none,0,0.06277100926417306
2026-01-22 12:15:00,AWS_01,0,normal,none,0,0.09480136228983416
2026-01-22 12:30:00,AWS_01,0,normal,none,0,0.06542840695956964
2026-01-22 12:45:00,AWS_01,0,normal,none,0,0.0903186123267255
2026-01-22 13:00:00,AWS_01,0,normal,none,0,0.07342945359933828
2026-01-22 13:15:00,AWS_01,0,normal,none,0,0.08848836802654808
2026-01-22 13:30:00,AWS_01,0,normal,none,0,0.08223839966838437
2026-01-22 13:45:00,AWS_01,0,normal,none,0,0.07877886026835285
2026-01-22 14:00:00,AWS_01,0,normal,none,0,0.03774371506032581
2026-01-22 14:15:00,AWS_01,0,normal,none,0,0.08343480982388596
2026-01-22 14:30:00,AWS_01,0,normal,none,0,0.07106272302582123
2026-01-22 14:45:00,AWS_01,0,normal,none,0,0.0777411850065986
2026-01-22 15:00:00,AWS_01,0,normal,none,0,0.05982241369456626
2026-01-22 15:15:00,AWS_01,0,normal,none,0,0.07179927578228507
2026-01-22 15:30:00,AWS_01,0,normal,none,0,0.08556873656241715
2026-01-22 15:45:00,AWS_01,0,normal,none,0,0.09423325815381028
2026-01-22 16:00:00,AWS_01,0,normal,none,0,0.06855268823957883
2026-01-22 16:15:00,AWS_01,0,normal,none,0,0.07201639062716653
2026-01-22 16:30:00,AWS_01,0,normal,none,0,0.07371200702812009
2026-01-22 16:45:00,AWS_01,0,normal,none,0,0.08649678004467726
2026-01-22 17:00:00,AWS_01,0,normal,none,0,0.0898879840229852
2026-01-22 17:15:00,AWS_01,0,normal,none,0,0.08953249320491702
2026-01-22 17:30:00,AWS_01,0,normal,none,0,0.08716051589353463
2026-01-22 17:45:00,AWS_01,0,normal,none,0,0.08174221657508574
2026-01-22 18:00:00,AWS_01,0,normal,none,0,0.06996234529082901
2026-01-22 18:15:00,AWS_01,0,normal,none,0,0.07006891863166648
2026-01-22 18:30:00,AWS_01,0,normal,none,0,0.09308504965468528
2026-01-22 18:45:00,AWS_01,0,normal,none,0,0.06935978282373662
2026-01-22 19:00:00,AWS_01,0,normal,none,0,0.07994028765320282
2026-01-22 19:15:00,AWS_01,0,normal,none,0,0.08641984411378956
2026-01-22 19:30:00,AWS_01,0,normal,none,0,0.08267096722141437
2026-01-22 19:45:00,AWS_01,0,normal,none,0,0.06817594505443514
2026-01-22 20:00:00,AWS_01,0,normal,none,0,0.01350943929922177
2026-01-22 20:15:00,AWS_01,0,normal,none,0,0.059046502812199364
2026-01-22 20:30:00,AWS_01,0,normal,none,0,0.08726644467070227
2026-01-22 20:45:00,AWS_01,0,normal,none,0,0.08407581749626336
2026-01-22 21:00:00,AWS_01,0,normal,none,0,0.06420781682722837
2026-01-22 21:15:00,AWS_01,0,normal,none,0,0.09441659759455456
2026-01-22 21:30:00,AWS_01,0,normal,none,0,0.08985240056383131
2026-01-22 21:45:00,AWS_01,0,normal,none,0,0.10793669808444228
2026-01-22 22:00:00,AWS_01,0,normal,none,0,0.07646179732801694
2026-01-22 22:15:00,AWS_01,0,normal,none,0,0.07224250420650252
2026-01-22 22:30:00,AWS_01,0,normal,none,0,0.0732733588643138
2026-01-22 22:45:00,AWS_01,0,normal,none,0,0.10324948743986395
2026-01-22 23:00:00,AWS_01,0,normal,none,0,0.09970423376278043
2026-01-22 23:15:00,AWS_01,0,normal,none,0,0.06592972792420548
2026-01-22 23:30:00,AWS_01,0,normal,none,0,0.0368384789573567
2026-01-22 23:45:00,AWS_01,0,normal,none,0,0.07525377083526053
2026-01-23 00:00:00,AWS_01,0,normal,none,1,-0.022599777637620555
2026-01-23 00:15:00,AWS_01,0,normal,none,0,0.05162251181538807
2026-01-23 00:30:00,AWS_01,1,missing_data,all,0,0.03745648531713908
2026-01-23 00:45:00,AWS_01,1,missing_data,all,0,0.051786043246734026
2026-01-23 01:00:00,AWS_01,1,missing_data,all,0,0.04731589238700129
2026-01-23 01:15:00,AWS_01,1,missing_data,all,0,0.05170838608113115
2026-01-23 01:30:00,AWS_01,1,missing_data,all,0,0.005168401663982913
2026-01-23 01:45:00,AWS_01,1,missing_data,all,0,0.025965079837707128
2026-01-23 02:00:00,AWS_01,1,missing_data,all,0,0.011089599990866783
2026-01-23 02:15:00,AWS_01,1,missing_data,all,0,0.03684614746731496
2026-01-23 02:30:00,AWS_01,0,normal,none,0,0.0024749330183302387
2026-01-23 02:45:00,AWS_01,0,normal,none,0,0.018884788430784893
2026-01-23 03:00:00,AWS_01,0,normal,none,0,0.04485867510160357
2026-01-23 03:15:00,AWS_01,0,normal,none,0,0.03287519681800366
2026-01-23 03:30:00,AWS_01,0,normal,none,0,0.0023839752058505415
2026-01-23 03:45:00,AWS_01,0,normal,none,1,-0.025862721140214706
2026-01-23 04:00:00,AWS_01,0,normal,none,0,0.03312938137598709
2026-01-23 04:15:00,AWS_01,0,normal,none,0,0.030230019349798742
2026-01-23 04:30:00,AWS_01,0,normal,none,0,0.01905255058594979
2026-01-23 04:45:00,AWS_01,0,normal,none,0,0.018415324299549507
2026-01-23 05:00:00,AWS_01,0,normal,none,0,0.035961920547554094
2026-01-23 05:15:00,AWS_01,0,normal,none,0,0.03306008094664237
2026-01-23 05:30:00,AWS_01,0,normal,none,0,0.010472934334796125
2026-01-23 05:45:00,AWS_01,0,normal,none,0,0.024330714017398725
2026-01-23 06:00:00,AWS_01,0,normal,none,0,0.02547637756149701
2026-01-23 06:15:00,AWS_01,0,normal,none,0,0.02990830257469068
2026-01-23 06:30:00,AWS_01,0,normal,none,0,0.053698876761354764
2026-01-23 06:45:00,AWS_01,0,normal,none,0,0.09807183506086042
2026-01-23 07:00:00,AWS_01,0,normal,none,0,0.07946504240087554
2026-01-23 07:15:00,AWS_01,0,normal,none,0,0.08655073630585436
2026-01-23 07:30:00,AWS_01,0,normal,none,0,0.09326810648565437
2026-01-23 07:45:00,AWS_01,0,normal,none,0,0.06535762798009942
2026-01-23 08:00:00,AWS_01,0,normal,none,0,0.05447791387122297
2026-01-23 08:15:00,AWS_01,0,normal,none,0,0.07122540498874991
2026-01-23 08:30:00,AWS_01,0,normal,none,0,0.09810044904686449
2026-01-23 08:45:00,AWS_01,0,normal,none,0,0.09166934856679138
2026-01-23 09:00:00,AWS_01,0,normal,none,0,0.057835925993615145
2026-01-23 09:15:00,AWS_01,0,normal,none,0,0.07698685240525799
2026-01-23 09:30:00,AWS_01,0,normal,none,0,0.0849422825759295
2026-01-23 09:45:00,AWS_01,0,normal,none,0,0.04585002168998897
2026-01-23 10:00:00,AWS_01,0,normal,none,0,0.09302806549075543
2026-01-23 10:15:00,AWS_01,0,normal,none,0,0.08540196335959821
2026-01-23 10:30:00,AWS_01,0,normal,none,0,0.09513824560594758
2026-01-23 10:45:00,AWS_01,0,normal,none,0,0.08061310157947427
2026-01-23 11:00:00,AWS_01,0,normal,none,0,0.07947937005681777
2026-01-23 11:15:00,AWS_01,0,normal,none,0,0.04014586407443754
2026-01-23 11:30:00,AWS_01,0,normal,none,0,0.02277593131678013
2026-01-23 11:45:00,AWS_01,0,normal,none,0,0.0878669231060144
2026-01-23 12:00:00,AWS_01,0,normal,none,0,0.07901170024060217
2026-01-23 12:15:00,AWS_01,0,normal,none,0,0.08191745898568703
2026-01-23 12:30:00,AWS_01,0,normal,none,0,0.07559759853189674
2026-01-23 12:45:00,AWS_01,0,normal,none,0,0.0891738709208661
2026-01-23 13:00:00,AWS_01,0,normal,none,0,0.05875731189992345
2026-01-23 13:15:00,AWS_01,0,normal,none,0,0.06287920651568257
2026-01-23 13:30:00,AWS_01,0,normal,none,0,0.05534566373183741
2026-01-23 13:45:00,AWS_01,0,normal,none,0,0.0632736104940742
2026-01-23 14:00:00,AWS_01,0,normal,none,0,0.07882019173757954
2026-01-23 14:15:00,AWS_01,0,normal,none,0,0.07235964684976515
2026-01-23 14:30:00,AWS_01,0,normal,none,0,0.0642551645688822
2026-01-23 14:45:00,AWS_01,0,normal,none,0,0.07820156392496935
2026-01-23 15:00:00,AWS_01,0,normal,none,0,0.0728994438144025
2026-01-23 15:15:00,AWS_01,0,normal,none,0,0.0699631857196365
2026-01-23 15:30:00,AWS_01,0,normal,none,0,0.08066559900013304
2026-01-23 15:45:00,AWS_01,0,normal,none,0,0.06468741109502718
2026-01-23 16:00:00,AWS_01,0,normal,none,0,0.08490340300419397
2026-01-23 16:15:00,AWS_01,0,normal,none,0,0.03155476577240024
2026-01-23 16:30:00,AWS_01,0,normal,none,0,0.06605366784013772
2026-01-23 16:45:00,AWS_01,0,normal,none,0,0.06207359331111689
2026-01-23 17:00:00,AWS_01,0,normal,none,0,0.03773598590159355
2026-01-23 17:15:00,AWS_01,0,normal,none,0,0.08823049775762565
2026-01-23 17:30:00,AWS_01,0,normal,none,0,0.06474748913611877
2026-01-23 17:45:00,AWS_01,0,normal,none,0,0.07378580732746937
2026-01-23 18:00:00,AWS_01,0,normal,none,0,0.07872205662854975
2026-01-23 18:15:00,AWS_01,0,normal,none,0,0.08880453194923893
2026-01-23 18:30:00,AWS_01,0,normal,none,0,0.08359160647689506
2026-01-23 18:45:00,AWS_01,0,normal,none,0,0.09048199081330671
2026-01-23 19:00:00,AWS_01,0,normal,none,0,0.0628520679425425
2026-01-23 19:15:00,AWS_01,0,normal,none,0,0.08541337719480735
2026-01-23 19:30:00,AWS_01,0,normal,none,0,0.016144612983412188
2026-01-23 19:45:00,AWS_01,0,normal,none,0,0.08357668776351951
2026-01-23 20:00:00,AWS_01,0,normal,none,0,0.07664011865633358
2026-01-23 20:15:00,AWS_01,0,normal,none,0,0.03812360426981032
2026-01-23 20:30:00,AWS_01,0,normal,none,0,0.07339929390710564
2026-01-23 20:45:00,AWS_01,0,normal,none,0,0.08679174460666828
2026-01-23 21:00:00,AWS_01,0,normal,none,0,0.09942379761744263
2026-01-23 21:15:00,AWS_01,0,normal,none,0,0.1001517427738775
2026-01-23 21:30:00,AWS_01,0,normal,none,0,0.09684871029828396
2026-01-23 21:45:00,AWS_01,0,normal,none,0,0.0944051970399557
2026-01-23 22:00:00,AWS_01,0,normal,none,0,0.0924035756409764
2026-01-23 22:15:00,AWS_01,0,normal,none,0,0.10140042946273298
2026-01-23 22:30:00,AWS_01,0,normal,none,0,0.1070670311029589
2026-01-23 22:45:00,AWS_01,0,normal,none,0,0.060258806415705524
2026-01-23 23:00:00,AWS_01,0,normal,none,0,0.09120129851482894
2026-01-23 23:15:00,AWS_01,0,normal,none,0,0.09252663545204909
2026-01-23 23:30:00,AWS_01,0,normal,none,0,0.08339208508601342
2026-01-23 23:45:00,AWS_01,0,normal,none,0,0.0937104771185861
2026-01-24 00:00:00,AWS_01,0,normal,none,1,-0.015192945049329776
2026-01-24 00:15:00,AWS_01,1,frozen_sensor,temperature,0,0.039841063124855025
2026-01-24 00:30:00,AWS_01,1,multivariate_inconsistency,humidity,1,-0.06636110210466406
2026-01-24 00:45:00,AWS_01,1,multivariate_inconsistency,humidity,0,0.0017083321568108767
2026-01-24 01:00:00,AWS_01,1,multivariate_inconsistency,humidity,0,0.027865297768440822
2026-01-24 01:15:00,AWS_01,1,multivariate_inconsistency,humidity,0,0.028360956660173797
2026-01-24 01:30:00,AWS_01,1,multivariate_inconsistency,humidity,0,0.013821150744916522
2026-01-24 01:45:00,AWS_01,1,multivariate_inconsistency,humidity,0,0.0050700435405117705
2026-01-24 02:00:00,AWS_01,1,frozen_sensor,temperature,1,-0.021457586893375735
2026-01-24 02:15:00,AWS_01,1,frozen_sensor,temperature,0,0.017974456514992743
2026-01-24 02:30:00,AWS_01,1,frozen_sensor,temperature,0,0.007855775705150947
2026-01-24 02:45:00,AWS_01,1,frozen_sensor,temperature,0,0.004493242360910532
2026-01-24 03:00:00,AWS_01,1,frozen_sensor,temperature,0,0.04826915860949532
2026-01-24 03:15:00,AWS_01,1,frozen_sensor,temperature,0,0.04380118139009814
2026-01-24 03:30:00,AWS_01,1,frozen_sensor,temperature,0,0.04539091488903357
2026-01-24 03:45:00,AWS_01,1,frozen_sensor,temperature,0,0.021244381889818698
2026-01-24 04:00:00,AWS_01,1,frozen_sensor,temperature,0,0.03569464212610263
2026-01-24 04:15:00,AWS_01,1,frozen_sensor,temperature,0,0.0019685005908178788
2026-01-24 04:30:00,AWS_01,1,frozen_sensor,temperature,0,0.024198121870788514
2026-01-24 04:45:00,AWS_01,1,frozen_sensor,temperature,0,0.03250045274529911
2026-01-24 05:00:00,AWS_01,1,frozen_sensor,temperature,0,0.011762045630661966
2026-01-24 05:15:00,AWS_01,1,frozen_sensor,temperature,0,0.028084457984441147
2026-01-24 05:30:00,AWS_01,1,frozen_sensor,temperature,0,0.031206460789189094
2026-01-24 05:45:00,AWS_01,1,frozen_sensor,temperature,0,0.02826553874654436
2026-01-24 06:00:00,AWS_01,1,frozen_sensor,temperature,0,0.028163926839412157
2026-01-24 06:15:00,AWS_01,0,normal,none,0,0.05287291237561614
2026-01-24 06:30:00,AWS_01,0,normal,none,0,0.0854373207998742
2026-01-24 06:45:00,AWS_01,0,normal,none,0,0.04357297433812446
2026-01-24 07:00:00,AWS_01,0,normal,none,0,0.022680687733227622
2026-01-24 07:15:00,AWS_01,0,normal,none,0,0.02591292058589334
2026-01-24 07:30:00,AWS_01,0,normal,none,0,0.08587734618303527
2026-01-24 07:45:00,AWS_01,0,normal,none,0,0.0641348197739477
2026-01-24 08:00:00,AWS_01,0,normal,none,0,0.08849339548908791
2026-01-24 08:15:00,AWS_01,0,normal,none,0,0.08675069361573007
2026-01-24 08:30:00,AWS_01,0,normal,none,0,0.07995169894351051
2026-01-24 08:45:00,AWS_01,0,normal,none,0,0.08749437133161048
2026-01-24 09:00:00,AWS_01,0,normal,none,0,0.04789818371326571
2026-01-24 09:15:00,AWS_01,0,normal,none,0,0.08639521254946403
2026-01-24 09:30:00,AWS_01,0,normal,none,0,0.07926480218286336
2026-01-24 09:45:00,AWS_01,0,normal,none,0,0.06573389503905125
2026-01-24 10:00:00,AWS_01,0,normal,none,0,0.0774096351395675
2026-01-24 10:15:00,AWS_01,0,normal,none,0,0.08823694106437818
2026-01-24 10:30:00,AWS_01,0,normal,none,0,0.08759427303135442
2026-01-24 10:45:00,AWS_01,0,normal,none,0,0.07586145901611802
2026-01-24 11:00:00,AWS_01,0,normal,none,0,0.09046386577716359
2026-01-24 11:15:00,AWS_01,0,normal,none,0,0.09160748314278044
2026-01-24 11:30:00,AWS_01,0,normal,none,0,0.04816143333886802
2026-01-24 11:45:00,AWS_01,0,normal,none,0,0.07437624365668122
2026-01-24 12:00:00,AWS_01,0,normal,none,0,0.06302340595976746
2026-01-24 12:15:00,AWS_01,0,normal,none,0,0.09652665797169407
2026-01-24 12:30:00,AWS_01,0,normal,none,0,0.055955647751214865
2026-01-24 12:45:00,AWS_01,0,normal,none,0,0.07096867136180351
2026-01-24 13:00:00,AWS_01,0,normal,none,0,0.09729235286884891
2026-01-24 13:15:00,AWS_01,0,normal,none,0,0.08963889546267428
2026-01-24 13:30:00,AWS_01,0,normal,none,0,0.07895007285507394
2026-01-24 13:45:00,AWS_01,0,normal,none,0,0.06343088287686899
2026-01-24 14:00:00,AWS_01,0,normal,none,0,0.07718469120102034
2026-01-24 14:15:00,AWS_01,0,normal,none,0,0.07407163664300925
2026-01-24 14:30:00,AWS_01,0,normal,none,0,0.06781421497943751
2026-01-24 14:45:00,AWS_01,0,normal,none,0,0.09048021188643929
2026-01-24 15:00:00,AWS_01,0,normal,none,0,0.09214950893180901
2026-01-24 15:15:00,AWS_01,0,normal,none,0,0.10036657429798068
2026-01-24 15:30:00,AWS_01,0,normal,none,0,0.07661899810280642
2026-01-24 15:45:00,AWS_01,0,normal,none,0,0.05644944377296668
2026-01-24 16:00:00,AWS_01,0,normal,none,0,0.07897905215885193
2026-01-24 16:15:00,AWS_01,0,normal,none,0,0.07310903480044545
2026-01-24 16:30:00,AWS_01,0,normal,none,0,0.08850011438404315
2026-01-24 16:45:00,AWS_01,0,normal,none,0,0.0949165591811249
2026-01-24 17:00:00,AWS_01,0,normal,none,0,0.10451568007685247
2026-01-24 17:15:00,AWS_01,0,normal,none,0,0.08798830301774102
2026-01-24 17:30:00,AWS_01,0,normal,none,0,0.07515971214998879
2026-01-24 17:45:00,AWS_01,0,normal,none,0,0.08646183106809202
2026-01-24 18:00:00,AWS_01,0,normal,none,0,0.07878031700479654
2026-01-24 18:15:00,AWS_01,0,normal,none,0,0.032212216472688904
2026-01-24 18:30:00,AWS_01,0,normal,none,0,0.038966493170208394
2026-01-24 18:45:00,AWS_01,0,normal,none,0,0.08171899682709666
2026-01-24 19:00:00,AWS_01,0,normal,none,0,0.05411293453582777
2026-01-24 19:15:00,AWS_01,0,normal,none,0,0.05699274766598744
2026-01-24 19:30:00,AWS_01,0,normal,none,0,0.09488443537734598
2026-01-24 19:45:00,AWS_01,0,normal,none,0,0.10254293711255724
2026-01-24 20:00:00,AWS_01,0,normal,none,0,0.08920038357208626
2026-01-24 20:15:00,AWS_01,0,normal,none,0,0.09535362887038634
2026-01-24 20:30:00,AWS_01,0,normal,none,0,0.08406506193641117
2026-01-24 20:45:00,AWS_01,0,normal,none,0,0.07323961337357304
2026-01-24 21:00:00,AWS_01,0,normal,none,0,0.06873812015437525
2026-01-24 21:15:00,AWS_01,0,normal,none,0,0.08773236820917929
2026-01-24 21:30:00,AWS_01,0,normal,none,0,0.11047207709174872
2026-01-24 21:45:00,AWS_01,0,normal,none,0,0.1015771453575125
2026-01-24 22:00:00,AWS_01,0,normal,none,0,0.061780643931947765
2026-01-24 22:15:00,AWS_01,0,normal,none,0,0.1009733411848105
2026-01-24 22:30:00,AWS_01,0,normal,none,0,0.07634613895566489
2026-01-24 22:45:00,AWS_01,0,normal,none,0,0.05205232418145189
2026-01-24 23:00:00,AWS_01,0,normal,none,0,0.09213490792195517
2026-01-24 23:15:00,AWS_01,0,normal,none,0,0.08352855726958475
2026-01-24 23:30:00,AWS_01,0,normal,none,0,0.07491598146184242
2026-01-24 23:45:00,AWS_01,0,normal,none,0,0.10241396836034489
2026-01-25 00:00:00,AWS_01,0,normal,none,1,-0.007993548998721067
2026-01-25 00:15:00,AWS_01,0,normal,none,0,0.03578636652418532
2026-01-25 00:30:00,AWS_01,0,normal,none,0,0.021935801382931608
2026-01-25 00:45:00,AWS_01,0,normal,none,0,0.017176217393486293
2026-01-25 01:00:00,AWS_01,1,missing_data,all,0,0.03328426691362285
2026-01-25 01:15:00,AWS_01,1,missing_data,all,1,-0.13617259293530282
2026-01-25 01:30:00,AWS_01,1,missing_data,all,1,-0.03965445950741486
2026-01-25 01:45:00,AWS_01,1,missing_data,all,1,-0.03965445950741486
2026-01-25 02:00:00,AWS_01,1,missing_data,all,1,-0.03828279696727799
2026-01-25 02:15:00,AWS_01,1,missing_data,all,1,-0.08435959504919832
2026-01-25 02:30:00,AWS_01,1,missing_data,all,0,0.03675573211966421
2026-01-25 02:45:00,AWS_01,1,missing_data,all,0,0.03544791036239969
2026-01-25 03:00:00,AWS_01,0,normal,none,0,0.014792798079393155
2026-01-25 03:15:00,AWS_01,0,normal,none,0,0.014281721414207693
2026-01-25 03:30:00,AWS_01,0,normal,none,0,0.027042560731227017
2026-01-25 03:45:00,AWS_01,0,normal,none,0,0.03458906653882565
2026-01-25 04:00:00,AWS_01,0,normal,none,0,0.007060599961541403
2026-01-25 04:15:00,AWS_01,0,normal,none,0,0.028091737624618363
2026-01-25 04:30:00,AWS_01,0,normal,none,0,0.032839665186433886
2026-01-25 04:45:00,AWS_01,0,normal,none,0,0.014177743531744391
2026-01-25 05:00:00,AWS_01,0,normal,none,0,0.025748269637352883
2026-01-25 05:15:00,AWS_01,0,normal,none,0,0.032835297740754
2026-01-25 05:30:00,AWS_01,0,normal,none,0,0.03423203970804656
2026-01-25 05:45:00,AWS_01,0,normal,none,0,0.014027690607991694
2026-01-25 06:00:00,AWS_01,0,normal,none,0,0.019804928691669166
2026-01-25 06:15:00,AWS_01,0,normal,none,0,0.07815532396569597
2026-01-25 06:30:00,AWS_01,0,normal,none,0,0.08879363620891517
2026-01-25 06:45:00,AWS_01,0,normal,none,0,0.08767141026341713
2026-01-25 07:00:00,AWS_01,0,normal,none,0,0.07327415139166282
2026-01-25 07:15:00,AWS_01,0,normal,none,0,0.08184062980027973
2026-01-25 07:30:00,AWS_01,0,normal,none,0,0.07128925361676569
2026-01-25 07:45:00,AWS_01,0,normal,none,0,0.07613660042143156
2026-01-25 08:00:00,AWS_01,0,normal,none,0,0.07933158639094734
2026-01-25 08:15:00,AWS_01,0,normal,none,0,0.08264051734314654
2026-01-25 08:30:00,AWS_01,0,normal,none,0,0.05503316541066949
2026-01-25 08:45:00,AWS_01,0,normal,none,0,0.06944705594321421
2026-01-25 09:00:00,AWS_01,0,normal,none,1,-0.0077360948981873845
2026-01-25 09:15:00,AWS_01,0,normal,none,0,0.05681313147483974
2026-01-25 09:30:00,AWS_01,0,normal,none,0,0.07710874489850983
2026-01-25 09:45:00,AWS_01,0,normal,none,0,0.08001755206818695
2026-01-25 10:00:00,AWS_01,0,normal,none,0,0.06640519823956592
2026-01-25 10:15:00,AWS_01,0,normal,none,0,0.045756405100731534
2026-01-25 10:30:00,AWS_01,0,normal,none,0,0.05247217795636416
2026-01-25 10:45:00,AWS_01,0,normal,none,0,0.05461870405549818
2026-01-25 11:00:00,AWS_01,0,normal,none,0,0.06494738991348897
2026-01-25 11:15:00,AWS_01,0,normal,none,0,0.07154306717109116
2026-01-25 11:30:00,AWS_01,0,normal,none,0,0.03807455434855589
2026-01-25 11:45:00,AWS_01,0,normal,none,0,0.0674228786126857
2026-01-25 12:00:00,AWS_01,0,normal,none,0,0.0538401403761134
2026-01-25 12:15:00,AWS_01,0,normal,none,0,0.07132980371642017
2026-01-25 12:30:00,AWS_01,0,normal,none,0,0.034730449410079633
2026-01-25 12:45:00,AWS_01,0,normal,none,0,0.019716027110356582
2026-01-25 13:00:00,AWS_01,0,normal,none,0,0.03940800506872277
2026-01-25 13:15:00,AWS_01,0,normal,none,0,0.03611374265753298
2026-01-25 13:30:00,AWS_01,0,normal,none,0,0.05011756130749545
2026-01-25 13:45:00,AWS_01,0,normal,none,0,0.05778374402182668
2026-01-25 14:00:00,AWS_01,0,normal,none,0,0.04956071382084354
2026-01-25 14:15:00,AWS_01,0,normal,none,0,0.04095009359978685
2026-01-25 14:30:00,AWS_01,0,normal,none,0,0.0689901531816291
2026-01-25 14:45:00,AWS_01,0,normal,none,0,0.06286096570207284
2026-01-25 15:00:00,AWS_01,0,normal,none,0,0.06419625559036551
2026-01-25 15:15:00,AWS_01,0,normal,none,0,0.0572723740526046
2026-01-25 15:30:00,AWS_01,0,normal,none,0,0.06700822998728018
2026-01-25 15:45:00,AWS_01,0,normal,none,0,0.05058107284025798
2026-01-25 16:00:00,AWS_01,0,normal,none,0,0.06076976386209626
2026-01-25 16:15:00,AWS_01,0,normal,none,0,0.06338725651270544
2026-01-25 16:30:00,AWS_01,0,normal,none,0,0.06331931178122191
2026-01-25 16:45:00,AWS_01,0,normal,none,0,0.0793448770564047
2026-01-25 17:00:00,AWS_01,0,normal,none,0,0.07624723433018876
2026-01-25 17:15:00,AWS_01,0,normal,none,0,0.07683728939394441
2026-01-25 17:30:00,AWS_01,0,normal,none,0,0.02909605287984529
2026-01-25 17:45:00,AWS_01,0,normal,none,0,0.0714831339198383
2026-01-25 18:00:00,AWS_01,0,normal,none,0,0.06692241338033655
2026-01-25 18:15:00,AWS_01,0,normal,none,0,0.06279863687853765
2026-01-25 18:30:00,AWS_01,0,normal,none,0,0.06227246224678229
2026-01-25 18:45:00,AWS_01,0,normal,none,0,0.02265406687738203
2026-01-25 19:00:00,AWS_01,0,normal,none,0,0.0577483806718746
2026-01-25 19:15:00,AWS_01,0,normal,none,0,0.012755410860869287
2026-01-25 19:30:00,AWS_01,0,normal,none,0,0.049466611114713566
2026-01-25 19:45:00,AWS_01,0,normal,none,0,0.07776314413124352
2026-01-25 20:00:00,AWS_01,0,normal,none,0,0.06865223339927262
2026-01-25 20:15:00,AWS_01,0,normal,none,0,0.04418951966842122
2026-01-25 20:30:00,AWS_01,0,normal,none,0,0.08340395298771475
2026-01-25 20:45:00,AWS_01,0,normal,none,0,0.053889961813177345
2026-01-25 21:00:00,AWS_01,0,normal,none,0,0.06634369053431227
2026-01-25 21:15:00,AWS_01,0,normal,none,0,0.08213489246948336
2026-01-25 21:30:00,AWS_01,0,normal,none,0,0.08964502434407023
2026-01-25 21:45:00,AWS_01,0,normal,none,0,0.09689747659605819
2026-01-25 22:00:00,AWS_01,0,normal,none,0,0.02198578762807535
2026-01-25 22:15:00,AWS_01,0,normal,none,0,0.064095992555805
2026-01-25 22:30:00,AWS_01,0,normal,none,0,0.0740493627803317
2026-01-25 22:45:00,AWS_01,0,normal,none,0,0.08863857805520764
2026-01-25 23:00:00,AWS_01,0,normal,none,0,0.01614028762818831
2026-01-25 23:15:00,AWS_01,0,normal,none,0,0.08200916289461452
2026-01-25 23:30:00,AWS_01,0,normal,none,0,0.08293121379961238
2026-01-25 23:45:00,AWS_01,0,normal,none,0,0.08161173356915763
2026-01-26 00:00:00,AWS_01,0,normal,none,0,0.028251642157242074
2026-01-26 00:15:00,AWS_01,1,multivariate_inconsistency,humidity,1,-0.02631888556215045
2026-01-26 00:30:00,AWS_01,1,multivariate_inconsistency,humidity,0,0.045424263016366595
2026-01-26 00:45:00,AWS_01,1,multivariate_inconsistency,humidity,0,0.04202741549244071
2026-01-26 01:00:00,AWS_01,1,multivariate_inconsistency,humidity,0,0.013122880661048386
2026-01-26 01:15:00,AWS_01,1,multivariate_inconsistency,humidity,0,0.04339845112340901
2026-01-26 01:30:00,AWS_01,1,multivariate_inconsistency,humidity,0,0.025092327909420398
2026-01-26 01:45:00,AWS_01,0,normal,none,1,-0.018030491228682943
2026-01-26 02:00:00,AWS_01,0,normal,none,0,0.07770654786964892
2026-01-26 02:15:00,AWS_01,0,normal,none,0,0.02335014412322156
2026-01-26 02:30:00,AWS_01,0,normal,none,0,0.06456606913334739
2026-01-26 02:45:00,AWS_01,0,normal,none,0,0.05628844393763993
2026-01-26 03:00:00,AWS_01,0,normal,none,0,0.028043766161422012
2026-01-26 03:15:00,AWS_01,0,normal,none,0,0.06314171878429548
2026-01-26 03:30:00,AWS_01,0,normal,none,0,0.05622065574514473
2026-01-26 03:45:00,AWS_01,0,normal,none,0,0.07976203480009014
2026-01-26 04:00:00,AWS_01,0,normal,none,0,0.07811395564328877
2026-01-26 04:15:00,AWS_01,0,normal,none,0,0.07515455978891844
2026-01-26 04:30:00,AWS_01,0,normal,none,0,0.06545860365590106
2026-01-26 04:45:00,AWS_01,0,normal,none,0,0.04725639451237884
2026-01-26 05:00:00,AWS_01,0,normal,none,0,0.051108284987253116
2026-01-26 05:15:00,AWS_01,0,normal,none,0,0.08269855338070048
2026-01-26 05:30:00,AWS_01,0,normal,none,0,0.04913625019210521
2026-01-26 05:45:00,AWS_01,0,normal,none,0,0.053470585715524266
2026-01-26 06:00:00,AWS_01,0,normal,none,0,0.07248299937569369
2026-01-26 06:15:00,AWS_01,0,normal,none,0,0.05984505892789077
2026-01-26 06:30:00,AWS_01,0,normal,none,0,0.09263495695218821
2026-01-26 06:45:00,AWS_01,0,normal,none,0,0.06433953567480172
2026-01-26 07:00:00,AWS_01,0,normal,none,0,0.06731443515191105
2026-01-26 07:15:00,AWS_01,0,normal,none,0,0.08985033446350937
2026-01-26 07:30:00,AWS_01,0,normal,none,0,0.07222375644450907
2026-01-26 07:45:00,AWS_01,0,normal,none,0,0.08229178400404497
2026-01-26 08:00:00,AWS_01,0,normal,none,0,0.07654336591313288
2026-01-26 08:15:00,AWS_01,0,normal,none,0,0.07652173273632074
2026-01-26 08:30:00,AWS_01,0,normal,none,0,0.08186287037375045
2026-01-26 08:45:00,AWS_01,0,normal,none,0,0.0794001936711346
2026-01-26 09:00:00,AWS_01,0,normal,none,0,0.08766330715744675
2026-01-26 09:15:00,AWS_01,0,normal,none,0,0.07498342554972065
2026-01-26 09:30:00,AWS_01,0,normal,none,0,0.07808159001299836
2026-01-26 09:45:00,AWS_01,0,normal,none,0,0.05673949217529389
2026-01-26 10:00:00,AWS_01,0,normal,none,0,0.06301014774866276
2026-01-26 10:15:00,AWS_01,0,normal,none,0,0.04302508702503616
2026-01-26 10:30:00,AWS_01,0,normal,none,0,0.06249200103072816
2026-01-26 10:45:00,AWS_01,0,normal,none,0,0.07158169836963912
2026-01-26 11:00:00,AWS_01,0,normal,none,0,0.08486878885325849
2026-01-26 11:15:00,AWS_01,0,normal,none,0,0.07844172805838251
2026-01-26 11:30:00,AWS_01,0,normal,none,0,0.08998441807393182
2026-01-26 11:45:00,AWS_01,0,normal,none,0,0.076361423819439
2026-01-26 12:00:00,AWS_01,0,normal,none,0,0.0315585304781103
2026-01-26 12:15:00,AWS_01,0,normal,none,0,0.014279645313843403
2026-01-26 12:30:00,AWS_01,0,normal,none,0,0.0812829723330532
2026-01-26 12:45:00,AWS_01,0,normal,none,0,0.0852172993796706
2026-01-26 13:00:00,AWS_01,0,normal,none,0,0.08645485350377119
2026-01-26 13:15:00,AWS_01,0,normal,none,0,0.08507876815756527
2026-01-26 13:30:00,AWS_01,0,normal,none,0,0.07245435026956909
2026-01-26 13:45:00,AWS_01,0,normal,none,0,0.07050216550632976
2026-01-26 14:00:00,AWS_01,0,normal,none,0,0.062012686465522826
2026-01-26 14:15:00,AWS_01,0,normal,none,0,0.06951527091711035
2026-01-26 14:30:00,AWS_01,0,normal,none,0,0.07415060288491332
2026-01-26 14:45:00,AWS_01,0,normal,none,0,0.05863010861087259
2026-01-26 15:00:00,AWS_01,0,normal,none,0,0.06809650923563032
2026-01-26 15:15:00,AWS_01,0,normal,none,0,0.05184334236685123
2026-01-26 15:30:00,AWS_01,0,normal,none,0,0.06280126322668106
2026-01-26 15:45:00,AWS_01,0,normal,none,0,0.06692368226706602
2026-01-26 16:00:00,AWS_01,0,normal,none,0,0.07567287807529499
2026-01-26 16:15:00,AWS_01,0,normal,none,0,0.016338145821071404
2026-01-26 16:30:00,AWS_01,0,normal,none,0,0.01775595781295669
2026-01-26 16:45:00,AWS_01,0,normal,none,0,0.05405347560863444
2026-01-26 17:00:00,AWS_01,0,normal,none,0,0.07824945309871212
2026-01-26 17:15:00,AWS_01,0,normal,none,0,0.06378785244412027
2026-01-26 17:30:00,AWS_01,0,normal,none,0,0.07260761735179155
2026-01-26 17:45:00,AWS_01,0,normal,none,0,0.06657510922481902
2026-01-26 18:00:00,AWS_01,0,normal,none,0,0.07510408981632821
2026-01-26 18:15:00,AWS_01,0,normal,none,0,0.062313073494646376
2026-01-26 18:30:00,AWS_01,0,normal,none,0,0.028396080934977697
2026-01-26 18:45:00,AWS_01,0,normal,none,0,0.05641369548994152
2026-01-26 19:00:00,AWS_01,0,normal,none,0,0.055395402587539555
2026-01-26 19:15:00,AWS_01,0,normal,none,0,0.07860745254582985
2026-01-26 19:30:00,AWS_01,0,normal,none,0,0.044409945974349774
2026-01-26 19:45:00,AWS_01,0,normal,none,0,0.07592936031036118
2026-01-26 20:00:00,AWS_01,0,normal,none,0,0.08326870657218549
2026-01-26 20:15:00,AWS_01,0,normal,none,0,0.08333754019017142
2026-01-26 20:30:00,AWS_01,0,normal,none,0,0.07731947976505038
2026-01-26 20:45:00,AWS_01,0,normal,none,0,0.07201457725698451
2026-01-26 21:00:00,AWS_01,0,normal,none,0,0.07583929448341181
2026-01-26 21:15:00,AWS_01,0,normal,none,0,0.0813909494015434
2026-01-26 21:30:00,AWS_01,0,normal,none,0,0.02558048451242767
2026-01-26 21:45:00,AWS_01,0,normal,none,0,0.0762485390575991
2026-01-26 22:00:00,AWS_01,0,normal,none,0,0.0833878826372691
2026-01-26 22:15:00,AWS_01,0,normal,none,0,0.05026383855792804
2026-01-26 22:30:00,AWS_01,0,normal,none,0,0.03975397179891571
2026-01-26 22:45:00,AWS_01,0,normal,none,0,0.06282535950329748
2026-01-26 23:00:00,AWS_01,0,normal,none,0,0.0861587906228925
2026-01-26 23:15:00,AWS_01,0,normal,none,0,0.07540030145664817
2026-01-26 23:30:00,AWS_01,0,normal,none,0,0.08272419862343033
2026-01-26 23:45:00,AWS_01,0,normal,none,0,0.08548799087873893
2026-01-27 00:00:00,AWS_01,1,missing_data,all,0,0.07768785630742892
2026-01-27 00:15:00,AWS_01,1,missing_data,all,0,0.03458624928040133
2026-01-27 00:30:00,AWS_01,1,missing_data,all,0,0.04800479479593489
2026-01-27 00:45:00,AWS_01,1,missing_data,all,0,0.07889732145694711
2026-01-27 01:00:00,AWS_01,1,missing_data,all,0,0.07537043339973365
2026-01-27 01:15:00,AWS_01,1,missing_data,all,0,0.03576474824916476
2026-01-27 01:30:00,AWS_01,1,missing_data,all,0,0.05427070379306376
2026-01-27 01:45:00,AWS_01,1,missing_data,all,0,0.0467094545346699
2026-01-27 02:00:00,AWS_01,1,frozen_sensor,temperature,0,0.07261272736374175
2026-01-27 02:15:00,AWS_01,1,frozen_sensor,temperature,0,0.05208322278419791
2026-01-27 02:30:00,AWS_01,1,frozen_sensor,temperature,0,0.07016767242555016
2026-01-27 02:45:00,AWS_01,1,frozen_sensor,temperature,0,0.07595283349960497
2026-01-27 03:00:00,AWS_01,1,frozen_sensor,temperature,0,0.0807086858365536
2026-01-27 03:15:00,AWS_01,1,frozen_sensor,temperature,0,0.016735066869777437
2026-01-27 03:30:00,AWS_01,1,frozen_sensor,temperature,0,0.039476330029095896
2026-01-27 03:45:00,AWS_01,1,frozen_sensor,temperature,0,0.08773501308483472
2026-01-27 04:00:00,AWS_01,1,frozen_sensor,temperature,0,0.07989217591142089
2026-01-27 04:15:00,AWS_01,1,frozen_sensor,temperature,0,0.07739053174090033
2026-01-27 04:30:00,AWS_01,1,frozen_sensor,temperature,0,0.07039315700137516
2026-01-27 04:45:00,AWS_01,1,frozen_sensor,temperature,0,0.05410626792388179
2026-01-27 05:00:00,AWS_01,1,frozen_sensor,temperature,0,0.08055034995768251
2026-01-27 05:15:00,AWS_01,1,frozen_sensor,temperature,0,0.07920009504126829
2026-01-27 05:30:00,AWS_01,1,frozen_sensor,temperature,0,0.07407383059185224
2026-01-27 05:45:00,AWS_01,1,frozen_sensor,temperature,0,0.06415465790836855
2026-01-27 06:00:00,AWS_01,1,frozen_sensor,temperature,0,0.0695938249648313
2026-01-27 06:15:00,AWS_01,1,frozen_sensor,temperature,0,0.056605257992517144
2026-01-27 06:30:00,AWS_01,1,frozen_sensor,temperature,0,0.07105986754511973
2026-01-27 06:45:00,AWS_01,0,normal,none,1,-0.013604724026328952
2026-01-27 07:00:00,AWS_01,0,normal,none,0,0.07340160634329618
2026-01-27 07:15:00,AWS_01,0,normal,none,0,0.05744427214561104
2026-01-27 07:30:00,AWS_01,0,normal,none,0,0.07294999874964841
2026-01-27 07:45:00,AWS_01,0,normal,none,0,0.034518765725689904
2026-01-27 08:00:00,AWS_01,0,normal,none,0,0.07351968838589601
2026-01-27 08:15:00,AWS_01,0,normal,none,0,0.07945223810244784
2026-01-27 08:30:00,AWS_01,0,normal,none,0,0.0695300216641721
2026-01-27 08:45:00,AWS_01,0,normal,none,0,0.07881356197758405
2026-01-27 09:00:00,AWS_01,0,normal,none,0,0.053785503082500075
2026-01-27 09:15:00,AWS_01,0,normal,none,0,0.060585542585326224
2026-01-27 09:30:00,AWS_01,0,normal,none,0,0.06404279764319692
2026-01-27 09:45:00,AWS_01,0,normal,none,0,0.0761918922586311
2026-01-27 10:00:00,AWS_01,0,normal,none,0,0.07001832683941439
2026-01-27 10:15:00,AWS_01,0,normal,none,0,0.055394181285663036
2026-01-27 10:30:00,AWS_01,0,normal,none,0,0.06247374647590781
2026-01-27 10:45:00,AWS_01,0,normal,none,0,0.07627943296656925
2026-01-27 11:00:00,AWS_01,0,normal,none,0,0.02691683584758997
2026-01-27 11:15:00,AWS_01,0,normal,none,0,0.03492053483601687
2026-01-27 11:30:00,AWS_01,0,normal,none,0,0.05614614300309834
2026-01-27 11:45:00,AWS_01,0,normal,none,0,0.07617192745964074
2026-01-27 12:00:00,AWS_01,0,normal,none,0,0.05784185031892958
2026-01-27 12:15:00,AWS_01,0,normal,none,0,0.0685124241540086
2026-01-27 12:30:00,AWS_01,0,normal,none,0,0.05864520430194403
2026-01-27 12:45:00,AWS_01,0,normal,none,0,0.07875034470572279
2026-01-27 13:00:00,AWS_01,0,normal,none,0,0.07966636632123292
2026-01-27 13:15:00,AWS_01,0,normal,none,0,0.033778694560103184
2026-01-27 13:30:00,AWS_01,0,normal,none,0,0.06509001386702895
2026-01-27 13:45:00,AWS_01,0,normal,none,0,0.06723649536021725
2026-01-27 14:00:00,AWS_01,0,normal,none,0,0.05404317619908672
2026-01-27 14:15:00,AWS_01,0,normal,none,0,0.05958390561684057
2026-01-27 14:30:00,AWS_01,0,normal,none,0,0.06951498102538223
2026-01-27 14:45:00,AWS_01,0,normal,none,0,0.059927565224421275
2026-01-27 15:00:00,AWS_01,0,normal,none,0,0.0327192494399996
2026-01-27 15:15:00,AWS_01,0,normal,none,0,0.028355018218026773
2026-01-27 15:30:00,AWS_01,0,normal,none,0,0.05313524994365387
2026-01-27 15:45:00,AWS_01,0,normal,none,0,0.04347451018761639
2026-01-27 16:00:00,AWS_01,0,normal,none,0,0.04662707014183176
2026-01-27 16:15:00,AWS_01,0,normal,none,0,0.024688777780992988
2026-01-27 16:30:00,AWS_01,0,normal,none,0,0.06307318033072196
2026-01-27 16:45:00,AWS_01,0,normal,none,0,0.08014300601075136
2026-01-27 17:00:00,AWS_01,0,normal,none,0,0.07331923721663058
2026-01-27 17:15:00,AWS_01,0,normal,none,0,0.07240962041362486
2026-01-27 17:30:00,AWS_01,0,normal,none,0,0.05737558964362732
2026-01-27 17:45:00,AWS_01,0,normal,none,0,0.0536976859521644
2026-01-27 18:00:00,AWS_01,0,normal,none,0,0.06555562186280156
2026-01-27 18:15:00,AWS_01,0,normal,none,0,0.0582362534226033
2026-01-27 18:30:00,AWS_01,0,normal,none,0,0.08140154454961296
2026-01-27 18:45:00,AWS_01,0,normal,none,0,0.0766632360788515
2026-01-27 19:00:00,AWS_01,0,normal,none,0,0.07659108506909612
2026-01-27 19:15:00,AWS_01,0,normal,none,0,0.04736871359078987
2026-01-27 19:30:00,AWS_01,0,normal,none,0,0.03891767647239286
2026-01-27 19:45:00,AWS_01,0,normal,none,0,0.07499833995184496
2026-01-27 20:00:00,AWS_01,0,normal,none,0,0.08346648285048242
2026-01-27 20:15:00,AWS_01,0,normal,none,0,0.07645916414418585
2026-01-27 20:30:00,AWS_01,0,normal,none,0,0.08044540779500553
2026-01-27 20:45:00,AWS_01,0,normal,none,0,0.06960358319656285
2026-01-27 21:00:00,AWS_01,0,normal,none,0,0.07693908364057417
2026-01-27 21:15:00,AWS_01,0,normal,none,0,0.08221835981007425
2026-01-27 21:30:00,AWS_01,0,normal,none,0,0.07122770434335102
2026-01-27 21:45:00,AWS_01,0,normal,none,0,0.06886736514758796
2026-01-27 22:00:00,AWS_01,0,normal,none,0,0.05527359333431342
2026-01-27 22:15:00,AWS_01,0,normal,none,0,0.026215669011988352
2026-01-27 22:30:00,AWS_01,0,normal,none,0,0.01519473619707501
2026-01-27 22:45:00,AWS_01,0,normal,none,0,0.07147442377281216
2026-01-27 23:00:00,AWS_01,0,normal,none,0,0.0697147633341686
2026-01-27 23:15:00,AWS_01,0,normal,none,0,0.054152488605378024
2026-01-27 23:30:00,AWS_01,0,normal,none,0,0.057197545452010834
2026-01-27 23:45:00,AWS_01,0,normal,none,0,0.07066756870461288
2026-01-28 00:00:00,AWS_01,0,normal,none,0,0.05053640071418053
2026-01-28 00:15:00,AWS_01,1,multivariate_inconsistency,humidity,1,-0.005349506445190277
2026-01-28 00:30:00,AWS_01,1,multivariate_inconsistency,humidity,0,0.0321864902799901
2026-01-28 00:45:00,AWS_01,1,multivariate_inconsistency,humidity,0,0.05307553166290174
2026-01-28 01:00:00,AWS_01,1,multivariate_inconsistency,humidity,1,-0.14119038177459875
2026-01-28 01:15:00,AWS_01,1,multivariate_inconsistency,humidity,1,-0.05471250381338166
2026-01-28 01:30:00,AWS_01,1,multivariate_inconsistency,humidity,1,-0.05471250381338166
2026-01-28 01:45:00,AWS_01,1,power_failure,all,1,-0.0905136570642705
2026-01-28 02:00:00,AWS_01,0,normal,none,1,-0.06158924426561774
2026-01-28 02:15:00,AWS_01,0,normal,none,0,0.05372061670339706
2026-01-28 02:30:00,AWS_01,0,normal,none,0,0.057808705456484755
2026-01-28 02:45:00,AWS_01,0,normal,none,0,0.05021402187471752
2026-01-28 03:00:00,AWS_01,0,normal,none,0,0.041794409075660566
2026-01-28 03:15:00,AWS_01,0,normal,none,0,0.032937691415475645
2026-01-28 03:30:00,AWS_01,0,normal,none,0,0.05996726673910985
2026-01-28 03:45:00,AWS_01,0,normal,none,0,0.050735958761188193
2026-01-28 04:00:00,AWS_01,0,normal,none,0,0.045257544775395786
2026-01-28 04:15:00,AWS_01,0,normal,none,0,0.04654938020277366
2026-01-28 04:30:00,AWS_01,0,normal,none,0,0.04457023269633664
2026-01-28 04:45:00,AWS_01,0,normal,none,0,0.05548592791434015
2026-01-28 05:00:00,AWS_01,0,normal,none,0,0.06498723734661671
2026-01-28 05:15:00,AWS_01,0,normal,none,0,0.04269248220451405
2026-01-28 05:30:00,AWS_01,0,normal,none,0,0.07241164669719707
2026-01-28 05:45:00,AWS_01,0,normal,none,0,0.06476893426271191
2026-01-28 06:00:00,AWS_01,0,normal,none,0,0.02095707433687799
2026-01-28 06:15:00,AWS_01,0,normal,none,0,0.050818112719675734
2026-01-28 06:30:00,AWS_01,0,normal,none,0,0.06778476276589068
2026-01-28 06:45:00,AWS_01,0,normal,none,0,0.020118432949836285
2026-01-28 07:00:00,AWS_01,0,normal,none,0,0.07817358694390053
2026-01-28 07:15:00,AWS_01,0,normal,none,0,0.07005857721930886
2026-01-28 07:30:00,AWS_01,0,normal,none,0,0.07285001876145397
2026-01-28 07:45:00,AWS_01,0,normal,none,0,0.07519805234965332
2026-01-28 08:00:00,AWS_01,0,normal,none,0,0.050325446570561316
2026-01-28 08:15:00,AWS_01,0,normal,none,0,0.06915578030746294
2026-01-28 08:30:00,AWS_01,0,normal,none,0,0.06633301053712198
2026-01-28 08:45:00,AWS_01,0,normal,none,0,0.0611291893401093
2026-01-28 09:00:00,AWS_01,0,normal,none,0,0.05358277773837922
2026-01-28 09:15:00,AWS_01,0,normal,none,0,0.06996942954274177
2026-01-28 09:30:00,AWS_01,0,normal,none,0,0.065261236419138
2026-01-28 09:45:00,AWS_01,0,normal,none,0,0.03649199540727188
2026-01-28 10:00:00,AWS_01,0,normal,none,0,0.06882884270034151
2026-01-28 10:15:00,AWS_01,0,normal,none,0,0.047450061856966985
2026-01-28 10:30:00,AWS_01,0,normal,none,0,0.03289659271573098
2026-01-28 10:45:00,AWS_01,0,normal,none,0,0.06466519258110814
2026-01-28 11:00:00,AWS_01,0,normal,none,0,0.029127639021439333
2026-01-28 11:15:00,AWS_01,0,normal,none,0,0.039962277053882334
2026-01-28 11:30:00,AWS_01,0,normal,none,0,0.049345025355232774
2026-01-28 11:45:00,AWS_01,0,normal,none,0,0.05483082105256437
2026-01-28 12:00:00,AWS_01,0,normal,none,0,0.00983529100069147
2026-01-28 12:15:00,AWS_01,0,normal,none,0,0.04307862134235918
2026-01-28 12:30:00,AWS_01,0,normal,none,0,0.0676963638305701
2026-01-28 12:45:00,AWS_01,0,normal,none,0,0.05442133929671761
2026-01-28 13:00:00,AWS_01,0,normal,none,0,0.06778861876188247
2026-01-28 13:15:00,AWS_01,0,normal,none,0,0.0700292036731947
2026-01-28 13:30:00,AWS_01,0,normal,none,0,0.04846616161741535
2026-01-28 13:45:00,AWS_01,0,normal,none,0,0.052822171250343775
2026-01-28 14:00:00,AWS_01,0,normal,none,0,0.06746770549442649
2026-01-28 14:15:00,AWS_01,0,normal,none,0,0.02655377958908256
2026-01-28 14:30:00,AWS_01,0,normal,none,0,0.05388665510673424
2026-01-28 14:45:00,AWS_01,0,normal,none,0,0.06816563372571255
2026-01-28 15:00:00,AWS_01,0,normal,none,0,0.007678332535501209
2026-01-28 15:15:00,AWS_01,0,normal,none,0,0.06059500487398106
2026-01-28 15:30:00,AWS_01,0,normal,none,0,0.010680981406356538
2026-01-28 15:45:00,AWS_01,0,normal,none,0,0.027226020177598564
2026-01-28 16:00:00,AWS_01,0,normal,none,0,0.019403789993604925
2026-01-28 16:15:00,AWS_01,0,normal,none,0,0.043208922024262075
2026-01-28 16:30:00,AWS_01,0,normal,none,0,0.06948738616610894
2026-01-28 16:45:00,AWS_01,0,normal,none,0,0.056278575859400826
2026-01-28 17:00:00,AWS_01,0,normal,none,0,0.05058568718649037
2026-01-28 17:15:00,AWS_01,0,normal,none,0,0.062273645656702015
2026-01-28 17:30:00,AWS_01,0,normal,none,0,0.06421618992344652
2026-01-28 17:45:00,AWS_01,0,normal,none,0,0.047202176903825555
2026-01-28 18:00:00,AWS_01,0,normal,none,0,0.06671697104575525
2026-01-28 18:15:00,AWS_01,0,normal,none,0,0.027000147535652275
2026-01-28 18:30:00,AWS_01,0,normal,none,0,0.03237595804003712
2026-01-28 18:45:00,AWS_01,0,normal,none,0,0.04804978355358458
2026-01-28 19:00:00,AWS_01,0,normal,none,0,0.052724442462929066
2026-01-28 19:15:00,AWS_01,0,normal,none,0,0.06258469539000389
2026-01-28 19:30:00,AWS_01,0,normal,none,0,0.008126121485190319
2026-01-28 19:45:00,AWS_01,0,normal,none,0,0.06800857711670699
2026-01-28 20:00:00,AWS_01,0,normal,none,0,0.07387668977962913
2026-01-28 20:15:00,AWS_01,0,normal,none,0,0.07730818487385177
2026-01-28 20:30:00,AWS_01,0,normal,none,0,0.059269134194407325
2026-01-28 20:45:00,AWS_01,0,normal,none,0,0.04478747108382064
2026-01-28 21:00:00,AWS_01,0,normal,none,0,0.0613699553436875
2026-01-28 21:15:00,AWS_01,0,normal,none,0,0.0809731019356506
2026-01-28 21:30:00,AWS_01,0,normal,none,0,0.07688319995189674
2026-01-28 21:45:00,AWS_01,0,normal,none,0,0.08617323342374722
2026-01-28 22:00:00,AWS_01,0,normal,none,0,0.0703929666799813
2026-01-28 22:15:00,AWS_01,0,normal,none,0,0.08053570161191403
2026-01-28 22:30:00,AWS_01,0,normal,none,0,0.06990201344428237
2026-01-28 22:45:00,AWS_01,0,normal,none,0,0.05945438501337569
2026-01-28 23:00:00,AWS_01,0,normal,none,0,0.07324705593497577
2026-01-28 23:15:00,AWS_01,0,normal,none,0,0.07756490740145922
2026-01-28 23:30:00,AWS_01,0,normal,none,0,0.07201822314207745
2026-01-28 23:45:00,AWS_01,0,normal,none,0,0.05074650787792112
2026-01-29 00:00:00,AWS_01,1,missing_data,all,0,0.039156912121838916
2026-01-29 00:15:00,AWS_01,1,missing_data,all,0,0.023225821421598347
2026-01-29 00:30:00,AWS_01,1,missing_data,all,0,0.0567486728110812
2026-01-29 00:45:00,AWS_01,1,missing_data,all,0,0.012731724070371042
2026-01-29 01:00:00,AWS_01,1,missing_data,all,0,0.05657291278356186
2026-01-29 01:15:00,AWS_01,1,missing_data,all,0,0.0472685883284949
2026-01-29 01:30:00,AWS_01,1,missing_data,all,0,0.025114867985265965
2026-01-29 01:45:00,AWS_01,1,missing_data,all,0,0.03271439986560132
2026-01-29 02:00:00,AWS_01,0,normal,none,0,0.011624148029766745
2026-01-29 02:15:00,AWS_01,0,normal,none,0,0.06133406125565177
2026-01-29 02:30:00,AWS_01,0,normal,none,1,-0.005105264204000259
2026-01-29 02:45:00,AWS_01,0,normal,none,0,0.01320400991786308
2026-01-29 03:00:00,AWS_01,0,normal,none,0,0.04890263801228123
2026-01-29 03:15:00,AWS_01,0,normal,none,0,0.07020945048078298
2026-01-29 03:30:00,AWS_01,0,normal,none,0,0.04763471723989443
2026-01-29 03:45:00,AWS_01,0,normal,none,0,0.020086358159559392
2026-01-29 04:00:00,AWS_01,0,normal,none,0,0.0546960543726589
2026-01-29 04:15:00,AWS_01,0,normal,none,0,0.06555866239378944
2026-01-29 04:30:00,AWS_01,0,normal,none,0,0.0520070307188224
2026-01-29 04:45:00,AWS_01,0,normal,none,0,0.03774329813937849
2026-01-29 05:00:00,AWS_01,0,normal,none,0,0.024783424183137948
2026-01-29 05:15:00,AWS_01,0,normal,none,0,0.029064223093961172
2026-01-29 05:30:00,AWS_01,0,normal,none,0,0.03719853183260835
2026-01-29 05:45:00,AWS_01,0,normal,none,0,0.02969853908062403
2026-01-29 06:00:00,AWS_01,0,normal,none,0,0.0581908933250635
2026-01-29 06:15:00,AWS_01,0,normal,none,0,0.0642372371981838
2026-01-29 06:30:00,AWS_01,0,normal,none,0,0.05156323953900632
2026-01-29 06:45:00,AWS_01,0,normal,none,0,0.0288598682021195
2026-01-29 07:00:00,AWS_01,0,normal,none,0,0.03262544054213057
2026-01-29 07:15:00,AWS_01,0,normal,none,0,0.06193587670436079
2026-01-29 07:30:00,AWS_01,0,normal,none,0,0.061417717969483754
2026-01-29 07:45:00,AWS_01,0,normal,none,0,0.05806197602401686
2026-01-29 08:00:00,AWS_01,0,normal,none,0,0.04856091591675826
2026-01-29 08:15:00,AWS_01,0,normal,none,0,0.0433513014207787
2026-01-29 08:30:00,AWS_01,0,normal,none,0,0.058460173118927705
2026-01-29 08:45:00,AWS_01,0,normal,none,0,0.026093058199981645
2026-01-29 09:00:00,AWS_01,0,normal,none,0,0.0313233191262251
2026-01-29 09:15:00,AWS_01,0,normal,none,0,0.02073414854619471
2026-01-29 09:30:00,AWS_01,0,normal,none,0,0.040647003696886896
2026-01-29 09:45:00,AWS_01,0,normal,none,0,0.01571159007691314
2026-01-29 10:00:00,AWS_01,0,normal,none,0,0.0045937471536996455
2026-01-29 10:15:00,AWS_01,0,normal,none,0,0.009961918910624812
2026-01-29 10:30:00,AWS_01,0,normal,none,1,-0.029239333992841066
2026-01-29 10:45:00,AWS_01,0,normal,none,1,-0.020603089527430618
2026-01-29 11:00:00,AWS_01,0,normal,none,0,0.0026576386240184657
2026-01-29 11:15:00,AWS_01,0,normal,none,0,0.0369701208611416
2026-01-29 11:30:00,AWS_01,0,normal,none,0,0.005528014134007719
2026-01-29 11:45:00,AWS_01,0,normal,none,0,0.020043231357537272
2026-01-29 12:00:00,AWS_01,0,normal,none,1,-0.0010625613775031573
2026-01-29 12:15:00,AWS_01,0,normal,none,0,0.02831253869772432
2026-01-29 12:30:00,AWS_01,0,normal,none,1,-0.002672701967798674
2026-01-29 12:45:00,AWS_01,0,normal,none,0,0.012019632091467947
2026-01-29 13:00:00,AWS_01,0,normal,none,0,0.018878368387413302
2026-01-29 13:15:00,AWS_01,0,normal,none,0,0.016701438239765887
2026-01-29 13:30:00,AWS_01,0,normal,none,1,-0.011489183578148543
2026-01-29 13:45:00,AWS_01,0,normal,none,1,-0.026220124556838975
2026-01-29 14:00:00,AWS_01,0,normal,none,1,-0.003979606470012387
2026-01-29 14:15:00,AWS_01,0,normal,none,0,0.006236091685429046
2026-01-29 14:30:00,AWS_01,0,normal,none,0,0.011750419246131405
2026-01-29 14:45:00,AWS_01,0,normal,none,0,0.02546515388794035
2026-01-29 15:00:00,AWS_01,0,normal,none,0,0.02092984620889282
2026-01-29 15:15:00,AWS_01,0,normal,none,0,0.014963068290781645
2026-01-29 15:30:00,AWS_01,0,normal,none,0,0.004032390045700662
2026-01-29 15:45:00,AWS_01,0,normal,none,1,-0.04757669313325108
2026-01-29 16:00:00,AWS_01,0,normal,none,1,-0.019948907724154474
2026-01-29 16:15:00,AWS_01,0,normal,none,1,-0.0201733030959107
2026-01-29 16:30:00,AWS_01,0,normal,none,0,0.0028070747100499283
2026-01-29 16:45:00,AWS_01,0,normal,none,0,0.01585727578473961
2026-01-29 17:00:00,AWS_01,0,normal,none,0,0.012059214957348963
2026-01-29 17:15:00,AWS_01,0,normal,none,1,-0.0074113459070087595
2026-01-29 17:30:00,AWS_01,0,normal,none,0,0.025520388330616428
2026-01-29 17:45:00,AWS_01,0,normal,none,0,0.03288689258832178
2026-01-29 18:00:00,AWS_01,0,normal,none,0,0.03427868878511753
2026-01-29 18:15:00,AWS_01,0,normal,none,0,0.014654736598827878
2026-01-29 18:30:00,AWS_01,0,normal,none,0,0.027122076989797517
2026-01-29 18:45:00,AWS_01,0,normal,none,0,0.016368149095548068
2026-01-29 19:00:00,AWS_01,0,normal,none,0,0.03031826981179886
2026-01-29 19:15:00,AWS_01,0,normal,none,0,0.0352133546759783
2026-01-29 19:30:00,AWS_01,0,normal,none,0,0.04038839795214488
2026-01-29 19:45:00,AWS_01,0,normal,none,0,0.011368058186290386
2026-01-29 20:00:00,AWS_01,0,normal,none,0,0.002921569406564073
2026-01-29 20:15:00,AWS_01,0,normal,none,0,0.027529340912646028
2026-01-29 20:30:00,AWS_01,0,normal,none,0,0.014976943998759262
2026-01-29 20:45:00,AWS_01,0,normal,none,0,0.03507647942200898
2026-01-29 21:00:00,AWS_01,0,normal,none,0,0.008666315132743962
2026-01-29 21:15:00,AWS_01,0,normal,none,0,0.05600907833560037
2026-01-29 21:30:00,AWS_01,0,normal,none,0,0.04374971684244333
2026-01-29 21:45:00,AWS_01,0,normal,none,0,0.034171353497733925
2026-01-29 22:00:00,AWS_01,0,normal,none,0,0.043290580256377664
2026-01-29 22:15:00,AWS_01,0,normal,none,0,0.03691728127976868
2026-01-29 22:30:00,AWS_01,0,normal,none,1,-0.0037908255500428423
2026-01-29 22:45:00,AWS_01,0,normal,none,0,0.03843170327993117
2026-01-29 23:00:00,AWS_01,0,normal,none,0,0.05736170665585427
2026-01-29 23:15:00,AWS_01,0,normal,none,0,0.04709471858517489
2026-01-29 23:30:00,AWS_01,0,normal,none,0,0.046405436379602594
2026-01-29 23:45:00,AWS_01,0,normal,none,0,0.04102015355349442
2026-01-30 00:00:00,AWS_01,0,normal,none,0,0.0392775013686254
2026-01-30 00:15:00,AWS_01,1,multivariate_inconsistency,humidity,1,-0.04893938851640511
2026-01-30 00:30:00,AWS_01,1,multivariate_inconsistency,humidity,1,-0.002574086763462602
2026-01-30 00:45:00,AWS_01,1,multivariate_inconsistency,humidity,1,-0.006270628459915217
2026-01-30 01:00:00,AWS_01,1,multivariate_inconsistency,humidity,0,0.010654327808928388
2026-01-30 01:15:00,AWS_01,1,multivariate_inconsistency,humidity,1,-0.004395069579079314
2026-01-30 01:30:00,AWS_01,1,multivariate_inconsistency,humidity,0,0.027150266865705874
2026-01-30 01:45:00,AWS_01,0,normal,none,1,-0.016402272606755752
2026-01-30 02:00:00,AWS_01,0,normal,none,0,0.026091708206618547
2026-01-30 02:15:00,AWS_01,0,normal,none,0,0.01018523835558871
2026-01-30 02:30:00,AWS_01,0,normal,none,0,0.01845271246733249
2026-01-30 02:45:00,AWS_01,0,normal,none,0,0.04470500007923417
2026-01-30 03:00:00,AWS_01,0,normal,none,0,0.041338901130047456
2026-01-30 03:15:00,AWS_01,0,normal,none,0,0.02667329759618009
2026-01-30 03:30:00,AWS_01,0,normal,none,0,0.03934533709793642
2026-01-30 03:45:00,AWS_01,0,normal,none,0,0.04844121198693152
2026-01-30 04:00:00,AWS_01,0,normal,none,0,0.04130155698595395
2026-01-30 04:15:00,AWS_01,0,normal,none,0,0.013564630757509577
2026-01-30 04:30:00,AWS_01,0,normal,none,0,0.04638028354542312
2026-01-30 04:45:00,AWS_01,0,normal,none,0,0.03913898346492206
2026-01-30 05:00:00,AWS_01,0,normal,none,0,0.0005580952343932077
2026-01-30 05:15:00,AWS_01,0,normal,none,0,0.014887796909708206
2026-01-30 05:30:00,AWS_01,0,normal,none,0,0.017787267002197682
2026-01-30 05:45:00,AWS_01,0,normal,none,0,0.005788493338100498
2026-01-30 06:00:00,AWS_01,0,normal,none,0,0.042523985561404465
2026-01-30 06:15:00,AWS_01,0,normal,none,0,0.029907372643988572
2026-01-30 06:30:00,AWS_01,0,normal,none,0,0.05528918849493636
2026-01-30 06:45:00,AWS_01,0,normal,none,0,0.05297105425352305
2026-01-30 07:00:00,AWS_01,0,normal,none,0,0.01666896805945961
2026-01-30 07:15:00,AWS_01,0,normal,none,0,0.051190166217954136
2026-01-30 07:30:00,AWS_01,0,normal,none,1,-0.021834517549338406
2026-01-30 07:45:00,AWS_01,0,normal,none,0,0.045687855918285614
2026-01-30 08:00:00,AWS_01,0,normal,none,0,0.04758954627558798
2026-01-30 08:15:00,AWS_01,0,normal,none,0,0.05020603397039736
2026-01-30 08:30:00,AWS_01,0,normal,none,0,0.01921791966808395
2026-01-30 08:45:00,AWS_01,0,normal,none,0,0.05256826413190535
2026-01-30 09:00:00,AWS_01,0,normal,none,0,0.01139911575034036
2026-01-30 09:15:00,AWS_01,0,normal,none,0,0.04614526591018819
2026-01-30 09:30:00,AWS_01,0,normal,none,0,0.046431901704914624
2026-01-30 09:45:00,AWS_01,0,normal,none,0,0.043591286298072074
2026-01-30 10:00:00,AWS_01,0,normal,none,1,-0.003010084806117197
2026-01-30 10:15:00,AWS_01,0,normal,none,0,0.011363182995873133
2026-01-30 10:30:00,AWS_01,0,normal,none,1,-0.017644591548236388
2026-01-30 10:45:00,AWS_01,0,normal,none,0,0.04695373428564986
2026-01-30 11:00:00,AWS_01,0,normal,none,0,0.04626077919615523
2026-01-30 11:15:00,AWS_01,0,normal,none,0,0.018854907306878665
2026-01-30 11:30:00,AWS_01,0,normal,none,0,0.01502075458904506
2026-01-30 11:45:00,AWS_01,0,normal,none,0,0.02869368967617547
2026-01-30 12:00:00,AWS_01,0,normal,none,1,-0.004526568050604474
2026-01-30 12:15:00,AWS_01,0,normal,none,0,0.044440290093472945
2026-01-30 12:30:00,AWS_01,0,normal,none,0,0.038308433678896026
2026-01-30 12:45:00,AWS_01,0,normal,none,0,0.03304142152925915
2026-01-30 13:00:00,AWS_01,0,normal,none,0,0.021475797553904274
2026-01-30 13:15:00,AWS_01,0,normal,none,0,0.014486382685596655
2026-01-30 13:30:00,AWS_01,0,normal,none,1,-0.004814062359908999
2026-01-30 13:45:00,AWS_01,0,normal,none,0,0.014386037242317684
2026-01-30 14:00:00,AWS_01,0,normal,none,0,0.01607844907246403
2026-01-30 14:15:00,AWS_01,0,normal,none,0,0.0356462244096345
2026-01-30 14:30:00,AWS_01,0,normal,none,0,0.027666801278142583
2026-01-30 14:45:00,AWS_01,0,normal,none,0,0.03222467120070682
2026-01-30 15:00:00,AWS_01,0,normal,none,0,0.02608033714270097
2026-01-30 15:15:00,AWS_01,0,normal,none,0,0.03162799888762913
2026-01-30 15:30:00,AWS_01,0,normal,none,0,0.003073763259133333
2026-01-30 15:45:00,AWS_01,0,normal,none,0,0.0248584689638659
2026-01-30 16:00:00,AWS_01,0,normal,none,0,0.04428730397356262
2026-01-30 16:15:00,AWS_01,0,normal,none,0,0.026508618301523734
2026-01-30 16:30:00,AWS_01,0,normal,none,1,-0.007007867326776385
2026-01-30 16:45:00,AWS_01,0,normal,none,0,0.03431093746617275
2026-01-30 17:00:00,AWS_01,0,normal,none,0,0.03484131233759469
2026-01-30 17:15:00,AWS_01,0,normal,none,0,0.03669934967426869
2026-01-30 17:30:00,AWS_01,0,normal,none,0,0.051703527006200234
2026-01-30 17:45:00,AWS_01,0,normal,none,0,0.030063280136459425
2026-01-30 18:00:00,AWS_01,0,normal,none,0,0.03830343870709607
2026-01-30 18:15:00,AWS_01,0,normal,none,0,0.03107024478617626
2026-01-30 18:30:00,AWS_01,0,normal,none,0,0.03580938097958486
2026-01-30 18:45:00,AWS_01,0,normal,none,0,0.047312606241178834
2026-01-30 19:00:00,AWS_01,0,normal,none,0,0.03923148257985187
2026-01-30 19:15:00,AWS_01,0,normal,none,0,0.037148469323653566
2026-01-30 19:30:00,AWS_01,0,normal,none,0,0.04910978706206115
2026-01-30 19:45:00,AWS_01,0,normal,none,0,0.039969268256473844
2026-01-30 20:00:00,AWS_01,0,normal,none,0,0.03351793455060237
2026-01-30 20:15:00,AWS_01,0,normal,none,0,0.03393324653027119
2026-01-30 20:30:00,AWS_01,0,normal,none,0,0.03867096173645035
2026-01-30 20:45:00,AWS_01,0,normal,none,0,0.04129899597921538
2026-01-30 21:00:00,AWS_01,0,normal,none,0,0.03638471209792393
2026-01-30 21:15:00,AWS_01,0,normal,none,0,0.05431019848992863
2026-01-30 21:30:00,AWS_01,0,normal,none,0,0.04748692986275993
2026-01-30 21:45:00,AWS_01,0,normal,none,0,0.025479844033864385
2026-01-30 22:00:00,AWS_01,1,missing_data,all,0,0.051835958099041235
2026-01-30 22:15:00,AWS_01,1,missing_data,all,0,0.025780807683545737
2026-01-30 22:30:00,AWS_01,1,missing_data,all,0,0.04472606538012791
2026-01-30 22:45:00,AWS_01,1,missing_data,all,0,0.020409509862196806
2026-01-30 23:00:00,AWS_01,1,missing_data,all,1,-0.1504975063087084
2026-01-30 23:15:00,AWS_01,1,missing_data,all,1,-0.07018190122089618
2026-01-30 23:30:00,AWS_01,1,missing_data,all,1,-0.07018190122089618
2026-01-30 23:45:00,AWS_01,1,missing_data,all,1,-0.07018190122089618
2026-01-01 00:15:00,AWS_02,0,normal,none,0,0.03089515960685585
2026-01-01 00:30:00,AWS_02,0,normal,none,0,0.05111744049684003
2026-01-01 00:45:00,AWS_02,0,normal,none,0,0.021411563358474384
2026-01-01 01:00:00,AWS_02,0,normal,none,0,0.06385790127239743
2026-01-01 01:15:00,AWS_02,0,normal,none,0,0.05958323243943858
2026-01-01 01:30:00,AWS_02,0,normal,none,0,0.0778543835385514
2026-01-01 01:45:00,AWS_02,0,normal,none,0,0.026473853839164674
2026-01-01 02:00:00,AWS_02,0,normal,none,0,0.07141252337873161
2026-01-01 02:15:00,AWS_02,0,normal,none,0,0.06332616150338577
2026-01-01 02:30:00,AWS_02,0,normal,none,0,0.06627127915373421
2026-01-01 02:45:00,AWS_02,0,normal,none,0,0.043221923518433236
2026-01-01 03:00:00,AWS_02,0,normal,none,0,0.03783398381962988
2026-01-01 03:15:00,AWS_02,0,normal,none,0,0.062305403420837735
2026-01-01 03:30:00,AWS_02,0,normal,none,0,0.05523545107180944
2026-01-01 03:45:00,AWS_02,0,normal,none,0,0.07256868793579735
2026-01-01 04:00:00,AWS_02,0,normal,none,0,0.06315915270288647
2026-01-01 04:15:00,AWS_02,0,normal,none,0,0.08288920730609128
2026-01-01 04:30:00,AWS_02,0,normal,none,0,0.06733280395468022
2026-01-01 04:45:00,AWS_02,0,normal,none,0,0.06841215827721753
2026-01-01 05:00:00,AWS_02,0,normal,none,0,0.055051989479099506
2026-01-01 05:15:00,AWS_02,0,normal,none,0,0.08169980416074996
2026-01-01 05:30:00,AWS_02,0,normal,none,0,0.07417139002386935
2026-01-01 05:45:00,AWS_02,0,normal,none,0,0.07366879282706584
2026-01-01 06:00:00,AWS_02,0,normal,none,0,0.07295804451141708
2026-01-01 06:15:00,AWS_02,0,normal,none,0,0.0685053081039978
2026-01-01 06:30:00,AWS_02,0,normal,none,0,0.08270200547711698
2026-01-01 06:45:00,AWS_02,0,normal,none,0,0.05365486862696445
2026-01-01 07:00:00,AWS_02,0,normal,none,0,0.0272440477151773
2026-01-01 07:15:00,AWS_02,0,normal,none,0,0.05222256422537591
2026-01-01 07:30:00,AWS_02,0,normal,none,0,0.04744821165442825
2026-01-01 07:45:00,AWS_02,0,normal,none,0,0.05121651879725142
2026-01-01 08:00:00,AWS_02,0,normal,none,0,0.03917500342432445
2026-01-01 08:15:00,AWS_02,0,normal,none,0,0.06089104217332397
2026-01-01 08:30:00,AWS_02,0,normal,none,0,0.017398383650509275
2026-01-01 08:45:00,AWS_02,0,normal,none,0,0.05139913373542798
2026-01-01 09:00:00,AWS_02,0,normal,none,0,0.05852268417681272
2026-01-01 09:15:00,AWS_02,0,normal,none,0,0.04601035516028562
2026-01-01 09:30:00,AWS_02,0,normal,none,0,0.05762427375549001
2026-01-01 09:45:00,AWS_02,0,normal,none,0,0.049349143330050804
2026-01-01 10:00:00,AWS_02,0,normal,none,0,0.06005522699546234
2026-01-01 10:15:00,AWS_02,0,normal,none,0,0.05120926887174754
2026-01-01 10:30:00,AWS_02,0,normal,none,0,0.05638362207246855
2026-01-01 10:45:00,AWS_02,0,normal,none,0,0.023438808587645354
2026-01-01 11:00:00,AWS_02,0,normal,none,0,0.06098414597767565
2026-01-01 11:15:00,AWS_02,0,normal,none,0,0.055855704764204095
2026-01-01 11:30:00,AWS_02,0,normal,none,0,0.05311255435094331
2026-01-01 11:45:00,AWS_02,0,normal,none,0,0.05660883904203806
2026-01-01 12:00:00,AWS_02,0,normal,none,0,0.008132037748500354
2026-01-01 12:15:00,AWS_02,0,normal,none,1,-2.4507126220707498e-05
2026-01-01 12:30:00,AWS_02,0,normal,none,1,-0.015315902021754924
2026-01-01 12:45:00,AWS_02,0,normal,none,0,0.03244643470595576
2026-01-01 13:00:00,AWS_02,0,normal,none,0,0.035467825003442366
2026-01-01 13:15:00,AWS_02,0,normal,none,0,0.04281380657766021
2026-01-01 13:30:00,AWS_02,0,normal,none,0,0.029215942362706637
2026-01-01 13:45:00,AWS_02,0,normal,none,1,-0.002366839864053949
2026-01-01 14:00:00,AWS_02,0,normal,none,1,-0.004842702261451226
2026-01-01 14:15:00,AWS_02,0,normal,none,1,-0.004740532445026591
2026-01-01 14:30:00,AWS_02,0,normal,none,0,0.008276986076683479
2026-01-01 14:45:00,AWS_02,0,normal,none,1,-0.001407390121710872
2026-01-01 15:00:00,AWS_02,0,normal,none,0,0.025542280362388592
2026-01-01 15:15:00,AWS_02,0,normal,none,0,0.009461825526371315
2026-01-01 15:30:00,AWS_02,0,normal,none,0,0.01500957188451868
2026-01-01 15:45:00,AWS_02,0,normal,none,0,0.006868997661881759
2026-01-01 16:00:00,AWS_02,0,normal,none,0,0.048871251046822994
2026-01-01 16:15:00,AWS_02,0,normal,none,0,0.046791905725760086
2026-01-01 16:30:00,AWS_02,0,normal,none,0,0.04968698682647127
2026-01-01 16:45:00,AWS_02,0,normal,none,0,0.007265413197067527
2026-01-01 17:00:00,AWS_02,0,normal,none,0,0.01488300352475136
2026-01-01 17:15:00,AWS_02,0,normal,none,0,0.03389008440145558
2026-01-01 17:30:00,AWS_02,0,normal,none,0,0.029553667014858287
2026-01-01 17:45:00,AWS_02,0,normal,none,0,0.04869013499424668
2026-01-01 18:00:00,AWS_02,0,normal,none,0,0.027379392525072488
2026-01-01 18:15:00,AWS_02,0,normal,none,0,0.03791201969667091
2026-01-01 18:30:00,AWS_02,0,normal,none,0,0.02614729399507343
2026-01-01 18:45:00,AWS_02,0,normal,none,0,0.04013536697962228
2026-01-01 19:00:00,AWS_02,0,normal,none,0,0.03649076533282003
2026-01-01 19:15:00,AWS_02,0,normal,none,0,0.06063869584786624
2026-01-01 19:30:00,AWS_02,0,normal,none,0,0.04554433095213606
2026-01-01 19:45:00,AWS_02,0,normal,none,0,0.042601194323445446
2026-01-01 20:00:00,AWS_02,0,normal,none,0,0.03397645137985017
2026-01-01 20:15:00,AWS_02,0,normal,none,0,0.049762008291765636
2026-01-01 20:30:00,AWS_02,0,normal,none,0,0.052335664468668885
2026-01-01 20:45:00,AWS_02,0,normal,none,0,0.06600041894020942
2026-01-01 21:00:00,AWS_02,0,normal,none,0,0.0539567605087265
2026-01-01 21:15:00,AWS_02,0,normal,none,0,0.058182588445833405
2026-01-01 21:30:00,AWS_02,0,normal,none,0,0.055302924485146454
2026-01-01 21:45:00,AWS_02,0,normal,none,0,0.007762807791831472
2026-01-01 22:00:00,AWS_02,0,normal,none,0,0.03934122332442458
2026-01-01 22:15:00,AWS_02,0,normal,none,0,0.05063013081755857
2026-01-01 22:30:00,AWS_02,0,normal,none,0,0.05102779909365052
2026-01-01 22:45:00,AWS_02,0,normal,none,0,0.061865448540199486
2026-01-01 23:00:00,AWS_02,0,normal,none,0,0.05666043921710884
2026-01-01 23:15:00,AWS_02,0,normal,none,0,0.05964611399152708
2026-01-01 23:30:00,AWS_02,0,normal,none,0,0.03388693662659459
2026-01-01 23:45:00,AWS_02,0,normal,none,0,0.060960599447365815
2026-01-02 00:00:00,AWS_02,0,normal,none,0,0.052975595440135415
2026-01-02 00:15:00,AWS_02,0,normal,none,0,0.06142726748696603
2026-01-02 00:30:00,AWS_02,0,normal,none,0,0.06476293812557588
2026-01-02 00:45:00,AWS_02,0,normal,none,0,0.04942415210945833
2026-01-02 01:00:00,AWS_02,0,normal,none,0,0.06156564774999074
2026-01-02 01:15:00,AWS_02,0,normal,none,0,0.062330859148090334
2026-01-02 01:30:00,AWS_02,1,temperature_spike,temperature,1,-0.02902564533744134
2026-01-02 01:45:00,AWS_02,0,normal,none,0,0.019246535413457333
2026-01-02 02:00:00,AWS_02,0,normal,none,0,0.04726196629859625
2026-01-02 02:15:00,AWS_02,0,normal,none,0,0.04608731981177894
2026-01-02 02:30:00,AWS_02,0,normal,none,0,0.028641802299670505
2026-01-02 02:45:00,AWS_02,0,normal,none,0,0.05919499227973857
2026-01-02 03:00:00,AWS_02,0,normal,none,0,0.06897946492739232
2026-01-02 03:15:00,AWS_02,0,normal,none,0,0.06734963597982474
2026-01-02 03:30:00,AWS_02,0,normal,none,0,0.06572344775373073
2026-01-02 03:45:00,AWS_02,0,normal,none,0,0.023660931874967317
2026-01-02 04:00:00,AWS_02,0,normal,none,0,0.028714106410217655
2026-01-02 04:15:00,AWS_02,0,normal,none,0,0.07203228704690562
2026-01-02 04:30:00,AWS_02,0,normal,none,0,0.04820567630624273
2026-01-02 04:45:00,AWS_02,0,normal,none,0,0.04152787822788928
2026-01-02 05:00:00,AWS_02,0,normal,none,0,0.016456098997021162
2026-01-02 05:15:00,AWS_02,0,normal,none,0,0.05403185783581316
2026-01-02 05:30:00,AWS_02,0,normal,none,0,0.014563595137936036
2026-01-02 05:45:00,AWS_02,0,normal,none,0,0.024044641824928048
2026-01-02 06:00:00,AWS_02,0,normal,none,0,0.0598055945288023
2026-01-02 06:15:00,AWS_02,0,normal,none,0,0.07944922216353795
2026-01-02 06:30:00,AWS_02,0,normal,none,0,0.0555249371394978
2026-01-02 06:45:00,AWS_02,0,normal,none,0,0.06693835037199936
2026-01-02 07:00:00,AWS_02,0,normal,none,0,0.018009255307581684
2026-01-02 07:15:00,AWS_02,0,normal,none,0,0.06583990854626565
2026-01-02 07:30:00,AWS_02,0,normal,none,0,0.0667391304782986
2026-01-02 07:45:00,AWS_02,0,normal,none,0,0.03725993305613173
2026-01-02 08:00:00,AWS_02,0,normal,none,0,0.06448304208979033
2026-01-02 08:15:00,AWS_02,0,normal,none,0,0.07406534764067757
2026-01-02 08:30:00,AWS_02,0,normal,none,0,0.06471627508639721
2026-01-02 08:45:00,AWS_02,0,normal,none,0,0.07065067545588455
2026-01-02 09:00:00,AWS_02,0,normal,none,0,0.04879589126222095
2026-01-02 09:15:00,AWS_02,0,normal,none,0,0.07724544629679231
2026-01-02 09:30:00,AWS_02,0,normal,none,0,0.06599377681885465
2026-01-02 09:45:00,AWS_02,0,normal,none,0,0.06929874341167824
2026-01-02 10:00:00,AWS_02,0,normal,none,0,0.03922177142533578
2026-01-02 10:15:00,AWS_02,0,normal,none,0,0.07212831914427531
2026-01-02 10:30:00,AWS_02,0,normal,none,0,0.05444919018628669
2026-01-02 10:45:00,AWS_02,0,normal,none,0,0.06568215293756352
2026-01-02 11:00:00,AWS_02,0,normal,none,0,0.07332991489726193
2026-01-02 11:15:00,AWS_02,0,normal,none,0,0.07762796326567334
2026-01-02 11:30:00,AWS_02,0,normal,none,0,0.06967441851576966
2026-01-02 11:45:00,AWS_02,0,normal,none,0,0.037479100473982285
2026-01-02 12:00:00,AWS_02,0,normal,none,0,0.024755539668322113
2026-01-02 12:15:00,AWS_02,0,normal,none,0,0.053639293790475606
2026-01-02 12:30:00,AWS_02,0,normal,none,0,0.06327696177172093
2026-01-02 12:45:00,AWS_02,0,normal,none,0,0.06941109968289116
2026-01-02 13:00:00,AWS_02,0,normal,none,0,0.05317110083452076
2026-01-02 13:15:00,AWS_02,0,normal,none,0,0.029059103427381272
2026-01-02 13:30:00,AWS_02,0,normal,none,0,0.0652697614222158
2026-01-02 13:45:00,AWS_02,0,normal,none,0,0.040985695815251466
2026-01-02 14:00:00,AWS_02,0,normal,none,0,0.04786882121633673
2026-01-02 14:15:00,AWS_02,0,normal,none,0,0.06720597719080051
2026-01-02 14:30:00,AWS_02,0,normal,none,0,0.053308054362271984
2026-01-02 14:45:00,AWS_02,0,normal,none,0,0.019428578240341943
2026-01-02 15:00:00,AWS_02,0,normal,none,0,0.013822372915550551
2026-01-02 15:15:00,AWS_02,0,normal,none,0,0.03081277693308926
2026-01-02 15:30:00,AWS_02,0,normal,none,0,0.011474417499658607
2026-01-02 15:45:00,AWS_02,0,normal,none,0,0.023117892854088717
2026-01-02 16:00:00,AWS_02,0,normal,none,0,0.032065459076375036
2026-01-02 16:15:00,AWS_02,0,normal,none,0,0.05230303974212064
2026-01-02 16:30:00,AWS_02,0,normal,none,0,0.03292705926612427
2026-01-02 16:45:00,AWS_02,0,normal,none,0,0.04783013202675801
2026-01-02 17:00:00,AWS_02,0,normal,none,0,0.04561900633877913
2026-01-02 17:15:00,AWS_02,0,normal,none,0,0.05623533355900018
2026-01-02 17:30:00,AWS_02,0,normal,none,0,0.0810242420331363
2026-01-02 17:45:00,AWS_02,0,normal,none,0,0.06220872445436554
2026-01-02 18:00:00,AWS_02,0,normal,none,0,0.06746339422791164
2026-01-02 18:15:00,AWS_02,0,normal,none,0,0.03601923919905614
2026-01-02 18:30:00,AWS_02,0,normal,none,0,0.07964804827887834
2026-01-02 18:45:00,AWS_02,0,normal,none,0,0.06963256740230561
2026-01-02 19:00:00,AWS_02,0,normal,none,0,0.06612661464251135
2026-01-02 19:15:00,AWS_02,0,normal,none,0,0.07271216572567518
2026-01-02 19:30:00,AWS_02,0,normal,none,0,0.057046676514684036
2026-01-02 19:45:00,AWS_02,0,normal,none,0,0.060183199522262254
2026-01-02 20:00:00,AWS_02,0,normal,none,0,0.07258344857415983
2026-01-02 20:15:00,AWS_02,0,normal,none,0,0.08065121211217086
2026-01-02 20:30:00,AWS_02,0,normal,none,0,0.07794904799279084
2026-01-02 20:45:00,AWS_02,0,normal,none,0,0.0608537030722327
2026-01-02 21:00:00,AWS_02,0,normal,none,0,0.03825857400236843
2026-01-02 21:15:00,AWS_02,0,normal,none,0,0.06798264174592622
2026-01-02 21:30:00,AWS_02,0,normal,none,0,0.06754436688983195
2026-01-02 21:45:00,AWS_02,0,normal,none,0,0.07008120103482807
2026-01-02 22:00:00,AWS_02,0,normal,none,0,0.0716949897925086
2026-01-02 22:15:00,AWS_02,0,normal,none,0,0.056075308473100494
2026-01-02 22:30:00,AWS_02,0,normal,none,0,0.011120303567907608
2026-01-02 22:45:00,AWS_02,0,normal,none,0,0.029917778919432814
2026-01-02 23:00:00,AWS_02,0,normal,none,0,0.05236943998494409
2026-01-02 23:15:00,AWS_02,0,normal,none,0,0.03731730414737133
2026-01-02 23:30:00,AWS_02,0,normal,none,0,0.03166281483693911
2026-01-02 23:45:00,AWS_02,0,normal,none,0,0.038395372712445974
2026-01-03 00:00:00,AWS_02,0,normal,none,0,0.00016747235288494533
2026-01-03 00:15:00,AWS_02,0,normal,none,0,0.020946716434908308
2026-01-03 00:30:00,AWS_02,0,normal,none,0,0.007567821634154592
2026-01-03 00:45:00,AWS_02,0,normal,none,0,0.051966439206411696
2026-01-03 01:00:00,AWS_02,0,normal,none,0,0.047999869526764494
2026-01-03 01:15:00,AWS_02,0,normal,none,0,0.04365369204875946
2026-01-03 01:30:00,AWS_02,0,normal,none,0,0.06405038549017988
2026-01-03 01:45:00,AWS_02,0,normal,none,1,-0.04076309186167493
2026-01-03 02:00:00,AWS_02,0,normal,none,0,0.04489513296241632
2026-01-03 02:15:00,AWS_02,0,normal,none,1,-0.00012826930977161144
2026-01-03 02:30:00,AWS_02,0,normal,none,0,0.029512030809419887
2026-01-03 02:45:00,AWS_02,0,normal,none,0,0.046532956871361275
2026-01-03 03:00:00,AWS_02,0,normal,none,0,0.05343564896333569
2026-01-03 03:15:00,AWS_02,0,normal,none,0,0.0592885219863038
2026-01-03 03:30:00,AWS_02,0,normal,none,0,0.054487446269719964
2026-01-03 03:45:00,AWS_02,0,normal,none,0,0.023044850588605614
2026-01-03 04:00:00,AWS_02,0,normal,none,0,0.036027414271449176
2026-01-03 04:15:00,AWS_02,0,normal,none,0,0.05178327011388123
2026-01-03 04:30:00,AWS_02,0,normal,none,0,0.04860652087592032
2026-01-03 04:45:00,AWS_02,0,normal,none,0,0.05679439553609217
2026-01-03 05:00:00,AWS_02,0,normal,none,0,0.06448836484166953
2026-01-03 05:15:00,AWS_02,0,normal,none,0,0.06434086370221459
2026-01-03 05:30:00,AWS_02,0,normal,none,0,0.07218860162956242
2026-01-03 05:45:00,AWS_02,0,normal,none,0,0.0685981138358579
2026-01-03 06:00:00,AWS_02,0,normal,none,0,0.06366718374765329
2026-01-03 06:15:00,AWS_02,0,normal,none,0,0.06149942613205733
2026-01-03 06:30:00,AWS_02,0,normal,none,0,0.037021557549100526
2026-01-03 06:45:00,AWS_02,0,normal,none,0,0.06480826417094171
2026-01-03 07:00:00,AWS_02,0,normal,none,0,0.049726930558868065
2026-01-03 07:15:00,AWS_02,0,normal,none,0,0.038190247931718435
2026-01-03 07:30:00,AWS_02,0,normal,none,0,0.06155329555301137
2026-01-03 07:45:00,AWS_02,0,normal,none,0,0.04916155454543325
2026-01-03 08:00:00,AWS_02,0,normal,none,0,0.06602747356351296
2026-01-03 08:15:00,AWS_02,0,normal,none,0,0.06228085786092108
2026-01-03 08:30:00,AWS_02,0,normal,none,0,0.06959631277000844
2026-01-03 08:45:00,AWS_02,0,normal,none,0,0.04998585534120431
2026-01-03 09:00:00,AWS_02,0,normal,none,0,0.076006098347908
2026-01-03 09:15:00,AWS_02,0,normal,none,0,0.028118407444025273
2026-01-03 09:30:00,AWS_02,0,normal,none,0,0.04343399639678858
2026-01-03 09:45:00,AWS_02,0,normal,none,0,0.07009809525172406
2026-01-03 10:00:00,AWS_02,0,normal,none,0,0.06035602980099808
2026-01-03 10:15:00,AWS_02,0,normal,none,0,0.052404851143205144
2026-01-03 10:30:00,AWS_02,0,normal,none,0,0.06839180116573634
2026-01-03 10:45:00,AWS_02,0,normal,none,0,0.0618638297014617
2026-01-03 11:00:00,AWS_02,0,normal,none,0,0.006003345747682576
2026-01-03 11:15:00,AWS_02,0,normal,none,0,0.03712564080025649
2026-01-03 11:30:00,AWS_02,0,normal,none,0,0.06163804233583586
2026-01-03 11:45:00,AWS_02,0,normal,none,0,0.06689845258601401
2026-01-03 12:00:00,AWS_02,0,normal,none,0,0.05421942760124404
2026-01-03 12:15:00,AWS_02,0,normal,none,0,0.055612022038612874
2026-01-03 12:30:00,AWS_02,0,normal,none,0,0.051610054737137645
2026-01-03 12:45:00,AWS_02,0,normal,none,0,0.057776008401862755
2026-01-03 13:00:00,AWS_02,0,normal,none,0,0.04788211759048955
2026-01-03 13:15:00,AWS_02,0,normal,none,0,0.05421193481098696
2026-01-03 13:30:00,AWS_02,0,normal,none,0,0.05712328541451922
2026-01-03 13:45:00,AWS_02,0,normal,none,0,0.05598696300525924
2026-01-03 14:00:00,AWS_02,0,normal,none,0,0.04262933602433272
2026-01-03 14:15:00,AWS_02,0,normal,none,0,0.02955056532088307
2026-01-03 14:30:00,AWS_02,0,normal,none,0,0.04767165924625116
2026-01-03 14:45:00,AWS_02,0,normal,none,0,0.05772632725641419
2026-01-03 15:00:00,AWS_02,0,normal,none,0,0.03117655185141177
2026-01-03 15:15:00,AWS_02,0,normal,none,0,0.06566565745369635
2026-01-03 15:30:00,AWS_02,0,normal,none,0,0.06345504790718809
2026-01-03 15:45:00,AWS_02,0,normal,none,0,0.027143931960333156
2026-01-03 16:00:00,AWS_02,0,normal,none,0,0.024932053914681562
2026-01-03 16:15:00,AWS_02,0,normal,none,0,0.008545480550160578
2026-01-03 16:30:00,AWS_02,0,normal,none,0,0.03515355893709449
2026-01-03 16:45:00,AWS_02,0,normal,none,0,0.06388149638946827
2026-01-03 17:00:00,AWS_02,0,normal,none,0,0.02746057549289871
2026-01-03 17:15:00,AWS_02,0,normal,none,0,0.04413914456382806
2026-01-03 17:30:00,AWS_02,0,normal,none,0,0.027726085330020522
2026-01-03 17:45:00,AWS_02,0,normal,none,0,0.035943477882415586
2026-01-03 18:00:00,AWS_02,0,normal,none,0,0.05571151058463397
2026-01-03 18:15:00,AWS_02,0,normal,none,0,0.07074046077240309
2026-01-03 18:30:00,AWS_02,0,normal,none,0,0.054651213802992316
2026-01-03 18:45:00,AWS_02,0,normal,none,0,0.06193239956932711
2026-01-03 19:00:00,AWS_02,0,normal,none,0,0.060588879452230904
2026-01-03 19:15:00,AWS_02,0,normal,none,0,0.05521390101403412
2026-01-03 19:30:00,AWS_02,0,normal,none,0,0.06668373013513396
2026-01-03 19:45:00,AWS_02,0,normal,none,0,0.060979714844410504
2026-01-03 20:00:00,AWS_02,0,normal,none,0,0.055735122167329454
2026-01-03 20:15:00,AWS_02,0,normal,none,0,0.07996361780427502
2026-01-03 20:30:00,AWS_02,0,normal,none,0,0.07583529241709697
2026-01-03 20:45:00,AWS_02,0,normal,none,0,0.05440469871037151
2026-01-03 21:00:00,AWS_02,0,normal,none,0,0.037301984016741896
2026-01-03 21:15:00,AWS_02,0,normal,none,0,0.07134996217134815
2026-01-03 21:30:00,AWS_02,0,normal,none,0,0.07863351513380712
2026-01-03 21:45:00,AWS_02,0,normal,none,0,0.03432570173357519
2026-01-03 22:00:00,AWS_02,0,normal,none,0,0.007214093499680496
2026-01-03 22:15:00,AWS_02,0,normal,none,0,0.05218956527833002
2026-01-03 22:30:00,AWS_02,0,normal,none,0,0.04993835275098363
2026-01-03 22:45:00,AWS_02,0,normal,none,0,0.011242523194526899
2026-01-03 23:00:00,AWS_02,0,normal,none,0,0.08191123046386423
2026-01-03 23:15:00,AWS_02,0,normal,none,0,0.06434301456869868
2026-01-03 23:30:00,AWS_02,0,normal,none,0,0.06782053371128505
2026-01-03 23:45:00,AWS_02,0,normal,none,0,0.06742949069446896
2026-01-04 00:00:00,AWS_02,0,normal,none,0,0.0765456625201516
2026-01-04 00:15:00,AWS_02,0,normal,none,0,0.03961455337290021
2026-01-04 00:30:00,AWS_02,1,temperature_spike,temperature,1,-0.028571644224802295
2026-01-04 00:45:00,AWS_02,0,normal,none,0,0.023236430249425233
2026-01-04 01:00:00,AWS_02,0,normal,none,0,0.060853494084656956
2026-01-04 01:15:00,AWS_02,0,normal,none,0,0.03347034552643258
2026-01-04 01:30:00,AWS_02,1,temperature_drop,temperature,1,-0.04702904086307469
2026-01-04 01:45:00,AWS_02,0,normal,none,0,0.02427574955666023
2026-01-04 02:00:00,AWS_02,0,normal,none,0,0.04560405083417507
2026-01-04 02:15:00,AWS_02,0,normal,none,0,0.06760147866069155
2026-01-04 02:30:00,AWS_02,0,normal,none,0,0.04700711393774226
2026-01-04 02:45:00,AWS_02,0,normal,none,0,0.07157753693033525
2026-01-04 03:00:00,AWS_02,0,normal,none,0,0.04663138786929899
2026-01-04 03:15:00,AWS_02,0,normal,none,0,0.036604590751825095
2026-01-04 03:30:00,AWS_02,0,normal,none,0,0.055749093261333704
2026-01-04 03:45:00,AWS_02,0,normal,none,0,0.07572589149662129
2026-01-04 04:00:00,AWS_02,0,normal,none,0,0.05725406832027141
2026-01-04 04:15:00,AWS_02,0,normal,none,0,0.05006873599646161
2026-01-04 04:30:00,AWS_02,0,normal,none,0,0.050828608784329654
2026-01-04 04:45:00,AWS_02,0,normal,none,0,0.07130647645602417
2026-01-04 05:00:00,AWS_02,0,normal,none,0,0.061069429617540194
2026-01-04 05:15:00,AWS_02,0,normal,none,0,0.0726893886678891
2026-01-04 05:30:00,AWS_02,0,normal,none,0,0.03805963938023327
2026-01-04 05:45:00,AWS_02,0,normal,none,0,0.0673053182110156
2026-01-04 06:00:00,AWS_02,0,normal,none,0,0.06817286597873978
2026-01-04 06:15:00,AWS_02,0,normal,none,0,0.02935084062235327
2026-01-04 06:30:00,AWS_02,0,normal,none,0,0.006447371451164474
2026-01-04 06:45:00,AWS_02,0,normal,none,0,0.018508141608626905
2026-01-04 07:00:00,AWS_02,0,normal,none,0,0.0614727129575548
2026-01-04 07:15:00,AWS_02,0,normal,none,0,0.07160327125118393
2026-01-04 07:30:00,AWS_02,0,normal,none,0,0.03372340942988916
2026-01-04 07:45:00,AWS_02,0,normal,none,0,0.0500699850195786
2026-01-04 08:00:00,AWS_02,0,normal,none,0,0.07226607225067694
2026-01-04 08:15:00,AWS_02,0,normal,none,0,0.04742380020863335
2026-01-04 08:30:00,AWS_02,0,normal,none,0,0.07344263579805449
2026-01-04 08:45:00,AWS_02,0,normal,none,0,0.05964116338112346
2026-01-04 09:00:00,AWS_02,0,normal,none,0,0.06099553726167756
2026-01-04 09:15:00,AWS_02,0,normal,none,0,0.06573248770441487
2026-01-04 09:30:00,AWS_02,0,normal,none,0,0.075911647799288
2026-01-04 09:45:00,AWS_02,0,normal,none,0,0.06493250233293452
2026-01-04 10:00:00,AWS_02,0,normal,none,0,0.05329063779973603
2026-01-04 10:15:00,AWS_02,0,normal,none,0,0.04413380406767797
2026-01-04 10:30:00,AWS_02,0,normal,none,0,0.06597751150898251
2026-01-04 10:45:00,AWS_02,0,normal,none,0,0.07661096963253872
2026-01-04 11:00:00,AWS_02,0,normal,none,0,0.04809725394971254
2026-01-04 11:15:00,AWS_02,0,normal,none,0,0.0028422630382546332
2026-01-04 11:30:00,AWS_02,0,normal,none,1,-0.008931770577111808
2026-01-04 11:45:00,AWS_02,0,normal,none,0,0.048823752431335854
2026-01-04 12:00:00,AWS_02,0,normal,none,0,0.0403982114097835
2026-01-04 12:15:00,AWS_02,0,normal,none,0,0.06266590453752102
2026-01-04 12:30:00,AWS_02,0,normal,none,0,0.05717879285018668
2026-01-04 12:45:00,AWS_02,0,normal,none,0,0.027854856034224773
2026-01-04 13:00:00,AWS_02,0,normal,none,0,0.05725491361606788
2026-01-04 13:15:00,AWS_02,0,normal,none,0,0.0551675065614492
2026-01-04 13:30:00,AWS_02,0,normal,none,0,0.05488580079951055
2026-01-04 13:45:00,AWS_02,0,normal,none,0,0.050789370270127365
2026-01-04 14:00:00,AWS_02,0,normal,none,0,0.03707645693675632
2026-01-04 14:15:00,AWS_02,0,normal,none,0,0.06448860940969525
2026-01-04 14:30:00,AWS_02,0,normal,none,0,0.048024303313114025
2026-01-04 14:45:00,AWS_02,0,normal,none,1,-0.009849539772250782
2026-01-04 15:00:00,AWS_02,0,normal,none,0,0.026966756566984662
2026-01-04 15:15:00,AWS_02,0,normal,none,0,0.04269864588959771
2026-01-04 15:30:00,AWS_02,0,normal,none,0,0.04680083637273924
2026-01-04 15:45:00,AWS_02,0,normal,none,0,0.060010523856500686
2026-01-04 16:00:00,AWS_02,0,normal,none,0,0.049036771793381395
2026-01-04 16:15:00,AWS_02,0,normal,none,0,0.03614491966876632
2026-01-04 16:30:00,AWS_02,0,normal,none,0,0.04628593960377314
2026-01-04 16:45:00,AWS_02,0,normal,none,0,0.05455684308925324
2026-01-04 17:00:00,AWS_02,0,normal,none,0,0.025333013538233806
2026-01-04 17:15:00,AWS_02,0,normal,none,0,0.04800505653377607
2026-01-04 17:30:00,AWS_02,0,normal,none,0,0.046479036161660936
2026-01-04 17:45:00,AWS_02,0,normal,none,0,0.05074891408916771
2026-01-04 18:00:00,AWS_02,0,normal,none,0,0.061584811253178495
2026-01-04 18:15:00,AWS_02,0,normal,none,0,0.062681098430303
2026-01-04 18:30:00,AWS_02,0,normal,none,0,0.0719025601375935
2026-01-04 18:45:00,AWS_02,0,normal,none,0,0.07485446181706279
2026-01-04 19:00:00,AWS_02,0,normal,none,0,0.06190788777343559
2026-01-04 19:15:00,AWS_02,0,normal,none,0,0.04700662420207069
2026-01-04 19:30:00,AWS_02,0,normal,none,0,0.0645629647923725
2026-01-04 19:45:00,AWS_02,0,normal,none,0,0.07815749444691927
2026-01-04 20:00:00,AWS_02,0,normal,none,0,0.07108959581586277
2026-01-04 20:15:00,AWS_02,0,normal,none,0,0.05626420861781778
2026-01-04 20:30:00,AWS_02,0,normal,none,0,0.039470822742320055
2026-01-04 20:45:00,AWS_02,0,normal,none,0,0.0673150875035528
2026-01-04 21:00:00,AWS_02,0,normal,none,0,0.08451096329161506
2026-01-04 21:15:00,AWS_02,0,normal,none,0,0.08562435825166642
2026-01-04 21:30:00,AWS_02,0,normal,none,0,0.05629313955287579
2026-01-04 21:45:00,AWS_02,0,normal,none,0,0.08482655949128437
2026-01-04 22:00:00,AWS_02,0,normal,none,0,0.08007295217068139
2026-01-04 22:15:00,AWS_02,0,normal,none,0,0.041470412066163864
2026-01-04 22:30:00,AWS_02,0,normal,none,0,0.054222802172068374
2026-01-04 22:45:00,AWS_02,0,normal,none,0,0.07601017238780583
2026-01-04 23:00:00,AWS_02,0,normal,none,0,0.06895814355051272
2026-01-04 23:15:00,AWS_02,0,normal,none,0,0.021228836265657858
2026-01-04 23:30:00,AWS_02,0,normal,none,0,0.03975405587563574
2026-01-04 23:45:00,AWS_02,0,normal,none,0,0.08368722009510182
2026-01-05 00:00:00,AWS_02,0,normal,none,0,0.08633243150532893
2026-01-05 00:15:00,AWS_02,0,normal,none,0,0.0825833637249545
2026-01-05 00:30:00,AWS_02,0,normal,none,0,0.08525495946244782
2026-01-05 00:45:00,AWS_02,0,normal,none,0,0.07525716327797854
2026-01-05 01:00:00,AWS_02,0,normal,none,0,0.0920414157141431
2026-01-05 01:15:00,AWS_02,0,normal,none,0,0.08716361334914458
2026-01-05 01:30:00,AWS_02,0,normal,none,0,0.08943364244239166
2026-01-05 01:45:00,AWS_02,0,normal,none,0,0.094322427090962
2026-01-05 02:00:00,AWS_02,0,normal,none,0,0.08326702832832472
2026-01-05 02:15:00,AWS_02,0,normal,none,0,0.09116575287246159
2026-01-05 02:30:00,AWS_02,0,normal,none,0,0.05823944304921436
2026-01-05 02:45:00,AWS_02,0,normal,none,0,0.0814572880980241
2026-01-05 03:00:00,AWS_02,0,normal,none,0,0.0860121094042599
2026-01-05 03:15:00,AWS_02,0,normal,none,0,0.09340508571337391
2026-01-05 03:30:00,AWS_02,0,normal,none,0,0.08743335289137016
2026-01-05 03:45:00,AWS_02,0,normal,none,0,0.08905099712078884
2026-01-05 04:00:00,AWS_02,0,normal,none,0,0.07623939291861259
2026-01-05 04:15:00,AWS_02,0,normal,none,0,0.052010030311408606
2026-01-05 04:30:00,AWS_02,0,normal,none,0,0.06352386776013352
2026-01-05 04:45:00,AWS_02,0,normal,none,0,0.06824996907735836
2026-01-05 05:00:00,AWS_02,0,normal,none,0,0.0578312957718744
2026-01-05 05:15:00,AWS_02,0,normal,none,0,0.08540366330957039
2026-01-05 05:30:00,AWS_02,0,normal,none,0,0.08804228683582088
2026-01-05 05:45:00,AWS_02,0,normal,none,0,0.07302298687181391
2026-01-05 06:00:00,AWS_02,0,normal,none,0,0.06330057723007487
2026-01-05 06:15:00,AWS_02,0,normal,none,0,0.08128241470283731
2026-01-05 06:30:00,AWS_02,0,normal,none,0,0.06578432897872755
2026-01-05 06:45:00,AWS_02,0,normal,none,0,0.08936990362197667
2026-01-05 07:00:00,AWS_02,0,normal,none,0,0.0439420956050649
2026-01-05 07:15:00,AWS_02,0,normal,none,0,0.048041508308724445
2026-01-05 07:30:00,AWS_02,0,normal,none,0,0.09035125674593253
2026-01-05 07:45:00,AWS_02,0,normal,none,0,0.08687387989617645
2026-01-05 08:00:00,AWS_02,0,normal,none,0,0.06326599229507468
2026-01-05 08:15:00,AWS_02,0,normal,none,0,0.04501268002746561
2026-01-05 08:30:00,AWS_02,0,normal,none,0,0.04666489534393703
2026-01-05 08:45:00,AWS_02,0,normal,none,0,0.05659231213733146
2026-01-05 09:00:00,AWS_02,0,normal,none,0,0.08469655723452796
2026-01-05 09:15:00,AWS_02,0,normal,none,0,0.09357223002082987
2026-01-05 09:30:00,AWS_02,0,normal,none,0,0.02289918828743931
2026-01-05 09:45:00,AWS_02,0,normal,none,0,0.07557667438389909
2026-01-05 10:00:00,AWS_02,0,normal,none,0,0.07811522818816707
2026-01-05 10:15:00,AWS_02,0,normal,none,0,0.037931570924985225
2026-01-05 10:30:00,AWS_02,0,normal,none,0,0.05349394966006665
2026-01-05 10:45:00,AWS_02,0,normal,none,0,0.0465533206964045
2026-01-05 11:00:00,AWS_02,0,normal,none,0,0.06249780874761596
2026-01-05 11:15:00,AWS_02,0,normal,none,0,0.07723372794680505
2026-01-05 11:30:00,AWS_02,0,normal,none,0,0.07629874546147697
2026-01-05 11:45:00,AWS_02,0,normal,none,0,0.07056337543681301
2026-01-05 12:00:00,AWS_02,0,normal,none,0,0.046386066543159465
2026-01-05 12:15:00,AWS_02,0,normal,none,0,0.056679755188490666
2026-01-05 12:30:00,AWS_02,0,normal,none,0,0.06881951850676504
2026-01-05 12:45:00,AWS_02,0,normal,none,0,0.06258318943220648
2026-01-05 13:00:00,AWS_02,0,normal,none,0,0.02454974491076778
2026-01-05 13:15:00,AWS_02,0,normal,none,0,0.061562371113271674
2026-01-05 13:30:00,AWS_02,0,normal,none,0,0.04614362152447016
2026-01-05 13:45:00,AWS_02,0,normal,none,0,0.047270569302607535
2026-01-05 14:00:00,AWS_02,0,normal,none,0,0.049808129487399044
2026-01-05 14:15:00,AWS_02,0,normal,none,0,0.04564908820539004
2026-01-05 14:30:00,AWS_02,0,normal,none,0,0.06536775634314901
2026-01-05 14:45:00,AWS_02,0,normal,none,0,0.06327135262927586
2026-01-05 15:00:00,AWS_02,0,normal,none,0,0.07601009641821299
2026-01-05 15:15:00,AWS_02,0,normal,none,0,0.051247535460926585
2026-01-05 15:30:00,AWS_02,0,normal,none,0,0.047765841549733734
2026-01-05 15:45:00,AWS_02,0,normal,none,0,0.04988354068509798
2026-01-05 16:00:00,AWS_02,0,normal,none,0,0.0669793232216142
2026-01-05 16:15:00,AWS_02,0,normal,none,0,0.041924049944618846
2026-01-05 16:30:00,AWS_02,0,normal,none,0,0.07855302205370951
2026-01-05 16:45:00,AWS_02,0,normal,none,0,0.06803689696911136
2026-01-05 17:00:00,AWS_02,0,normal,none,0,0.06600800307572707
2026-01-05 17:15:00,AWS_02,0,normal,none,0,0.08848182675175986
2026-01-05 17:30:00,AWS_02,0,normal,none,0,0.07916868562737539
2026-01-05 17:45:00,AWS_02,0,normal,none,0,0.07947601722283176
2026-01-05 18:00:00,AWS_02,0,normal,none,0,0.053563959375142134
2026-01-05 18:15:00,AWS_02,0,normal,none,0,0.07014334301603714
2026-01-05 18:30:00,AWS_02,0,normal,none,0,0.05888717440576363
2026-01-05 18:45:00,AWS_02,0,normal,none,0,0.0495498074407138
2026-01-05 19:00:00,AWS_02,0,normal,none,0,0.06904135821193319
2026-01-05 19:15:00,AWS_02,0,normal,none,0,0.06893308096079015
2026-01-05 19:30:00,AWS_02,0,normal,none,0,0.04914568040039691
2026-01-05 19:45:00,AWS_02,0,normal,none,0,0.0917187144488415
2026-01-05 20:00:00,AWS_02,0,normal,none,0,0.04098366960848843
2026-01-05 20:15:00,AWS_02,0,normal,none,0,0.05407927040034766
2026-01-05 20:30:00,AWS_02,0,normal,none,0,0.04797743512438246
2026-01-05 20:45:00,AWS_02,0,normal,none,0,0.07984767837732976
2026-01-05 21:00:00,AWS_02,0,normal,none,0,0.08059465865388987
2026-01-05 21:15:00,AWS_02,0,normal,none,0,0.08564276745924454
2026-01-05 21:30:00,AWS_02,0,normal,none,0,0.0787498263394712
2026-01-05 21:45:00,AWS_02,0,normal,none,0,0.07732669418841737
2026-01-05 22:00:00,AWS_02,0,normal,none,0,0.08348832781672516
2026-01-05 22:15:00,AWS_02,0,normal,none,0,0.04625670555779937
2026-01-05 22:30:00,AWS_02,0,normal,none,0,0.07519760451281343
2026-01-05 22:45:00,AWS_02,0,normal,none,0,0.017121649719945342
2026-01-05 23:00:00,AWS_02,0,normal,none,0,0.06302049550464339
2026-01-05 23:15:00,AWS_02,0,normal,none,0,0.08631535743215424
2026-01-05 23:30:00,AWS_02,0,normal,none,0,0.058440733317751514
2026-01-05 23:45:00,AWS_02,0,normal,none,0,0.09459784666025722
2026-01-06 00:00:00,AWS_02,0,normal,none,0,0.07813532533577705
2026-01-06 00:15:00,AWS_02,0,normal,none,0,0.02309397132571578
2026-01-06 00:30:00,AWS_02,1,frozen_sensor,temperature,0,0.08415791190273242
2026-01-06 00:45:00,AWS_02,1,frozen_sensor,temperature,0,0.08287503594348372
2026-01-06 01:00:00,AWS_02,1,frozen_sensor,temperature,0,0.09432946178692014
2026-01-06 01:15:00,AWS_02,1,frozen_sensor,temperature,0,0.09252152055385127
2026-01-06 01:30:00,AWS_02,1,frozen_sensor,temperature,0,0.08980537346174972
2026-01-06 01:45:00,AWS_02,1,frozen_sensor,temperature,0,0.09116753042852904
2026-01-06 02:00:00,AWS_02,1,frozen_sensor,temperature,0,0.09581924280603021
2026-01-06 02:15:00,AWS_02,1,frozen_sensor,temperature,0,0.04610181746192843
2026-01-06 02:30:00,AWS_02,1,frozen_sensor,temperature,0,0.0801978651017185
2026-01-06 02:45:00,AWS_02,1,frozen_sensor,temperature,0,0.06796277669761663
2026-01-06 03:00:00,AWS_02,1,frozen_sensor,temperature,0,0.08616290530003795
2026-01-06 03:15:00,AWS_02,1,frozen_sensor,temperature,0,0.09317710225989584
2026-01-06 03:30:00,AWS_02,1,frozen_sensor,temperature,0,0.07599174826833066
2026-01-06 03:45:00,AWS_02,1,frozen_sensor,temperature,0,0.06588252845324694
2026-01-06 04:00:00,AWS_02,1,frozen_sensor,temperature,0,0.10535609949054642
2026-01-06 04:15:00,AWS_02,1,frozen_sensor,temperature,0,0.054958187911335055
2026-01-06 04:30:00,AWS_02,1,frozen_sensor,temperature,0,0.0806812184398954
2026-01-06 04:45:00,AWS_02,1,frozen_sensor,temperature,0,0.09520853964405984
2026-01-06 05:00:00,AWS_02,1,frozen_sensor,temperature,0,0.10500497837474637
2026-01-06 05:15:00,AWS_02,1,frozen_sensor,temperature,0,0.09756178567850554
2026-01-06 05:30:00,AWS_02,1,frozen_sensor,temperature,0,0.09684802913980617
2026-01-06 05:45:00,AWS_02,1,frozen_sensor,temperature,0,0.08944285932816426
2026-01-06 06:00:00,AWS_02,1,frozen_sensor,temperature,0,0.09647995077330968
2026-01-06 06:15:00,AWS_02,1,frozen_sensor,temperature,0,0.10082398976541662
2026-01-06 06:30:00,AWS_02,0,normal,none,0,0.010566844273040887
2026-01-06 06:45:00,AWS_02,0,normal,none,0,0.07756558562704385
2026-01-06 07:00:00,AWS_02,0,normal,none,0,0.07432570966317453
2026-01-06 07:15:00,AWS_02,0,normal,none,0,0.10467962400746472
2026-01-06 07:30:00,AWS_02,0,normal,none,0,0.07216975826637684
2026-01-06 07:45:00,AWS_02,0,normal,none,0,0.07074675263312552
2026-01-06 08:00:00,AWS_02,0,normal,none,0,0.08221860264941455
2026-01-06 08:15:00,AWS_02,0,normal,none,0,0.08270514984773364
2026-01-06 08:30:00,AWS_02,0,normal,none,0,0.07781817661323887
2026-01-06 08:45:00,AWS_02,0,normal,none,0,0.08652576807345247
2026-01-06 09:00:00,AWS_02,0,normal,none,0,0.08731627869125103
2026-01-06 09:15:00,AWS_02,0,normal,none,0,0.07641367549792283
2026-01-06 09:30:00,AWS_02,0,normal,none,0,0.07753449790362171
2026-01-06 09:45:00,AWS_02,0,normal,none,0,0.10000406602606743
2026-01-06 10:00:00,AWS_02,0,normal,none,0,0.09349499270982586
2026-01-06 10:15:00,AWS_02,0,normal,none,0,0.04463230252091266
2026-01-06 10:30:00,AWS_02,0,normal,none,0,0.0800693066067199
2026-01-06 10:45:00,AWS_02,0,normal,none,0,0.07556450919955121
2026-01-06 11:00:00,AWS_02,0,normal,none,0,0.06515783894038196
2026-01-06 11:15:00,AWS_02,0,normal,none,0,0.07188939868013394
2026-01-06 11:30:00,AWS_02,0,normal,none,0,0.08642054189441595
2026-01-06 11:45:00,AWS_02,0,normal,none,0,0.0870347943465632
2026-01-06 12:00:00,AWS_02,0,normal,none,0,0.0740376769009431
2026-01-06 12:15:00,AWS_02,0,normal,none,0,0.08907914506619491
2026-01-06 12:30:00,AWS_02,0,normal,none,0,0.08082879188842518
2026-01-06 12:45:00,AWS_02,0,normal,none,0,0.08059855493921847
2026-01-06 13:00:00,AWS_02,0,normal,none,0,0.09560544581967895
2026-01-06 13:15:00,AWS_02,0,normal,none,0,0.09498972747484485
2026-01-06 13:30:00,AWS_02,0,normal,none,0,0.08104085518265985
2026-01-06 13:45:00,AWS_02,0,normal,none,0,0.07066450847676953
2026-01-06 14:00:00,AWS_02,0,normal,none,0,0.07448206757305836
2026-01-06 14:15:00,AWS_02,0,normal,none,0,0.07009579982671266
2026-01-06 14:30:00,AWS_02,0,normal,none,0,0.09548540234056496
2026-01-06 14:45:00,AWS_02,0,normal,none,0,0.07026190266385113
2026-01-06 15:00:00,AWS_02,0,normal,none,0,0.07775490443559208
2026-01-06 15:15:00,AWS_02,0,normal,none,0,0.033544449384344976
2026-01-06 15:30:00,AWS_02,0,normal,none,0,0.08434468356047281
2026-01-06 15:45:00,AWS_02,0,normal,none,0,0.10105252304146278
2026-01-06 16:00:00,AWS_02,0,normal,none,0,0.08370104908790926
2026-01-06 16:15:00,AWS_02,0,normal,none,0,0.055577944849865946
2026-01-06 16:30:00,AWS_02,0,normal,none,0,0.09038959319087086
2026-01-06 16:45:00,AWS_02,0,normal,none,0,0.09161001557721954
2026-01-06 17:00:00,AWS_02,0,normal,none,0,0.052810224573528186
2026-01-06 17:15:00,AWS_02,0,normal,none,0,0.09705577314859026
2026-01-06 17:30:00,AWS_02,0,normal,none,0,0.06401695154280712
2026-01-06 17:45:00,AWS_02,0,normal,none,0,0.1063609433106601
2026-01-06 18:00:00,AWS_02,0,normal,none,0,0.10245728330986165
2026-01-06 18:15:00,AWS_02,0,normal,none,0,0.10013994976049656
2026-01-06 18:30:00,AWS_02,0,normal,none,0,0.09563918714431197
2026-01-06 18:45:00,AWS_02,0,normal,none,0,0.0643056001771139
2026-01-06 19:00:00,AWS_02,0,normal,none,0,0.04086109197215615
2026-01-06 19:15:00,AWS_02,0,normal,none,0,0.09063241890564838
2026-01-06 19:30:00,AWS_02,0,normal,none,0,0.0912737619206136
2026-01-06 19:45:00,AWS_02,0,normal,none,0,0.09710886637363936
2026-01-06 20:00:00,AWS_02,0,normal,none,0,0.10407468882063081
2026-01-06 20:15:00,AWS_02,0,normal,none,0,0.0598105090755936
2026-01-06 20:30:00,AWS_02,0,normal,none,0,0.09685186396077938
2026-01-06 20:45:00,AWS_02,0,normal,none,0,0.09529176939777534
2026-01-06 21:00:00,AWS_02,0,normal,none,0,0.10226935701008288
2026-01-06 21:15:00,AWS_02,0,normal,none,0,0.1026150441254498
2026-01-06 21:30:00,AWS_02,0,normal,none,0,0.07730814162830146
2026-01-06 21:45:00,AWS_02,0,normal,none,0,0.08462853279047228
2026-01-06 22:00:00,AWS_02,0,normal,none,0,0.10939790799770188
2026-01-06 22:15:00,AWS_02,0,normal,none,0,0.07663995230526433
2026-01-06 22:30:00,AWS_02,0,normal,none,0,0.08418942550501074
2026-01-06 22:45:00,AWS_02,0,normal,none,0,0.09759394394154458
2026-01-06 23:00:00,AWS_02,0,normal,none,0,0.04308671925765317
2026-01-06 23:15:00,AWS_02,0,normal,none,0,0.08415415400342524
2026-01-06 23:30:00,AWS_02,0,normal,none,0,0.09590941988985363
2026-01-06 23:45:00,AWS_02,0,normal,none,0,0.0882575624220382
2026-01-07 00:00:00,AWS_02,0,normal,none,0,0.08699585582532904
2026-01-07 00:15:00,AWS_02,0,normal,none,0,0.07760373352698136
2026-01-07 00:30:00,AWS_02,0,normal,none,0,0.08825486249434
2026-01-07 00:45:00,AWS_02,0,normal,none,0,0.06751670435053153
2026-01-07 01:00:00,AWS_02,0,normal,none,0,0.05970103663309234
2026-01-07 01:15:00,AWS_02,0,normal,none,0,0.06419066985951888
2026-01-07 01:30:00,AWS_02,0,normal,none,0,0.06583836586242175
2026-01-07 01:45:00,AWS_02,0,normal,none,0,0.061228726458961324
2026-01-07 02:00:00,AWS_02,0,normal,none,0,0.08265924737295205
2026-01-07 02:15:00,AWS_02,0,normal,none,0,0.0898860971594948
2026-01-07 02:30:00,AWS_02,0,normal,none,0,0.05627275082983357
2026-01-07 02:45:00,AWS_02,0,normal,none,0,0.06997718176345413
2026-01-07 03:00:00,AWS_02,0,normal,none,0,0.0736669712008668
2026-01-07 03:15:00,AWS_02,0,normal,none,0,0.019328371060900018
2026-01-07 03:30:00,AWS_02,0,normal,none,0,0.066927908191868
2026-01-07 03:45:00,AWS_02,0,normal,none,0,0.0616280049527938
2026-01-07 04:00:00,AWS_02,0,normal,none,0,0.0420702658703509
2026-01-07 04:15:00,AWS_02,0,normal,none,0,0.028082125319243922
2026-01-07 04:30:00,AWS_02,0,normal,none,0,0.026872272523649654
2026-01-07 04:45:00,AWS_02,0,normal,none,0,0.07006829787664737
2026-01-07 05:00:00,AWS_02,0,normal,none,0,0.07316516696782965
2026-01-07 05:15:00,AWS_02,0,normal,none,0,0.08109374094454475
2026-01-07 05:30:00,AWS_02,0,normal,none,0,0.08713942255331042
2026-01-07 05:45:00,AWS_02,0,normal,none,0,0.053149794074950185
2026-01-07 06:00:00,AWS_02,0,normal,none,0,0.07147814340423347
2026-01-07 06:15:00,AWS_02,0,normal,none,0,0.06887788150605689
2026-01-07 06:30:00,AWS_02,0,normal,none,0,0.06912627964854301
2026-01-07 06:45:00,AWS_02,0,normal,none,0,0.07608197533089855
2026-01-07 07:00:00,AWS_02,0,normal,none,0,0.09870182886834772
2026-01-07 07:15:00,AWS_02,0,normal,none,0,0.10158541219498174
2026-01-07 07:30:00,AWS_02,0,normal,none,0,0.04925340665676403
2026-01-07 07:45:00,AWS_02,0,normal,none,0,0.09019824514506253
2026-01-07 08:00:00,AWS_02,0,normal,none,0,0.07908913707861798
2026-01-07 08:15:00,AWS_02,0,normal,none,0,0.06661862587824624
2026-01-07 08:30:00,AWS_02,0,normal,none,0,0.09204852975515587
2026-01-07 08:45:00,AWS_02,0,normal,none,0,0.09879762941699605
2026-01-07 09:00:00,AWS_02,0,normal,none,0,0.09836016165451478
2026-01-07 09:15:00,AWS_02,0,normal,none,0,0.07540646531955009
2026-01-07 09:30:00,AWS_02,0,normal,none,0,0.05378180408095723
2026-01-07 09:45:00,AWS_02,0,normal,none,0,0.0907696425702712
2026-01-07 10:00:00,AWS_02,0,normal,none,0,0.07250144157538335
2026-01-07 10:15:00,AWS_02,0,normal,none,0,0.08287754886243581
2026-01-07 10:30:00,AWS_02,0,normal,none,0,0.05553667301423948
2026-01-07 10:45:00,AWS_02,0,normal,none,0,0.08095471806352916
2026-01-07 11:00:00,AWS_02,0,normal,none,0,0.07989388142594617
2026-01-07 11:15:00,AWS_02,0,normal,none,0,0.08677885476395153
2026-01-07 11:30:00,AWS_02,0,normal,none,0,0.07267906459358109
2026-01-07 11:45:00,AWS_02,0,normal,none,0,0.08957354403843498
2026-01-07 12:00:00,AWS_02,0,normal,none,0,0.08916799746063009
2026-01-07 12:15:00,AWS_02,0,normal,none,0,0.07700517059950268
2026-01-07 12:30:00,AWS_02,0,normal,none,0,0.08357430882265282
2026-01-07 12:45:00,AWS_02,0,normal,none,0,0.07684234085577102
2026-01-07 13:00:00,AWS_02,0,normal,none,0,0.05132163438020382
2026-01-07 13:15:00,AWS_02,0,normal,none,0,0.0760600402080508
2026-01-07 13:30:00,AWS_02,0,normal,none,0,0.08936902489356413
2026-01-07 13:45:00,AWS_02,0,normal,none,0,0.07492991978611974
2026-01-07 14:00:00,AWS_02,0,normal,none,0,0.04535574305192536
2026-01-07 14:15:00,AWS_02,0,normal,none,0,0.09449730071788454
2026-01-07 14:30:00,AWS_02,0,normal,none,0,0.07337087040568074
2026-01-07 14:45:00,AWS_02,0,normal,none,0,0.09337691245758711
2026-01-07 15:00:00,AWS_02,0,normal,none,0,0.094745263895115
2026-01-07 15:15:00,AWS_02,0,normal,none,0,0.07621901047468921
2026-01-07 15:30:00,AWS_02,0,normal,none,0,0.09132474568925675
2026-01-07 15:45:00,AWS_02,0,normal,none,0,0.09256453679041626
2026-01-07 16:00:00,AWS_02,0,normal,none,0,0.08709197844112421
2026-01-07 16:15:00,AWS_02,0,normal,none,0,0.10603357819720671
2026-01-07 16:30:00,AWS_02,0,normal,none,0,0.08452088848669487
2026-01-07 16:45:00,AWS_02,0,normal,none,0,0.04637505291691024
2026-01-07 17:00:00,AWS_02,0,normal,none,0,0.08027090911418772
2026-01-07 17:15:00,AWS_02,0,normal,none,0,0.07977321893900124
2026-01-07 17:30:00,AWS_02,0,normal,none,0,0.09462255405928893
2026-01-07 17:45:00,AWS_02,0,normal,none,0,0.061885923677568455
2026-01-07 18:00:00,AWS_02,0,normal,none,0,0.05807261762069965
2026-01-07 18:15:00,AWS_02,0,normal,none,0,0.10085186807681246
2026-01-07 18:30:00,AWS_02,0,normal,none,0,0.03828331413781494
2026-01-07 18:45:00,AWS_02,0,normal,none,0,0.09074478943668846
2026-01-07 19:00:00,AWS_02,0,normal,none,0,0.10315130095906394
2026-01-07 19:15:00,AWS_02,0,normal,none,0,0.09303517908148012
2026-01-07 19:30:00,AWS_02,0,normal,none,0,0.09418234228241834
2026-01-07 19:45:00,AWS_02,0,normal,none,0,0.08750930790470685
2026-01-07 20:00:00,AWS_02,0,normal,none,0,0.07847369977673985
2026-01-07 20:15:00,AWS_02,0,normal,none,0,0.10505362628886916
2026-01-07 20:30:00,AWS_02,0,normal,none,0,0.09684323191549776
2026-01-07 20:45:00,AWS_02,0,normal,none,0,0.08882160090788055
2026-01-07 21:00:00,AWS_02,0,normal,none,0,0.09337712965874917
2026-01-07 21:15:00,AWS_02,0,normal,none,0,0.11872160822550609
2026-01-07 21:30:00,AWS_02,0,normal,none,0,0.10828527601491811
2026-01-07 21:45:00,AWS_02,0,normal,none,0,0.08510624782731913
2026-01-07 22:00:00,AWS_02,0,normal,none,0,0.09642351960578421
2026-01-07 22:15:00,AWS_02,0,normal,none,0,0.10248394904014141
2026-01-07 22:30:00,AWS_02,0,normal,none,0,0.09279411507549568
2026-01-07 22:45:00,AWS_02,0,normal,none,0,0.05976572093363974
2026-01-07 23:00:00,AWS_02,0,normal,none,0,0.06518077353123208
2026-01-07 23:15:00,AWS_02,0,normal,none,0,0.09431211417335472
2026-01-07 23:30:00,AWS_02,0,normal,none,0,0.046629056442681005
2026-01-07 23:45:00,AWS_02,0,normal,none,0,0.07326180089103712
2026-01-08 00:00:00,AWS_02,0,normal,none,0,0.08554797670732106
2026-01-08 00:15:00,AWS_02,0,normal,none,0,0.050339158719445054
2026-01-08 00:30:00,AWS_02,0,normal,none,0,0.08140438035674857
2026-01-08 00:45:00,AWS_02,1,temperature_drop,temperature,0,0.008466361287038926
2026-01-08 01:00:00,AWS_02,0,normal,none,0,0.04737518549774733
2026-01-08 01:15:00,AWS_02,1,temperature_spike,temperature,1,-0.006219242903863775
2026-01-08 01:30:00,AWS_02,0,normal,none,0,0.033806168163746486
2026-01-08 01:45:00,AWS_02,0,normal,none,0,0.08866280947207505
2026-01-08 02:00:00,AWS_02,0,normal,none,0,0.08459179726392929
2026-01-08 02:15:00,AWS_02,0,normal,none,0,0.09136474389765586
2026-01-08 02:30:00,AWS_02,0,normal,none,0,0.03846923409101455
2026-01-08 02:45:00,AWS_02,0,normal,none,0,0.08009387785306116
2026-01-08 03:00:00,AWS_02,0,normal,none,0,0.07232396170579691
2026-01-08 03:15:00,AWS_02,0,normal,none,0,0.08708143504166443
2026-01-08 03:30:00,AWS_02,0,normal,none,0,0.08499966317290758
2026-01-08 03:45:00,AWS_02,0,normal,none,0,0.06552005777755521
2026-01-08 04:00:00,AWS_02,0,normal,none,0,0.0817104082344301
2026-01-08 04:15:00,AWS_02,0,normal,none,0,0.0844451406786294
2026-01-08 04:30:00,AWS_02,0,normal,none,0,0.07561177741651731
2026-01-08 04:45:00,AWS_02,0,normal,none,0,0.08388589033573363
2026-01-08 05:00:00,AWS_02,0,normal,none,0,0.04642783271554363
2026-01-08 05:15:00,AWS_02,0,normal,none,0,0.06929425060647221
2026-01-08 05:30:00,AWS_02,0,normal,none,0,0.07776904899228365
2026-01-08 05:45:00,AWS_02,0,normal,none,0,0.0739431058232003
2026-01-08 06:00:00,AWS_02,0,normal,none,0,0.053414765733276026
2026-01-08 06:15:00,AWS_02,0,normal,none,0,0.055928783866530996
2026-01-08 06:30:00,AWS_02,0,normal,none,0,0.03686168326314376
2026-01-08 06:45:00,AWS_02,0,normal,none,0,0.08509695396343714
2026-01-08 07:00:00,AWS_02,0,normal,none,0,0.09553414251180226
2026-01-08 07:15:00,AWS_02,0,normal,none,0,0.07387604914542006
2026-01-08 07:30:00,AWS_02,0,normal,none,0,0.1026163797934374
2026-01-08 07:45:00,AWS_02,0,normal,none,0,0.08879161918726741
2026-01-08 08:00:00,AWS_02,0,normal,none,0,0.058853626603436404
2026-01-08 08:15:00,AWS_02,0,normal,none,0,0.0974745154143769
2026-01-08 08:30:00,AWS_02,0,normal,none,0,0.05147582610603724
2026-01-08 08:45:00,AWS_02,0,normal,none,0,0.09696704749946389
2026-01-08 09:00:00,AWS_02,0,normal,none,0,0.05799653409507399
2026-01-08 09:15:00,AWS_02,0,normal,none,0,0.08526074634838499
2026-01-08 09:30:00,AWS_02,0,normal,none,0,0.10538030443344265
2026-01-08 09:45:00,AWS_02,0,normal,none,0,0.06852347666602393
2026-01-08 10:00:00,AWS_02,0,normal,none,0,0.09623475237656232
2026-01-08 10:15:00,AWS_02,0,normal,none,0,0.07478869784509357
2026-01-08 10:30:00,AWS_02,0,normal,none,0,0.08148689920811952
2026-01-08 10:45:00,AWS_02,0,normal,none,0,0.0731236108251811
2026-01-08 11:00:00,AWS_02,0,normal,none,0,0.0781249716020882
2026-01-08 11:15:00,AWS_02,0,normal,none,0,0.0942487493818101
2026-01-08 11:30:00,AWS_02,0,normal,none,0,0.05065002538167851
2026-01-08 11:45:00,AWS_02,0,normal,none,0,0.06125687356162213
2026-01-08 12:00:00,AWS_02,0,normal,none,0,0.0988871551823231
2026-01-08 12:15:00,AWS_02,0,normal,none,0,0.08156028084129663
2026-01-08 12:30:00,AWS_02,0,normal,none,0,0.06906652277895303
2026-01-08 12:45:00,AWS_02,0,normal,none,0,0.07148919562530281
2026-01-08 13:00:00,AWS_02,0,normal,none,0,0.08218700296661041
2026-01-08 13:15:00,AWS_02,0,normal,none,0,0.05272068081607545
2026-01-08 13:30:00,AWS_02,0,normal,none,0,0.07414087867573549
2026-01-08 13:45:00,AWS_02,0,normal,none,0,0.0885299452680201
2026-01-08 14:00:00,AWS_02,0,normal,none,0,0.0760881821810836
2026-01-08 14:15:00,AWS_02,0,normal,none,0,0.0777184259528379
2026-01-08 14:30:00,AWS_02,0,normal,none,0,0.06626747029415947
2026-01-08 14:45:00,AWS_02,0,normal,none,0,0.0708305711857749
2026-01-08 15:00:00,AWS_02,0,normal,none,0,0.0550769081209056
2026-01-08 15:15:00,AWS_02,0,normal,none,0,0.05468924325962665
2026-01-08 15:30:00,AWS_02,0,normal,none,0,0.05969852040373402
2026-01-08 15:45:00,AWS_02,0,normal,none,0,0.028464792397800642
2026-01-08 16:00:00,AWS_02,0,normal,none,0,0.06461618473435665
2026-01-08 16:15:00,AWS_02,0,normal,none,0,0.0717227985749831
2026-01-08 16:30:00,AWS_02,0,normal,none,0,0.0548265715075284
2026-01-08 16:45:00,AWS_02,0,normal,none,0,0.050634872943254305
2026-01-08 17:00:00,AWS_02,0,normal,none,0,0.08302644394172554
2026-01-08 17:15:00,AWS_02,0,normal,none,0,0.06747636808635188
2026-01-08 17:30:00,AWS_02,0,normal,none,0,0.09649152791950111
2026-01-08 17:45:00,AWS_02,0,normal,none,0,0.08693178779334154
2026-01-08 18:00:00,AWS_02,0,normal,none,0,0.07769555908324272
2026-01-08 18:15:00,AWS_02,0,normal,none,0,0.09231178637047366
2026-01-08 18:30:00,AWS_02,0,normal,none,0,0.07030574447696114
2026-01-08 18:45:00,AWS_02,0,normal,none,0,0.04984343758853993
2026-01-08 19:00:00,AWS_02,0,normal,none,0,0.0518815908762697
2026-01-08 19:15:00,AWS_02,0,normal,none,0,0.07444467423697448
2026-01-08 19:30:00,AWS_02,0,normal,none,0,0.0694600838818496
2026-01-08 19:45:00,AWS_02,0,normal,none,0,0.08775959989552795
2026-01-08 20:00:00,AWS_02,0,normal,none,0,0.0746043184926744
2026-01-08 20:15:00,AWS_02,0,normal,none,0,0.10613302401742764
2026-01-08 20:30:00,AWS_02,0,normal,none,0,0.09466846433898463
2026-01-08 20:45:00,AWS_02,0,normal,none,0,0.0860496106126512
2026-01-08 21:00:00,AWS_02,0,normal,none,0,0.06442276657506635
2026-01-08 21:15:00,AWS_02,0,normal,none,0,0.09599782342422652
2026-01-08 21:30:00,AWS_02,0,normal,none,0,0.1087397796992316
2026-01-08 21:45:00,AWS_02,0,normal,none,0,0.08314404949290422
2026-01-08 22:00:00,AWS_02,0,normal,none,0,0.0886495265078392
2026-01-08 22:15:00,AWS_02,0,normal,none,0,0.08045381725080258
2026-01-08 22:30:00,AWS_02,0,normal,none,0,0.06504943285130743
2026-01-08 22:45:00,AWS_02,0,normal,none,0,0.09228471760230567
2026-01-08 23:00:00,AWS_02,0,normal,none,0,0.06672027680939047
2026-01-08 23:15:00,AWS_02,0,normal,none,0,0.04763418245984008
2026-01-08 23:30:00,AWS_02,0,normal,none,0,0.08677364268042109
2026-01-08 23:45:00,AWS_02,0,normal,none,0,0.08420436710028156
2026-01-09 00:00:00,AWS_02,1,calibration_drift,temperature,0,0.07673621191301422
2026-01-09 00:15:00,AWS_02,1,calibration_drift,temperature,0,0.08892369552204904
2026-01-09 00:30:00,AWS_02,1,calibration_drift,temperature,0,0.08960338809045226
2026-01-09 00:45:00,AWS_02,1,calibration_drift,temperature,0,0.08427632872053648
2026-01-09 01:00:00,AWS_02,1,calibration_drift,temperature,0,0.06482824341179422
2026-01-09 01:15:00,AWS_02,1,calibration_drift,temperature,0,0.0702060310384644
2026-01-09 01:30:00,AWS_02,1,calibration_drift,temperature,0,0.09270331187142622
2026-01-09 01:45:00,AWS_02,1,calibration_drift,temperature,0,0.0440610714702383
2026-01-09 02:00:00,AWS_02,1,calibration_drift,temperature,0,0.08608134729653633
2026-01-09 02:15:00,AWS_02,1,calibration_drift,temperature,0,0.04435537587044536
2026-01-09 02:30:00,AWS_02,1,calibration_drift,temperature,0,0.09165421660085998
2026-01-09 02:45:00,AWS_02,1,calibration_drift,temperature,0,0.1016262569017019
2026-01-09 03:00:00,AWS_02,1,calibration_drift,temperature,0,0.10750315770361851
2026-01-09 03:15:00,AWS_02,1,calibration_drift,temperature,0,0.09701721356256526
2026-01-09 03:30:00,AWS_02,1,calibration_drift,temperature,0,0.11150738255018317
2026-01-09 03:45:00,AWS_02,1,calibration_drift,temperature,0,0.10331198911906558
2026-01-09 04:00:00,AWS_02,1,calibration_drift,temperature,0,0.08800217000063537
2026-01-09 04:15:00,AWS_02,1,calibration_drift,temperature,0,0.07089513560878885
2026-01-09 04:30:00,AWS_02,1,calibration_drift,temperature,0,0.09710851565389461
2026-01-09 04:45:00,AWS_02,1,calibration_drift,temperature,0,0.07855556665616209
2026-01-09 05:00:00,AWS_02,1,calibration_drift,temperature,0,0.05453654983088502
2026-01-09 05:15:00,AWS_02,1,calibration_drift,temperature,0,0.09249761963154013
2026-01-09 05:30:00,AWS_02,1,calibration_drift,temperature,0,0.10247877293867963
2026-01-09 05:45:00,AWS_02,1,calibration_drift,temperature,0,0.08571233999794814
2026-01-09 06:00:00,AWS_02,1,calibration_drift,temperature,0,0.011940795559892692
2026-01-09 06:15:00,AWS_02,1,calibration_drift,temperature,0,0.09269017116849138
2026-01-09 06:30:00,AWS_02,1,calibration_drift,temperature,0,0.09591382268361875
2026-01-09 06:45:00,AWS_02,1,calibration_drift,temperature,0,0.0676747578086172
2026-01-09 07:00:00,AWS_02,1,calibration_drift,temperature,0,0.08206522522877585
2026-01-09 07:15:00,AWS_02,1,calibration_drift,temperature,0,0.06141416759461582
2026-01-09 07:30:00,AWS_02,1,calibration_drift,temperature,0,0.0855537046232192
2026-01-09 07:45:00,AWS_02,1,calibration_drift,temperature,0,0.06824644120415774
2026-01-09 08:00:00,AWS_02,1,calibration_drift,temperature,0,0.08714875585022236
2026-01-09 08:15:00,AWS_02,1,calibration_drift,temperature,0,0.08670163053671809
2026-01-09 08:30:00,AWS_02,1,calibration_drift,temperature,0,0.10128473252716635
2026-01-09 08:45:00,AWS_02,1,calibration_drift,temperature,0,0.07774671950842127
2026-01-09 09:00:00,AWS_02,1,calibration_drift,temperature,0,0.08049450402560754
2026-01-09 09:15:00,AWS_02,1,calibration_drift,temperature,0,0.1004523087252735
2026-01-09 09:30:00,AWS_02,1,calibration_drift,temperature,0,0.10962861348067038
2026-01-09 09:45:00,AWS_02,1,calibration_drift,temperature,0,0.1014563718544732
2026-01-09 10:00:00,AWS_02,1,calibration_drift,temperature,0,0.07947053144461136
2026-01-09 10:15:00,AWS_02,1,calibration_drift,temperature,0,0.08704178056424788
2026-01-09 10:30:00,AWS_02,1,calibration_drift,temperature,0,0.09042834842252151
2026-01-09 10:45:00,AWS_02,1,calibration_drift,temperature,0,0.06693927053074589
2026-01-09 11:00:00,AWS_02,1,calibration_drift,temperature,0,0.08283049848502516
2026-01-09 11:15:00,AWS_02,1,calibration_drift,temperature,0,0.0559920572735883
2026-01-09 11:30:00,AWS_02,1,calibration_drift,temperature,0,0.08709302705851907
2026-01-09 11:45:00,AWS_02,1,calibration_drift,temperature,0,0.06927094590983968
2026-01-09 12:00:00,AWS_02,1,calibration_drift,temperature,0,0.09531431401945739
2026-01-09 12:15:00,AWS_02,1,calibration_drift,temperature,0,0.07324129831726384
2026-01-09 12:30:00,AWS_02,1,calibration_drift,temperature,0,0.09001416641613058
2026-01-09 12:45:00,AWS_02,1,calibration_drift,temperature,0,0.05847169477696551
2026-01-09 13:00:00,AWS_02,1,calibration_drift,temperature,0,0.05487770249017937
2026-01-09 13:15:00,AWS_02,1,calibration_drift,temperature,0,0.060259355476932064
2026-01-09 13:30:00,AWS_02,1,calibration_drift,temperature,0,0.0689462208439725
2026-01-09 13:45:00,AWS_02,1,calibration_drift,temperature,0,0.08542444523104381
2026-01-09 14:00:00,AWS_02,1,calibration_drift,temperature,0,0.08834217277786838
2026-01-09 14:15:00,AWS_02,1,calibration_drift,temperature,0,0.028187038330558356
2026-01-09 14:30:00,AWS_02,1,calibration_drift,temperature,0,0.05675387528142628
2026-01-09 14:45:00,AWS_02,1,calibration_drift,temperature,0,0.08740947161386559
2026-01-09 15:00:00,AWS_02,1,calibration_drift,temperature,0,0.08020311862225732
2026-01-09 15:15:00,AWS_02,1,calibration_drift,temperature,0,0.08896509314320572
2026-01-09 15:30:00,AWS_02,1,calibration_drift,temperature,0,0.07555069125864688
2026-01-09 15:45:00,AWS_02,1,calibration_drift,temperature,0,0.09976583418763241
2026-01-09 16:00:00,AWS_02,1,calibration_drift,temperature,0,0.09280235003900655
2026-01-09 16:15:00,AWS_02,1,calibration_drift,temperature,0,0.0783547748813555
2026-01-09 16:30:00,AWS_02,1,calibration_drift,temperature,0,0.06801212457125816
2026-01-09 16:45:00,AWS_02,1,calibration_drift,temperature,0,0.06242444260597507
2026-01-09 17:00:00,AWS_02,1,calibration_drift,temperature,0,0.09123069863553984
2026-01-09 17:15:00,AWS_02,1,calibration_drift,temperature,0,0.07442061151935431
2026-01-09 17:30:00,AWS_02,1,calibration_drift,temperature,0,0.03916324859835674
2026-01-09 17:45:00,AWS_02,1,calibration_drift,temperature,0,0.060976681470096494
2026-01-09 18:00:00,AWS_02,1,calibration_drift,temperature,0,0.03613027662941082
2026-01-09 18:15:00,AWS_02,1,calibration_drift,temperature,0,0.07360549669809413
2026-01-09 18:30:00,AWS_02,1,calibration_drift,temperature,0,0.07685123531490479
2026-01-09 18:45:00,AWS_02,1,calibration_drift,temperature,0,0.09872723207014833
2026-01-09 19:00:00,AWS_02,1,calibration_drift,temperature,0,0.09791893833835247
2026-01-09 19:15:00,AWS_02,1,calibration_drift,temperature,0,0.09726195116524555
2026-01-09 19:30:00,AWS_02,1,calibration_drift,temperature,0,0.08743957356593113
2026-01-09 19:45:00,AWS_02,1,calibration_drift,temperature,0,0.0856788983674594
2026-01-09 20:00:00,AWS_02,1,calibration_drift,temperature,0,0.09120202180776288
2026-01-09 20:15:00,AWS_02,1,calibration_drift,temperature,0,0.07385831168706603
2026-01-09 20:30:00,AWS_02,1,calibration_drift,temperature,0,0.09583010915862405
2026-01-09 20:45:00,AWS_02,1,calibration_drift,temperature,0,0.11112432456060983
2026-01-09 21:00:00,AWS_02,1,calibration_drift,temperature,0,0.10283941756496068
2026-01-09 21:15:00,AWS_02,1,calibration_drift,temperature,0,0.09506779958368328
2026-01-09 21:30:00,AWS_02,1,calibration_drift,temperature,0,0.10944855885013793
2026-01-09 21:45:00,AWS_02,1,calibration_drift,temperature,0,0.09552215793860402
2026-01-09 22:00:00,AWS_02,1,calibration_drift,temperature,0,0.07317263971781773
2026-01-09 22:15:00,AWS_02,1,calibration_drift,temperature,0,0.1087991797905421
2026-01-09 22:30:00,AWS_02,1,calibration_drift,temperature,0,0.11306729744921085
2026-01-09 22:45:00,AWS_02,1,calibration_drift,temperature,0,0.08709758244922983
2026-01-09 23:00:00,AWS_02,1,calibration_drift,temperature,0,0.06934021726647266
2026-01-09 23:15:00,AWS_02,1,calibration_drift,temperature,0,0.04050265230431571
2026-01-09 23:30:00,AWS_02,1,calibration_drift,temperature,0,0.033170560847612496
2026-01-09 23:45:00,AWS_02,1,calibration_drift,temperature,0,0.1005123809110432
2026-01-10 00:00:00,AWS_02,0,normal,none,0,0.05315655518066631
2026-01-10 00:15:00,AWS_02,0,normal,none,0,0.10369932965533452
2026-01-10 00:30:00,AWS_02,0,normal,none,0,0.09622339265397734
2026-01-10 00:45:00,AWS_02,0,normal,none,0,0.08873449857920929
2026-01-10 01:00:00,AWS_02,1,temperature_spike,temperature,1,-0.0072043908454551
2026-01-10 01:15:00,AWS_02,1,temperature_drop,temperature,1,-0.002438495105316796
2026-01-10 01:30:00,AWS_02,0,normal,none,0,0.05116721557474346
2026-01-10 01:45:00,AWS_02,0,normal,none,0,0.10663368355343106
2026-01-10 02:00:00,AWS_02,0,normal,none,0,0.09473838507383808
2026-01-10 02:15:00,AWS_02,0,normal,none,0,0.09345471570700847
2026-01-10 02:30:00,AWS_02,0,normal,none,0,0.106193716144449
2026-01-10 02:45:00,AWS_02,0,normal,none,0,0.10129987434694937
2026-01-10 03:00:00,AWS_02,0,normal,none,0,0.11367704905884746
2026-01-10 03:15:00,AWS_02,0,normal,none,0,0.10244831112496366
2026-01-10 03:30:00,AWS_02,0,normal,none,0,0.09739974733458945
2026-01-10 03:45:00,AWS_02,0,normal,none,0,0.10175255026956104
2026-01-10 04:00:00,AWS_02,0,normal,none,0,0.09665623249586142
2026-01-10 04:15:00,AWS_02,0,normal,none,0,0.11401762753085715
2026-01-10 04:30:00,AWS_02,0,normal,none,0,0.09354947705379862
2026-01-10 04:45:00,AWS_02,0,normal,none,0,0.09749977111973834
2026-01-10 05:00:00,AWS_02,0,normal,none,0,0.09670747218721581
2026-01-10 05:15:00,AWS_02,0,normal,none,0,0.08393093250865763
2026-01-10 05:30:00,AWS_02,0,normal,none,0,0.09428961120064777
2026-01-10 05:45:00,AWS_02,0,normal,none,0,0.09500534357001494
2026-01-10 06:00:00,AWS_02,0,normal,none,0,0.08623645883620618
2026-01-10 06:15:00,AWS_02,0,normal,none,0,0.09363037534236424
2026-01-10 06:30:00,AWS_02,0,normal,none,0,0.03552539286785039
2026-01-10 06:45:00,AWS_02,0,normal,none,0,0.10133503556592027
2026-01-10 07:00:00,AWS_02,0,normal,none,0,0.10264800366253068
2026-01-10 07:15:00,AWS_02,0,normal,none,0,0.09367168478851418
2026-01-10 07:30:00,AWS_02,0,normal,none,0,0.09325761077577521
2026-01-10 07:45:00,AWS_02,0,normal,none,0,0.05275114505657075
2026-01-10 08:00:00,AWS_02,0,normal,none,0,0.07871693789592854
2026-01-10 08:15:00,AWS_02,0,normal,none,0,0.06728742128584242
2026-01-10 08:30:00,AWS_02,0,normal,none,0,0.026394874695143122
2026-01-10 08:45:00,AWS_02,0,normal,none,0,0.05193976134132883
2026-01-10 09:00:00,AWS_02,0,normal,none,0,0.058558017112990135
2026-01-10 09:15:00,AWS_02,0,normal,none,0,0.09283341679015206
2026-01-10 09:30:00,AWS_02,0,normal,none,0,0.09377296110913164
2026-01-10 09:45:00,AWS_02,0,normal,none,0,0.08595281531377036
2026-01-10 10:00:00,AWS_02,0,normal,none,0,0.08157614635963001
2026-01-10 10:15:00,AWS_02,0,normal,none,0,0.07319034440436428
2026-01-10 10:30:00,AWS_02,0,normal,none,0,0.07320985939680963
2026-01-10 10:45:00,AWS_02,0,normal,none,0,0.08555312473911081
2026-01-10 11:00:00,AWS_02,0,normal,none,0,0.0917749173334581
2026-01-10 11:15:00,AWS_02,0,normal,none,0,0.04874842027580084
2026-01-10 11:30:00,AWS_02,0,normal,none,0,0.08290367364506512
2026-01-10 11:45:00,AWS_02,0,normal,none,0,0.02558901023083593
2026-01-10 12:00:00,AWS_02,0,normal,none,0,0.07960647393263809
2026-01-10 12:15:00,AWS_02,0,normal,none,0,0.084523607054373
2026-01-10 12:30:00,AWS_02,0,normal,none,0,0.06147927959092592
2026-01-10 12:45:00,AWS_02,0,normal,none,0,0.06650661008978148
2026-01-10 13:00:00,AWS_02,0,normal,none,0,0.04585373052494701
2026-01-10 13:15:00,AWS_02,0,normal,none,0,0.05555018657027433
2026-01-10 13:30:00,AWS_02,0,normal,none,0,0.06923611252817385
2026-01-10 13:45:00,AWS_02,0,normal,none,0,0.024568902599428455
2026-01-10 14:00:00,AWS_02,0,normal,none,0,0.045602686267835035
2026-01-10 14:15:00,AWS_02,0,normal,none,0,0.07254463759980112
2026-01-10 14:30:00,AWS_02,0,normal,none,0,0.057881449353759995
2026-01-10 14:45:00,AWS_02,0,normal,none,0,0.06987009844885694
2026-01-10 15:00:00,AWS_02,0,normal,none,0,0.06914532982737015
2026-01-10 15:15:00,AWS_02,0,normal,none,0,0.052184544741082584
2026-01-10 15:30:00,AWS_02,0,normal,none,0,0.0931584210318454
2026-01-10 15:45:00,AWS_02,0,normal,none,0,0.08631881544738801
2026-01-10 16:00:00,AWS_02,0,normal,none,0,0.07135655298684435
2026-01-10 16:15:00,AWS_02,0,normal,none,0,0.0595554303681165
2026-01-10 16:30:00,AWS_02,0,normal,none,0,0.09067893844354935
2026-01-10 16:45:00,AWS_02,0,normal,none,0,0.07642826715419354
2026-01-10 17:00:00,AWS_02,0,normal,none,0,0.04533537725792136
2026-01-10 17:15:00,AWS_02,0,normal,none,0,0.06470345104627029
2026-01-10 17:30:00,AWS_02,0,normal,none,0,0.06242146079559663
2026-01-10 17:45:00,AWS_02,0,normal,none,0,0.10633314414881057
2026-01-10 18:00:00,AWS_02,0,normal,none,0,0.09034462917161784
2026-01-10 18:15:00,AWS_02,0,normal,none,0,0.09342497453830528
2026-01-10 18:30:00,AWS_02,0,normal,none,0,0.0706946608914295
2026-01-10 18:45:00,AWS_02,0,normal,none,0,0.06935271066727089
2026-01-10 19:00:00,AWS_02,0,normal,none,0,0.08670552894392031
2026-01-10 19:15:00,AWS_02,0,normal,none,0,0.10085785267108105
2026-01-10 19:30:00,AWS_02,0,normal,none,0,0.108886371309803
2026-01-10 19:45:00,AWS_02,0,normal,none,0,0.10408989335958302
2026-01-10 20:00:00,AWS_02,0,normal,none,0,0.08679241296569107
2026-01-10 20:15:00,AWS_02,0,normal,none,0,0.09143339302938902
2026-01-10 20:30:00,AWS_02,0,normal,none,0,0.10478929512379653
2026-01-10 20:45:00,AWS_02,0,normal,none,0,0.09024736032881919
2026-01-10 21:00:00,AWS_02,0,normal,none,0,0.09739370328485109
2026-01-10 21:15:00,AWS_02,0,normal,none,0,0.10558959788239869
2026-01-10 21:30:00,AWS_02,0,normal,none,0,0.08514999069891876
2026-01-10 21:45:00,AWS_02,0,normal,none,0,0.10463976116292373
2026-01-10 22:00:00,AWS_02,0,normal,none,0,0.09868401140748084
2026-01-10 22:15:00,AWS_02,0,normal,none,0,0.11293815900188764
2026-01-10 22:30:00,AWS_02,0,normal,none,0,0.10133137044057322
2026-01-10 22:45:00,AWS_02,0,normal,none,0,0.11383691424380837
2026-01-10 23:00:00,AWS_02,0,normal,none,0,0.11109414535096046
2026-01-10 23:15:00,AWS_02,0,normal,none,0,0.08423948934651854
2026-01-10 23:30:00,AWS_02,0,normal,none,0,0.06845798269813508
2026-01-10 23:45:00,AWS_02,0,normal,none,0,0.11480321489654133
2026-01-11 00:00:00,AWS_02,1,calibration_drift,temperature,0,0.10695429319099609
2026-01-11 00:15:00,AWS_02,1,calibration_drift,temperature,0,0.08148806425274241
2026-01-11 00:30:00,AWS_02,1,calibration_drift,temperature,0,0.09886039380261274
2026-01-11 00:45:00,AWS_02,1,calibration_drift,temperature,0,0.09386802518251397
2026-01-11 01:00:00,AWS_02,1,calibration_drift,temperature,0,0.06395633544731988
2026-01-11 01:15:00,AWS_02,1,calibration_drift,temperature,0,0.09950447398705276
2026-01-11 01:30:00,AWS_02,1,calibration_drift,temperature,0,0.09506125536247212
2026-01-11 01:45:00,AWS_02,1,calibration_drift,temperature,0,0.10331556692028299
2026-01-11 02:00:00,AWS_02,1,calibration_drift,temperature,0,0.08758156067800021
2026-01-11 02:15:00,AWS_02,1,calibration_drift,temperature,0,0.07797359681073207
2026-01-11 02:30:00,AWS_02,1,calibration_drift,temperature,0,0.058602527565029816
2026-01-11 02:45:00,AWS_02,1,calibration_drift,temperature,0,0.08991490531640278
2026-01-11 03:00:00,AWS_02,1,calibration_drift,temperature,0,0.08042041046865167
2026-01-11 03:15:00,AWS_02,1,calibration_drift,temperature,0,0.04453323370672069
2026-01-11 03:30:00,AWS_02,1,calibration_drift,temperature,0,0.08848055286385609
2026-01-11 03:45:00,AWS_02,1,calibration_drift,temperature,0,0.09283072257225039
2026-01-11 04:00:00,AWS_02,1,calibration_drift,temperature,0,0.11128934450975242
2026-01-11 04:15:00,AWS_02,1,calibration_drift,temperature,0,0.10763908870924299
2026-01-11 04:30:00,AWS_02,1,calibration_drift,temperature,0,0.05235843419680791
2026-01-11 04:45:00,AWS_02,1,calibration_drift,temperature,0,0.09064026598692398
2026-01-11 05:00:00,AWS_02,1,calibration_drift,temperature,0,0.0955594266541483
2026-01-11 05:15:00,AWS_02,1,calibration_drift,temperature,0,0.08915486665291317
2026-01-11 05:30:00,AWS_02,1,calibration_drift,temperature,0,0.11125675353401054
2026-01-11 05:45:00,AWS_02,1,calibration_drift,temperature,0,0.09856615806762398
2026-01-11 06:00:00,AWS_02,1,calibration_drift,temperature,0,0.07530809623118806
2026-01-11 06:15:00,AWS_02,1,calibration_drift,temperature,0,0.09314273832257997
2026-01-11 06:30:00,AWS_02,1,calibration_drift,temperature,0,0.09728446561801751
2026-01-11 06:45:00,AWS_02,1,calibration_drift,temperature,0,0.09949929021438125
2026-01-11 07:00:00,AWS_02,1,calibration_drift,temperature,0,0.06935157700018074
2026-01-11 07:15:00,AWS_02,1,calibration_drift,temperature,0,0.0736246456578587
2026-01-11 07:30:00,AWS_02,1,calibration_drift,temperature,0,0.10507902883103859
2026-01-11 07:45:00,AWS_02,1,calibration_drift,temperature,0,0.0332934727164137
2026-01-11 08:00:00,AWS_02,1,calibration_drift,temperature,0,0.08491769020781981
2026-01-11 08:15:00,AWS_02,1,calibration_drift,temperature,0,0.09286273808585604
2026-01-11 08:30:00,AWS_02,1,calibration_drift,temperature,0,0.03482523657827685
2026-01-11 08:45:00,AWS_02,1,calibration_drift,temperature,0,0.040222797284320766
2026-01-11 09:00:00,AWS_02,1,calibration_drift,temperature,0,0.09576323324861213
2026-01-11 09:15:00,AWS_02,1,calibration_drift,temperature,0,0.1006258995129361
2026-01-11 09:30:00,AWS_02,1,calibration_drift,temperature,0,0.1074672021666736
2026-01-11 09:45:00,AWS_02,1,calibration_drift,temperature,0,0.08464435568312528
2026-01-11 10:00:00,AWS_02,1,calibration_drift,temperature,0,0.07866503162141852
2026-01-11 10:15:00,AWS_02,1,calibration_drift,temperature,0,0.05776998080103224
2026-01-11 10:30:00,AWS_02,1,calibration_drift,temperature,0,0.09090020506496871
2026-01-11 10:45:00,AWS_02,1,calibration_drift,temperature,0,0.09612006884992397
2026-01-11 11:00:00,AWS_02,1,calibration_drift,temperature,0,0.07154462597742006
2026-01-11 11:15:00,AWS_02,1,calibration_drift,temperature,0,0.08570489780847501
2026-01-11 11:30:00,AWS_02,1,calibration_drift,temperature,0,0.05317046270392539
2026-01-11 11:45:00,AWS_02,1,calibration_drift,temperature,0,0.0878823482166523
2026-01-11 12:00:00,AWS_02,1,calibration_drift,temperature,0,0.10125060381387735
2026-01-11 12:15:00,AWS_02,1,calibration_drift,temperature,0,0.0939191284526178
2026-01-11 12:30:00,AWS_02,1,calibration_drift,temperature,0,0.05033998506445525
2026-01-11 12:45:00,AWS_02,1,calibration_drift,temperature,0,0.07971725931267781
2026-01-11 13:00:00,AWS_02,1,calibration_drift,temperature,0,0.08965163341939181
2026-01-11 13:15:00,AWS_02,1,calibration_drift,temperature,0,0.08011431486783555
2026-01-11 13:30:00,AWS_02,1,calibration_drift,temperature,0,0.08601578030198442
2026-01-11 13:45:00,AWS_02,1,calibration_drift,temperature,0,0.05894070059629519
2026-01-11 14:00:00,AWS_02,1,calibration_drift,temperature,0,0.09255116828146798
2026-01-11 14:15:00,AWS_02,1,calibration_drift,temperature,0,0.09513044514579672
2026-01-11 14:30:00,AWS_02,1,calibration_drift,temperature,0,0.09560139784547872
2026-01-11 14:45:00,AWS_02,1,calibration_drift,temperature,0,0.09036524121167111
2026-01-11 15:00:00,AWS_02,1,calibration_drift,temperature,0,0.07654753468607906
2026-01-11 15:15:00,AWS_02,1,calibration_drift,temperature,0,0.07989997830573964
2026-01-11 15:30:00,AWS_02,1,calibration_drift,temperature,0,0.06981119931622065
2026-01-11 15:45:00,AWS_02,1,calibration_drift,temperature,0,0.07264749642831492
2026-01-11 16:00:00,AWS_02,1,calibration_drift,temperature,0,0.09615662341516601
2026-01-11 16:15:00,AWS_02,1,calibration_drift,temperature,0,0.0699132471114195
2026-01-11 16:30:00,AWS_02,1,calibration_drift,temperature,0,0.08044702121197361
2026-01-11 16:45:00,AWS_02,1,calibration_drift,temperature,0,0.10109654035148902
2026-01-11 17:00:00,AWS_02,1,calibration_drift,temperature,0,0.0985757882315384
2026-01-11 17:15:00,AWS_02,1,calibration_drift,temperature,0,0.09882825717362964
2026-01-11 17:30:00,AWS_02,1,calibration_drift,temperature,0,0.09329907958150363
2026-01-11 17:45:00,AWS_02,1,calibration_drift,temperature,0,0.0975258818350454
2026-01-11 18:00:00,AWS_02,1,calibration_drift,temperature,0,0.0692038243929301
2026-01-11 18:15:00,AWS_02,1,calibration_drift,temperature,0,0.07595589348727438
2026-01-11 18:30:00,AWS_02,1,calibration_drift,temperature,0,0.09530204773321987
2026-01-11 18:45:00,AWS_02,1,calibration_drift,temperature,0,0.033690455724173285
2026-01-11 19:00:00,AWS_02,1,calibration_drift,temperature,0,0.07100178462129658
2026-01-11 19:15:00,AWS_02,1,calibration_drift,temperature,0,0.05631731333807971
2026-01-11 19:30:00,AWS_02,1,calibration_drift,temperature,0,0.08960783647068421
2026-01-11 19:45:00,AWS_02,1,calibration_drift,temperature,0,0.018984541578358383
2026-01-11 20:00:00,AWS_02,1,calibration_drift,temperature,0,0.054159717677577435
2026-01-11 20:15:00,AWS_02,1,calibration_drift,temperature,0,0.07243265744419802
2026-01-11 20:30:00,AWS_02,1,calibration_drift,temperature,0,0.09972492843428793
2026-01-11 20:45:00,AWS_02,1,calibration_drift,temperature,0,0.09042912585543111
2026-01-11 21:00:00,AWS_02,1,calibration_drift,temperature,0,0.09372246781623544
2026-01-11 21:15:00,AWS_02,1,calibration_drift,temperature,0,0.0729435607861757
2026-01-11 21:30:00,AWS_02,1,calibration_drift,temperature,0,0.058155587513039286
2026-01-11 21:45:00,AWS_02,1,calibration_drift,temperature,0,0.05004045242232752
2026-01-11 22:00:00,AWS_02,1,calibration_drift,temperature,0,0.07001370225472431
2026-01-11 22:15:00,AWS_02,1,calibration_drift,temperature,0,0.08655452328874969
2026-01-11 22:30:00,AWS_02,1,calibration_drift,temperature,0,0.10125959508070609
2026-01-11 22:45:00,AWS_02,1,calibration_drift,temperature,0,0.0949609532579691
2026-01-11 23:00:00,AWS_02,1,calibration_drift,temperature,0,0.09399353377336334
2026-01-11 23:15:00,AWS_02,1,calibration_drift,temperature,0,0.09545523236948072
2026-01-11 23:30:00,AWS_02,1,calibration_drift,temperature,0,0.10270968187532559
2026-01-11 23:45:00,AWS_02,1,calibration_drift,temperature,0,0.08931783966413154
2026-01-12 00:00:00,AWS_02,0,normal,none,0,0.006125366529857845
2026-01-12 00:15:00,AWS_02,0,normal,none,0,0.102946060108493
2026-01-12 00:30:00,AWS_02,0,normal,none,0,0.08864932509936979
2026-01-12 00:45:00,AWS_02,0,normal,none,0,0.10503999638801476
2026-01-12 01:00:00,AWS_02,1,frozen_sensor,temperature,1,-0.03776847065756195
2026-01-12 01:15:00,AWS_02,1,frozen_sensor,temperature,0,0.03215399834160804
2026-01-12 01:30:00,AWS_02,1,frozen_sensor,temperature,0,0.01002723669101313
2026-01-12 01:45:00,AWS_02,1,frozen_sensor,temperature,0,0.040164840246902145
2026-01-12 02:00:00,AWS_02,1,frozen_sensor,temperature,0,0.033410310503132146
2026-01-12 02:15:00,AWS_02,1,frozen_sensor,temperature,0,0.03789758720406977
2026-01-12 02:30:00,AWS_02,1,frozen_sensor,temperature,0,0.030167557266474687
2026-01-12 02:45:00,AWS_02,1,frozen_sensor,temperature,0,0.011258346557618926
2026-01-12 03:00:00,AWS_02,1,frozen_sensor,temperature,0,0.023905796008809377
2026-01-12 03:15:00,AWS_02,1,frozen_sensor,temperature,0,0.039811095205374736
2026-01-12 03:30:00,AWS_02,1,frozen_sensor,temperature,0,0.024024649524553965
2026-01-12 03:45:00,AWS_02,1,frozen_sensor,temperature,0,0.006387618424947061
2026-01-12 04:00:00,AWS_02,1,frozen_sensor,temperature,0,0.04062734906082144
2026-01-12 04:15:00,AWS_02,1,frozen_sensor,temperature,0,0.032288196560813276
2026-01-12 04:30:00,AWS_02,1,frozen_sensor,temperature,0,0.03649113863858655
2026-01-12 04:45:00,AWS_02,1,frozen_sensor,temperature,0,0.028932756892051437
2026-01-12 05:00:00,AWS_02,1,frozen_sensor,temperature,0,0.04443195411908951
2026-01-12 05:15:00,AWS_02,1,frozen_sensor,temperature,0,0.03575883921171075
2026-01-12 05:30:00,AWS_02,1,frozen_sensor,temperature,0,0.03956875354478462
2026-01-12 05:45:00,AWS_02,1,frozen_sensor,temperature,0,0.04428274875849314
2026-01-12 06:00:00,AWS_02,1,frozen_sensor,temperature,0,0.047575560781523696
2026-01-12 06:15:00,AWS_02,1,frozen_sensor,temperature,0,0.027325148116750908
2026-01-12 06:30:00,AWS_02,1,frozen_sensor,temperature,0,0.045277630586184614
2026-01-12 06:45:00,AWS_02,1,frozen_sensor,temperature,0,0.05217869476848663
2026-01-12 07:00:00,AWS_02,0,normal,none,0,0.03103359575323139
2026-01-12 07:15:00,AWS_02,0,normal,none,0,0.101087335323442
2026-01-12 07:30:00,AWS_02,0,normal,none,0,0.09432871152395167
2026-01-12 07:45:00,AWS_02,0,normal,none,0,0.07268963433930886
2026-01-12 08:00:00,AWS_02,0,normal,none,0,0.06895163917056096
2026-01-12 08:15:00,AWS_02,0,normal,none,0,0.07058535106025376
2026-01-12 08:30:00,AWS_02,0,normal,none,0,0.07913111029545566
2026-01-12 08:45:00,AWS_02,0,normal,none,0,0.08265043051065246
2026-01-12 09:00:00,AWS_02,0,normal,none,0,0.014129753731825123
2026-01-12 09:15:00,AWS_02,0,normal,none,0,0.02931264770449593
2026-01-12 09:30:00,AWS_02,0,normal,none,0,0.06996466683273334
2026-01-12 09:45:00,AWS_02,0,normal,none,0,0.0948485066219682
2026-01-12 10:00:00,AWS_02,0,normal,none,0,0.09846748403756722
2026-01-12 10:15:00,AWS_02,0,normal,none,0,0.07486261584598697
2026-01-12 10:30:00,AWS_02,0,normal,none,0,0.09230433110467412
2026-01-12 10:45:00,AWS_02,0,normal,none,0,0.08924033292942612
2026-01-12 11:00:00,AWS_02,0,normal,none,0,0.08602453725018827
2026-01-12 11:15:00,AWS_02,0,normal,none,0,0.08249934474667442
2026-01-12 11:30:00,AWS_02,0,normal,none,0,0.08472930282420038
2026-01-12 11:45:00,AWS_02,0,normal,none,0,0.0823262048807945
2026-01-12 12:00:00,AWS_02,0,normal,none,0,0.06559614209837783
2026-01-12 12:15:00,AWS_02,0,normal,none,0,0.09011805473264262
2026-01-12 12:30:00,AWS_02,0,normal,none,0,0.07658098133486152
2026-01-12 12:45:00,AWS_02,0,normal,none,0,0.09105849436019203
2026-01-12 13:00:00,AWS_02,0,normal,none,0,0.09289194238023052
2026-01-12 13:15:00,AWS_02,0,normal,none,0,0.09673791537429538
2026-01-12 13:30:00,AWS_02,0,normal,none,0,0.09944622320237556
2026-01-12 13:45:00,AWS_02,0,normal,none,0,0.08808492147713737
2026-01-12 14:00:00,AWS_02,0,normal,none,0,0.09065785720293379
2026-01-12 14:15:00,AWS_02,0,normal,none,0,0.09749537755240628
2026-01-12 14:30:00,AWS_02,0,normal,none,0,0.060630261110310446
2026-01-12 14:45:00,AWS_02,0,normal,none,0,0.09606501452491156
2026-01-12 15:00:00,AWS_02,0,normal,none,0,0.0911519802382903
2026-01-12 15:15:00,AWS_02,0,normal,none,0,0.07348338622877404
2026-01-12 15:30:00,AWS_02,0,normal,none,0,0.06866940059165216
2026-01-12 15:45:00,AWS_02,0,normal,none,0,0.09588578646243995
2026-01-12 16:00:00,AWS_02,0,normal,none,0,0.08845735081190037
2026-01-12 16:15:00,AWS_02,0,normal,none,0,0.08086434997008551
2026-01-12 16:30:00,AWS_02,0,normal,none,0,0.0706500921549425
2026-01-12 16:45:00,AWS_02,0,normal,none,0,0.09562647368033894
2026-01-12 17:00:00,AWS_02,0,normal,none,0,0.08104970161446323
2026-01-12 17:15:00,AWS_02,0,normal,none,0,0.006873818228372297
2026-01-12 17:30:00,AWS_02,0,normal,none,0,0.10850241257692728
2026-01-12 17:45:00,AWS_02,0,normal,none,0,0.0925504341859355
2026-01-12 18:00:00,AWS_02,0,normal,none,0,0.09110057013306422
2026-01-12 18:15:00,AWS_02,0,normal,none,0,0.10814670871250182
2026-01-12 18:30:00,AWS_02,0,normal,none,0,0.10647273041353233
2026-01-12 18:45:00,AWS_02,0,normal,none,0,0.09388211876939817
2026-01-12 19:00:00,AWS_02,0,normal,none,0,0.09317244211723563
2026-01-12 19:15:00,AWS_02,0,normal,none,0,0.09536452205285606
2026-01-12 19:30:00,AWS_02,0,normal,none,0,0.11329120704190554
2026-01-12 19:45:00,AWS_02,0,normal,none,0,0.09707960094010937
2026-01-12 20:00:00,AWS_02,0,normal,none,0,0.11042289934276206
2026-01-12 20:15:00,AWS_02,0,normal,none,0,0.10456621336630867
2026-01-12 20:30:00,AWS_02,0,normal,none,0,0.06010581516565089
2026-01-12 20:45:00,AWS_02,0,normal,none,0,0.076027658624222
2026-01-12 21:00:00,AWS_02,0,normal,none,0,0.05762466564869034
2026-01-12 21:15:00,AWS_02,0,normal,none,0,0.10254335421589567
2026-01-12 21:30:00,AWS_02,0,normal,none,0,0.11618823550739715
2026-01-12 21:45:00,AWS_02,0,normal,none,0,0.10109146045775003
2026-01-12 22:00:00,AWS_02,0,normal,none,0,0.11779096523525551
2026-01-12 22:15:00,AWS_02,0,normal,none,0,0.12224088399865457
2026-01-12 22:30:00,AWS_02,0,normal,none,0,0.05058018434972217
2026-01-12 22:45:00,AWS_02,0,normal,none,0,0.08059732563643018
2026-01-12 23:00:00,AWS_02,0,normal,none,0,0.09897759953077756
2026-01-12 23:15:00,AWS_02,0,normal,none,0,0.0740745214019764
2026-01-12 23:30:00,AWS_02,0,normal,none,0,0.11745093940164797
2026-01-12 23:45:00,AWS_02,0,normal,none,0,0.09882432683991504
2026-01-13 00:00:00,AWS_02,0,normal,none,0,0.10503229306584205
2026-01-13 00:15:00,AWS_02,1,power_failure,all,1,-0.1243082174623209
2026-01-13 00:30:00,AWS_02,1,power_failure,all,1,-0.03297063626179808
2026-01-13 00:45:00,AWS_02,1,power_failure,all,1,-0.03297063626179808
2026-01-13 01:00:00,AWS_02,1,power_failure,all,1,-0.03581136358676262
2026-01-13 01:15:00,AWS_02,0,normal,none,1,-0.05097333505190671
2026-01-13 01:30:00,AWS_02,0,normal,none,0,0.10139980246033509
2026-01-13 01:45:00,AWS_02,0,normal,none,0,0.10340559901053259
2026-01-13 02:00:00,AWS_02,0,normal,none,0,0.08660136632062082
2026-01-13 02:15:00,AWS_02,0,normal,none,0,0.08684075420711646
2026-01-13 02:30:00,AWS_02,0,normal,none,0,0.1032933695465626
2026-01-13 02:45:00,AWS_02,0,normal,none,0,0.0991708755418142
2026-01-13 03:00:00,AWS_02,0,normal,none,0,0.09451091467549244
2026-01-13 03:15:00,AWS_02,0,normal,none,0,0.10035888169702534
2026-01-13 03:30:00,AWS_02,0,normal,none,0,0.10999450446028136
2026-01-13 03:45:00,AWS_02,0,normal,none,0,0.10632530495024195
2026-01-13 04:00:00,AWS_02,0,normal,none,0,0.10824661558285814
2026-01-13 04:15:00,AWS_02,0,normal,none,0,0.09726849326041098
2026-01-13 04:30:00,AWS_02,0,normal,none,0,0.08912187417706163
2026-01-13 04:45:00,AWS_02,0,normal,none,0,0.1065857379776764
2026-01-13 05:00:00,AWS_02,0,normal,none,0,0.11420538489712873
2026-01-13 05:15:00,AWS_02,0,normal,none,0,0.11103312024456768
2026-01-13 05:30:00,AWS_02,0,normal,none,0,0.11576175425718865
2026-01-13 05:45:00,AWS_02,0,normal,none,0,0.08941123706617266
2026-01-13 06:00:00,AWS_02,0,normal,none,0,0.03145786312514276
2026-01-13 06:15:00,AWS_02,0,normal,none,0,0.06467962255945225
2026-01-13 06:30:00,AWS_02,0,normal,none,0,0.07555747289792386
2026-01-13 06:45:00,AWS_02,0,normal,none,0,0.06111508170455299
2026-01-13 07:00:00,AWS_02,0,normal,none,0,0.10728064001626425
2026-01-13 07:15:00,AWS_02,0,normal,none,0,0.09331496354271823
2026-01-13 07:30:00,AWS_02,0,normal,none,0,0.10053730312341036
2026-01-13 07:45:00,AWS_02,0,normal,none,0,0.08996605747962821
2026-01-13 08:00:00,AWS_02,0,normal,none,0,0.10080962637078311
2026-01-13 08:15:00,AWS_02,0,normal,none,0,0.09555374066082106
2026-01-13 08:30:00,AWS_02,0,normal,none,0,0.09936573802401832
2026-01-13 08:45:00,AWS_02,0,normal,none,0,0.09780255251149239
2026-01-13 09:00:00,AWS_02,0,normal,none,0,0.07103918480659854
2026-01-13 09:15:00,AWS_02,0,normal,none,0,0.0842172824298355
2026-01-13 09:30:00,AWS_02,0,normal,none,0,0.09580727354396562
2026-01-13 09:45:00,AWS_02,0,normal,none,0,0.07854769451853849
2026-01-13 10:00:00,AWS_02,0,normal,none,0,0.11452295992615563
2026-01-13 10:15:00,AWS_02,0,normal,none,0,0.09346544518144012
2026-01-13 10:30:00,AWS_02,0,normal,none,0,0.05712557849675326
2026-01-13 10:45:00,AWS_02,0,normal,none,0,0.0756386309111457
2026-01-13 11:00:00,AWS_02,0,normal,none,0,0.0681328168280757
2026-01-13 11:15:00,AWS_02,0,normal,none,0,0.10380227613912624
2026-01-13 11:30:00,AWS_02,0,normal,none,0,0.036203117359158044
2026-01-13 11:45:00,AWS_02,0,normal,none,0,0.09110357903449817
2026-01-13 12:00:00,AWS_02,0,normal,none,0,0.10213763991836805
2026-01-13 12:15:00,AWS_02,0,normal,none,0,0.06671823865348797
2026-01-13 12:30:00,AWS_02,0,normal,none,0,0.06058987058475063
2026-01-13 12:45:00,AWS_02,0,normal,none,0,0.04670985367352032
2026-01-13 13:00:00,AWS_02,0,normal,none,0,0.05229230446711164
2026-01-13 13:15:00,AWS_02,0,normal,none,0,0.062129266036484276
2026-01-13 13:30:00,AWS_02,0,normal,none,0,0.03102009820359386
2026-01-13 13:45:00,AWS_02,0,normal,none,0,0.02832840174359985
2026-01-13 14:00:00,AWS_02,0,normal,none,0,0.07310518545353523
2026-01-13 14:15:00,AWS_02,0,normal,none,0,0.07207876566043098
2026-01-13 14:30:00,AWS_02,0,normal,none,0,0.08118414517849631
2026-01-13 14:45:00,AWS_02,0,normal,none,0,0.06707823070846514
2026-01-13 15:00:00,AWS_02,0,normal,none,0,0.0845046227484027
2026-01-13 15:15:00,AWS_02,0,normal,none,0,0.039313113912275544
2026-01-13 15:30:00,AWS_02,0,normal,none,0,0.047829918173239006
2026-01-13 15:45:00,AWS_02,0,normal,none,0,0.04352010581510746
2026-01-13 16:00:00,AWS_02,0,normal,none,0,0.08876887513490256
2026-01-13 16:15:00,AWS_02,0,normal,none,0,0.07712132998547294
2026-01-13 16:30:00,AWS_02,0,normal,none,0,0.07570694780674592
2026-01-13 16:45:00,AWS_02,0,normal,none,0,0.06542141654856731
2026-01-13 17:00:00,AWS_02,0,normal,none,0,0.0413777641730092
2026-01-13 17:15:00,AWS_02,0,normal,none,0,0.05259233889333187
2026-01-13 17:30:00,AWS_02,0,normal,none,0,0.05396537340943147
2026-01-13 17:45:00,AWS_02,0,normal,none,0,0.09298945151262705
2026-01-13 18:00:00,AWS_02,0,normal,none,0,0.08663472796285215
2026-01-13 18:15:00,AWS_02,0,normal,none,0,0.0737780876369612
2026-01-13 18:30:00,AWS_02,0,normal,none,0,0.06950387202049851
2026-01-13 18:45:00,AWS_02,0,normal,none,0,0.08567288152454583
2026-01-13 19:00:00,AWS_02,0,normal,none,0,0.08240100449788507
2026-01-13 19:15:00,AWS_02,0,normal,none,0,0.09731262991832773
2026-01-13 19:30:00,AWS_02,0,normal,none,0,0.10718142905100858
2026-01-13 19:45:00,AWS_02,0,normal,none,0,0.0921417137060404
2026-01-13 20:00:00,AWS_02,0,normal,none,0,0.060039325708944324
2026-01-13 20:15:00,AWS_02,0,normal,none,0,0.04637653050006041
2026-01-13 20:30:00,AWS_02,0,normal,none,0,0.05428937354633101
2026-01-13 20:45:00,AWS_02,0,normal,none,0,0.07434019739135517
2026-01-13 21:00:00,AWS_02,0,normal,none,0,0.09118855501043743
2026-01-13 21:15:00,AWS_02,0,normal,none,0,0.1009590666707893
2026-01-13 21:30:00,AWS_02,0,normal,none,0,0.06457456676476753
2026-01-13 21:45:00,AWS_02,0,normal,none,0,0.07746596469809658
2026-01-13 22:00:00,AWS_02,0,normal,none,0,0.10169061119383488
2026-01-13 22:15:00,AWS_02,0,normal,none,0,0.10046512312823691
2026-01-13 22:30:00,AWS_02,0,normal,none,0,0.07264989191334714
2026-01-13 22:45:00,AWS_02,0,normal,none,0,0.09749448549951517
2026-01-13 23:00:00,AWS_02,0,normal,none,0,0.09954146186028667
2026-01-13 23:15:00,AWS_02,0,normal,none,0,0.10715870556748591
2026-01-13 23:30:00,AWS_02,0,normal,none,0,0.10026570275128227
2026-01-13 23:45:00,AWS_02,0,normal,none,0,0.0856630149094803
2026-01-14 00:00:00,AWS_02,0,normal,none,0,0.09601480262667172
2026-01-14 00:15:00,AWS_02,0,normal,none,0,0.0776969227047607
2026-01-14 00:30:00,AWS_02,0,normal,none,0,0.09730054604306754
2026-01-14 00:45:00,AWS_02,1,temperature_spike,temperature,1,-0.005498505337991788
2026-01-14 01:00:00,AWS_02,0,normal,none,0,0.05509395674761747
2026-01-14 01:15:00,AWS_02,0,normal,none,0,0.03892303663561936
2026-01-14 01:30:00,AWS_02,0,normal,none,0,0.09112149162391592
2026-01-14 01:45:00,AWS_02,1,temperature_drop,temperature,1,-0.0016263867944560362
2026-01-14 02:00:00,AWS_02,0,normal,none,0,0.026512374773153713
2026-01-14 02:15:00,AWS_02,0,normal,none,0,0.0778670159888798
2026-01-14 02:30:00,AWS_02,0,normal,none,0,0.09718960284106498
2026-01-14 02:45:00,AWS_02,0,normal,none,0,0.04994465602388087
2026-01-14 03:00:00,AWS_02,0,normal,none,0,0.08088784349778133
2026-01-14 03:15:00,AWS_02,0,normal,none,0,0.07672829001023795
2026-01-14 03:30:00,AWS_02,0,normal,none,0,0.07317049156409688
2026-01-14 03:45:00,AWS_02,0,normal,none,0,0.10054722629374818
2026-01-14 04:00:00,AWS_02,0,normal,none,0,0.05981603415731557
2026-01-14 04:15:00,AWS_02,0,normal,none,0,0.07640676547962871
2026-01-14 04:30:00,AWS_02,0,normal,none,0,0.10832649014904028
2026-01-14 04:45:00,AWS_02,0,normal,none,0,0.09981745193265623
2026-01-14 05:00:00,AWS_02,0,normal,none,0,0.10107209700330771
2026-01-14 05:15:00,AWS_02,0,normal,none,0,0.10866870297652864
2026-01-14 05:30:00,AWS_02,0,normal,none,0,0.09495279700552023
2026-01-14 05:45:00,AWS_02,0,normal,none,0,0.10698583146928364
2026-01-14 06:00:00,AWS_02,0,normal,none,0,0.1062831050110139
2026-01-14 06:15:00,AWS_02,0,normal,none,0,0.10734610363630953
2026-01-14 06:30:00,AWS_02,0,normal,none,0,0.09938504136859605
2026-01-14 06:45:00,AWS_02,0,normal,none,0,0.06793181736326315
2026-01-14 07:00:00,AWS_02,0,normal,none,0,0.0907441385561285
2026-01-14 07:15:00,AWS_02,0,normal,none,0,0.07819210476997518
2026-01-14 07:30:00,AWS_02,0,normal,none,0,0.058266162256900234
2026-01-14 07:45:00,AWS_02,0,normal,none,0,0.09190601303419649
2026-01-14 08:00:00,AWS_02,0,normal,none,0,0.08967848384709115
2026-01-14 08:15:00,AWS_02,0,normal,none,0,0.0805662524349256
2026-01-14 08:30:00,AWS_02,0,normal,none,0,0.09523262322667286
2026-01-14 08:45:00,AWS_02,0,normal,none,0,0.06297042471290026
2026-01-14 09:00:00,AWS_02,0,normal,none,0,0.07677435215894413
2026-01-14 09:15:00,AWS_02,0,normal,none,0,0.09555882393810228
2026-01-14 09:30:00,AWS_02,0,normal,none,0,0.08678547347834664
2026-01-14 09:45:00,AWS_02,0,normal,none,0,0.07198476949395322
2026-01-14 10:00:00,AWS_02,0,normal,none,0,0.09673126204625049
2026-01-14 10:15:00,AWS_02,0,normal,none,0,0.09104611874296487
2026-01-14 10:30:00,AWS_02,0,normal,none,0,0.09489285754684817
2026-01-14 10:45:00,AWS_02,0,normal,none,0,0.006945927370750615
2026-01-14 11:00:00,AWS_02,0,normal,none,0,0.0661420145836843
2026-01-14 11:15:00,AWS_02,0,normal,none,0,0.08952373132589542
2026-01-14 11:30:00,AWS_02,0,normal,none,0,0.09626077035068603
2026-01-14 11:45:00,AWS_02,0,normal,none,0,0.09057846365846517
2026-01-14 12:00:00,AWS_02,0,normal,none,0,0.09039195122996585
2026-01-14 12:15:00,AWS_02,0,normal,none,0,0.05930530860389466
2026-01-14 12:30:00,AWS_02,0,normal,none,0,0.06916156629779685
2026-01-14 12:45:00,AWS_02,0,normal,none,0,0.09479097209428272
2026-01-14 13:00:00,AWS_02,0,normal,none,0,0.08885594865784407
2026-01-14 13:15:00,AWS_02,0,normal,none,0,0.08798657453791975
2026-01-14 13:30:00,AWS_02,0,normal,none,0,0.08734971912537765
2026-01-14 13:45:00,AWS_02,0,normal,none,0,0.0813471200064636
2026-01-14 14:00:00,AWS_02,0,normal,none,0,0.06410925576428939
2026-01-14 14:15:00,AWS_02,0,normal,none,0,0.0905444607595301
2026-01-14 14:30:00,AWS_02,0,normal,none,0,0.0946242089947476
2026-01-14 14:45:00,AWS_02,0,normal,none,0,0.09445813686269566
2026-01-14 15:00:00,AWS_02,0,normal,none,0,0.035646538394700555
2026-01-14 15:15:00,AWS_02,0,normal,none,0,0.07293567499150239
2026-01-14 15:30:00,AWS_02,0,normal,none,0,0.016739176776800924
2026-01-14 15:45:00,AWS_02,0,normal,none,0,0.05717968213658814
2026-01-14 16:00:00,AWS_02,0,normal,none,0,0.09943244973870591
2026-01-14 16:15:00,AWS_02,0,normal,none,0,0.09567994555113951
2026-01-14 16:30:00,AWS_02,0,normal,none,0,0.0764742439375341
2026-01-14 16:45:00,AWS_02,0,normal,none,0,0.07152980386861346
2026-01-14 17:00:00,AWS_02,0,normal,none,0,0.073070030381861
2026-01-14 17:15:00,AWS_02,0,normal,none,0,0.09762810915981468
2026-01-14 17:30:00,AWS_02,0,normal,none,0,0.10267815412271136
2026-01-14 17:45:00,AWS_02,0,normal,none,0,0.0770780981647815
2026-01-14 18:00:00,AWS_02,0,normal,none,0,0.07446655172726085
2026-01-14 18:15:00,AWS_02,0,normal,none,0,0.08841357927983301
2026-01-14 18:30:00,AWS_02,0,normal,none,0,0.10176010395284452
2026-01-14 18:45:00,AWS_02,0,normal,none,0,0.09962491968750342
2026-01-14 19:00:00,AWS_02,0,normal,none,0,0.09702660216911618
2026-01-14 19:15:00,AWS_02,0,normal,none,0,0.0734637054699987
2026-01-14 19:30:00,AWS_02,0,normal,none,0,0.09346970528009818
2026-01-14 19:45:00,AWS_02,0,normal,none,0,0.10639658928325757
2026-01-14 20:00:00,AWS_02,0,normal,none,0,0.11177141958170261
2026-01-14 20:15:00,AWS_02,0,normal,none,0,0.10657379853001064
2026-01-14 20:30:00,AWS_02,0,normal,none,0,0.0968497331461628
2026-01-14 20:45:00,AWS_02,0,normal,none,0,0.09745503875402606
2026-01-14 21:00:00,AWS_02,0,normal,none,0,0.09976353727932041
2026-01-14 21:15:00,AWS_02,0,normal,none,0,0.03561879992576156
2026-01-14 21:30:00,AWS_02,0,normal,none,0,0.09187731362941981
2026-01-14 21:45:00,AWS_02,0,normal,none,0,0.11366792477416587
2026-01-14 22:00:00,AWS_02,0,normal,none,0,0.09860077685942825
2026-01-14 22:15:00,AWS_02,0,normal,none,0,0.08547946230051462
2026-01-14 22:30:00,AWS_02,0,normal,none,0,0.055633917422056756
2026-01-14 22:45:00,AWS_02,0,normal,none,0,0.09937899661265859
2026-01-14 23:00:00,AWS_02,0,normal,none,0,0.09819325808828866
2026-01-14 23:15:00,AWS_02,0,normal,none,0,0.06826377623985025
2026-01-14 23:30:00,AWS_02,0,normal,none,0,0.06243935331076539
2026-01-14 23:45:00,AWS_02,0,normal,none,0,0.11617769352637408
2026-01-15 00:00:00,AWS_02,0,normal,none,0,0.06830110035966203
2026-01-15 00:15:00,AWS_02,1,frozen_sensor,temperature,0,0.05506994492052042
2026-01-15 00:30:00,AWS_02,1,frozen_sensor,temperature,0,0.07328602244592364
2026-01-15 00:45:00,AWS_02,1,frozen_sensor,temperature,0,0.0924605464995471
2026-01-15 01:00:00,AWS_02,1,frozen_sensor,temperature,0,0.07926352201114856
2026-01-15 01:15:00,AWS_02,1,frozen_sensor,temperature,0,0.10473276029944056
2026-01-15 01:30:00,AWS_02,1,frozen_sensor,temperature,0,0.09729280026854265
2026-01-15 01:45:00,AWS_02,1,frozen_sensor,temperature,0,0.0762003509230208
2026-01-15 02:00:00,AWS_02,1,frozen_sensor,temperature,0,0.07479963802982031
2026-01-15 02:15:00,AWS_02,1,frozen_sensor,temperature,0,0.04104235976804227
2026-01-15 02:30:00,AWS_02,1,frozen_sensor,temperature,0,0.08002020660413434
2026-01-15 02:45:00,AWS_02,1,frozen_sensor,temperature,0,0.07989799578338574
2026-01-15 03:00:00,AWS_02,1,frozen_sensor,temperature,0,0.09751608883290602
2026-01-15 03:15:00,AWS_02,1,frozen_sensor,temperature,0,0.09383467262764361
2026-01-15 03:30:00,AWS_02,1,frozen_sensor,temperature,0,0.0617971826737414
2026-01-15 03:45:00,AWS_02,1,frozen_sensor,temperature,0,0.09308923611219305
2026-01-15 04:00:00,AWS_02,1,frozen_sensor,temperature,0,0.09118467008673165
2026-01-15 04:15:00,AWS_02,1,frozen_sensor,temperature,0,0.11259646957305586
2026-01-15 04:30:00,AWS_02,1,frozen_sensor,temperature,0,0.10637694725797286
2026-01-15 04:45:00,AWS_02,1,frozen_sensor,temperature,0,0.10911121688913189
2026-01-15 05:00:00,AWS_02,1,frozen_sensor,temperature,0,0.09288085627251036
2026-01-15 05:15:00,AWS_02,1,frozen_sensor,temperature,0,0.09413246070188569
2026-01-15 05:30:00,AWS_02,1,frozen_sensor,temperature,0,0.04460332035262693
2026-01-15 05:45:00,AWS_02,1,frozen_sensor,temperature,0,0.09892374704089263
2026-01-15 06:00:00,AWS_02,1,frozen_sensor,temperature,0,0.10010668268916106
2026-01-15 06:15:00,AWS_02,0,normal,none,0,0.023512370316176368
2026-01-15 06:30:00,AWS_02,0,normal,none,0,0.10138329608945612
2026-01-15 06:45:00,AWS_02,0,normal,none,0,0.10195279774333332
2026-01-15 07:00:00,AWS_02,0,normal,none,0,0.11077009455190256
2026-01-15 07:15:00,AWS_02,0,normal,none,0,0.11392233003439067
2026-01-15 07:30:00,AWS_02,0,normal,none,0,0.09750617624929037
2026-01-15 07:45:00,AWS_02,0,normal,none,0,0.09124862121932314
2026-01-15 08:00:00,AWS_02,0,normal,none,0,0.07789539299415355
2026-01-15 08:15:00,AWS_02,0,normal,none,0,0.0918524479550254
2026-01-15 08:30:00,AWS_02,0,normal,none,0,0.10000056533171686
2026-01-15 08:45:00,AWS_02,0,normal,none,0,0.10688482223930085
2026-01-15 09:00:00,AWS_02,0,normal,none,0,0.10154298814660179
2026-01-15 09:15:00,AWS_02,0,normal,none,0,0.10061978227849189
2026-01-15 09:30:00,AWS_02,0,normal,none,0,0.1150976854542825
2026-01-15 09:45:00,AWS_02,0,normal,none,0,0.10913842369512305
2026-01-15 10:00:00,AWS_02,0,normal,none,0,0.050571457390529095
2026-01-15 10:15:00,AWS_02,0,normal,none,0,0.09966625869723456
2026-01-15 10:30:00,AWS_02,0,normal,none,0,0.09458994980354596
2026-01-15 10:45:00,AWS_02,0,normal,none,0,0.09134105513418411
2026-01-15 11:00:00,AWS_02,0,normal,none,0,0.09622447908310816
2026-01-15 11:15:00,AWS_02,0,normal,none,0,0.10070854914540084
2026-01-15 11:30:00,AWS_02,0,normal,none,0,0.08139507622768033
2026-01-15 11:45:00,AWS_02,0,normal,none,0,0.10512550871099086
2026-01-15 12:00:00,AWS_02,0,normal,none,0,0.08385104016014094
2026-01-15 12:15:00,AWS_02,0,normal,none,0,0.11178152086178272
2026-01-15 12:30:00,AWS_02,0,normal,none,0,0.08792017192351803
2026-01-15 12:45:00,AWS_02,0,normal,none,0,0.06805435382964548
2026-01-15 13:00:00,AWS_02,0,normal,none,0,0.05350608497518017
2026-01-15 13:15:00,AWS_02,0,normal,none,0,0.0946798785396274
2026-01-15 13:30:00,AWS_02,0,normal,none,0,0.03482154640127577
2026-01-15 13:45:00,AWS_02,0,normal,none,0,0.08038096001604156
2026-01-15 14:00:00,AWS_02,0,normal,none,0,0.0810493382506316
2026-01-15 14:15:00,AWS_02,0,normal,none,0,0.09849940937655738
2026-01-15 14:30:00,AWS_02,0,normal,none,0,0.05567236669300424
2026-01-15 14:45:00,AWS_02,0,normal,none,0,0.10016326067801046
2026-01-15 15:00:00,AWS_02,0,normal,none,0,0.11006516958282875
2026-01-15 15:15:00,AWS_02,0,normal,none,0,0.10230168221931474
2026-01-15 15:30:00,AWS_02,0,normal,none,0,0.06827231855573768
2026-01-15 15:45:00,AWS_02,0,normal,none,0,0.11291997691082212
2026-01-15 16:00:00,AWS_02,0,normal,none,0,0.11595370472664723
2026-01-15 16:15:00,AWS_02,0,normal,none,0,0.11522674720212611
2026-01-15 16:30:00,AWS_02,0,normal,none,0,0.11513500044112096
2026-01-15 16:45:00,AWS_02,0,normal,none,0,0.10694251146184264
2026-01-15 17:00:00,AWS_02,0,normal,none,0,0.10930040421985876
2026-01-15 17:15:00,AWS_02,0,normal,none,0,0.10909493035654433
2026-01-15 17:30:00,AWS_02,0,normal,none,0,0.11230737683740721
2026-01-15 17:45:00,AWS_02,0,normal,none,0,0.10832857876111401
2026-01-15 18:00:00,AWS_02,0,normal,none,0,0.08933241238813566
2026-01-15 18:15:00,AWS_02,0,normal,none,0,0.07301683904311296
2026-01-15 18:30:00,AWS_02,0,normal,none,0,0.07562420088161192
2026-01-15 18:45:00,AWS_02,0,normal,none,0,0.07808066114160533
2026-01-15 19:00:00,AWS_02,0,normal,none,0,0.0748848486057837
2026-01-15 19:15:00,AWS_02,0,normal,none,0,0.10742509707076736
2026-01-15 19:30:00,AWS_02,0,normal,none,0,0.0939846493884256
2026-01-15 19:45:00,AWS_02,0,normal,none,0,0.08675164702362481
2026-01-15 20:00:00,AWS_02,0,normal,none,0,0.06702364383642567
2026-01-15 20:15:00,AWS_02,0,normal,none,0,0.06815562863369218
2026-01-15 20:30:00,AWS_02,0,normal,none,0,0.09708642317399929
2026-01-15 20:45:00,AWS_02,0,normal,none,0,0.08782308934522037
2026-01-15 21:00:00,AWS_02,0,normal,none,0,0.06849926248841398
2026-01-15 21:15:00,AWS_02,0,normal,none,0,0.10020966355760091
2026-01-15 21:30:00,AWS_02,0,normal,none,0,0.11490339795137477
2026-01-15 21:45:00,AWS_02,0,normal,none,0,0.08937811995627254
2026-01-15 22:00:00,AWS_02,0,normal,none,0,0.07996069444157022
2026-01-15 22:15:00,AWS_02,0,normal,none,0,0.10937727089643418
2026-01-15 22:30:00,AWS_02,0,normal,none,0,0.11490832253538491
2026-01-15 22:45:00,AWS_02,0,normal,none,0,0.10763930355046708
2026-01-15 23:00:00,AWS_02,0,normal,none,0,0.09933584136102785
2026-01-15 23:15:00,AWS_02,0,normal,none,0,0.08145949999840663
2026-01-15 23:30:00,AWS_02,0,normal,none,0,0.0972314474493261
2026-01-15 23:45:00,AWS_02,0,normal,none,0,0.08519517590717973
2026-01-16 00:00:00,AWS_02,1,multivariate_inconsistency,humidity,1,-0.12312380128843281
2026-01-16 00:15:00,AWS_02,1,multivariate_inconsistency,humidity,1,-0.030276477472433116
2026-01-16 00:30:00,AWS_02,1,multivariate_inconsistency,humidity,1,-0.030276477472433116
2026-01-16 00:45:00,AWS_02,1,multivariate_inconsistency,humidity,1,-0.030276477472433116
2026-01-16 01:00:00,AWS_02,1,multivariate_inconsistency,humidity,1,-0.07303363618700132
2026-01-16 01:15:00,AWS_02,1,multivariate_inconsistency,humidity,0,0.05842614074382335
2026-01-16 01:30:00,AWS_02,0,normal,none,0,0.04471319467378154
2026-01-16 01:45:00,AWS_02,1,temperature_spike,temperature,0,0.006446567923386715
2026-01-16 02:00:00,AWS_02,0,normal,none,0,0.03957253592954724
2026-01-16 02:15:00,AWS_02,0,normal,none,0,0.09099297188833955
2026-01-16 02:30:00,AWS_02,0,normal,none,0,0.07731913160188991
2026-01-16 02:45:00,AWS_02,0,normal,none,0,0.07422343949408039
2026-01-16 03:00:00,AWS_02,0,normal,none,0,0.05848889405720692
2026-01-16 03:15:00,AWS_02,0,normal,none,0,0.07063252557855176
2026-01-16 03:30:00,AWS_02,0,normal,none,0,0.09247596801812363
2026-01-16 03:45:00,AWS_02,0,normal,none,0,0.09547130544799032
2026-01-16 04:00:00,AWS_02,0,normal,none,0,0.08318346536213833
2026-01-16 04:15:00,AWS_02,0,normal,none,0,0.08121483502852045
2026-01-16 04:30:00,AWS_02,0,normal,none,0,0.08421987576330031
2026-01-16 04:45:00,AWS_02,0,normal,none,0,0.053760493065974135
2026-01-16 05:00:00,AWS_02,0,normal,none,0,0.05862362697879908
2026-01-16 05:15:00,AWS_02,0,normal,none,0,0.06911500776961921
2026-01-16 05:30:00,AWS_02,0,normal,none,0,0.06468819047206914
2026-01-16 05:45:00,AWS_02,0,normal,none,0,0.10296772197782372
2026-01-16 06:00:00,AWS_02,0,normal,none,0,0.05693517503358131
2026-01-16 06:15:00,AWS_02,0,normal,none,0,0.07166879222908135
2026-01-16 06:30:00,AWS_02,0,normal,none,0,0.08909443833594555
2026-01-16 06:45:00,AWS_02,0,normal,none,0,0.09907322661619028
2026-01-16 07:00:00,AWS_02,0,normal,none,0,0.0795457457604023
2026-01-16 07:15:00,AWS_02,0,normal,none,0,0.05204306396162789
2026-01-16 07:30:00,AWS_02,0,normal,none,0,0.09205502695051654
2026-01-16 07:45:00,AWS_02,0,normal,none,0,0.1002371839761485
2026-01-16 08:00:00,AWS_02,0,normal,none,0,0.10828593017767535
2026-01-16 08:15:00,AWS_02,0,normal,none,0,0.07475305302438173
2026-01-16 08:30:00,AWS_02,0,normal,none,0,0.05658166757463268
2026-01-16 08:45:00,AWS_02,0,normal,none,0,0.0642135483175098
2026-01-16 09:00:00,AWS_02,0,normal,none,0,0.08846040957217127
2026-01-16 09:15:00,AWS_02,0,normal,none,0,0.08932697448412569
2026-01-16 09:30:00,AWS_02,0,normal,none,0,0.08453299303961176
2026-01-16 09:45:00,AWS_02,0,normal,none,0,0.09639514764153795
2026-01-16 10:00:00,AWS_02,0,normal,none,0,0.08855203173937398
2026-01-16 10:15:00,AWS_02,0,normal,none,0,0.07708985630890708
2026-01-16 10:30:00,AWS_02,0,normal,none,0,0.09346154752474067
2026-01-16 10:45:00,AWS_02,0,normal,none,0,0.10085936899836262
2026-01-16 11:00:00,AWS_02,0,normal,none,0,0.10287781134558283
2026-01-16 11:15:00,AWS_02,0,normal,none,0,0.09983844451789892
2026-01-16 11:30:00,AWS_02,0,normal,none,0,0.08765859749230626
2026-01-16 11:45:00,AWS_02,0,normal,none,0,0.0976080365804684
2026-01-16 12:00:00,AWS_02,0,normal,none,0,0.10413324441381733
2026-01-16 12:15:00,AWS_02,0,normal,none,0,0.09267133257704407
2026-01-16 12:30:00,AWS_02,0,normal,none,0,0.09147675906752828
2026-01-16 12:45:00,AWS_02,0,normal,none,0,0.10688256195961904
2026-01-16 13:00:00,AWS_02,0,normal,none,0,0.10800684476817074
2026-01-16 13:15:00,AWS_02,0,normal,none,0,0.09982269425933898
2026-01-16 13:30:00,AWS_02,0,normal,none,0,0.07942088603395814
2026-01-16 13:45:00,AWS_02,0,normal,none,0,0.1074839348200417
2026-01-16 14:00:00,AWS_02,0,normal,none,0,0.09359403177917303
2026-01-16 14:15:00,AWS_02,0,normal,none,0,0.08312794797910722
2026-01-16 14:30:00,AWS_02,0,normal,none,0,0.1004939376836691
2026-01-16 14:45:00,AWS_02,0,normal,none,0,0.10684841582104093
2026-01-16 15:00:00,AWS_02,0,normal,none,0,0.07411605628605178
2026-01-16 15:15:00,AWS_02,0,normal,none,0,0.09679194648589767
2026-01-16 15:30:00,AWS_02,0,normal,none,0,0.09440659604401491
2026-01-16 15:45:00,AWS_02,0,normal,none,0,0.09638235693430242
2026-01-16 16:00:00,AWS_02,0,normal,none,0,0.07730647345773362
2026-01-16 16:15:00,AWS_02,0,normal,none,0,0.09423574142060537
2026-01-16 16:30:00,AWS_02,0,normal,none,0,0.09894593989024048
2026-01-16 16:45:00,AWS_02,0,normal,none,0,0.09130447649893025
2026-01-16 17:00:00,AWS_02,0,normal,none,0,0.11087199019179172
2026-01-16 17:15:00,AWS_02,0,normal,none,0,0.06200625746410693
2026-01-16 17:30:00,AWS_02,0,normal,none,0,0.08830321233905913
2026-01-16 17:45:00,AWS_02,0,normal,none,0,0.09682013045285076
2026-01-16 18:00:00,AWS_02,0,normal,none,0,0.09942297511266956
2026-01-16 18:15:00,AWS_02,0,normal,none,0,0.07315025682134446
2026-01-16 18:30:00,AWS_02,0,normal,none,0,0.08543697396652838
2026-01-16 18:45:00,AWS_02,0,normal,none,0,0.1002648409316022
2026-01-16 19:00:00,AWS_02,0,normal,none,0,0.09387245913901038
2026-01-16 19:15:00,AWS_02,0,normal,none,0,0.06627101700804627
2026-01-16 19:30:00,AWS_02,0,normal,none,0,0.10139257089876424
2026-01-16 19:45:00,AWS_02,0,normal,none,0,0.11309694753528149
2026-01-16 20:00:00,AWS_02,0,normal,none,0,0.07517671340491267
2026-01-16 20:15:00,AWS_02,0,normal,none,0,0.10357828230747185
2026-01-16 20:30:00,AWS_02,0,normal,none,0,0.1123775764760202
2026-01-16 20:45:00,AWS_02,0,normal,none,0,0.11107248851005785
2026-01-16 21:00:00,AWS_02,0,normal,none,0,0.09654394419256407
2026-01-16 21:15:00,AWS_02,0,normal,none,0,0.06849727074226059
2026-01-16 21:30:00,AWS_02,0,normal,none,0,0.1086000063892425
2026-01-16 21:45:00,AWS_02,0,normal,none,0,0.07868388238962476
2026-01-16 22:00:00,AWS_02,0,normal,none,0,0.09593787816403188
2026-01-16 22:15:00,AWS_02,0,normal,none,0,0.1008572799889993
2026-01-16 22:30:00,AWS_02,0,normal,none,0,0.08653757632854592
2026-01-16 22:45:00,AWS_02,0,normal,none,0,0.08126101803207442
2026-01-16 23:00:00,AWS_02,0,normal,none,0,0.03117152920534705
2026-01-16 23:15:00,AWS_02,0,normal,none,0,0.004857004577676904
2026-01-16 23:30:00,AWS_02,0,normal,none,0,0.008735253258392306
2026-01-16 23:45:00,AWS_02,0,normal,none,0,0.09963678678629584
2026-01-17 00:00:00,AWS_02,0,normal,none,0,0.07150504635034866
2026-01-17 00:15:00,AWS_02,0,normal,none,0,0.10115729012029345
2026-01-17 00:30:00,AWS_02,0,normal,none,0,0.08435299495476034
2026-01-17 00:45:00,AWS_02,0,normal,none,0,0.10165916892974936
2026-01-17 01:00:00,AWS_02,0,normal,none,0,0.06921171151529737
2026-01-17 01:15:00,AWS_02,0,normal,none,0,0.10300276231740052
2026-01-17 01:30:00,AWS_02,0,normal,none,0,0.09881783327773142
2026-01-17 01:45:00,AWS_02,0,normal,none,0,0.07925571455928465
2026-01-17 02:00:00,AWS_02,0,normal,none,0,0.09842873952917025
2026-01-17 02:15:00,AWS_02,0,normal,none,0,0.08294877232157499
2026-01-17 02:30:00,AWS_02,0,normal,none,0,0.08341343373513338
2026-01-17 02:45:00,AWS_02,0,normal,none,0,0.10451079002998026
2026-01-17 03:00:00,AWS_02,0,normal,none,0,0.08276740157072321
2026-01-17 03:15:00,AWS_02,0,normal,none,0,0.10753529522778116
2026-01-17 03:30:00,AWS_02,0,normal,none,0,0.08754600141171837
2026-01-17 03:45:00,AWS_02,0,normal,none,0,0.09374240822818958
2026-01-17 04:00:00,AWS_02,0,normal,none,0,0.05906317865563826
2026-01-17 04:15:00,AWS_02,0,normal,none,0,0.06890765925891079
2026-01-17 04:30:00,AWS_02,0,normal,none,0,0.11461328688289796
2026-01-17 04:45:00,AWS_02,0,normal,none,0,0.11494346982916309
2026-01-17 05:00:00,AWS_02,0,normal,none,0,0.05119101322976072
2026-01-17 05:15:00,AWS_02,0,normal,none,0,0.10703754201235033
2026-01-17 05:30:00,AWS_02,0,normal,none,0,0.09953974244667463
2026-01-17 05:45:00,AWS_02,0,normal,none,0,0.10332441771042145
2026-01-17 06:00:00,AWS_02,0,normal,none,0,0.10617404638962158
2026-01-17 06:15:00,AWS_02,0,normal,none,0,0.09684350156261329
2026-01-17 06:30:00,AWS_02,0,normal,none,0,0.051580865575069634
2026-01-17 06:45:00,AWS_02,0,normal,none,0,0.10734940634333606
2026-01-17 07:00:00,AWS_02,0,normal,none,0,0.08454058414886806
2026-01-17 07:15:00,AWS_02,0,normal,none,0,0.10802718946564832
2026-01-17 07:30:00,AWS_02,0,normal,none,0,0.04157259022632831
2026-01-17 07:45:00,AWS_02,0,normal,none,0,0.050994051844882204
2026-01-17 08:00:00,AWS_02,0,normal,none,0,0.1042357333309828
2026-01-17 08:15:00,AWS_02,0,normal,none,0,0.08962736357576617
2026-01-17 08:30:00,AWS_02,0,normal,none,0,0.0659313518895519
2026-01-17 08:45:00,AWS_02,0,normal,none,0,0.018309991369441225
2026-01-17 09:00:00,AWS_02,0,normal,none,0,0.0759997415447991
2026-01-17 09:15:00,AWS_02,0,normal,none,0,0.09525988277526426
2026-01-17 09:30:00,AWS_02,0,normal,none,0,0.07865816478556281
2026-01-17 09:45:00,AWS_02,0,normal,none,0,0.06073634587554899
2026-01-17 10:00:00,AWS_02,0,normal,none,0,0.07612969197857816
2026-01-17 10:15:00,AWS_02,0,normal,none,0,0.07838023172965497
2026-01-17 10:30:00,AWS_02,0,normal,none,0,0.0969415560240452
2026-01-17 10:45:00,AWS_02,0,normal,none,0,0.08530400865686083
2026-01-17 11:00:00,AWS_02,0,normal,none,0,0.08327873661826074
2026-01-17 11:15:00,AWS_02,0,normal,none,0,0.0737352124963826
2026-01-17 11:30:00,AWS_02,0,normal,none,0,0.09693711453053888
2026-01-17 11:45:00,AWS_02,0,normal,none,0,0.0872416718590801
2026-01-17 12:00:00,AWS_02,0,normal,none,0,0.09037713054887964
2026-01-17 12:15:00,AWS_02,0,normal,none,0,0.0834296208027635
2026-01-17 12:30:00,AWS_02,0,normal,none,0,0.06264871214776485
2026-01-17 12:45:00,AWS_02,0,normal,none,0,0.07743541066606563
2026-01-17 13:00:00,AWS_02,0,normal,none,0,0.05245835525598597
2026-01-17 13:15:00,AWS_02,0,normal,none,0,0.07661874295690463
2026-01-17 13:30:00,AWS_02,0,normal,none,0,0.09728375440825976
2026-01-17 13:45:00,AWS_02,0,normal,none,0,0.09687237602017229
2026-01-17 14:00:00,AWS_02,0,normal,none,0,0.09399473173678213
2026-01-17 14:15:00,AWS_02,0,normal,none,0,0.07583595975920143
2026-01-17 14:30:00,AWS_02,0,normal,none,0,0.0641558004664386
2026-01-17 14:45:00,AWS_02,0,normal,none,0,0.09415762312351816
2026-01-17 15:00:00,AWS_02,0,normal,none,0,0.08279715046624186
2026-01-17 15:15:00,AWS_02,0,normal,none,0,0.0924964443859762
2026-01-17 15:30:00,AWS_02,0,normal,none,0,0.0761726064630367
2026-01-17 15:45:00,AWS_02,0,normal,none,0,0.07434099581527015
2026-01-17 16:00:00,AWS_02,0,normal,none,0,0.08675208750905011
2026-01-17 16:15:00,AWS_02,0,normal,none,0,0.09357488402943698
2026-01-17 16:30:00,AWS_02,0,normal,none,0,0.06294354458436507
2026-01-17 16:45:00,AWS_02,0,normal,none,0,0.09303233685487611
2026-01-17 17:00:00,AWS_02,0,normal,none,0,0.08535820665725602
2026-01-17 17:15:00,AWS_02,0,normal,none,0,0.0835901934694202
2026-01-17 17:30:00,AWS_02,0,normal,none,0,0.10853778280171694
2026-01-17 17:45:00,AWS_02,0,normal,none,0,0.08977683752575627
2026-01-17 18:00:00,AWS_02,0,normal,none,0,0.0806258521895819
2026-01-17 18:15:00,AWS_02,0,normal,none,0,0.09435507828903011
2026-01-17 18:30:00,AWS_02,0,normal,none,0,0.07945764651856846
2026-01-17 18:45:00,AWS_02,0,normal,none,0,0.08745920781248512
2026-01-17 19:00:00,AWS_02,0,normal,none,0,0.08437651926494694
2026-01-17 19:15:00,AWS_02,0,normal,none,0,0.06252237111685155
2026-01-17 19:30:00,AWS_02,0,normal,none,0,0.06099011160324136
2026-01-17 19:45:00,AWS_02,0,normal,none,0,0.03500275507880912
2026-01-17 20:00:00,AWS_02,0,normal,none,0,0.09647256958859785
2026-01-17 20:15:00,AWS_02,0,normal,none,0,0.11176295892756538
2026-01-17 20:30:00,AWS_02,0,normal,none,0,0.09635030297834085
2026-01-17 20:45:00,AWS_02,0,normal,none,0,0.09289035428830728
2026-01-17 21:00:00,AWS_02,0,normal,none,0,0.10301792750551425
2026-01-17 21:15:00,AWS_02,0,normal,none,0,0.07641927858457515
2026-01-17 21:30:00,AWS_02,0,normal,none,0,0.05127173587191458
2026-01-17 21:45:00,AWS_02,0,normal,none,0,0.11145509851694663
2026-01-17 22:00:00,AWS_02,0,normal,none,0,0.10506547064472926
2026-01-17 22:15:00,AWS_02,0,normal,none,0,0.07697973531067498
2026-01-17 22:30:00,AWS_02,0,normal,none,0,0.1135859256965458
2026-01-17 22:45:00,AWS_02,0,normal,none,0,0.08519901769795235
2026-01-17 23:00:00,AWS_02,0,normal,none,0,0.06264136557176309
2026-01-17 23:15:00,AWS_02,0,normal,none,0,0.10233928628445815
2026-01-17 23:30:00,AWS_02,0,normal,none,0,0.11537191935784497
2026-01-17 23:45:00,AWS_02,0,normal,none,0,0.10439332829604908
2026-01-18 00:00:00,AWS_02,1,multivariate_inconsistency,humidity,0,0.005094936951440809
2026-01-18 00:15:00,AWS_02,1,multivariate_inconsistency,humidity,0,0.0500978879551392
2026-01-18 00:30:00,AWS_02,1,multivariate_inconsistency,humidity,0,0.05740668349955491
2026-01-18 00:45:00,AWS_02,1,multivariate_inconsistency,humidity,0,0.07291580895089228
2026-01-18 01:00:00,AWS_02,1,multivariate_inconsistency,humidity,0,0.07322215854191733
2026-01-18 01:15:00,AWS_02,1,multivariate_inconsistency,humidity,0,0.05075592706325449
2026-01-18 01:30:00,AWS_02,1,frozen_sensor,temperature,0,0.03904277403872014
2026-01-18 01:45:00,AWS_02,1,frozen_sensor,temperature,0,0.10047094900818737
2026-01-18 02:00:00,AWS_02,1,frozen_sensor,temperature,0,0.09062149026015415
2026-01-18 02:15:00,AWS_02,1,frozen_sensor,temperature,0,0.050032415231500094
2026-01-18 02:30:00,AWS_02,1,frozen_sensor,temperature,0,0.09800219760281537
2026-01-18 02:45:00,AWS_02,1,frozen_sensor,temperature,0,0.10594822991065844
2026-01-18 03:00:00,AWS_02,1,frozen_sensor,temperature,0,0.10061151196554446
2026-01-18 03:15:00,AWS_02,1,frozen_sensor,temperature,0,0.06977442438420539
2026-01-18 03:30:00,AWS_02,1,frozen_sensor,temperature,0,0.10548154298542495
2026-01-18 03:45:00,AWS_02,1,frozen_sensor,temperature,0,0.09129140087120557
2026-01-18 04:00:00,AWS_02,1,frozen_sensor,temperature,0,0.05120265033340643
2026-01-18 04:15:00,AWS_02,1,frozen_sensor,temperature,0,0.07461071429161342
2026-01-18 04:30:00,AWS_02,1,frozen_sensor,temperature,0,0.0991413668876146
2026-01-18 04:45:00,AWS_02,1,frozen_sensor,temperature,0,0.07899496205927847
2026-01-18 05:00:00,AWS_02,1,frozen_sensor,temperature,0,0.096801725965378
2026-01-18 05:15:00,AWS_02,1,frozen_sensor,temperature,0,0.10119689654169273
2026-01-18 05:30:00,AWS_02,1,frozen_sensor,temperature,0,0.09854940306640286
2026-01-18 05:45:00,AWS_02,1,frozen_sensor,temperature,0,0.09672025417710672
2026-01-18 06:00:00,AWS_02,1,frozen_sensor,temperature,0,0.08382979972075139
2026-01-18 06:15:00,AWS_02,0,normal,none,0,0.08197524187222699
2026-01-18 06:30:00,AWS_02,0,normal,none,0,0.048288708489736876
2026-01-18 06:45:00,AWS_02,0,normal,none,0,0.026978657332006772
2026-01-18 07:00:00,AWS_02,0,normal,none,0,0.09299434861827427
2026-01-18 07:15:00,AWS_02,0,normal,none,0,0.07838734040031714
2026-01-18 07:30:00,AWS_02,0,normal,none,0,0.07475426308780991
2026-01-18 07:45:00,AWS_02,0,normal,none,0,0.08883359203159286
2026-01-18 08:00:00,AWS_02,0,normal,none,0,0.08047592798952291
2026-01-18 08:15:00,AWS_02,0,normal,none,0,0.10067573090957399
2026-01-18 08:30:00,AWS_02,0,normal,none,0,0.09093897245304072
2026-01-18 08:45:00,AWS_02,0,normal,none,0,0.10309506892114223
2026-01-18 09:00:00,AWS_02,0,normal,none,0,0.10448262794192165
2026-01-18 09:15:00,AWS_02,0,normal,none,0,0.039200411182753525
2026-01-18 09:30:00,AWS_02,0,normal,none,0,0.08166885650847117
2026-01-18 09:45:00,AWS_02,0,normal,none,0,0.09256896610346832
2026-01-18 10:00:00,AWS_02,0,normal,none,0,0.0895442107440591
2026-01-18 10:15:00,AWS_02,0,normal,none,0,0.053431850650634605
2026-01-18 10:30:00,AWS_02,0,normal,none,0,0.0691292645193462
2026-01-18 10:45:00,AWS_02,0,normal,none,0,0.07325722127886136
2026-01-18 11:00:00,AWS_02,0,normal,none,0,0.06337835717937601
2026-01-18 11:15:00,AWS_02,0,normal,none,0,0.0952992697036682
2026-01-18 11:30:00,AWS_02,0,normal,none,0,0.07888797259001862
2026-01-18 11:45:00,AWS_02,0,normal,none,0,0.10625916478896563
2026-01-18 12:00:00,AWS_02,0,normal,none,0,0.10214952374751596
2026-01-18 12:15:00,AWS_02,0,normal,none,0,0.04977627430068271
2026-01-18 12:30:00,AWS_02,0,normal,none,0,0.08609503796067347
2026-01-18 12:45:00,AWS_02,0,normal,none,0,0.08888465629768094
2026-01-18 13:00:00,AWS_02,0,normal,none,0,0.09644483955090272
2026-01-18 13:15:00,AWS_02,0,normal,none,0,0.05987272438469393
2026-01-18 13:30:00,AWS_02,0,normal,none,0,0.07917408510441964
2026-01-18 13:45:00,AWS_02,0,normal,none,0,0.0820118364163181
2026-01-18 14:00:00,AWS_02,0,normal,none,0,0.07419058988087818
2026-01-18 14:15:00,AWS_02,0,normal,none,0,0.09987791243786992
2026-01-18 14:30:00,AWS_02,0,normal,none,0,0.060576270615057604
2026-01-18 14:45:00,AWS_02,0,normal,none,0,0.06393621141303363
2026-01-18 15:00:00,AWS_02,0,normal,none,0,0.06755833105778902
2026-01-18 15:15:00,AWS_02,0,normal,none,0,0.09173583341598118
2026-01-18 15:30:00,AWS_02,0,normal,none,0,0.07234299879377237
2026-01-18 15:45:00,AWS_02,0,normal,none,0,0.10916126307491963
2026-01-18 16:00:00,AWS_02,0,normal,none,0,0.06955220731767958
2026-01-18 16:15:00,AWS_02,0,normal,none,0,0.05609177335117366
2026-01-18 16:30:00,AWS_02,0,normal,none,0,0.047367148949740256
2026-01-18 16:45:00,AWS_02,0,normal,none,0,0.08600319607368517
2026-01-18 17:00:00,AWS_02,0,normal,none,0,0.09350609187955927
2026-01-18 17:15:00,AWS_02,0,normal,none,0,0.09269283507714138
2026-01-18 17:30:00,AWS_02,0,normal,none,0,0.049598705979221946
2026-01-18 17:45:00,AWS_02,0,normal,none,0,0.07306747417770454
2026-01-18 18:00:00,AWS_02,0,normal,none,0,0.0871471463084606
2026-01-18 18:15:00,AWS_02,0,normal,none,0,0.087229873387899
2026-01-18 18:30:00,AWS_02,0,normal,none,0,0.09204138427576614
2026-01-18 18:45:00,AWS_02,0,normal,none,0,0.0841070811154353
2026-01-18 19:00:00,AWS_02,0,normal,none,0,0.08687017938083003
2026-01-18 19:15:00,AWS_02,0,normal,none,0,0.10631671920415059
2026-01-18 19:30:00,AWS_02,0,normal,none,0,0.10499168858526314
2026-01-18 19:45:00,AWS_02,0,normal,none,0,0.05550653396670868
2026-01-18 20:00:00,AWS_02,0,normal,none,0,0.1021331219512911
2026-01-18 20:15:00,AWS_02,0,normal,none,0,0.10844981050821262
2026-01-18 20:30:00,AWS_02,0,normal,none,0,0.09957610826798091
2026-01-18 20:45:00,AWS_02,0,normal,none,0,0.09746481533184465
2026-01-18 21:00:00,AWS_02,0,normal,none,0,0.09437032369365028
2026-01-18 21:15:00,AWS_02,0,normal,none,0,0.09909881045178115
2026-01-18 21:30:00,AWS_02,0,normal,none,0,0.06240343083425559
2026-01-18 21:45:00,AWS_02,0,normal,none,0,0.11396041361143316
2026-01-18 22:00:00,AWS_02,0,normal,none,0,0.10536829676464549
2026-01-18 22:15:00,AWS_02,0,normal,none,0,0.10767207695666758
2026-01-18 22:30:00,AWS_02,0,normal,none,0,0.0922984564528267
2026-01-18 22:45:00,AWS_02,0,normal,none,0,0.10151058285916176
2026-01-18 23:00:00,AWS_02,0,normal,none,0,0.08887479807414289
2026-01-18 23:15:00,AWS_02,0,normal,none,0,0.09341419827633868
2026-01-18 23:30:00,AWS_02,0,normal,none,0,0.09608808014957854
2026-01-18 23:45:00,AWS_02,0,normal,none,0,0.10189318711788159
2026-01-19 00:00:00,AWS_02,0,normal,none,0,0.10198724212862487
2026-01-19 00:15:00,AWS_02,1,power_failure,all,1,-0.12718639952089705
2026-01-19 00:30:00,AWS_02,1,missing_data,all,1,-0.034565222383333816
2026-01-19 00:45:00,AWS_02,1,missing_data,all,1,-0.034565222383333816
2026-01-19 01:00:00,AWS_02,1,missing_data,all,1,-0.03666833436804795
2026-01-19 01:15:00,AWS_02,1,missing_data,all,1,-0.050342849191255756
2026-01-19 01:30:00,AWS_02,1,missing_data,all,0,0.09006155965280593
2026-01-19 01:45:00,AWS_02,1,missing_data,all,0,0.10100688271891728
2026-01-19 02:00:00,AWS_02,1,missing_data,all,0,0.09313035012685511
2026-01-19 02:15:00,AWS_02,1,missing_data,all,0,0.09961057489430325
2026-01-19 02:30:00,AWS_02,0,normal,none,0,0.05038366377309794
2026-01-19 02:45:00,AWS_02,0,normal,none,0,0.05891617931257842
2026-01-19 03:00:00,AWS_02,0,normal,none,0,0.09450086253667289
2026-01-19 03:15:00,AWS_02,0,normal,none,0,0.09527719768529586
2026-01-19 03:30:00,AWS_02,0,normal,none,0,0.06481234090503074
2026-01-19 03:45:00,AWS_02,0,normal,none,0,0.09847871980678691
2026-01-19 04:00:00,AWS_02,0,normal,none,0,0.10191028828640086
2026-01-19 04:15:00,AWS_02,0,normal,none,0,0.08018257198493745
2026-01-19 04:30:00,AWS_02,0,normal,none,0,0.0687122489306885
2026-01-19 04:45:00,AWS_02,0,normal,none,0,0.09112554274940443
2026-01-19 05:00:00,AWS_02,0,normal,none,0,0.07911870203306265
2026-01-19 05:15:00,AWS_02,0,normal,none,0,0.10071795474099876
2026-01-19 05:30:00,AWS_02,0,normal,none,0,0.10499949834604771
2026-01-19 05:45:00,AWS_02,0,normal,none,0,0.09433528648141676
2026-01-19 06:00:00,AWS_02,0,normal,none,0,0.0897124942590255
2026-01-19 06:15:00,AWS_02,0,normal,none,0,0.08592748645196724
2026-01-19 06:30:00,AWS_02,0,normal,none,0,0.10323752241846362
2026-01-19 06:45:00,AWS_02,0,normal,none,0,0.08686152972595973
2026-01-19 07:00:00,AWS_02,0,normal,none,0,0.09646633606034172
2026-01-19 07:15:00,AWS_02,0,normal,none,0,0.08646472265660221
2026-01-19 07:30:00,AWS_02,0,normal,none,0,0.07056522831679019
2026-01-19 07:45:00,AWS_02,0,normal,none,0,0.10857071957052022
2026-01-19 08:00:00,AWS_02,0,normal,none,0,0.07655139521150772
2026-01-19 08:15:00,AWS_02,0,normal,none,0,0.06012338809996115
2026-01-19 08:30:00,AWS_02,0,normal,none,0,0.08725437587072976
2026-01-19 08:45:00,AWS_02,0,normal,none,0,0.10084228424487224
2026-01-19 09:00:00,AWS_02,0,normal,none,0,0.10402356010288161
2026-01-19 09:15:00,AWS_02,0,normal,none,0,0.10026237890724982
2026-01-19 09:30:00,AWS_02,0,normal,none,0,0.06061517910137654
2026-01-19 09:45:00,AWS_02,0,normal,none,0,0.06471002191120773
2026-01-19 10:00:00,AWS_02,0,normal,none,0,0.05288827477682562
2026-01-19 10:15:00,AWS_02,0,normal,none,0,0.0416821006847824
2026-01-19 10:30:00,AWS_02,0,normal,none,0,0.0681190721742308
2026-01-19 10:45:00,AWS_02,0,normal,none,0,0.057992859181578704
2026-01-19 11:00:00,AWS_02,0,normal,none,0,0.09149992795620748
2026-01-19 11:15:00,AWS_02,0,normal,none,0,0.08286530779265483
2026-01-19 11:30:00,AWS_02,0,normal,none,0,0.08557945351608087
2026-01-19 11:45:00,AWS_02,0,normal,none,0,0.06276352163099652
2026-01-19 12:00:00,AWS_02,0,normal,none,0,0.08264429293442682
2026-01-19 12:15:00,AWS_02,0,normal,none,0,0.07972929656408351
2026-01-19 12:30:00,AWS_02,0,normal,none,0,0.05304321732156436
2026-01-19 12:45:00,AWS_02,0,normal,none,0,0.08633159855281347
2026-01-19 13:00:00,AWS_02,0,normal,none,0,0.08207450645629821
2026-01-19 13:15:00,AWS_02,0,normal,none,0,0.0763680760596242
2026-01-19 13:30:00,AWS_02,0,normal,none,0,0.0679955309348268
2026-01-19 13:45:00,AWS_02,0,normal,none,0,0.07323987492588946
2026-01-19 14:00:00,AWS_02,0,normal,none,0,0.06521130427424221
2026-01-19 14:15:00,AWS_02,0,normal,none,0,0.06304055471128167
2026-01-19 14:30:00,AWS_02,0,normal,none,0,0.013343353833058846
2026-01-19 14:45:00,AWS_02,0,normal,none,0,0.0584099140959915
2026-01-19 15:00:00,AWS_02,0,normal,none,0,0.08200100021162565
2026-01-19 15:15:00,AWS_02,0,normal,none,0,0.06390840536852621
2026-01-19 15:30:00,AWS_02,0,normal,none,0,0.07259447795882035
2026-01-19 15:45:00,AWS_02,0,normal,none,0,0.06171798239400156
2026-01-19 16:00:00,AWS_02,0,normal,none,0,0.03257640791084759
2026-01-19 16:15:00,AWS_02,0,normal,none,0,0.06869223128679652
2026-01-19 16:30:00,AWS_02,0,normal,none,0,0.03964576282429144
2026-01-19 16:45:00,AWS_02,0,normal,none,0,0.052188017939887144
2026-01-19 17:00:00,AWS_02,0,normal,none,0,0.04138138188406837
2026-01-19 17:15:00,AWS_02,0,normal,none,0,0.06098382772011973
2026-01-19 17:30:00,AWS_02,0,normal,none,0,0.08703321021868038
2026-01-19 17:45:00,AWS_02,0,normal,none,0,0.07380045949148395
2026-01-19 18:00:00,AWS_02,0,normal,none,0,0.0756082079082912
2026-01-19 18:15:00,AWS_02,0,normal,none,0,0.07107616339052053
2026-01-19 18:30:00,AWS_02,0,normal,none,0,0.07176221950520612
2026-01-19 18:45:00,AWS_02,0,normal,none,0,0.08908606739556535
2026-01-19 19:00:00,AWS_02,0,normal,none,0,0.07227276051273768
2026-01-19 19:15:00,AWS_02,0,normal,none,0,0.09039906425016875
2026-01-19 19:30:00,AWS_02,0,normal,none,0,0.09257121374650401
2026-01-19 19:45:00,AWS_02,0,normal,none,0,0.08817743960614527
2026-01-19 20:00:00,AWS_02,0,normal,none,0,0.08856416795418626
2026-01-19 20:15:00,AWS_02,0,normal,none,0,0.08995566469300154
2026-01-19 20:30:00,AWS_02,0,normal,none,0,0.07640623970043137
2026-01-19 20:45:00,AWS_02,0,normal,none,0,0.09542327442276793
2026-01-19 21:00:00,AWS_02,0,normal,none,0,0.09169220310337917
2026-01-19 21:15:00,AWS_02,0,normal,none,0,0.07848498987550306
2026-01-19 21:30:00,AWS_02,0,normal,none,0,0.09388498370772774
2026-01-19 21:45:00,AWS_02,0,normal,none,0,0.10265753920768206
2026-01-19 22:00:00,AWS_02,0,normal,none,0,0.11699320072453956
2026-01-19 22:15:00,AWS_02,0,normal,none,0,0.08974133470582779
2026-01-19 22:30:00,AWS_02,0,normal,none,0,0.11966035693953692
2026-01-19 22:45:00,AWS_02,0,normal,none,0,0.1124443504597542
2026-01-19 23:00:00,AWS_02,0,normal,none,0,0.08758265899264805
2026-01-19 23:15:00,AWS_02,0,normal,none,0,0.09146514575504111
2026-01-19 23:30:00,AWS_02,0,normal,none,0,0.09932871287388922
2026-01-19 23:45:00,AWS_02,0,normal,none,0,0.05681478936842632
2026-01-20 00:00:00,AWS_02,0,normal,none,0,0.09418266626444732
2026-01-20 00:15:00,AWS_02,0,normal,none,0,0.11080497795725047
2026-01-20 00:30:00,AWS_02,0,normal,none,0,0.08299340541663613
2026-01-20 00:45:00,AWS_02,1,multivariate_inconsistency,humidity,0,0.007759694034145781
2026-01-20 01:00:00,AWS_02,1,multivariate_inconsistency,humidity,0,0.047001889269693176
2026-01-20 01:15:00,AWS_02,1,multivariate_inconsistency,humidity,0,0.05374068955113026
2026-01-20 01:30:00,AWS_02,1,multivariate_inconsistency,humidity,0,0.0682620475197363
2026-01-20 01:45:00,AWS_02,1,multivariate_inconsistency,humidity,0,0.06441889307780246
2026-01-20 02:00:00,AWS_02,1,multivariate_inconsistency,humidity,0,0.053330542116209856
2026-01-20 02:15:00,AWS_02,0,normal,none,0,0.037629715945963094
2026-01-20 02:30:00,AWS_02,0,normal,none,0,0.08780372221116256
2026-01-20 02:45:00,AWS_02,0,normal,none,0,0.07743476972381141
2026-01-20 03:00:00,AWS_02,0,normal,none,0,0.08153826223164645
2026-01-20 03:15:00,AWS_02,0,normal,none,0,0.10422591596310471
2026-01-20 03:30:00,AWS_02,0,normal,none,0,0.09069262359922314
2026-01-20 03:45:00,AWS_02,0,normal,none,0,0.07010529176607494
2026-01-20 04:00:00,AWS_02,0,normal,none,0,0.07764763455781198
2026-01-20 04:15:00,AWS_02,0,normal,none,0,0.07115941146441868
2026-01-20 04:30:00,AWS_02,0,normal,none,0,0.10299187115145858
2026-01-20 04:45:00,AWS_02,0,normal,none,0,0.09723447632631016
2026-01-20 05:00:00,AWS_02,0,normal,none,0,0.0904465474941556
2026-01-20 05:15:00,AWS_02,0,normal,none,0,0.0762958184164984
2026-01-20 05:30:00,AWS_02,0,normal,none,0,0.07346412297154886
2026-01-20 05:45:00,AWS_02,0,normal,none,0,0.08998599571453941
2026-01-20 06:00:00,AWS_02,0,normal,none,0,0.09384745525206073
2026-01-20 06:15:00,AWS_02,0,normal,none,0,0.06741825115921063
2026-01-20 06:30:00,AWS_02,0,normal,none,0,0.08604411526653788
2026-01-20 06:45:00,AWS_02,0,normal,none,0,0.06714543622972119
2026-01-20 07:00:00,AWS_02,0,normal,none,0,0.09391752698476097
2026-01-20 07:15:00,AWS_02,0,normal,none,0,0.08163521506491933
2026-01-20 07:30:00,AWS_02,0,normal,none,0,0.0745136197329258
2026-01-20 07:45:00,AWS_02,0,normal,none,0,0.09335351777963063
2026-01-20 08:00:00,AWS_02,0,normal,none,0,0.08512109744557039
2026-01-20 08:15:00,AWS_02,0,normal,none,0,0.08615393201504956
2026-01-20 08:30:00,AWS_02,0,normal,none,0,0.06845659483945776
2026-01-20 08:45:00,AWS_02,0,normal,none,0,0.029455797480677948
2026-01-20 09:00:00,AWS_02,0,normal,none,0,0.08563717466067344
2026-01-20 09:15:00,AWS_02,0,normal,none,0,0.09187643437458864
2026-01-20 09:30:00,AWS_02,0,normal,none,0,0.030911919923823694
2026-01-20 09:45:00,AWS_02,0,normal,none,0,0.041615238895942874
2026-01-20 10:00:00,AWS_02,0,normal,none,0,0.07119580606439058
2026-01-20 10:15:00,AWS_02,0,normal,none,0,0.08835435078509013
2026-01-20 10:30:00,AWS_02,0,normal,none,0,0.09389665151324517
2026-01-20 10:45:00,AWS_02,0,normal,none,0,0.048851163166650946
2026-01-20 11:00:00,AWS_02,0,normal,none,0,0.0588171457485866
2026-01-20 11:15:00,AWS_02,0,normal,none,0,0.08879523761636626
2026-01-20 11:30:00,AWS_02,0,normal,none,0,0.09939087295676924
2026-01-20 11:45:00,AWS_02,0,normal,none,0,0.0329263422616749
2026-01-20 12:00:00,AWS_02,0,normal,none,0,0.09755971430988736
2026-01-20 12:15:00,AWS_02,0,normal,none,0,0.09221517699171977
2026-01-20 12:30:00,AWS_02,0,normal,none,0,0.08476457990098124
2026-01-20 12:45:00,AWS_02,0,normal,none,0,0.05668219855350615
2026-01-20 13:00:00,AWS_02,0,normal,none,0,0.09252518854011288
2026-01-20 13:15:00,AWS_02,0,normal,none,0,0.08707651478710815
2026-01-20 13:30:00,AWS_02,0,normal,none,0,0.09153820042200272
2026-01-20 13:45:00,AWS_02,0,normal,none,0,0.06415125111867448
2026-01-20 14:00:00,AWS_02,0,normal,none,0,0.07468530343681817
2026-01-20 14:15:00,AWS_02,0,normal,none,0,0.077218787230802
2026-01-20 14:30:00,AWS_02,0,normal,none,0,0.0822988918220946
2026-01-20 14:45:00,AWS_02,0,normal,none,0,0.07543175073135205
2026-01-20 15:00:00,AWS_02,0,normal,none,0,0.048295763875431996
2026-01-20 15:15:00,AWS_02,0,normal,none,0,0.006255572099006845
2026-01-20 15:30:00,AWS_02,0,normal,none,0,0.05747046388671434
2026-01-20 15:45:00,AWS_02,0,normal,none,0,0.0768362855663976
2026-01-20 16:00:00,AWS_02,0,normal,none,0,0.09996404195990011
2026-01-20 16:15:00,AWS_02,0,normal,none,0,0.06992122683168445
2026-01-20 16:30:00,AWS_02,0,normal,none,0,0.075571671614234
2026-01-20 16:45:00,AWS_02,0,normal,none,0,0.06906955766094142
2026-01-20 17:00:00,AWS_02,0,normal,none,0,0.09377982339427487
2026-01-20 17:15:00,AWS_02,0,normal,none,0,0.07450058315666142
2026-01-20 17:30:00,AWS_02,0,normal,none,0,0.09443084561624082
2026-01-20 17:45:00,AWS_02,0,normal,none,0,0.04970261633507389
2026-01-20 18:00:00,AWS_02,0,normal,none,0,0.08070666771047552
2026-01-20 18:15:00,AWS_02,0,normal,none,0,0.0847746106733826
2026-01-20 18:30:00,AWS_02,0,normal,none,0,0.0801919946554786
2026-01-20 18:45:00,AWS_02,0,normal,none,0,0.07471362859329433
2026-01-20 19:00:00,AWS_02,0,normal,none,0,0.08497653505803082
2026-01-20 19:15:00,AWS_02,0,normal,none,0,0.08425933435803362
2026-01-20 19:30:00,AWS_02,0,normal,none,0,0.0916673663218831
2026-01-20 19:45:00,AWS_02,0,normal,none,0,0.08202215982098093
2026-01-20 20:00:00,AWS_02,0,normal,none,0,0.09341624181083291
2026-01-20 20:15:00,AWS_02,0,normal,none,0,0.09696436576637107
2026-01-20 20:30:00,AWS_02,0,normal,none,0,0.07328835913257614
2026-01-20 20:45:00,AWS_02,0,normal,none,0,0.10296182217295718
2026-01-20 21:00:00,AWS_02,0,normal,none,0,0.09826135167613997
2026-01-20 21:15:00,AWS_02,0,normal,none,0,0.10508714497058441
2026-01-20 21:30:00,AWS_02,0,normal,none,0,0.09801129426513688
2026-01-20 21:45:00,AWS_02,0,normal,none,0,0.07351576944548743
2026-01-20 22:00:00,AWS_02,0,normal,none,0,0.09300666523564932
2026-01-20 22:15:00,AWS_02,0,normal,none,0,0.06463625955623287
2026-01-20 22:30:00,AWS_02,0,normal,none,0,0.06023263511543642
2026-01-20 22:45:00,AWS_02,0,normal,none,0,0.0962871629788204
2026-01-20 23:00:00,AWS_02,0,normal,none,0,0.10597790854106509
2026-01-20 23:15:00,AWS_02,0,normal,none,0,0.03901573266962499
2026-01-20 23:30:00,AWS_02,0,normal,none,0,0.05729480613639848
2026-01-20 23:45:00,AWS_02,0,normal,none,0,0.10588777286906986
2026-01-21 00:00:00,AWS_02,0,normal,none,0,0.091247560660973
2026-01-21 00:15:00,AWS_02,0,normal,none,0,0.08516387712448859
2026-01-21 00:30:00,AWS_02,0,normal,none,0,0.05955174934209301
2026-01-21 00:45:00,AWS_02,0,normal,none,0,0.058540607523736576
2026-01-21 01:00:00,AWS_02,1,missing_data,all,0,0.10031627198056009
2026-01-21 01:15:00,AWS_02,1,missing_data,all,0,0.10802004577564506
2026-01-21 01:30:00,AWS_02,1,missing_data,all,0,0.08929657031745653
2026-01-21 01:45:00,AWS_02,1,missing_data,all,0,0.06856430280664805
2026-01-21 02:00:00,AWS_02,1,missing_data,all,0,0.09246204114076073
2026-01-21 02:15:00,AWS_02,1,missing_data,all,0,0.09250411176446816
2026-01-21 02:30:00,AWS_02,1,missing_data,all,0,0.1084871056289754
2026-01-21 02:45:00,AWS_02,1,missing_data,all,0,0.08524563850096906
2026-01-21 03:00:00,AWS_02,1,frozen_sensor,temperature,0,0.07928148331730916
2026-01-21 03:15:00,AWS_02,1,frozen_sensor,temperature,0,0.10792290108624397
2026-01-21 03:30:00,AWS_02,1,frozen_sensor,temperature,0,0.08015616015008042
2026-01-21 03:45:00,AWS_02,1,frozen_sensor,temperature,0,0.044615954193299445
2026-01-21 04:00:00,AWS_02,1,frozen_sensor,temperature,0,0.050270806695928205
2026-01-21 04:15:00,AWS_02,1,frozen_sensor,temperature,0,0.08326597010318842
2026-01-21 04:30:00,AWS_02,1,frozen_sensor,temperature,0,0.08868747480907474
2026-01-21 04:45:00,AWS_02,1,frozen_sensor,temperature,0,0.09846557315646282
2026-01-21 05:00:00,AWS_02,1,frozen_sensor,temperature,0,0.0631880775315613
2026-01-21 05:15:00,AWS_02,1,frozen_sensor,temperature,0,0.08182135553770659
2026-01-21 05:30:00,AWS_02,1,frozen_sensor,temperature,0,0.06662996956315564
2026-01-21 05:45:00,AWS_02,1,frozen_sensor,temperature,0,0.10325163941402499
2026-01-21 06:00:00,AWS_02,1,frozen_sensor,temperature,0,0.05746166077893866
2026-01-21 06:15:00,AWS_02,1,frozen_sensor,temperature,0,0.08660635092040808
2026-01-21 06:30:00,AWS_02,1,frozen_sensor,temperature,0,0.10098340958948454
2026-01-21 06:45:00,AWS_02,1,frozen_sensor,temperature,0,0.06947668191448703
2026-01-21 07:00:00,AWS_02,0,normal,none,0,0.02850042702062494
2026-01-21 07:15:00,AWS_02,0,normal,none,0,0.07624976245749004
2026-01-21 07:30:00,AWS_02,0,normal,none,0,0.09895533656789918
2026-01-21 07:45:00,AWS_02,0,normal,none,0,0.09990689803329078
2026-01-21 08:00:00,AWS_02,0,normal,none,0,0.09971284356439764
2026-01-21 08:15:00,AWS_02,0,normal,none,0,0.09606799541460326
2026-01-21 08:30:00,AWS_02,0,normal,none,0,0.07231828095549919
2026-01-21 08:45:00,AWS_02,0,normal,none,0,0.06766133482293502
2026-01-21 09:00:00,AWS_02,0,normal,none,0,0.07210890675246195
2026-01-21 09:15:00,AWS_02,0,normal,none,0,0.06549532764933996
2026-01-21 09:30:00,AWS_02,0,normal,none,0,0.033367118107291316
2026-01-21 09:45:00,AWS_02,0,normal,none,0,0.08723042947318149
2026-01-21 10:00:00,AWS_02,0,normal,none,1,-0.0050231290682363205
2026-01-21 10:15:00,AWS_02,0,normal,none,0,0.06992987389867195
2026-01-21 10:30:00,AWS_02,0,normal,none,0,0.08683132283005174
2026-01-21 10:45:00,AWS_02,0,normal,none,0,0.06223112028491734
2026-01-21 11:00:00,AWS_02,0,normal,none,0,0.0566622991738891
2026-01-21 11:15:00,AWS_02,0,normal,none,0,0.07721868196605769
2026-01-21 11:30:00,AWS_02,0,normal,none,0,0.05913173657522702
2026-01-21 11:45:00,AWS_02,0,normal,none,0,0.02764558830784114
2026-01-21 12:00:00,AWS_02,0,normal,none,0,0.06331812799531972
2026-01-21 12:15:00,AWS_02,0,normal,none,0,0.0542221319935659
2026-01-21 12:30:00,AWS_02,0,normal,none,0,0.06548667285645948
2026-01-21 12:45:00,AWS_02,0,normal,none,0,0.06273320352983114
2026-01-21 13:00:00,AWS_02,0,normal,none,0,0.05742375807658345
2026-01-21 13:15:00,AWS_02,0,normal,none,0,0.053980899849531916
2026-01-21 13:30:00,AWS_02,0,normal,none,0,0.035528805637910166
2026-01-21 13:45:00,AWS_02,0,normal,none,0,0.05121936545885836
2026-01-21 14:00:00,AWS_02,0,normal,none,0,0.06274880495265334
2026-01-21 14:15:00,AWS_02,0,normal,none,0,0.062303950110038975
2026-01-21 14:30:00,AWS_02,0,normal,none,0,0.05492951443288291
2026-01-21 14:45:00,AWS_02,0,normal,none,0,0.055745416515434965
2026-01-21 15:00:00,AWS_02,0,normal,none,0,0.07748704512897225
2026-01-21 15:15:00,AWS_02,0,normal,none,0,0.08194112259138231
2026-01-21 15:30:00,AWS_02,0,normal,none,0,0.0905620550982505
2026-01-21 15:45:00,AWS_02,0,normal,none,0,0.05793147506423696
2026-01-21 16:00:00,AWS_02,0,normal,none,0,0.07860600602117479
2026-01-21 16:15:00,AWS_02,0,normal,none,0,0.07319282357756729
2026-01-21 16:30:00,AWS_02,0,normal,none,0,0.024224958441874334
2026-01-21 16:45:00,AWS_02,0,normal,none,0,0.005521433683379207
2026-01-21 17:00:00,AWS_02,0,normal,none,0,0.06777390664405869
2026-01-21 17:15:00,AWS_02,0,normal,none,0,0.07757243036984962
2026-01-21 17:30:00,AWS_02,0,normal,none,0,0.06690358094329585
2026-01-21 17:45:00,AWS_02,0,normal,none,0,0.07427037542432668
2026-01-21 18:00:00,AWS_02,0,normal,none,0,0.07895312425075696
2026-01-21 18:15:00,AWS_02,0,normal,none,0,0.05650329616134697
2026-01-21 18:30:00,AWS_02,0,normal,none,0,0.05958717291520399
2026-01-21 18:45:00,AWS_02,0,normal,none,0,0.07208304435305185
2026-01-21 19:00:00,AWS_02,0,normal,none,0,0.041334541546990566
2026-01-21 19:15:00,AWS_02,0,normal,none,0,0.08501608507937408
2026-01-21 19:30:00,AWS_02,0,normal,none,0,0.08652078838581151
2026-01-21 19:45:00,AWS_02,0,normal,none,0,0.04987347683800997
2026-01-21 20:00:00,AWS_02,0,normal,none,0,0.02104902260734698
2026-01-21 20:15:00,AWS_02,0,normal,none,0,0.08092557879511364
2026-01-21 20:30:00,AWS_02,0,normal,none,0,0.08967325597920617
2026-01-21 20:45:00,AWS_02,0,normal,none,0,0.057562225817026136
2026-01-21 21:00:00,AWS_02,0,normal,none,0,0.07746613714817535
2026-01-21 21:15:00,AWS_02,0,normal,none,0,0.07904013056841419
2026-01-21 21:30:00,AWS_02,0,normal,none,0,0.07778040799969843
2026-01-21 21:45:00,AWS_02,0,normal,none,0,0.05835726429209731
2026-01-21 22:00:00,AWS_02,0,normal,none,0,0.08154529188581844
2026-01-21 22:15:00,AWS_02,0,normal,none,0,0.08990448759587666
2026-01-21 22:30:00,AWS_02,0,normal,none,0,0.06595526592159529
2026-01-21 22:45:00,AWS_02,0,normal,none,0,0.11079158626178309
2026-01-21 23:00:00,AWS_02,0,normal,none,0,0.10554771220727743
2026-01-21 23:15:00,AWS_02,0,normal,none,0,0.0990676165631249
2026-01-21 23:30:00,AWS_02,0,normal,none,0,0.09869015530520775
2026-01-21 23:45:00,AWS_02,0,normal,none,0,0.10920528300296406
2026-01-22 00:00:00,AWS_02,1,power_failure,all,1,-0.13139823094791925
2026-01-22 00:15:00,AWS_02,1,power_failure,all,1,-0.0372817416110337
2026-01-22 00:30:00,AWS_02,1,multivariate_inconsistency,humidity,1,-0.08180053030317014
2026-01-22 00:45:00,AWS_02,1,multivariate_inconsistency,humidity,1,-0.0372817416110337
2026-01-22 01:00:00,AWS_02,1,multivariate_inconsistency,humidity,1,-0.06548414272172165
2026-01-22 01:15:00,AWS_02,1,multivariate_inconsistency,humidity,0,0.06822930770196212
2026-01-22 01:30:00,AWS_02,1,multivariate_inconsistency,humidity,0,0.06793643071924987
2026-01-22 01:45:00,AWS_02,1,multivariate_inconsistency,humidity,0,0.07570273310525993
2026-01-22 02:00:00,AWS_02,0,normal,none,0,0.05193446246581557
2026-01-22 02:15:00,AWS_02,0,normal,none,0,0.09689089869511885
2026-01-22 02:30:00,AWS_02,0,normal,none,0,0.09553255961971308
2026-01-22 02:45:00,AWS_02,0,normal,none,0,0.06464403942594954
2026-01-22 03:00:00,AWS_02,0,normal,none,0,0.0028617563611194052
2026-01-22 03:15:00,AWS_02,0,normal,none,0,0.025208047634914577
2026-01-22 03:30:00,AWS_02,0,normal,none,0,0.08518691530657191
2026-01-22 03:45:00,AWS_02,0,normal,none,0,0.10649898136821595
2026-01-22 04:00:00,AWS_02,0,normal,none,0,0.08644661625520234
2026-01-22 04:15:00,AWS_02,0,normal,none,0,0.09427389802202901
2026-01-22 04:30:00,AWS_02,0,normal,none,0,0.08877277132482675
2026-01-22 04:45:00,AWS_02,0,normal,none,0,0.10465008826143646
2026-01-22 05:00:00,AWS_02,0,normal,none,0,0.08219168355464368
2026-01-22 05:15:00,AWS_02,0,normal,none,0,0.09857345342635765
2026-01-22 05:30:00,AWS_02,0,normal,none,0,0.09667397266537014
2026-01-22 05:45:00,AWS_02,0,normal,none,0,0.0935896514851165
2026-01-22 06:00:00,AWS_02,0,normal,none,0,0.07712197001212096
2026-01-22 06:15:00,AWS_02,0,normal,none,0,0.07080384222750241
2026-01-22 06:30:00,AWS_02,0,normal,none,0,0.07326989696867742
2026-01-22 06:45:00,AWS_02,0,normal,none,0,0.09286119868451442
2026-01-22 07:00:00,AWS_02,0,normal,none,0,0.08274437155604164
2026-01-22 07:15:00,AWS_02,0,normal,none,0,0.08926812386505645
2026-01-22 07:30:00,AWS_02,0,normal,none,0,0.05160757998496057
2026-01-22 07:45:00,AWS_02,0,normal,none,0,0.07048347906769165
2026-01-22 08:00:00,AWS_02,0,normal,none,0,0.07937257456874974
2026-01-22 08:15:00,AWS_02,0,normal,none,0,0.08922283643646256
2026-01-22 08:30:00,AWS_02,0,normal,none,0,0.06678718779869602
2026-01-22 08:45:00,AWS_02,0,normal,none,0,0.06049974805162156
2026-01-22 09:00:00,AWS_02,0,normal,none,0,0.0838404592566524
2026-01-22 09:15:00,AWS_02,0,normal,none,0,0.09209214655041231
2026-01-22 09:30:00,AWS_02,0,normal,none,0,0.021462399715868274
2026-01-22 09:45:00,AWS_02,0,normal,none,0,0.038968086636022914
2026-01-22 10:00:00,AWS_02,0,normal,none,0,0.06959817825027698
2026-01-22 10:15:00,AWS_02,0,normal,none,0,0.07348744079312919
2026-01-22 10:30:00,AWS_02,0,normal,none,0,0.07370303391940103
2026-01-22 10:45:00,AWS_02,0,normal,none,0,0.0829365338564037
2026-01-22 11:00:00,AWS_02,0,normal,none,0,0.09081923189306018
2026-01-22 11:15:00,AWS_02,0,normal,none,0,0.0786060776773666
2026-01-22 11:30:00,AWS_02,0,normal,none,0,0.023450720609911713
2026-01-22 11:45:00,AWS_02,0,normal,none,0,0.06459505213524946
2026-01-22 12:00:00,AWS_02,0,normal,none,0,0.06300152951014854
2026-01-22 12:15:00,AWS_02,0,normal,none,0,0.05040992503220021
2026-01-22 12:30:00,AWS_02,0,normal,none,0,0.03870765333699089
2026-01-22 12:45:00,AWS_02,0,normal,none,0,0.06154694426602847
2026-01-22 13:00:00,AWS_02,0,normal,none,0,0.035645204698377064
2026-01-22 13:15:00,AWS_02,0,normal,none,0,0.06815967358699321
2026-01-22 13:30:00,AWS_02,0,normal,none,0,0.0750636445251297
2026-01-22 13:45:00,AWS_02,0,normal,none,0,0.07440610677781945
2026-01-22 14:00:00,AWS_02,0,normal,none,0,0.08333212738381279
2026-01-22 14:15:00,AWS_02,0,normal,none,0,0.03966428133408029
2026-01-22 14:30:00,AWS_02,0,normal,none,0,0.06806754162764883
2026-01-22 14:45:00,AWS_02,0,normal,none,0,0.08851128126821756
2026-01-22 15:00:00,AWS_02,0,normal,none,0,0.06073898441835579
2026-01-22 15:15:00,AWS_02,0,normal,none,0,0.04802323841500833
2026-01-22 15:30:00,AWS_02,0,normal,none,0,0.025445449136810683
2026-01-22 15:45:00,AWS_02,0,normal,none,0,0.041750368208024136
2026-01-22 16:00:00,AWS_02,0,normal,none,0,0.08096848363274756
2026-01-22 16:15:00,AWS_02,0,normal,none,0,0.0842827885909081
2026-01-22 16:30:00,AWS_02,0,normal,none,0,0.08957551050958024
2026-01-22 16:45:00,AWS_02,0,normal,none,0,0.07134230980652528
2026-01-22 17:00:00,AWS_02,0,normal,none,0,0.04183717944725285
2026-01-22 17:15:00,AWS_02,0,normal,none,0,0.06805388392074097
2026-01-22 17:30:00,AWS_02,0,normal,none,0,0.015405460586395359
2026-01-22 17:45:00,AWS_02,0,normal,none,0,0.05967773093284312
2026-01-22 18:00:00,AWS_02,0,normal,none,0,0.072022156148843
2026-01-22 18:15:00,AWS_02,0,normal,none,0,0.07787640823732
2026-01-22 18:30:00,AWS_02,0,normal,none,0,0.05589039005948848
2026-01-22 18:45:00,AWS_02,0,normal,none,0,0.07569938670158388
2026-01-22 19:00:00,AWS_02,0,normal,none,0,0.0897631219779047
2026-01-22 19:15:00,AWS_02,0,normal,none,0,0.07344944397161507
2026-01-22 19:30:00,AWS_02,0,normal,none,0,0.06274877084171082
2026-01-22 19:45:00,AWS_02,0,normal,none,0,0.08461930066133194
2026-01-22 20:00:00,AWS_02,0,normal,none,0,0.05753665083248993
2026-01-22 20:15:00,AWS_02,0,normal,none,0,0.0813340659032391
2026-01-22 20:30:00,AWS_02,0,normal,none,0,0.0560359632915724
2026-01-22 20:45:00,AWS_02,0,normal,none,0,0.052625748018090834
2026-01-22 21:00:00,AWS_02,0,normal,none,0,0.06476256902676247
2026-01-22 21:15:00,AWS_02,0,normal,none,0,0.05195507372938646
2026-01-22 21:30:00,AWS_02,0,normal,none,0,0.08258948495172785
2026-01-22 21:45:00,AWS_02,0,normal,none,0,0.08065372184606306
2026-01-22 22:00:00,AWS_02,0,normal,none,0,0.09376806619807526
2026-01-22 22:15:00,AWS_02,0,normal,none,0,0.07679931846274646
2026-01-22 22:30:00,AWS_02,0,normal,none,0,0.09522883379248215
2026-01-22 22:45:00,AWS_02,0,normal,none,0,0.08786211186767512
2026-01-22 23:00:00,AWS_02,0,normal,none,0,0.08219959288318457
2026-01-22 23:15:00,AWS_02,0,normal,none,0,0.06562026292743739
2026-01-22 23:30:00,AWS_02,0,normal,none,0,0.06684972228845232
2026-01-22 23:45:00,AWS_02,0,normal,none,0,0.08839779931951147
2026-01-23 00:00:00,AWS_02,0,normal,none,0,0.003874786562532262
2026-01-23 00:15:00,AWS_02,0,normal,none,0,0.04045296171636292
2026-01-23 00:30:00,AWS_02,0,normal,none,0,0.028048782089289404
2026-01-23 00:45:00,AWS_02,0,normal,none,0,0.04490387217459313
2026-01-23 01:00:00,AWS_02,0,normal,none,0,0.037530250079507166
2026-01-23 01:15:00,AWS_02,1,missing_data,all,0,0.0567884846642529
2026-01-23 01:30:00,AWS_02,1,missing_data,all,0,0.01641797362431463
2026-01-23 01:45:00,AWS_02,1,missing_data,all,0,0.047276473359077587
2026-01-23 02:00:00,AWS_02,1,missing_data,all,0,0.052484569810931914
2026-01-23 02:15:00,AWS_02,1,missing_data,all,0,0.04382761532662227
2026-01-23 02:30:00,AWS_02,1,missing_data,all,0,0.032621151834833495
2026-01-23 02:45:00,AWS_02,1,missing_data,all,0,0.05037703768108276
2026-01-23 03:00:00,AWS_02,1,missing_data,all,0,0.02380281411537233
2026-01-23 03:15:00,AWS_02,0,normal,none,0,0.04617989274941359
2026-01-23 03:30:00,AWS_02,0,normal,none,0,0.041066074344683456
2026-01-23 03:45:00,AWS_02,0,normal,none,0,0.041526577355107785
2026-01-23 04:00:00,AWS_02,0,normal,none,0,0.047372372341753954
2026-01-23 04:15:00,AWS_02,0,normal,none,0,0.03788802098048938
2026-01-23 04:30:00,AWS_02,0,normal,none,0,0.02377185341108401
2026-01-23 04:45:00,AWS_02,0,normal,none,0,0.03662685455473391
2026-01-23 05:00:00,AWS_02,0,normal,none,1,-0.005002891040557178
2026-01-23 05:15:00,AWS_02,0,normal,none,0,0.034665887271418394
2026-01-23 05:30:00,AWS_02,0,normal,none,0,0.04700948595333376
2026-01-23 05:45:00,AWS_02,0,normal,none,0,0.03858356089735915
2026-01-23 06:00:00,AWS_02,0,normal,none,0,0.03629152846072825
2026-01-23 06:15:00,AWS_02,0,normal,none,0,0.07478449644723878
2026-01-23 06:30:00,AWS_02,0,normal,none,0,0.06305734882631447
2026-01-23 06:45:00,AWS_02,0,normal,none,0,0.08549358862914275
2026-01-23 07:00:00,AWS_02,0,normal,none,0,0.04004945871077237
2026-01-23 07:15:00,AWS_02,0,normal,none,0,0.07435811827616806
2026-01-23 07:30:00,AWS_02,0,normal,none,0,0.09715221240928756
2026-01-23 07:45:00,AWS_02,0,normal,none,0,0.07055843140726337
2026-01-23 08:00:00,AWS_02,0,normal,none,0,0.05246425987460901
2026-01-23 08:15:00,AWS_02,0,normal,none,0,0.06861911508603569
2026-01-23 08:30:00,AWS_02,0,normal,none,0,0.0990473294793035
2026-01-23 08:45:00,AWS_02,0,normal,none,0,0.09091038357507991
2026-01-23 09:00:00,AWS_02,0,normal,none,0,0.08314025861331942
2026-01-23 09:15:00,AWS_02,0,normal,none,0,0.083072779557196
2026-01-23 09:30:00,AWS_02,0,normal,none,0,0.05374622844141891
2026-01-23 09:45:00,AWS_02,0,normal,none,0,0.0844555352727287
2026-01-23 10:00:00,AWS_02,0,normal,none,0,0.0790875522025608
2026-01-23 10:15:00,AWS_02,0,normal,none,0,0.09409114793837187
2026-01-23 10:30:00,AWS_02,0,normal,none,0,0.09018637347732061
2026-01-23 10:45:00,AWS_02,0,normal,none,0,0.07822510845328273
2026-01-23 11:00:00,AWS_02,0,normal,none,0,0.039261272392237756
2026-01-23 11:15:00,AWS_02,0,normal,none,0,0.08512781960536536
2026-01-23 11:30:00,AWS_02,0,normal,none,0,0.07202105088569682
2026-01-23 11:45:00,AWS_02,0,normal,none,0,0.08268195021932412
2026-01-23 12:00:00,AWS_02,0,normal,none,0,0.08505375914476293
2026-01-23 12:15:00,AWS_02,0,normal,none,0,0.05219032584259692
2026-01-23 12:30:00,AWS_02,0,normal,none,0,0.059102825480647825
2026-01-23 12:45:00,AWS_02,0,normal,none,0,0.04457341451464292
2026-01-23 13:00:00,AWS_02,0,normal,none,0,0.03575572391704729
2026-01-23 13:15:00,AWS_02,0,normal,none,0,0.0529524794762099
2026-01-23 13:30:00,AWS_02,0,normal,none,0,0.08057713017848511
2026-01-23 13:45:00,AWS_02,0,normal,none,0,0.05113328614964152
2026-01-23 14:00:00,AWS_02,0,normal,none,0,0.06615402917130753
2026-01-23 14:15:00,AWS_02,0,normal,none,0,0.07574726325855202
2026-01-23 14:30:00,AWS_02,0,normal,none,0,0.05886861779785413
2026-01-23 14:45:00,AWS_02,0,normal,none,0,0.049146601452739636
2026-01-23 15:00:00,AWS_02,0,normal,none,0,0.07349622217842955
2026-01-23 15:15:00,AWS_02,0,normal,none,0,0.07167030822363102
2026-01-23 15:30:00,AWS_02,0,normal,none,0,0.07104780288659651
2026-01-23 15:45:00,AWS_02,0,normal,none,0,0.07862336880901483
2026-01-23 16:00:00,AWS_02,0,normal,none,0,0.06660359765801632
2026-01-23 16:15:00,AWS_02,0,normal,none,0,0.06497524378988745
2026-01-23 16:30:00,AWS_02,0,normal,none,0,0.07116937190367101
2026-01-23 16:45:00,AWS_02,0,normal,none,0,0.06079259038346291
2026-01-23 17:00:00,AWS_02,0,normal,none,0,0.06666348263645266
2026-01-23 17:15:00,AWS_02,0,normal,none,0,0.07483943222521977
2026-01-23 17:30:00,AWS_02,0,normal,none,0,0.05024254677240797
2026-01-23 17:45:00,AWS_02,0,normal,none,0,0.05736255759889064
2026-01-23 18:00:00,AWS_02,0,normal,none,0,0.06261342879012965
2026-01-23 18:15:00,AWS_02,0,normal,none,0,0.026065438998307044
2026-01-23 18:30:00,AWS_02,0,normal,none,0,0.08018811670845727
2026-01-23 18:45:00,AWS_02,0,normal,none,0,0.08429194632661602
2026-01-23 19:00:00,AWS_02,0,normal,none,0,0.06923376029423317
2026-01-23 19:15:00,AWS_02,0,normal,none,0,0.08548671508356437
2026-01-23 19:30:00,AWS_02,0,normal,none,0,0.0530407683474905
2026-01-23 19:45:00,AWS_02,0,normal,none,0,0.07172919453571647
2026-01-23 20:00:00,AWS_02,0,normal,none,0,0.05012064242423386
2026-01-23 20:15:00,AWS_02,0,normal,none,0,0.07088691574241918
2026-01-23 20:30:00,AWS_02,0,normal,none,0,0.07034115690915571
2026-01-23 20:45:00,AWS_02,0,normal,none,0,0.092889553479995
2026-01-23 21:00:00,AWS_02,0,normal,none,0,0.07055095632297986
2026-01-23 21:15:00,AWS_02,0,normal,none,0,0.08484219571995172
2026-01-23 21:30:00,AWS_02,0,normal,none,0,0.030567552381831176
2026-01-23 21:45:00,AWS_02,0,normal,none,0,0.047110372072901474
2026-01-23 22:00:00,AWS_02,0,normal,none,0,0.027507573016920417
2026-01-23 22:15:00,AWS_02,0,normal,none,0,0.0651971662259
2026-01-23 22:30:00,AWS_02,0,normal,none,0,0.059017502912068476
2026-01-23 22:45:00,AWS_02,0,normal,none,0,0.10193443477611414
2026-01-23 23:00:00,AWS_02,0,normal,none,0,0.10682528317239526
2026-01-23 23:15:00,AWS_02,0,normal,none,0,0.10245805224170984
2026-01-23 23:30:00,AWS_02,0,normal,none,0,0.10151347569738561
2026-01-23 23:45:00,AWS_02,0,normal,none,0,0.10673613291342443
2026-01-24 00:00:00,AWS_02,0,normal,none,1,-0.012941320129139844
2026-01-24 00:15:00,AWS_02,0,normal,none,0,0.03504932430387486
2026-01-24 00:30:00,AWS_02,0,normal,none,0,0.02024087587916279
2026-01-24 00:45:00,AWS_02,0,normal,none,0,0.008618633817888632
2026-01-24 01:00:00,AWS_02,1,frozen_sensor,temperature,0,0.022205372331016826
2026-01-24 01:15:00,AWS_02,1,multivariate_inconsistency,humidity,1,-0.037126856664929986
2026-01-24 01:30:00,AWS_02,1,multivariate_inconsistency,humidity,0,0.0006541400937944974
2026-01-24 01:45:00,AWS_02,1,multivariate_inconsistency,humidity,0,0.03222706354640581
2026-01-24 02:00:00,AWS_02,1,multivariate_inconsistency,humidity,0,0.009366244970889004
2026-01-24 02:15:00,AWS_02,1,multivariate_inconsistency,humidity,0,0.036423473196596556
2026-01-24 02:30:00,AWS_02,1,multivariate_inconsistency,humidity,0,0.032838399680518826
2026-01-24 02:45:00,AWS_02,1,frozen_sensor,temperature,1,-0.0018099532559511244
2026-01-24 03:00:00,AWS_02,1,frozen_sensor,temperature,0,0.033785547477311995
2026-01-24 03:15:00,AWS_02,1,frozen_sensor,temperature,0,0.05107153834851447
2026-01-24 03:30:00,AWS_02,1,frozen_sensor,temperature,0,0.04968614334649102
2026-01-24 03:45:00,AWS_02,1,frozen_sensor,temperature,0,0.04330219607061303
2026-01-24 04:00:00,AWS_02,1,frozen_sensor,temperature,0,0.012698590449180425
2026-01-24 04:15:00,AWS_02,1,frozen_sensor,temperature,0,0.04164561813378265
2026-01-24 04:30:00,AWS_02,1,frozen_sensor,temperature,0,0.03396230338345663
2026-01-24 04:45:00,AWS_02,1,frozen_sensor,temperature,0,0.01693656119413689
2026-01-24 05:00:00,AWS_02,1,frozen_sensor,temperature,0,0.004062936505016546
2026-01-24 05:15:00,AWS_02,1,frozen_sensor,temperature,0,0.03629363306751543
2026-01-24 05:30:00,AWS_02,1,frozen_sensor,temperature,0,0.023286134429323257
2026-01-24 05:45:00,AWS_02,1,frozen_sensor,temperature,0,0.03136292663241069
2026-01-24 06:00:00,AWS_02,1,frozen_sensor,temperature,0,0.033319181457333036
2026-01-24 06:15:00,AWS_02,1,frozen_sensor,temperature,0,0.0871527523827818
2026-01-24 06:30:00,AWS_02,1,frozen_sensor,temperature,0,0.0955169325529232
2026-01-24 06:45:00,AWS_02,1,frozen_sensor,temperature,0,0.07396209218083355
2026-01-24 07:00:00,AWS_02,0,normal,none,0,0.01953799340056528
2026-01-24 07:15:00,AWS_02,0,normal,none,0,0.09182131116794995
2026-01-24 07:30:00,AWS_02,0,normal,none,0,0.08672447384732423
2026-01-24 07:45:00,AWS_02,0,normal,none,0,0.09488326578396117
2026-01-24 08:00:00,AWS_02,0,normal,none,0,0.010425164856361802
2026-01-24 08:15:00,AWS_02,0,normal,none,0,0.08263736110619091
2026-01-24 08:30:00,AWS_02,0,normal,none,0,0.09597506560470587
2026-01-24 08:45:00,AWS_02,0,normal,none,0,0.057440664333803015
2026-01-24 09:00:00,AWS_02,0,normal,none,0,0.04650170051263269
2026-01-24 09:15:00,AWS_02,0,normal,none,0,0.09242597658148072
2026-01-24 09:30:00,AWS_02,0,normal,none,0,0.07762746805346915
2026-01-24 09:45:00,AWS_02,0,normal,none,0,0.020305926986024292
2026-01-24 10:00:00,AWS_02,0,normal,none,0,0.026915231352308888
2026-01-24 10:15:00,AWS_02,0,normal,none,0,0.06684988660041474
2026-01-24 10:30:00,AWS_02,0,normal,none,0,0.0812931763434368
2026-01-24 10:45:00,AWS_02,0,normal,none,0,0.0747126306088946
2026-01-24 11:00:00,AWS_02,0,normal,none,0,0.07451917820850684
2026-01-24 11:15:00,AWS_02,0,normal,none,0,0.06029592332847655
2026-01-24 11:30:00,AWS_02,0,normal,none,0,0.0631598059126458
2026-01-24 11:45:00,AWS_02,0,normal,none,0,0.050477633253836585
2026-01-24 12:00:00,AWS_02,0,normal,none,0,0.05471159390003327
2026-01-24 12:15:00,AWS_02,0,normal,none,0,0.07385955505402264
2026-01-24 12:30:00,AWS_02,0,normal,none,0,0.06460456325424391
2026-01-24 12:45:00,AWS_02,0,normal,none,0,0.06352551267100393
2026-01-24 13:00:00,AWS_02,0,normal,none,0,0.0793708023325142
2026-01-24 13:15:00,AWS_02,0,normal,none,0,0.06021417069232832
2026-01-24 13:30:00,AWS_02,0,normal,none,0,0.037857568209052395
2026-01-24 13:45:00,AWS_02,0,normal,none,0,0.05956603971349195
2026-01-24 14:00:00,AWS_02,0,normal,none,0,0.054868581522221294
2026-01-24 14:15:00,AWS_02,0,normal,none,0,0.014543920239954211
2026-01-24 14:30:00,AWS_02,0,normal,none,0,0.05299110291562131
2026-01-24 14:45:00,AWS_02,0,normal,none,0,0.07022892534432229
2026-01-24 15:00:00,AWS_02,0,normal,none,0,0.056207825377619036
2026-01-24 15:15:00,AWS_02,0,normal,none,0,0.065116379042302
2026-01-24 15:30:00,AWS_02,0,normal,none,0,0.07930818374064302
2026-01-24 15:45:00,AWS_02,0,normal,none,0,0.05940871565422284
2026-01-24 16:00:00,AWS_02,0,normal,none,0,0.06122465600724647
2026-01-24 16:15:00,AWS_02,0,normal,none,0,0.07563474341468912
2026-01-24 16:30:00,AWS_02,0,normal,none,0,0.09050644804176067
2026-01-24 16:45:00,AWS_02,0,normal,none,0,0.044122586631734295
2026-01-24 17:00:00,AWS_02,0,normal,none,0,0.06948175745604734
2026-01-24 17:15:00,AWS_02,0,normal,none,0,0.04673502895918613
2026-01-24 17:30:00,AWS_02,0,normal,none,0,0.046494876417451536
2026-01-24 17:45:00,AWS_02,0,normal,none,0,0.06964724106463749
2026-01-24 18:00:00,AWS_02,0,normal,none,0,0.07534187016102079
2026-01-24 18:15:00,AWS_02,0,normal,none,0,0.048402805467949284
2026-01-24 18:30:00,AWS_02,0,normal,none,0,0.00830388854842401
2026-01-24 18:45:00,AWS_02,0,normal,none,0,0.0634338732875736
2026-01-24 19:00:00,AWS_02,0,normal,none,0,0.05235660924390606
2026-01-24 19:15:00,AWS_02,0,normal,none,0,0.08174059867344713
2026-01-24 19:30:00,AWS_02,0,normal,none,0,0.06254406343720537
2026-01-24 19:45:00,AWS_02,0,normal,none,0,0.08719902731776558
2026-01-24 20:00:00,AWS_02,0,normal,none,0,0.08629608462558913
2026-01-24 20:15:00,AWS_02,0,normal,none,0,0.09543122194543058
2026-01-24 20:30:00,AWS_02,0,normal,none,0,0.09917905343259859
2026-01-24 20:45:00,AWS_02,0,normal,none,0,0.09511436046756827
2026-01-24 21:00:00,AWS_02,0,normal,none,0,0.07938231557728831
2026-01-24 21:15:00,AWS_02,0,normal,none,0,0.05946102197003578
2026-01-24 21:30:00,AWS_02,0,normal,none,0,0.09137601906624626
2026-01-24 21:45:00,AWS_02,0,normal,none,0,0.07562300665692934
2026-01-24 22:00:00,AWS_02,0,normal,none,0,0.08220476393664905
2026-01-24 22:15:00,AWS_02,0,normal,none,0,0.10217415120528534
2026-01-24 22:30:00,AWS_02,0,normal,none,0,0.08323282254935532
2026-01-24 22:45:00,AWS_02,0,normal,none,0,0.09732295317496381
2026-01-24 23:00:00,AWS_02,0,normal,none,0,0.10274569161828362
2026-01-24 23:15:00,AWS_02,0,normal,none,0,0.07100791281679114
2026-01-24 23:30:00,AWS_02,0,normal,none,0,0.07188630152861542
2026-01-24 23:45:00,AWS_02,0,normal,none,0,0.06911883527393736
2026-01-25 00:00:00,AWS_02,0,normal,none,1,-0.013419396253256388
2026-01-25 00:15:00,AWS_02,0,normal,none,0,0.03570370537046352
2026-01-25 00:30:00,AWS_02,0,normal,none,0,0.03071844783476696
2026-01-25 00:45:00,AWS_02,1,missing_data,all,1,-0.13703613916573631
2026-01-25 01:00:00,AWS_02,1,missing_data,all,1,-0.03965445950741486
2026-01-25 01:15:00,AWS_02,1,missing_data,all,1,-0.03965445950741486
2026-01-25 01:30:00,AWS_02,1,missing_data,all,1,-0.03965445950741486
2026-01-25 01:45:00,AWS_02,1,missing_data,all,1,-0.08931858891195532
2026-01-25 02:00:00,AWS_02,1,missing_data,all,0,0.03218934184257938
2026-01-25 02:15:00,AWS_02,1,missing_data,all,0,0.03841252387362859
2026-01-25 02:30:00,AWS_02,1,missing_data,all,0,0.029455520168142013
2026-01-25 02:45:00,AWS_02,0,normal,none,0,0.03801739161647355
2026-01-25 03:00:00,AWS_02,0,normal,none,0,0.019503474265879728
2026-01-25 03:15:00,AWS_02,0,normal,none,0,0.02701296599732117
2026-01-25 03:30:00,AWS_02,0,normal,none,0,0.014069632985065583
2026-01-25 03:45:00,AWS_02,0,normal,none,0,0.03225514652555239
2026-01-25 04:00:00,AWS_02,0,normal,none,1,-0.0017817806664021107
2026-01-25 04:15:00,AWS_02,0,normal,none,0,0.01703738136875732
2026-01-25 04:30:00,AWS_02,0,normal,none,0,0.021001626458392653
2026-01-25 04:45:00,AWS_02,0,normal,none,0,0.024783706223302282
2026-01-25 05:00:00,AWS_02,0,normal,none,0,0.03341415803369363
2026-01-25 05:15:00,AWS_02,0,normal,none,0,0.03769328834438035
2026-01-25 05:30:00,AWS_02,0,normal,none,0,0.03322899622435915
2026-01-25 05:45:00,AWS_02,0,normal,none,1,-0.006400938927024424
2026-01-25 06:00:00,AWS_02,0,normal,none,0,0.02556563710289106
2026-01-25 06:15:00,AWS_02,0,normal,none,0,0.08693387732470276
2026-01-25 06:30:00,AWS_02,0,normal,none,0,0.07180578964005946
2026-01-25 06:45:00,AWS_02,0,normal,none,0,0.08114732360205235
2026-01-25 07:00:00,AWS_02,0,normal,none,0,0.07092221653190511
2026-01-25 07:15:00,AWS_02,0,normal,none,0,0.09378369944210052
2026-01-25 07:30:00,AWS_02,0,normal,none,0,0.07927378830504633
2026-01-25 07:45:00,AWS_02,0,normal,none,1,-0.0007426571997185549
2026-01-25 08:00:00,AWS_02,0,normal,none,0,0.06874390128479763
2026-01-25 08:15:00,AWS_02,0,normal,none,0,0.09722319099558147
2026-01-25 08:30:00,AWS_02,0,normal,none,0,0.03072300211233947
2026-01-25 08:45:00,AWS_02,0,normal,none,0,0.031980018126623544
2026-01-25 09:00:00,AWS_02,0,normal,none,0,0.04136540088248364
2026-01-25 09:15:00,AWS_02,0,normal,none,0,0.048824123907754036
2026-01-25 09:30:00,AWS_02,0,normal,none,0,0.0511174824489935
2026-01-25 09:45:00,AWS_02,0,normal,none,0,0.03773625912662293
2026-01-25 10:00:00,AWS_02,0,normal,none,0,0.04351566087383685
2026-01-25 10:15:00,AWS_02,0,normal,none,0,0.06982883462211714
2026-01-25 10:30:00,AWS_02,0,normal,none,0,0.06899131040864032
2026-01-25 10:45:00,AWS_02,0,normal,none,0,0.08831448628030081
2026-01-25 11:00:00,AWS_02,0,normal,none,0,0.08986734157643944
2026-01-25 11:15:00,AWS_02,0,normal,none,0,0.04738009197006554
2026-01-25 11:30:00,AWS_02,0,normal,none,0,0.08685009216615275
2026-01-25 11:45:00,AWS_02,0,normal,none,0,0.031068259689629785
2026-01-25 12:00:00,AWS_02,0,normal,none,0,0.07431884935684768
2026-01-25 12:15:00,AWS_02,0,normal,none,0,0.07464870243267696
2026-01-25 12:30:00,AWS_02,0,normal,none,0,0.08661795568453534
2026-01-25 12:45:00,AWS_02,0,normal,none,0,0.06671382991734492
2026-01-25 13:00:00,AWS_02,0,normal,none,0,0.035525704161266214
2026-01-25 13:15:00,AWS_02,0,normal,none,0,0.045118606778912995
2026-01-25 13:30:00,AWS_02,0,normal,none,0,0.07910949492102459
2026-01-25 13:45:00,AWS_02,0,normal,none,0,0.0680331853558116
2026-01-25 14:00:00,AWS_02,0,normal,none,0,0.04377069974028869
2026-01-25 14:15:00,AWS_02,0,normal,none,0,0.07130310699416137
2026-01-25 14:30:00,AWS_02,0,normal,none,0,0.02754237691960537
2026-01-25 14:45:00,AWS_02,0,normal,none,0,0.036314796186138976
2026-01-25 15:00:00,AWS_02,0,normal,none,0,0.06214102095253998
2026-01-25 15:15:00,AWS_02,0,normal,none,0,0.03758140524689357
2026-01-25 15:30:00,AWS_02,0,normal,none,0,0.04399680232120651
2026-01-25 15:45:00,AWS_02,0,normal,none,0,0.01683288562931695
2026-01-25 16:00:00,AWS_02,0,normal,none,0,0.018720412516481155
2026-01-25 16:15:00,AWS_02,0,normal,none,0,0.04709279906832675
2026-01-25 16:30:00,AWS_02,0,normal,none,0,0.06702327335399472
2026-01-25 16:45:00,AWS_02,0,normal,none,0,0.03007290528504747
2026-01-25 17:00:00,AWS_02,0,normal,none,0,0.06542389380557156
2026-01-25 17:15:00,AWS_02,0,normal,none,0,0.025459420349865813
2026-01-25 17:30:00,AWS_02,0,normal,none,0,0.05220753054449234
2026-01-25 17:45:00,AWS_02,0,normal,none,0,0.0587084940655771
2026-01-25 18:00:00,AWS_02,0,normal,none,0,0.019848932488047644
2026-01-25 18:15:00,AWS_02,0,normal,none,0,0.06250428948927317
2026-01-25 18:30:00,AWS_02,0,normal,none,0,0.04057934895253579
2026-01-25 18:45:00,AWS_02,0,normal,none,0,0.0849575961160019
2026-01-25 19:00:00,AWS_02,0,normal,none,0,0.07196773455501998
2026-01-25 19:15:00,AWS_02,0,normal,none,0,0.07188598901927062
2026-01-25 19:30:00,AWS_02,0,normal,none,0,0.07955067338805044
2026-01-25 19:45:00,AWS_02,0,normal,none,0,0.09095574663437911
2026-01-25 20:00:00,AWS_02,0,normal,none,0,0.06052787117583208
2026-01-25 20:15:00,AWS_02,0,normal,none,0,0.07191999225411033
2026-01-25 20:30:00,AWS_02,0,normal,none,0,0.06743642552560225
2026-01-25 20:45:00,AWS_02,0,normal,none,0,0.07335397415800776
2026-01-25 21:00:00,AWS_02,0,normal,none,0,0.06501340615623707
2026-01-25 21:15:00,AWS_02,0,normal,none,0,0.06983200469330525
2026-01-25 21:30:00,AWS_02,0,normal,none,0,0.052935479316791156
2026-01-25 21:45:00,AWS_02,0,normal,none,0,0.02420305841295589
2026-01-25 22:00:00,AWS_02,0,normal,none,0,0.031181414127007145
2026-01-25 22:15:00,AWS_02,0,normal,none,0,0.07296597465763616
2026-01-25 22:30:00,AWS_02,0,normal,none,0,0.035837636712391485
2026-01-25 22:45:00,AWS_02,0,normal,none,0,0.08662841683257366
2026-01-25 23:00:00,AWS_02,0,normal,none,0,0.07685860977118514
2026-01-25 23:15:00,AWS_02,0,normal,none,0,0.04585734338711012
2026-01-25 23:30:00,AWS_02,0,normal,none,0,0.09873937831760188
2026-01-25 23:45:00,AWS_02,0,normal,none,0,0.08157573723581113
2026-01-26 00:00:00,AWS_02,0,normal,none,0,0.07582151526845632
2026-01-26 00:15:00,AWS_02,0,normal,none,0,0.08810924157633315
2026-01-26 00:30:00,AWS_02,0,normal,none,0,0.08754196274231463
2026-01-26 00:45:00,AWS_02,0,normal,none,0,0.08760785779822539
2026-01-26 01:00:00,AWS_02,1,multivariate_inconsistency,humidity,1,-0.010433135658407422
2026-01-26 01:15:00,AWS_02,1,multivariate_inconsistency,humidity,0,0.0474003203792035
2026-01-26 01:30:00,AWS_02,1,multivariate_inconsistency,humidity,0,0.04133791623748617
2026-01-26 01:45:00,AWS_02,1,multivariate_inconsistency,humidity,0,0.01788373027025869
2026-01-26 02:00:00,AWS_02,1,multivariate_inconsistency,humidity,0,0.04558808546277626
2026-01-26 02:15:00,AWS_02,1,multivariate_inconsistency,humidity,0,0.06000984582161556
2026-01-26 02:30:00,AWS_02,0,normal,none,1,-0.0016728388277380546
2026-01-26 02:45:00,AWS_02,0,normal,none,0,0.04983912390683837
2026-01-26 03:00:00,AWS_02,0,normal,none,0,0.07951855123525203
2026-01-26 03:15:00,AWS_02,0,normal,none,0,0.07787808895038506
2026-01-26 03:30:00,AWS_02,0,normal,none,0,0.07263146686443167
2026-01-26 03:45:00,AWS_02,0,normal,none,0,0.01692838125799856
2026-01-26 04:00:00,AWS_02,0,normal,none,0,0.05245068832167793
2026-01-26 04:15:00,AWS_02,0,normal,none,0,0.0688864344132285
2026-01-26 04:30:00,AWS_02,0,normal,none,0,0.07620398234904308
2026-01-26 04:45:00,AWS_02,0,normal,none,0,0.07944536758657628
2026-01-26 05:00:00,AWS_02,0,normal,none,0,0.08088631520138456
2026-01-26 05:15:00,AWS_02,0,normal,none,0,0.0460948254853103
2026-01-26 05:30:00,AWS_02,0,normal,none,0,0.04786354765781331
2026-01-26 05:45:00,AWS_02,0,normal,none,0,0.08840918864742325
2026-01-26 06:00:00,AWS_02,0,normal,none,0,0.08954355383947121
2026-01-26 06:15:00,AWS_02,0,normal,none,0,0.079491202554419
2026-01-26 06:30:00,AWS_02,0,normal,none,0,0.09414011537049571
2026-01-26 06:45:00,AWS_02,0,normal,none,0,0.037725845279303005
2026-01-26 07:00:00,AWS_02,0,normal,none,0,0.08028008371610551
2026-01-26 07:15:00,AWS_02,0,normal,none,0,0.06307359320976907
2026-01-26 07:30:00,AWS_02,0,normal,none,0,0.08316094148725844
2026-01-26 07:45:00,AWS_02,0,normal,none,0,0.0692666782785678
2026-01-26 08:00:00,AWS_02,0,normal,none,0,0.06025202300482113
2026-01-26 08:15:00,AWS_02,0,normal,none,0,0.07558739275008469
2026-01-26 08:30:00,AWS_02,0,normal,none,0,0.06576642938092697
2026-01-26 08:45:00,AWS_02,0,normal,none,0,0.08162245771880883
2026-01-26 09:00:00,AWS_02,0,normal,none,0,0.0633924090458105
2026-01-26 09:15:00,AWS_02,0,normal,none,0,0.05735901402734789
2026-01-26 09:30:00,AWS_02,0,normal,none,0,0.05667292375002292
2026-01-26 09:45:00,AWS_02,0,normal,none,0,0.0764260717646662
2026-01-26 10:00:00,AWS_02,0,normal,none,0,0.060739237810839175
2026-01-26 10:15:00,AWS_02,0,normal,none,0,0.06303410414244015
2026-01-26 10:30:00,AWS_02,0,normal,none,0,0.0842538282413346
2026-01-26 10:45:00,AWS_02,0,normal,none,0,0.03770152185136055
2026-01-26 11:00:00,AWS_02,0,normal,none,0,0.06671691996382739
2026-01-26 11:15:00,AWS_02,0,normal,none,0,0.06947309088784626
2026-01-26 11:30:00,AWS_02,0,normal,none,0,0.03449723139740646
2026-01-26 11:45:00,AWS_02,0,normal,none,0,0.08826559129689643
2026-01-26 12:00:00,AWS_02,0,normal,none,0,0.0641231259797656
2026-01-26 12:15:00,AWS_02,0,normal,none,0,0.04632101222212859
2026-01-26 12:30:00,AWS_02,0,normal,none,0,0.06686951165271782
2026-01-26 12:45:00,AWS_02,0,normal,none,0,0.059108261777385485
2026-01-26 13:00:00,AWS_02,0,normal,none,0,0.058931158962227836
2026-01-26 13:15:00,AWS_02,0,normal,none,0,0.033869377559253344
2026-01-26 13:30:00,AWS_02,0,normal,none,0,0.08379741909107613
2026-01-26 13:45:00,AWS_02,0,normal,none,0,0.07007565021796058
2026-01-26 14:00:00,AWS_02,0,normal,none,0,0.0395688353628616
2026-01-26 14:15:00,AWS_02,0,normal,none,0,0.06816070952939413
2026-01-26 14:30:00,AWS_02,0,normal,none,0,0.06645747422277543
2026-01-26 14:45:00,AWS_02,0,normal,none,0,0.07237059504161675
2026-01-26 15:00:00,AWS_02,0,normal,none,0,0.07877087553813877
2026-01-26 15:15:00,AWS_02,0,normal,none,0,0.06392188010176425
2026-01-26 15:30:00,AWS_02,0,normal,none,0,0.07171865123397286
2026-01-26 15:45:00,AWS_02,0,normal,none,0,0.07432089626045929
2026-01-26 16:00:00,AWS_02,0,normal,none,0,0.07794276218910118
2026-01-26 16:15:00,AWS_02,0,normal,none,0,0.07893291682166842
2026-01-26 16:30:00,AWS_02,0,normal,none,0,0.057660697218268664
2026-01-26 16:45:00,AWS_02,0,normal,none,0,0.056374390483071635
2026-01-26 17:00:00,AWS_02,0,normal,none,0,0.06094239423362763
2026-01-26 17:15:00,AWS_02,0,normal,none,0,0.06405718588060982
2026-01-26 17:30:00,AWS_02,0,normal,none,0,0.07911308898932562
2026-01-26 17:45:00,AWS_02,0,normal,none,0,0.06457430259171332
2026-01-26 18:00:00,AWS_02,0,normal,none,0,0.07361286994453597
2026-01-26 18:15:00,AWS_02,0,normal,none,0,0.03998605457159532
2026-01-26 18:30:00,AWS_02,0,normal,none,0,0.0751706674115451
2026-01-26 18:45:00,AWS_02,0,normal,none,0,0.06585940720895883
2026-01-26 19:00:00,AWS_02,0,normal,none,0,0.06842300835863568
2026-01-26 19:15:00,AWS_02,0,normal,none,0,0.07136869407900642
2026-01-26 19:30:00,AWS_02,0,normal,none,0,0.08768256725961027
2026-01-26 19:45:00,AWS_02,0,normal,none,0,0.06284235470146887
2026-01-26 20:00:00,AWS_02,0,normal,none,0,0.04103076810434314
2026-01-26 20:15:00,AWS_02,0,normal,none,0,0.07750858166688007
2026-01-26 20:30:00,AWS_02,0,normal,none,0,0.07707937488915029
2026-01-26 20:45:00,AWS_02,0,normal,none,0,0.07042079251199312
2026-01-26 21:00:00,AWS_02,0,normal,none,0,0.086629781638205
2026-01-26 21:15:00,AWS_02,0,normal,none,0,0.09123851997405741
2026-01-26 21:30:00,AWS_02,0,normal,none,0,0.06749655786465325
2026-01-26 21:45:00,AWS_02,0,normal,none,0,0.08792966531228874
2026-01-26 22:00:00,AWS_02,0,normal,none,0,0.07116003084953815
2026-01-26 22:15:00,AWS_02,0,normal,none,0,0.06517503064029295
2026-01-26 22:30:00,AWS_02,0,normal,none,0,0.02879012173535067
2026-01-26 22:45:00,AWS_02,0,normal,none,0,0.06072903552778147
2026-01-26 23:00:00,AWS_02,0,normal,none,0,0.05380189232202237
2026-01-26 23:15:00,AWS_02,0,normal,none,0,0.040470817360956146
2026-01-26 23:30:00,AWS_02,0,normal,none,0,0.09188884208874482
2026-01-26 23:45:00,AWS_02,0,normal,none,0,0.07207755862707077
2026-01-27 00:00:00,AWS_02,1,frozen_sensor,temperature,0,0.05039938728343135
2026-01-27 00:15:00,AWS_02,1,frozen_sensor,temperature,0,0.0714914487464749
2026-01-27 00:30:00,AWS_02,1,frozen_sensor,temperature,0,0.060878271414834484
2026-01-27 00:45:00,AWS_02,1,missing_data,all,0,0.06170318168624617
2026-01-27 01:00:00,AWS_02,1,missing_data,all,0,0.07993098101718421
2026-01-27 01:15:00,AWS_02,1,missing_data,all,0,0.08007571853025547
2026-01-27 01:30:00,AWS_02,1,missing_data,all,0,0.0689053576807927
2026-01-27 01:45:00,AWS_02,1,missing_data,all,0,0.07975605130913854
2026-01-27 02:00:00,AWS_02,1,missing_data,all,0,0.04564319150063911
2026-01-27 02:15:00,AWS_02,1,missing_data,all,0,0.06295564156929867
2026-01-27 02:30:00,AWS_02,1,missing_data,all,0,0.061688097279062604
2026-01-27 02:45:00,AWS_02,1,frozen_sensor,temperature,0,0.06734360154544378
2026-01-27 03:00:00,AWS_02,1,frozen_sensor,temperature,0,0.08231270745266167
2026-01-27 03:15:00,AWS_02,1,frozen_sensor,temperature,0,0.08416059249052499
2026-01-27 03:30:00,AWS_02,1,frozen_sensor,temperature,0,0.06615782141746335
2026-01-27 03:45:00,AWS_02,1,frozen_sensor,temperature,0,0.08145920661569322
2026-01-27 04:00:00,AWS_02,1,frozen_sensor,temperature,0,0.04044095500673217
2026-01-27 04:15:00,AWS_02,1,frozen_sensor,temperature,0,0.050540583707570697
2026-01-27 04:30:00,AWS_02,1,frozen_sensor,temperature,0,0.057213288907230875
2026-01-27 04:45:00,AWS_02,1,frozen_sensor,temperature,0,0.06984466462082584
2026-01-27 05:00:00,AWS_02,1,frozen_sensor,temperature,0,0.08180457677354197
2026-01-27 05:15:00,AWS_02,1,frozen_sensor,temperature,0,0.06879684543826164
2026-01-27 05:30:00,AWS_02,1,frozen_sensor,temperature,0,0.08008612739529225
2026-01-27 05:45:00,AWS_02,1,frozen_sensor,temperature,0,0.08198644167531255
2026-01-27 06:00:00,AWS_02,0,normal,none,0,0.05268389056232331
2026-01-27 06:15:00,AWS_02,0,normal,none,0,0.07531055986791962
2026-01-27 06:30:00,AWS_02,0,normal,none,0,0.07088166046969524
2026-01-27 06:45:00,AWS_02,0,normal,none,0,0.07420167067943373
2026-01-27 07:00:00,AWS_02,0,normal,none,0,0.07829151764388781
2026-01-27 07:15:00,AWS_02,0,normal,none,0,0.06860319974087742
2026-01-27 07:30:00,AWS_02,0,normal,none,0,0.03423894176684694
2026-01-27 07:45:00,AWS_02,0,normal,none,0,0.05960358818346395
2026-01-27 08:00:00,AWS_02,0,normal,none,0,0.07805630517886852
2026-01-27 08:15:00,AWS_02,0,normal,none,0,0.039864034835060624
2026-01-27 08:30:00,AWS_02,0,normal,none,0,0.017254004064013895
2026-01-27 08:45:00,AWS_02,0,normal,none,0,0.043494855019000966
2026-01-27 09:00:00,AWS_02,0,normal,none,0,0.03135270019615344
2026-01-27 09:15:00,AWS_02,0,normal,none,0,0.0036681669945891615
2026-01-27 09:30:00,AWS_02,0,normal,none,0,0.03576979425157367
2026-01-27 09:45:00,AWS_02,0,normal,none,1,-0.008318846762238485
2026-01-27 10:00:00,AWS_02,0,normal,none,0,0.03634493305017561
2026-01-27 10:15:00,AWS_02,0,normal,none,0,0.04677519639243888
2026-01-27 10:30:00,AWS_02,0,normal,none,0,0.007875987688458208
2026-01-27 10:45:00,AWS_02,0,normal,none,0,0.04167795582875877
2026-01-27 11:00:00,AWS_02,0,normal,none,0,0.03886922884641286
2026-01-27 11:15:00,AWS_02,0,normal,none,0,0.059125399058261696
2026-01-27 11:30:00,AWS_02,0,normal,none,0,0.018256781721079807
2026-01-27 11:45:00,AWS_02,0,normal,none,0,0.032518921810994916
2026-01-27 12:00:00,AWS_02,0,normal,none,0,0.03718717183192377
2026-01-27 12:15:00,AWS_02,0,normal,none,0,0.052727071251220725
2026-01-27 12:30:00,AWS_02,0,normal,none,0,0.01017638072137561
2026-01-27 12:45:00,AWS_02,0,normal,none,0,0.004640866240964714
2026-01-27 13:00:00,AWS_02,0,normal,none,0,0.049395282113384564
2026-01-27 13:15:00,AWS_02,0,normal,none,0,0.0494363045959077
2026-01-27 13:30:00,AWS_02,0,normal,none,0,0.037116373198320396
2026-01-27 13:45:00,AWS_02,0,normal,none,0,0.024688332239041766
2026-01-27 14:00:00,AWS_02,0,normal,none,0,0.016852025153453742
2026-01-27 14:15:00,AWS_02,0,normal,none,0,0.038804867364833906
2026-01-27 14:30:00,AWS_02,0,normal,none,0,0.05010844945795545
2026-01-27 14:45:00,AWS_02,0,normal,none,0,0.018361820223981917
2026-01-27 15:00:00,AWS_02,0,normal,none,0,0.0494013760001743
2026-01-27 15:15:00,AWS_02,0,normal,none,0,0.04773209903883957
2026-01-27 15:30:00,AWS_02,0,normal,none,0,0.03580627998552477
2026-01-27 15:45:00,AWS_02,0,normal,none,0,0.04564594948903178
2026-01-27 16:00:00,AWS_02,0,normal,none,0,0.03953152614713751
2026-01-27 16:15:00,AWS_02,0,normal,none,0,0.03153346419741243
2026-01-27 16:30:00,AWS_02,0,normal,none,0,0.03672208422726786
2026-01-27 16:45:00,AWS_02,0,normal,none,0,0.017632012125231022
2026-01-27 17:00:00,AWS_02,0,normal,none,0,0.04488245720243733
2026-01-27 17:15:00,AWS_02,0,normal,none,0,0.03976991580670042
2026-01-27 17:30:00,AWS_02,0,normal,none,0,0.05852934413400035
2026-01-27 17:45:00,AWS_02,0,normal,none,0,0.043879966519573266
2026-01-27 18:00:00,AWS_02,0,normal,none,0,0.05152688811272349
2026-01-27 18:15:00,AWS_02,0,normal,none,0,0.03681814067685418
2026-01-27 18:30:00,AWS_02,0,normal,none,0,0.027677100672995447
2026-01-27 18:45:00,AWS_02,0,normal,none,0,0.04658198599342611
2026-01-27 19:00:00,AWS_02,0,normal,none,0,0.017321199466921344
2026-01-27 19:15:00,AWS_02,0,normal,none,0,0.049659155735337523
2026-01-27 19:30:00,AWS_02,0,normal,none,0,0.05983658602544034
2026-01-27 19:45:00,AWS_02,0,normal,none,0,0.07891436466055768
2026-01-27 20:00:00,AWS_02,0,normal,none,0,0.06722365936148766
2026-01-27 20:15:00,AWS_02,0,normal,none,0,0.050441744751902884
2026-01-27 20:30:00,AWS_02,0,normal,none,0,0.032376943822418625
2026-01-27 20:45:00,AWS_02,0,normal,none,0,0.070420182422606
2026-01-27 21:00:00,AWS_02,0,normal,none,0,0.06760890130529318
2026-01-27 21:15:00,AWS_02,0,normal,none,0,0.06874768958379429
2026-01-27 21:30:00,AWS_02,0,normal,none,0,0.06075522760311214
2026-01-27 21:45:00,AWS_02,0,normal,none,0,0.04400487239773643
2026-01-27 22:00:00,AWS_02,0,normal,none,0,0.05115173655935823
2026-01-27 22:15:00,AWS_02,0,normal,none,0,0.06860553625866572
2026-01-27 22:30:00,AWS_02,0,normal,none,0,0.07516720135582583
2026-01-27 22:45:00,AWS_02,0,normal,none,0,0.026019781143722498
2026-01-27 23:00:00,AWS_02,0,normal,none,0,0.021124729555804467
2026-01-27 23:15:00,AWS_02,0,normal,none,0,0.0499473442995817
2026-01-27 23:30:00,AWS_02,0,normal,none,0,0.07150728983696436
2026-01-27 23:45:00,AWS_02,0,normal,none,0,0.05513044986325605
2026-01-28 00:00:00,AWS_02,0,normal,none,0,0.047206886902652734
2026-01-28 00:15:00,AWS_02,1,power_failure,all,1,-0.14203650248667188
2026-01-28 00:30:00,AWS_02,1,power_failure,all,1,-0.05179230321434647
2026-01-28 00:45:00,AWS_02,1,power_failure,all,1,-0.05179230321434647
2026-01-28 01:00:00,AWS_02,1,multivariate_inconsistency,humidity,1,-0.0939887967685783
2026-01-28 01:15:00,AWS_02,1,multivariate_inconsistency,humidity,1,-0.08383680272703486
2026-01-28 01:30:00,AWS_02,1,multivariate_inconsistency,humidity,0,0.04189804643078965
2026-01-28 01:45:00,AWS_02,1,multivariate_inconsistency,humidity,0,0.046981159848320075
2026-01-28 02:00:00,AWS_02,1,multivariate_inconsistency,humidity,0,0.042331110756137935
2026-01-28 02:15:00,AWS_02,1,multivariate_inconsistency,humidity,0,0.05670486483504167
2026-01-28 02:30:00,AWS_02,0,normal,none,1,-0.0025056643670566814
2026-01-28 02:45:00,AWS_02,0,normal,none,0,0.015497684310466053
2026-01-28 03:00:00,AWS_02,0,normal,none,0,0.04070749884713387
2026-01-28 03:15:00,AWS_02,0,normal,none,0,0.06888569647740472
2026-01-28 03:30:00,AWS_02,0,normal,none,0,0.05341053491548331
2026-01-28 03:45:00,AWS_02,0,normal,none,0,0.040006226634716424
2026-01-28 04:00:00,AWS_02,0,normal,none,0,0.05472816637593392
2026-01-28 04:15:00,AWS_02,0,normal,none,0,0.05819857049067373
2026-01-28 04:30:00,AWS_02,0,normal,none,0,0.04188859511277587
2026-01-28 04:45:00,AWS_02,0,normal,none,0,0.05400274214447731
2026-01-28 05:00:00,AWS_02,0,normal,none,0,0.07098003982233414
2026-01-28 05:15:00,AWS_02,0,normal,none,0,0.059588975949866174
2026-01-28 05:30:00,AWS_02,0,normal,none,0,0.05473960710482162
2026-01-28 05:45:00,AWS_02,0,normal,none,0,0.07538545122018647
2026-01-28 06:00:00,AWS_02,0,normal,none,0,0.0722125385705103
2026-01-28 06:15:00,AWS_02,0,normal,none,0,0.06555242117632487
2026-01-28 06:30:00,AWS_02,0,normal,none,0,0.03640559870853033
2026-01-28 06:45:00,AWS_02,0,normal,none,0,0.05450939893928458
2026-01-28 07:00:00,AWS_02,0,normal,none,0,0.06915489658065432
2026-01-28 07:15:00,AWS_02,0,normal,none,0,0.0649751402004845
2026-01-28 07:30:00,AWS_02,0,normal,none,0,0.062279790959697434
2026-01-28 07:45:00,AWS_02,0,normal,none,0,0.04072331035295429
2026-01-28 08:00:00,AWS_02,0,normal,none,0,0.003818333322112011
2026-01-28 08:15:00,AWS_02,0,normal,none,0,0.04226181680571062
2026-01-28 08:30:00,AWS_02,0,normal,none,0,0.07352794771367566
2026-01-28 08:45:00,AWS_02,0,normal,none,0,0.06116600913397979
2026-01-28 09:00:00,AWS_02,0,normal,none,0,0.05377536298946911
2026-01-28 09:15:00,AWS_02,0,normal,none,0,0.06435429336001497
2026-01-28 09:30:00,AWS_02,0,normal,none,0,0.026545186018936184
2026-01-28 09:45:00,AWS_02,0,normal,none,0,3.3418808482732487e-06
2026-01-28 10:00:00,AWS_02,0,normal,none,0,0.011168690425654049
2026-01-28 10:15:00,AWS_02,0,normal,none,0,0.0003216533216819917
2026-01-28 10:30:00,AWS_02,0,normal,none,0,0.06473033962356756
2026-01-28 10:45:00,AWS_02,0,normal,none,0,0.050579242369783894
2026-01-28 11:00:00,AWS_02,0,normal,none,0,0.06859984447833722
2026-01-28 11:15:00,AWS_02,0,normal,none,0,0.052626093623368286
2026-01-28 11:30:00,AWS_02,0,normal,none,0,0.04203648062256016
2026-01-28 11:45:00,AWS_02,0,normal,none,0,0.046473930240877315
2026-01-28 12:00:00,AWS_02,0,normal,none,0,0.07681886848261354
2026-01-28 12:15:00,AWS_02,0,normal,none,0,0.06490385320655001
2026-01-28 12:30:00,AWS_02,0,normal,none,0,0.029598674999192554
2026-01-28 12:45:00,AWS_02,0,normal,none,0,0.009055570298479254
2026-01-28 13:00:00,AWS_02,0,normal,none,0,0.03640536119228677
2026-01-28 13:15:00,AWS_02,0,normal,none,0,0.07556383837537944
2026-01-28 13:30:00,AWS_02,0,normal,none,0,0.031274309811543666
2026-01-28 13:45:00,AWS_02,0,normal,none,0,0.04653320390169935
2026-01-28 14:00:00,AWS_02,0,normal,none,0,0.037941895129898984
2026-01-28 14:15:00,AWS_02,0,normal,none,0,0.03918664121066062
2026-01-28 14:30:00,AWS_02,0,normal,none,0,0.05339605227381716
2026-01-28 14:45:00,AWS_02,0,normal,none,0,0.05058632261165713
2026-01-28 15:00:00,AWS_02,0,normal,none,0,0.07152085204640268
2026-01-28 15:15:00,AWS_02,0,normal,none,0,0.049684340460627086
2026-01-28 15:30:00,AWS_02,0,normal,none,0,0.05401546126264539
2026-01-28 15:45:00,AWS_02,0,normal,none,0,0.06152672473469428
2026-01-28 16:00:00,AWS_02,0,normal,none,0,0.07258735772565711
2026-01-28 16:15:00,AWS_02,0,normal,none,0,0.06596524139962268
2026-01-28 16:30:00,AWS_02,0,normal,none,0,0.06305566554360104
2026-01-28 16:45:00,AWS_02,0,normal,none,0,0.049899461137480894
2026-01-28 17:00:00,AWS_02,0,normal,none,0,0.05643502530615935
2026-01-28 17:15:00,AWS_02,0,normal,none,0,0.07073466843485693
2026-01-28 17:30:00,AWS_02,0,normal,none,0,0.07133716794708062
2026-01-28 17:45:00,AWS_02,0,normal,none,1,-0.013201799913009293
2026-01-28 18:00:00,AWS_02,0,normal,none,0,0.03720959626270148
2026-01-28 18:15:00,AWS_02,0,normal,none,0,0.06972683409664909
2026-01-28 18:30:00,AWS_02,0,normal,none,0,0.03825260242882389
2026-01-28 18:45:00,AWS_02,0,normal,none,0,0.06364613880755149
2026-01-28 19:00:00,AWS_02,0,normal,none,0,0.06138258165057042
2026-01-28 19:15:00,AWS_02,0,normal,none,0,0.05472756851462107
2026-01-28 19:30:00,AWS_02,0,normal,none,1,-3.533180746750908e-05
2026-01-28 19:45:00,AWS_02,0,normal,none,0,0.06531719234561828
2026-01-28 20:00:00,AWS_02,0,normal,none,0,0.0682916152867794
2026-01-28 20:15:00,AWS_02,0,normal,none,0,0.0770143304324506
2026-01-28 20:30:00,AWS_02,0,normal,none,0,0.07585128203154368
2026-01-28 20:45:00,AWS_02,0,normal,none,0,0.06276612130878145
2026-01-28 21:00:00,AWS_02,0,normal,none,0,0.06607601159263127
2026-01-28 21:15:00,AWS_02,0,normal,none,0,0.07188324085024472
2026-01-28 21:30:00,AWS_02,0,normal,none,0,0.05767261817520425
2026-01-28 21:45:00,AWS_02,0,normal,none,0,0.058032535303987776
2026-01-28 22:00:00,AWS_02,0,normal,none,0,0.07372388068876662
2026-01-28 22:15:00,AWS_02,0,normal,none,0,0.0781490626781271
2026-01-28 22:30:00,AWS_02,0,normal,none,0,0.025677389397743
2026-01-28 22:45:00,AWS_02,0,normal,none,0,0.041356796336276314
2026-01-28 23:00:00,AWS_02,0,normal,none,0,0.06192695765749279
2026-01-28 23:15:00,AWS_02,0,normal,none,0,0.05969192265328027
2026-01-28 23:30:00,AWS_02,0,normal,none,0,0.06554006732438672
2026-01-28 23:45:00,AWS_02,0,normal,none,0,0.06451802883040625
2026-01-29 00:00:00,AWS_02,0,normal,none,0,0.04976005789173743
2026-01-29 00:15:00,AWS_02,0,normal,none,0,0.054897178745713926
2026-01-29 00:30:00,AWS_02,0,normal,none,0,0.04816274274705323
2026-01-29 00:45:00,AWS_02,0,normal,none,0,0.05851800352154418
2026-01-29 01:00:00,AWS_02,1,missing_data,all,0,0.017905600985441694
2026-01-29 01:15:00,AWS_02,1,missing_data,all,0,0.03524608540559038
2026-01-29 01:30:00,AWS_02,1,missing_data,all,0,0.048126792990422995
2026-01-29 01:45:00,AWS_02,1,missing_data,all,0,0.028075611213714158
2026-01-29 02:00:00,AWS_02,1,missing_data,all,0,0.030038444747794935
2026-01-29 02:15:00,AWS_02,1,missing_data,all,0,0.01730023395424185
2026-01-29 02:30:00,AWS_02,1,missing_data,all,0,0.03838632222068172
2026-01-29 02:45:00,AWS_02,1,missing_data,all,0,0.02693946124123603
2026-01-29 03:00:00,AWS_02,0,normal,none,0,0.029968257988583713
2026-01-29 03:15:00,AWS_02,0,normal,none,0,0.051629079367405795
2026-01-29 03:30:00,AWS_02,0,normal,none,0,0.054213592162482616
2026-01-29 03:45:00,AWS_02,0,normal,none,0,0.05699032204214666
2026-01-29 04:00:00,AWS_02,0,normal,none,0,0.022496994204428966
2026-01-29 04:15:00,AWS_02,0,normal,none,0,0.022598651553816906
2026-01-29 04:30:00,AWS_02,0,normal,none,0,0.031048924579663906
2026-01-29 04:45:00,AWS_02,0,normal,none,0,0.04447356163541982
2026-01-29 05:00:00,AWS_02,0,normal,none,0,0.0316250413446717
2026-01-29 05:15:00,AWS_02,0,normal,none,0,0.05101074899194524
2026-01-29 05:30:00,AWS_02,0,normal,none,0,0.03321076292885716
2026-01-29 05:45:00,AWS_02,0,normal,none,0,0.020846343998613737
2026-01-29 06:00:00,AWS_02,0,normal,none,0,0.029523683610525486
2026-01-29 06:15:00,AWS_02,0,normal,none,0,0.044883675625664976
2026-01-29 06:30:00,AWS_02,0,normal,none,0,0.04750983425564059
2026-01-29 06:45:00,AWS_02,0,normal,none,0,0.032283332697349953
2026-01-29 07:00:00,AWS_02,0,normal,none,0,0.04762672743809793
2026-01-29 07:15:00,AWS_02,0,normal,none,0,0.057771313491857934
2026-01-29 07:30:00,AWS_02,0,normal,none,0,0.06038973164869704
2026-01-29 07:45:00,AWS_02,0,normal,none,0,0.06166254059860676
2026-01-29 08:00:00,AWS_02,0,normal,none,0,0.028760581084728343
2026-01-29 08:15:00,AWS_02,0,normal,none,0,0.028545094645321845
2026-01-29 08:30:00,AWS_02,0,normal,none,0,0.02625460832701121
2026-01-29 08:45:00,AWS_02,0,normal,none,0,0.06527307316158332
2026-01-29 09:00:00,AWS_02,0,normal,none,0,0.06094214065216391
2026-01-29 09:15:00,AWS_02,0,normal,none,0,0.03262883037014275
2026-01-29 09:30:00,AWS_02,0,normal,none,0,0.028087307376101878
2026-01-29 09:45:00,AWS_02,0,normal,none,0,0.007575395313539013
2026-01-29 10:00:00,AWS_02,0,normal,none,0,0.049790128186113
2026-01-29 10:15:00,AWS_02,0,normal,none,0,0.025376920182433316
2026-01-29 10:30:00,AWS_02,0,normal,none,0,0.04327514232222707
2026-01-29 10:45:00,AWS_02,0,normal,none,0,0.01929259681991846
2026-01-29 11:00:00,AWS_02,0,normal,none,1,-0.012027467832472438
2026-01-29 11:15:00,AWS_02,0,normal,none,0,0.04826681761819984
2026-01-29 11:30:00,AWS_02,0,normal,none,0,0.04253500280072808
2026-01-29 11:45:00,AWS_02,0,normal,none,0,0.026920272338064155
2026-01-29 12:00:00,AWS_02,0,normal,none,0,0.0236290985707589
2026-01-29 12:15:00,AWS_02,0,normal,none,0,0.044624000601941494
2026-01-29 12:30:00,AWS_02,0,normal,none,0,0.03831990345149394
2026-01-29 12:45:00,AWS_02,0,normal,none,1,-0.0015031178613088558
2026-01-29 13:00:00,AWS_02,0,normal,none,0,0.045981505652246235
2026-01-29 13:15:00,AWS_02,0,normal,none,0,0.05244137180793235
2026-01-29 13:30:00,AWS_02,0,normal,none,0,0.05436419714567031
2026-01-29 13:45:00,AWS_02,0,normal,none,0,0.03055381854199668
2026-01-29 14:00:00,AWS_02,0,normal,none,0,0.055981159904732625
2026-01-29 14:15:00,AWS_02,0,normal,none,1,-0.010247928378570692
2026-01-29 14:30:00,AWS_02,0,normal,none,0,0.009882902862229037
2026-01-29 14:45:00,AWS_02,0,normal,none,0,0.02502211482844463
2026-01-29 15:00:00,AWS_02,0,normal,none,0,0.008409776863329776
2026-01-29 15:15:00,AWS_02,0,normal,none,0,0.03538324906866652
2026-01-29 15:30:00,AWS_02,0,normal,none,0,0.03869845946948858
2026-01-29 15:45:00,AWS_02,0,normal,none,0,0.03319980297128122
2026-01-29 16:00:00,AWS_02,0,normal,none,0,0.02975759214179785
2026-01-29 16:15:00,AWS_02,0,normal,none,0,0.03468324729946626
2026-01-29 16:30:00,AWS_02,0,normal,none,1,-0.015320055252052933
2026-01-29 16:45:00,AWS_02,0,normal,none,0,0.05076811104351381
2026-01-29 17:00:00,AWS_02,0,normal,none,0,0.05225499853345911
2026-01-29 17:15:00,AWS_02,0,normal,none,0,0.050042200751848176
2026-01-29 17:30:00,AWS_02,0,normal,none,0,0.045247381892645544
2026-01-29 17:45:00,AWS_02,0,normal,none,0,0.04299712390922561
2026-01-29 18:00:00,AWS_02,0,normal,none,0,0.040830597653853884
2026-01-29 18:15:00,AWS_02,0,normal,none,0,0.05358334652623381
2026-01-29 18:30:00,AWS_02,0,normal,none,0,0.0236930201935025
2026-01-29 18:45:00,AWS_02,0,normal,none,1,-0.004557871040941408
2026-01-29 19:00:00,AWS_02,0,normal,none,0,0.028025328254061677
2026-01-29 19:15:00,AWS_02,0,normal,none,0,0.058465964149520266
2026-01-29 19:30:00,AWS_02,0,normal,none,0,0.0497671914170712
2026-01-29 19:45:00,AWS_02,0,normal,none,0,0.021269328539324173
2026-01-29 20:00:00,AWS_02,0,normal,none,0,0.009229427297561155
2026-01-29 20:15:00,AWS_02,0,normal,none,0,0.03070854961485614
2026-01-29 20:30:00,AWS_02,0,normal,none,0,0.01337043403126048
2026-01-29 20:45:00,AWS_02,0,normal,none,0,0.03416180662343915
2026-01-29 21:00:00,AWS_02,0,normal,none,0,0.054065835218810865
2026-01-29 21:15:00,AWS_02,0,normal,none,1,-0.026725014028970095
2026-01-29 21:30:00,AWS_02,0,normal,none,0,0.0537175925652324
2026-01-29 21:45:00,AWS_02,0,normal,none,0,0.04509601504526317
2026-01-29 22:00:00,AWS_02,0,normal,none,0,0.006938544500583732
2026-01-29 22:15:00,AWS_02,0,normal,none,0,0.027380083081622097
2026-01-29 22:30:00,AWS_02,0,normal,none,0,0.039306562103132436
2026-01-29 22:45:00,AWS_02,0,normal,none,1,-0.019296989704325807
2026-01-29 23:00:00,AWS_02,0,normal,none,1,-0.019507993470849194
2026-01-29 23:15:00,AWS_02,0,normal,none,0,0.001236172201100616
2026-01-29 23:30:00,AWS_02,0,normal,none,0,0.027081777020595665
2026-01-29 23:45:00,AWS_02,0,normal,none,0,0.03205973391698669
2026-01-30 00:00:00,AWS_02,1,multivariate_inconsistency,humidity,1,-0.05964735341827021
2026-01-30 00:15:00,AWS_02,1,multivariate_inconsistency,humidity,1,-0.01321858350434768
2026-01-30 00:30:00,AWS_02,1,multivariate_inconsistency,humidity,1,-0.009146490191793588
2026-01-30 00:45:00,AWS_02,1,multivariate_inconsistency,humidity,0,0.0005181331427576152
2026-01-30 01:00:00,AWS_02,1,multivariate_inconsistency,humidity,1,-0.005266874625112772
2026-01-30 01:15:00,AWS_02,1,multivariate_inconsistency,humidity,1,-0.03299638756626522
2026-01-30 01:30:00,AWS_02,0,normal,none,1,-0.039293361433258234
2026-01-30 01:45:00,AWS_02,0,normal,none,0,0.01067973809678402
2026-01-30 02:00:00,AWS_02,0,normal,none,0,0.008028437340664718
2026-01-30 02:15:00,AWS_02,0,normal,none,1,-0.01423639322000081
2026-01-30 02:30:00,AWS_02,0,normal,none,0,0.010660759013973453
2026-01-30 02:45:00,AWS_02,0,normal,none,1,-0.025965404269860715
2026-01-30 03:00:00,AWS_02,0,normal,none,1,-0.013343747459812705
2026-01-30 03:15:00,AWS_02,0,normal,none,1,-0.003824742354890276
2026-01-30 03:30:00,AWS_02,0,normal,none,0,0.01977515096895044
2026-01-30 03:45:00,AWS_02,0,normal,none,0,0.014535923919639648
2026-01-30 04:00:00,AWS_02,0,normal,none,1,-0.015012070548527157
2026-01-30 04:15:00,AWS_02,0,normal,none,1,-0.016091539010089195
2026-01-30 04:30:00,AWS_02,0,normal,none,1,-0.028271991128714258
2026-01-30 04:45:00,AWS_02,0,normal,none,0,0.003032926468055308
2026-01-30 05:00:00,AWS_02,0,normal,none,1,-0.003957981327925242
2026-01-30 05:15:00,AWS_02,0,normal,none,1,-0.00903299426769999
2026-01-30 05:30:00,AWS_02,0,normal,none,1,-0.013408247717038746
2026-01-30 05:45:00,AWS_02,0,normal,none,1,-0.0035168364972243404
2026-01-30 06:00:00,AWS_02,0,normal,none,1,-0.016426991017789105
2026-01-30 06:15:00,AWS_02,0,normal,none,1,-0.01145818588858849
2026-01-30 06:30:00,AWS_02,0,normal,none,0,0.03406103253433845
2026-01-30 06:45:00,AWS_02,0,normal,none,0,0.029497814148285784
2026-01-30 07:00:00,AWS_02,0,normal,none,0,0.019224583833386544
2026-01-30 07:15:00,AWS_02,0,normal,none,0,0.00975488604378949
2026-01-30 07:30:00,AWS_02,0,normal,none,0,0.03151999407444339
2026-01-30 07:45:00,AWS_02,0,normal,none,0,0.04380421929593248
2026-01-30 08:00:00,AWS_02,0,normal,none,0,0.022459189077036146
2026-01-30 08:15:00,AWS_02,0,normal,none,0,0.0007432421648774223
2026-01-30 08:30:00,AWS_02,0,normal,none,0,0.013527979870186724
2026-01-30 08:45:00,AWS_02,0,normal,none,0,0.009918433355765699
2026-01-30 09:00:00,AWS_02,0,normal,none,0,0.02540486403228892
2026-01-30 09:15:00,AWS_02,0,normal,none,0,0.024936278503638776
2026-01-30 09:30:00,AWS_02,0,normal,none,0,0.022790476616691313
2026-01-30 09:45:00,AWS_02,0,normal,none,0,0.01596709761210069
2026-01-30 10:00:00,AWS_02,0,normal,none,0,0.022611833737023024
2026-01-30 10:15:00,AWS_02,0,normal,none,0,0.028641872856174255
2026-01-30 10:30:00,AWS_02,0,normal,none,1,-0.00799974185785679
2026-01-30 10:45:00,AWS_02,0,normal,none,0,0.02718236360525017
2026-01-30 11:00:00,AWS_02,0,normal,none,0,0.015577045767365516
2026-01-30 11:15:00,AWS_02,0,normal,none,0,0.023329076392671566
2026-01-30 11:30:00,AWS_02,0,normal,none,0,0.04371828690405655
2026-01-30 11:45:00,AWS_02,0,normal,none,0,0.03834823935894094
2026-01-30 12:00:00,AWS_02,0,normal,none,0,0.03176431311400407
2026-01-30 12:15:00,AWS_02,0,normal,none,0,0.03496284148888973
2026-01-30 12:30:00,AWS_02,0,normal,none,0,0.023673409599078488
2026-01-30 12:45:00,AWS_02,0,normal,none,0,0.015265572992684051
2026-01-30 13:00:00,AWS_02,0,normal,none,1,-0.02536984893335459
2026-01-30 13:15:00,AWS_02,0,normal,none,0,0.013528816011149747
2026-01-30 13:30:00,AWS_02,0,normal,none,0,0.034198873057809775
2026-01-30 13:45:00,AWS_02,0,normal,none,1,-0.001937998319505252
2026-01-30 14:00:00,AWS_02,0,normal,none,0,0.03168517628181833
2026-01-30 14:15:00,AWS_02,0,normal,none,0,0.030326486678642794
2026-01-30 14:30:00,AWS_02,0,normal,none,0,0.025446359496608006
2026-01-30 14:45:00,AWS_02,0,normal,none,0,0.030282166625835494
2026-01-30 15:00:00,AWS_02,0,normal,none,0,0.03180538566266411
2026-01-30 15:15:00,AWS_02,0,normal,none,1,-0.020847540892498295
2026-01-30 15:30:00,AWS_02,0,normal,none,1,-0.05763176727931563
2026-01-30 15:45:00,AWS_02,0,normal,none,0,0.03246338816034411
2026-01-30 16:00:00,AWS_02,0,normal,none,0,0.02557395527246753
2026-01-30 16:15:00,AWS_02,0,normal,none,0,0.020657959683907712
2026-01-30 16:30:00,AWS_02,0,normal,none,0,0.01872392125873068
2026-01-30 16:45:00,AWS_02,0,normal,none,0,0.02846157002902827
2026-01-30 17:00:00,AWS_02,0,normal,none,0,0.025822116539609197
2026-01-30 17:15:00,AWS_02,0,normal,none,0,0.030327152479401986
2026-01-30 17:30:00,AWS_02,0,normal,none,0,0.00853571410066456
2026-01-30 17:45:00,AWS_02,0,normal,none,1,-0.021994588200192844
2026-01-30 18:00:00,AWS_02,0,normal,none,1,-0.009925347114537186
2026-01-30 18:15:00,AWS_02,0,normal,none,0,0.028629981090942835
2026-01-30 18:30:00,AWS_02,0,normal,none,0,0.033779814712942
2026-01-30 18:45:00,AWS_02,0,normal,none,1,-0.024945574364445
2026-01-30 19:00:00,AWS_02,0,normal,none,0,0.008101045300078935
2026-01-30 19:15:00,AWS_02,0,normal,none,1,-0.021178751691544595
2026-01-30 19:30:00,AWS_02,0,normal,none,1,-0.022099449701840856
2026-01-30 19:45:00,AWS_02,0,normal,none,1,-0.00891791123887442
2026-01-30 20:00:00,AWS_02,0,normal,none,0,0.04287704928024272
2026-01-30 20:15:00,AWS_02,0,normal,none,0,0.04150357225690049
2026-01-30 20:30:00,AWS_02,0,normal,none,0,0.021209806875415627
2026-01-30 20:45:00,AWS_02,0,normal,none,0,0.03440862000805023
2026-01-30 21:00:00,AWS_02,0,normal,none,0,0.025330267244137006
2026-01-30 21:15:00,AWS_02,0,normal,none,0,0.013236601422471295
2026-01-30 21:30:00,AWS_02,0,normal,none,1,-0.00463044591030104
2026-01-30 21:45:00,AWS_02,0,normal,none,1,-0.03796138496766466
2026-01-30 22:00:00,AWS_02,1,missing_data,all,0,0.03067011435257372
2026-01-30 22:15:00,AWS_02,1,missing_data,all,0,0.03594300099887049
2026-01-30 22:30:00,AWS_02,1,missing_data,all,0,0.03386943429596034
2026-01-30 22:45:00,AWS_02,1,missing_data,all,0,0.0019094259640451972
2026-01-30 23:00:00,AWS_02,1,missing_data,all,1,-0.1504975063087084
2026-01-30 23:15:00,AWS_02,1,missing_data,all,1,-0.07018190122089618
2026-01-30 23:30:00,AWS_02,1,missing_data,all,1,-0.07018190122089618
2026-01-30 23:45:00,AWS_02,1,missing_data,all,1,-0.07018190122089618
2026-01-01 00:15:00,AWS_03,0,normal,none,0,0.05846051306122263
2026-01-01 00:30:00,AWS_03,0,normal,none,0,0.05210433737203546
2026-01-01 00:45:00,AWS_03,0,normal,none,0,0.050860106077581124
2026-01-01 01:00:00,AWS_03,0,normal,none,0,0.04789740368140527
2026-01-01 01:15:00,AWS_03,0,normal,none,0,0.06169947721614627
2026-01-01 01:30:00,AWS_03,0,normal,none,0,0.06491376702982854
2026-01-01 01:45:00,AWS_03,0,normal,none,0,0.030883029074672552
2026-01-01 02:00:00,AWS_03,0,normal,none,0,0.05236567290618166
2026-01-01 02:15:00,AWS_03,0,normal,none,0,0.041150779521675784
2026-01-01 02:30:00,AWS_03,0,normal,none,0,0.04036046074482236
2026-01-01 02:45:00,AWS_03,0,normal,none,0,0.047607847833019745
2026-01-01 03:00:00,AWS_03,0,normal,none,0,0.055279247640838414
2026-01-01 03:15:00,AWS_03,0,normal,none,0,0.07095540935890737
2026-01-01 03:30:00,AWS_03,0,normal,none,0,0.050888708318543974
2026-01-01 03:45:00,AWS_03,0,normal,none,0,0.05583599827580532
2026-01-01 04:00:00,AWS_03,0,normal,none,0,0.06547289731763428
2026-01-01 04:15:00,AWS_03,0,normal,none,0,0.07570617383810507
2026-01-01 04:30:00,AWS_03,0,normal,none,0,0.04399553419907032
2026-01-01 04:45:00,AWS_03,0,normal,none,0,0.05315057239283699
2026-01-01 05:00:00,AWS_03,0,normal,none,0,0.015378350197599477
2026-01-01 05:15:00,AWS_03,0,normal,none,0,0.04083657831525356
2026-01-01 05:30:00,AWS_03,0,normal,none,0,0.04918938727108868
2026-01-01 05:45:00,AWS_03,0,normal,none,0,0.04083753911750965
2026-01-01 06:00:00,AWS_03,0,normal,none,0,0.060207714685277025
2026-01-01 06:15:00,AWS_03,0,normal,none,0,0.06896012647571848
2026-01-01 06:30:00,AWS_03,0,normal,none,0,0.06957570332288432
2026-01-01 06:45:00,AWS_03,0,normal,none,0,0.07648486105654945
2026-01-01 07:00:00,AWS_03,0,normal,none,0,0.06006157236718812
2026-01-01 07:15:00,AWS_03,0,normal,none,0,0.054666599180301145
2026-01-01 07:30:00,AWS_03,0,normal,none,0,0.06852672046736102
2026-01-01 07:45:00,AWS_03,0,normal,none,0,0.054791046101004826
2026-01-01 08:00:00,AWS_03,0,normal,none,0,0.05161849630008536
2026-01-01 08:15:00,AWS_03,0,normal,none,0,0.02869621904767994
2026-01-01 08:30:00,AWS_03,0,normal,none,0,0.07068664343886177
2026-01-01 08:45:00,AWS_03,0,normal,none,1,-0.01017454383968397
2026-01-01 09:00:00,AWS_03,0,normal,none,0,0.010454145943559978
2026-01-01 09:15:00,AWS_03,0,normal,none,0,0.048278880802157365
2026-01-01 09:30:00,AWS_03,0,normal,none,0,0.0718061002614318
2026-01-01 09:45:00,AWS_03,0,normal,none,0,0.010395553534509938
2026-01-01 10:00:00,AWS_03,0,normal,none,0,0.02269731500540939
2026-01-01 10:15:00,AWS_03,0,normal,none,0,0.035033907546592746
2026-01-01 10:30:00,AWS_03,0,normal,none,0,0.043030047031203056
2026-01-01 10:45:00,AWS_03,0,normal,none,0,0.046420013519385295
2026-01-01 11:00:00,AWS_03,0,normal,none,0,0.029980201152119634
2026-01-01 11:15:00,AWS_03,0,normal,none,0,0.05184548959343355
2026-01-01 11:30:00,AWS_03,0,normal,none,0,0.06429560862046407
2026-01-01 11:45:00,AWS_03,0,normal,none,0,0.023402608710445638
2026-01-01 12:00:00,AWS_03,0,normal,none,0,0.052958909393682696
2026-01-01 12:15:00,AWS_03,0,normal,none,0,0.05272801950895367
2026-01-01 12:30:00,AWS_03,0,normal,none,0,0.017272793247932405
2026-01-01 12:45:00,AWS_03,0,normal,none,1,-0.03319464238718406
2026-01-01 13:00:00,AWS_03,0,normal,none,0,0.018874094164272215
2026-01-01 13:15:00,AWS_03,0,normal,none,0,0.049267601986488496
2026-01-01 13:30:00,AWS_03,0,normal,none,0,0.040020373482629545
2026-01-01 13:45:00,AWS_03,0,normal,none,0,0.04063303111131844
2026-01-01 14:00:00,AWS_03,0,normal,none,0,0.04730512492076577
2026-01-01 14:15:00,AWS_03,0,normal,none,0,0.03131327651579563
2026-01-01 14:30:00,AWS_03,0,normal,none,0,0.049130670973963286
2026-01-01 14:45:00,AWS_03,0,normal,none,0,0.051193183492420635
2026-01-01 15:00:00,AWS_03,0,normal,none,0,0.05196421693079967
2026-01-01 15:15:00,AWS_03,0,normal,none,0,0.05183178583096759
2026-01-01 15:30:00,AWS_03,0,normal,none,0,0.05808963666397854
2026-01-01 15:45:00,AWS_03,0,normal,none,0,0.013473925644351348
2026-01-01 16:00:00,AWS_03,0,normal,none,0,0.024713678031077047
2026-01-01 16:15:00,AWS_03,0,normal,none,0,0.039068727054256014
2026-01-01 16:30:00,AWS_03,0,normal,none,0,0.04047555369008482
2026-01-01 16:45:00,AWS_03,0,normal,none,0,0.032622598170688355
2026-01-01 17:00:00,AWS_03,0,normal,none,0,0.04860309850639133
2026-01-01 17:15:00,AWS_03,0,normal,none,0,0.04593495380910939
2026-01-01 17:30:00,AWS_03,0,normal,none,0,0.04184078179025241
2026-01-01 17:45:00,AWS_03,0,normal,none,0,0.06333037253391577
2026-01-01 18:00:00,AWS_03,0,normal,none,0,0.02545336963722078
2026-01-01 18:15:00,AWS_03,0,normal,none,0,0.04866913603345824
2026-01-01 18:30:00,AWS_03,0,normal,none,0,0.03448349064038292
2026-01-01 18:45:00,AWS_03,0,normal,none,0,0.05518018215837578
2026-01-01 19:00:00,AWS_03,0,normal,none,0,0.007927125747930419
2026-01-01 19:15:00,AWS_03,0,normal,none,0,0.047704163572254266
2026-01-01 19:30:00,AWS_03,0,normal,none,0,0.06343445632942984
2026-01-01 19:45:00,AWS_03,0,normal,none,0,0.04838895126300591
2026-01-01 20:00:00,AWS_03,0,normal,none,0,0.05635377023587912
2026-01-01 20:15:00,AWS_03,0,normal,none,0,0.07296889539526902
2026-01-01 20:30:00,AWS_03,0,normal,none,0,0.03151903270996648
2026-01-01 20:45:00,AWS_03,0,normal,none,0,0.04793491538559358
2026-01-01 21:00:00,AWS_03,0,normal,none,0,0.04282958252305802
2026-01-01 21:15:00,AWS_03,0,normal,none,0,0.04688242910045004
2026-01-01 21:30:00,AWS_03,0,normal,none,0,0.061564578911954215
2026-01-01 21:45:00,AWS_03,0,normal,none,0,0.06170363706168247
2026-01-01 22:00:00,AWS_03,0,normal,none,0,0.04515022484199305
2026-01-01 22:15:00,AWS_03,0,normal,none,0,0.05231073832469563
2026-01-01 22:30:00,AWS_03,0,normal,none,0,0.05905391851041791
2026-01-01 22:45:00,AWS_03,0,normal,none,0,0.05223106114988291
2026-01-01 23:00:00,AWS_03,0,normal,none,0,0.03955557522632058
2026-01-01 23:15:00,AWS_03,0,normal,none,0,0.02856328939281716
2026-01-01 23:30:00,AWS_03,0,normal,none,0,0.06870009266396665
2026-01-01 23:45:00,AWS_03,0,normal,none,0,0.06845961600888922
2026-01-02 00:00:00,AWS_03,0,normal,none,0,0.06297389703061157
2026-01-02 00:15:00,AWS_03,0,normal,none,0,0.04977607754292673
2026-01-02 00:30:00,AWS_03,0,normal,none,0,0.031018366113607643
2026-01-02 00:45:00,AWS_03,0,normal,none,0,0.062408098453294425
2026-01-02 01:00:00,AWS_03,0,normal,none,0,0.0653133172930701
2026-01-02 01:15:00,AWS_03,1,temperature_spike,temperature,1,-0.024238609507640008
2026-01-02 01:30:00,AWS_03,0,normal,none,0,0.015177179332001134
2026-01-02 01:45:00,AWS_03,0,normal,none,0,0.06612239898864558
2026-01-02 02:00:00,AWS_03,0,normal,none,0,0.041206425972121874
2026-01-02 02:15:00,AWS_03,0,normal,none,0,0.03796028329964585
2026-01-02 02:30:00,AWS_03,0,normal,none,0,0.05560615470694075
2026-01-02 02:45:00,AWS_03,0,normal,none,0,0.06150195957373783
2026-01-02 03:00:00,AWS_03,0,normal,none,0,0.040965392699753855
2026-01-02 03:15:00,AWS_03,0,normal,none,0,0.07163943477787343
2026-01-02 03:30:00,AWS_03,0,normal,none,0,0.05057662944799646
2026-01-02 03:45:00,AWS_03,0,normal,none,0,0.05919326277917769
2026-01-02 04:00:00,AWS_03,0,normal,none,0,0.07411150839670905
2026-01-02 04:15:00,AWS_03,0,normal,none,0,0.06419012734639978
2026-01-02 04:30:00,AWS_03,0,normal,none,0,0.053919000950365836
2026-01-02 04:45:00,AWS_03,0,normal,none,0,0.03207150192074926
2026-01-02 05:00:00,AWS_03,0,normal,none,0,0.0602484387752219
2026-01-02 05:15:00,AWS_03,0,normal,none,0,0.018492684390823966
2026-01-02 05:30:00,AWS_03,0,normal,none,0,0.04330735197905844
2026-01-02 05:45:00,AWS_03,0,normal,none,0,0.06928024208759931
2026-01-02 06:00:00,AWS_03,0,normal,none,0,0.0007360638913180839
2026-01-02 06:15:00,AWS_03,0,normal,none,0,0.06354439130685974
2026-01-02 06:30:00,AWS_03,0,normal,none,0,0.05039087238534473
2026-01-02 06:45:00,AWS_03,0,normal,none,0,0.016978749050726938
2026-01-02 07:00:00,AWS_03,0,normal,none,0,0.004634688562426548
2026-01-02 07:15:00,AWS_03,0,normal,none,0,0.07521069652209905
2026-01-02 07:30:00,AWS_03,0,normal,none,0,0.037887499688344484
2026-01-02 07:45:00,AWS_03,0,normal,none,0,0.0516483619150826
2026-01-02 08:00:00,AWS_03,0,normal,none,0,0.05321345167404029
2026-01-02 08:15:00,AWS_03,0,normal,none,0,0.04912007554265385
2026-01-02 08:30:00,AWS_03,0,normal,none,0,0.06999392652643549
2026-01-02 08:45:00,AWS_03,0,normal,none,0,0.04288090728038574
2026-01-02 09:00:00,AWS_03,0,normal,none,0,0.06357331778525283
2026-01-02 09:15:00,AWS_03,0,normal,none,1,-0.014200838378044423
2026-01-02 09:30:00,AWS_03,0,normal,none,0,0.06253858924764683
2026-01-02 09:45:00,AWS_03,0,normal,none,0,0.0678238857728159
2026-01-02 10:00:00,AWS_03,0,normal,none,0,0.060241182182301345
2026-01-02 10:15:00,AWS_03,0,normal,none,0,0.03643514197820463
2026-01-02 10:30:00,AWS_03,0,normal,none,0,0.027693136022358233
2026-01-02 10:45:00,AWS_03,0,normal,none,0,0.04835509654524628
2026-01-02 11:00:00,AWS_03,0,normal,none,0,0.07179852756598154
2026-01-02 11:15:00,AWS_03,0,normal,none,0,0.07157850524805909
2026-01-02 11:30:00,AWS_03,0,normal,none,0,0.06545814641332415
2026-01-02 11:45:00,AWS_03,0,normal,none,0,0.05040876792800825
2026-01-02 12:00:00,AWS_03,0,normal,none,0,0.06271313169103815
2026-01-02 12:15:00,AWS_03,0,normal,none,0,0.020820337559662727
2026-01-02 12:30:00,AWS_03,0,normal,none,1,-0.0006047806748126217
2026-01-02 12:45:00,AWS_03,0,normal,none,0,0.03330666410560357
2026-01-02 13:00:00,AWS_03,0,normal,none,0,0.044638051283147906
2026-01-02 13:15:00,AWS_03,0,normal,none,0,0.030896596700210388
2026-01-02 13:30:00,AWS_03,0,normal,none,0,0.0371136031433974
2026-01-02 13:45:00,AWS_03,0,normal,none,0,0.0319062716900258
2026-01-02 14:00:00,AWS_03,0,normal,none,0,0.04902489222012529
2026-01-02 14:15:00,AWS_03,0,normal,none,0,0.027639228951796713
2026-01-02 14:30:00,AWS_03,0,normal,none,0,0.01661796387217318
2026-01-02 14:45:00,AWS_03,0,normal,none,0,0.045143092557205056
2026-01-02 15:00:00,AWS_03,0,normal,none,0,0.05313817365517709
2026-01-02 15:15:00,AWS_03,0,normal,none,0,0.05774192664305122
2026-01-02 15:30:00,AWS_03,0,normal,none,0,0.027446894749833417
2026-01-02 15:45:00,AWS_03,0,normal,none,0,0.03009739602956618
2026-01-02 16:00:00,AWS_03,0,normal,none,0,0.019365524825367686
2026-01-02 16:15:00,AWS_03,0,normal,none,0,0.03854128903105658
2026-01-02 16:30:00,AWS_03,0,normal,none,0,0.06045662990087142
2026-01-02 16:45:00,AWS_03,0,normal,none,0,0.07111198712236916
2026-01-02 17:00:00,AWS_03,0,normal,none,0,0.05691203301605424
2026-01-02 17:15:00,AWS_03,0,normal,none,0,0.03228846556701004
2026-01-02 17:30:00,AWS_03,0,normal,none,0,0.0528786412570475
2026-01-02 17:45:00,AWS_03,0,normal,none,0,0.0776078588008422
2026-01-02 18:00:00,AWS_03,0,normal,none,0,0.05879233154068697
2026-01-02 18:15:00,AWS_03,0,normal,none,0,0.04406165269240925
2026-01-02 18:30:00,AWS_03,0,normal,none,0,0.07466955896774607
2026-01-02 18:45:00,AWS_03,0,normal,none,0,0.07202585821625956
2026-01-02 19:00:00,AWS_03,0,normal,none,0,0.07992049767169918
2026-01-02 19:15:00,AWS_03,0,normal,none,0,0.049839655758523393
2026-01-02 19:30:00,AWS_03,0,normal,none,0,0.04861355691533353
2026-01-02 19:45:00,AWS_03,0,normal,none,0,0.06052746172439205
2026-01-02 20:00:00,AWS_03,0,normal,none,0,0.06712142103838925
2026-01-02 20:15:00,AWS_03,0,normal,none,0,0.0769448294433307
2026-01-02 20:30:00,AWS_03,0,normal,none,0,0.07583865880415525
2026-01-02 20:45:00,AWS_03,0,normal,none,0,0.03547760627525376
2026-01-02 21:00:00,AWS_03,0,normal,none,0,0.03406532122179562
2026-01-02 21:15:00,AWS_03,0,normal,none,0,0.034862729826769745
2026-01-02 21:30:00,AWS_03,0,normal,none,0,0.08406833786763462
2026-01-02 21:45:00,AWS_03,0,normal,none,0,0.08325013544005055
2026-01-02 22:00:00,AWS_03,0,normal,none,0,0.07451724351981354
2026-01-02 22:15:00,AWS_03,0,normal,none,0,0.07393847025494277
2026-01-02 22:30:00,AWS_03,0,normal,none,0,0.04613515584007366
2026-01-02 22:45:00,AWS_03,0,normal,none,0,0.07394442213312702
2026-01-02 23:00:00,AWS_03,0,normal,none,0,0.07867250653889474
2026-01-02 23:15:00,AWS_03,0,normal,none,0,0.0602393420849619
2026-01-02 23:30:00,AWS_03,0,normal,none,0,0.06427768919604859
2026-01-02 23:45:00,AWS_03,0,normal,none,0,0.07399358054535632
2026-01-03 00:00:00,AWS_03,0,normal,none,0,0.07684943987418025
2026-01-03 00:15:00,AWS_03,0,normal,none,0,0.035494549654498386
2026-01-03 00:30:00,AWS_03,0,normal,none,0,0.054267478112816125
2026-01-03 00:45:00,AWS_03,0,normal,none,0,0.05586565025223156
2026-01-03 01:00:00,AWS_03,0,normal,none,0,0.08621275918706128
2026-01-03 01:15:00,AWS_03,0,normal,none,0,0.0689090444561492
2026-01-03 01:30:00,AWS_03,0,normal,none,0,0.050286092329610566
2026-01-03 01:45:00,AWS_03,0,normal,none,0,0.06803439188207405
2026-01-03 02:00:00,AWS_03,0,normal,none,0,0.08202733349622898
2026-01-03 02:15:00,AWS_03,0,normal,none,0,0.07903953206830361
2026-01-03 02:30:00,AWS_03,0,normal,none,0,0.06262982578697662
2026-01-03 02:45:00,AWS_03,0,normal,none,0,0.02535823238611057
2026-01-03 03:00:00,AWS_03,0,normal,none,0,0.017872640397133432
2026-01-03 03:15:00,AWS_03,0,normal,none,0,0.07635607806505618
2026-01-03 03:30:00,AWS_03,0,normal,none,0,0.051492939602415744
2026-01-03 03:45:00,AWS_03,0,normal,none,0,0.042718796216860255
2026-01-03 04:00:00,AWS_03,0,normal,none,0,0.06741270122665727
2026-01-03 04:15:00,AWS_03,0,normal,none,0,0.04261034490568505
2026-01-03 04:30:00,AWS_03,0,normal,none,0,0.04281512483930783
2026-01-03 04:45:00,AWS_03,0,normal,none,0,0.06125012838564858
2026-01-03 05:00:00,AWS_03,0,normal,none,0,0.009070843202943824
2026-01-03 05:15:00,AWS_03,0,normal,none,0,0.05882533588622724
2026-01-03 05:30:00,AWS_03,0,normal,none,0,0.039824125219177664
2026-01-03 05:45:00,AWS_03,0,normal,none,0,0.07710932669209403
2026-01-03 06:00:00,AWS_03,0,normal,none,0,0.06189461800461005
2026-01-03 06:15:00,AWS_03,0,normal,none,0,0.036267600544318546
2026-01-03 06:30:00,AWS_03,0,normal,none,0,0.04718324597654233
2026-01-03 06:45:00,AWS_03,0,normal,none,0,0.08531003414583399
2026-01-03 07:00:00,AWS_03,0,normal,none,0,0.09233755154462547
2026-01-03 07:15:00,AWS_03,0,normal,none,0,0.06814074056982694
2026-01-03 07:30:00,AWS_03,0,normal,none,0,0.06273418442660017
2026-01-03 07:45:00,AWS_03,0,normal,none,0,0.07197720523995604
2026-01-03 08:00:00,AWS_03,0,normal,none,0,0.002401208675105293
2026-01-03 08:15:00,AWS_03,0,normal,none,0,0.061340178454835304
2026-01-03 08:30:00,AWS_03,0,normal,none,0,0.059268132070447066
2026-01-03 08:45:00,AWS_03,0,normal,none,0,0.014329060056271992
2026-01-03 09:00:00,AWS_03,0,normal,none,0,0.036332048672106265
2026-01-03 09:15:00,AWS_03,0,normal,none,0,0.06263153034426644
2026-01-03 09:30:00,AWS_03,0,normal,none,0,0.044181473334495736
2026-01-03 09:45:00,AWS_03,0,normal,none,0,0.0590079439703029
2026-01-03 10:00:00,AWS_03,0,normal,none,0,0.06253727736990078
2026-01-03 10:15:00,AWS_03,0,normal,none,0,0.03940372439340145
2026-01-03 10:30:00,AWS_03,0,normal,none,0,0.0566422755665128
2026-01-03 10:45:00,AWS_03,0,normal,none,0,0.057436812769145806
2026-01-03 11:00:00,AWS_03,0,normal,none,0,0.07030393852109013
2026-01-03 11:15:00,AWS_03,0,normal,none,0,0.06614047474985718
2026-01-03 11:30:00,AWS_03,0,normal,none,0,0.06357046871323213
2026-01-03 11:45:00,AWS_03,0,normal,none,0,0.06997457152107728
2026-01-03 12:00:00,AWS_03,0,normal,none,0,0.070690218965959
2026-01-03 12:15:00,AWS_03,0,normal,none,0,0.07427401836890574
2026-01-03 12:30:00,AWS_03,0,normal,none,0,0.05139963460512231
2026-01-03 12:45:00,AWS_03,0,normal,none,0,0.00924248434088315
2026-01-03 13:00:00,AWS_03,0,normal,none,0,0.040758023101057916
2026-01-03 13:15:00,AWS_03,0,normal,none,0,0.023605496612083554
2026-01-03 13:30:00,AWS_03,0,normal,none,0,0.02807150474325737
2026-01-03 13:45:00,AWS_03,0,normal,none,0,0.028330583632448336
2026-01-03 14:00:00,AWS_03,0,normal,none,0,0.03323505456184983
2026-01-03 14:15:00,AWS_03,0,normal,none,0,0.05143185609844797
2026-01-03 14:30:00,AWS_03,0,normal,none,0,0.01094922816778332
2026-01-03 14:45:00,AWS_03,0,normal,none,0,0.0258066948328477
2026-01-03 15:00:00,AWS_03,0,normal,none,1,-0.013699585604433406
2026-01-03 15:15:00,AWS_03,0,normal,none,0,0.012575520203314317
2026-01-03 15:30:00,AWS_03,0,normal,none,0,0.04948429168529417
2026-01-03 15:45:00,AWS_03,0,normal,none,0,0.05107897125953176
2026-01-03 16:00:00,AWS_03,0,normal,none,0,0.05037938619594623
2026-01-03 16:15:00,AWS_03,0,normal,none,0,0.04785481844981909
2026-01-03 16:30:00,AWS_03,0,normal,none,0,0.05499272465476002
2026-01-03 16:45:00,AWS_03,0,normal,none,0,0.037332204107880185
2026-01-03 17:00:00,AWS_03,0,normal,none,0,0.05362635090921086
2026-01-03 17:15:00,AWS_03,0,normal,none,0,0.0396476787511203
2026-01-03 17:30:00,AWS_03,0,normal,none,0,0.05589701529697794
2026-01-03 17:45:00,AWS_03,0,normal,none,0,0.035107619557882774
2026-01-03 18:00:00,AWS_03,0,normal,none,0,0.04312596577306271
2026-01-03 18:15:00,AWS_03,0,normal,none,0,0.06207791064594176
2026-01-03 18:30:00,AWS_03,0,normal,none,0,0.06770483911631131
2026-01-03 18:45:00,AWS_03,0,normal,none,0,0.0550285072168431
2026-01-03 19:00:00,AWS_03,0,normal,none,0,0.025566419761302472
2026-01-03 19:15:00,AWS_03,0,normal,none,0,0.04586472182150225
2026-01-03 19:30:00,AWS_03,0,normal,none,0,0.06778053558889408
2026-01-03 19:45:00,AWS_03,0,normal,none,0,0.06769466519022488
2026-01-03 20:00:00,AWS_03,0,normal,none,0,0.06794543826246385
2026-01-03 20:15:00,AWS_03,0,normal,none,0,0.07052600363555606
2026-01-03 20:30:00,AWS_03,0,normal,none,0,0.05310638269430634
2026-01-03 20:45:00,AWS_03,0,normal,none,0,0.07032157682975482
2026-01-03 21:00:00,AWS_03,0,normal,none,0,0.055180434172080906
2026-01-03 21:15:00,AWS_03,0,normal,none,0,0.0692535697897324
2026-01-03 21:30:00,AWS_03,0,normal,none,0,0.05492850535107885
2026-01-03 21:45:00,AWS_03,0,normal,none,0,0.08128108947563062
2026-01-03 22:00:00,AWS_03,0,normal,none,0,0.0647990478382432
2026-01-03 22:15:00,AWS_03,0,normal,none,0,0.06118559266404211
2026-01-03 22:30:00,AWS_03,0,normal,none,0,0.06280428546719796
2026-01-03 22:45:00,AWS_03,0,normal,none,0,0.05068853590390521
2026-01-03 23:00:00,AWS_03,0,normal,none,0,0.05449136460152337
2026-01-03 23:15:00,AWS_03,0,normal,none,0,0.06675828663540923
2026-01-03 23:30:00,AWS_03,0,normal,none,0,0.038011347585327426
2026-01-03 23:45:00,AWS_03,0,normal,none,0,0.04342156174890921
2026-01-04 00:00:00,AWS_03,0,normal,none,0,0.06032704278860379
2026-01-04 00:15:00,AWS_03,0,normal,none,0,0.07333420873040059
2026-01-04 00:30:00,AWS_03,0,normal,none,1,-0.011878679359015432
2026-01-04 00:45:00,AWS_03,0,normal,none,0,0.047632721011710566
2026-01-04 01:00:00,AWS_03,0,normal,none,0,0.04855126741055393
2026-01-04 01:15:00,AWS_03,0,normal,none,0,0.050270133108760995
2026-01-04 01:30:00,AWS_03,1,temperature_drop,temperature,0,0.010642689809692518
2026-01-04 01:45:00,AWS_03,0,normal,none,0,0.01647156829660934
2026-01-04 02:00:00,AWS_03,0,normal,none,0,0.03541156011788138
2026-01-04 02:15:00,AWS_03,0,normal,none,0,0.0714678800931195
2026-01-04 02:30:00,AWS_03,0,normal,none,0,0.04289341763655652
2026-01-04 02:45:00,AWS_03,0,normal,none,0,0.0696321538799613
2026-01-04 03:00:00,AWS_03,0,normal,none,0,0.051877614650343684
2026-01-04 03:15:00,AWS_03,0,normal,none,0,0.05806275232658109
2026-01-04 03:30:00,AWS_03,0,normal,none,0,0.010849851477457984
2026-01-04 03:45:00,AWS_03,0,normal,none,0,0.0678034228844156
2026-01-04 04:00:00,AWS_03,0,normal,none,0,0.04267689046040202
2026-01-04 04:15:00,AWS_03,0,normal,none,0,0.07151703215553473
2026-01-04 04:30:00,AWS_03,0,normal,none,0,0.06348377441901759
2026-01-04 04:45:00,AWS_03,0,normal,none,0,0.06154111412289054
2026-01-04 05:00:00,AWS_03,0,normal,none,0,0.024767065944205746
2026-01-04 05:15:00,AWS_03,0,normal,none,0,0.05368511662984504
2026-01-04 05:30:00,AWS_03,0,normal,none,0,0.06063653233450034
2026-01-04 05:45:00,AWS_03,0,normal,none,0,0.07496669083410995
2026-01-04 06:00:00,AWS_03,0,normal,none,0,0.05479559836015452
2026-01-04 06:15:00,AWS_03,0,normal,none,0,0.005672737896713298
2026-01-04 06:30:00,AWS_03,0,normal,none,0,0.06644328167834046
2026-01-04 06:45:00,AWS_03,0,normal,none,0,0.06322076200277488
2026-01-04 07:00:00,AWS_03,0,normal,none,0,0.07545612591739242
2026-01-04 07:15:00,AWS_03,0,normal,none,0,0.060981502331673376
2026-01-04 07:30:00,AWS_03,0,normal,none,0,0.08150885561018034
2026-01-04 07:45:00,AWS_03,0,normal,none,0,0.05317837535005704
2026-01-04 08:00:00,AWS_03,0,normal,none,0,0.07576647814606735
2026-01-04 08:15:00,AWS_03,0,normal,none,0,0.06700103196503221
2026-01-04 08:30:00,AWS_03,0,normal,none,0,0.0743794758905284
2026-01-04 08:45:00,AWS_03,0,normal,none,0,0.04940897706434855
2026-01-04 09:00:00,AWS_03,0,normal,none,0,0.05746164583743324
2026-01-04 09:15:00,AWS_03,0,normal,none,0,0.0830648776672841
2026-01-04 09:30:00,AWS_03,0,normal,none,0,0.08923615333865753
2026-01-04 09:45:00,AWS_03,0,normal,none,0,0.07663959411860644
2026-01-04 10:00:00,AWS_03,0,normal,none,0,0.07969108190463942
2026-01-04 10:15:00,AWS_03,0,normal,none,0,0.08669039615883772
2026-01-04 10:30:00,AWS_03,0,normal,none,0,0.08097854706835844
2026-01-04 10:45:00,AWS_03,0,normal,none,0,0.07251428538769172
2026-01-04 11:00:00,AWS_03,0,normal,none,0,0.02961980537350961
2026-01-04 11:15:00,AWS_03,0,normal,none,0,0.0761250994675115
2026-01-04 11:30:00,AWS_03,0,normal,none,0,0.05028891339965125
2026-01-04 11:45:00,AWS_03,0,normal,none,0,0.06856013933997623
2026-01-04 12:00:00,AWS_03,0,normal,none,0,0.05786667247801236
2026-01-04 12:15:00,AWS_03,0,normal,none,0,0.043774397335496595
2026-01-04 12:30:00,AWS_03,0,normal,none,0,0.06911169693011837
2026-01-04 12:45:00,AWS_03,0,normal,none,0,0.046605676939685314
2026-01-04 13:00:00,AWS_03,0,normal,none,0,0.04664618022816436
2026-01-04 13:15:00,AWS_03,0,normal,none,0,0.05376461221672013
2026-01-04 13:30:00,AWS_03,0,normal,none,0,0.03480536439773452
2026-01-04 13:45:00,AWS_03,0,normal,none,0,0.06390951333038986
2026-01-04 14:00:00,AWS_03,0,normal,none,1,-0.007356010191297613
2026-01-04 14:15:00,AWS_03,0,normal,none,0,0.05496154211375648
2026-01-04 14:30:00,AWS_03,0,normal,none,0,0.053645711237191085
2026-01-04 14:45:00,AWS_03,0,normal,none,0,0.03541015347497711
2026-01-04 15:00:00,AWS_03,0,normal,none,0,0.04290441115096655
2026-01-04 15:15:00,AWS_03,0,normal,none,0,0.03738951537391588
2026-01-04 15:30:00,AWS_03,0,normal,none,0,0.0418865523876325
2026-01-04 15:45:00,AWS_03,0,normal,none,0,0.06540215086582546
2026-01-04 16:00:00,AWS_03,0,normal,none,0,0.07126737666528887
2026-01-04 16:15:00,AWS_03,0,normal,none,0,0.039972343101369434
2026-01-04 16:30:00,AWS_03,0,normal,none,0,0.0601111196318288
2026-01-04 16:45:00,AWS_03,0,normal,none,0,0.058971806340561816
2026-01-04 17:00:00,AWS_03,0,normal,none,0,0.048694605513293965
2026-01-04 17:15:00,AWS_03,0,normal,none,0,0.06785583815768065
2026-01-04 17:30:00,AWS_03,0,normal,none,0,0.05645177094027276
2026-01-04 17:45:00,AWS_03,0,normal,none,0,0.06900988440194522
2026-01-04 18:00:00,AWS_03,0,normal,none,0,0.05113901672496618
2026-01-04 18:15:00,AWS_03,0,normal,none,0,0.058052618045559945
2026-01-04 18:30:00,AWS_03,0,normal,none,0,0.044150399776407
2026-01-04 18:45:00,AWS_03,0,normal,none,0,0.06602924903484281
2026-01-04 19:00:00,AWS_03,0,normal,none,0,0.04467236027717614
2026-01-04 19:15:00,AWS_03,0,normal,none,0,0.024814574645903975
2026-01-04 19:30:00,AWS_03,0,normal,none,0,0.09764825097162233
2026-01-04 19:45:00,AWS_03,0,normal,none,0,0.07006131387384645
2026-01-04 20:00:00,AWS_03,0,normal,none,0,0.09197105692979007
2026-01-04 20:15:00,AWS_03,0,normal,none,0,0.09463977963644665
2026-01-04 20:30:00,AWS_03,0,normal,none,0,0.08090235975605714
2026-01-04 20:45:00,AWS_03,0,normal,none,0,0.08625438483310166
2026-01-04 21:00:00,AWS_03,0,normal,none,0,0.044832870846761574
2026-01-04 21:15:00,AWS_03,0,normal,none,0,0.04794615548521264
2026-01-04 21:30:00,AWS_03,0,normal,none,0,0.09505273890737909
2026-01-04 21:45:00,AWS_03,0,normal,none,0,0.07636735191941613
2026-01-04 22:00:00,AWS_03,0,normal,none,0,0.06686249098665442
2026-01-04 22:15:00,AWS_03,0,normal,none,0,0.07803076206977017
2026-01-04 22:30:00,AWS_03,0,normal,none,0,0.05470388774087476
2026-01-04 22:45:00,AWS_03,0,normal,none,0,0.029954270495192947
2026-01-04 23:00:00,AWS_03,0,normal,none,0,0.04582285962326438
2026-01-04 23:15:00,AWS_03,0,normal,none,0,0.06450482632240295
2026-01-04 23:30:00,AWS_03,0,normal,none,0,0.061434402939217814
2026-01-04 23:45:00,AWS_03,0,normal,none,0,0.05715508819597309
2026-01-05 00:00:00,AWS_03,0,normal,none,0,0.05444762085985971
2026-01-05 00:15:00,AWS_03,0,normal,none,0,0.06643393116209534
2026-01-05 00:30:00,AWS_03,0,normal,none,0,0.005721637749016573
2026-01-05 00:45:00,AWS_03,0,normal,none,0,0.0545856849654206
2026-01-05 01:00:00,AWS_03,0,normal,none,0,0.050352219925845376
2026-01-05 01:15:00,AWS_03,0,normal,none,0,0.05225061808416109
2026-01-05 01:30:00,AWS_03,0,normal,none,0,0.03776425501569147
2026-01-05 01:45:00,AWS_03,0,normal,none,0,0.044104757311785536
2026-01-05 02:00:00,AWS_03,0,normal,none,0,0.05650447932291225
2026-01-05 02:15:00,AWS_03,0,normal,none,0,0.053781792906133885
2026-01-05 02:30:00,AWS_03,0,normal,none,0,0.036930372726644456
2026-01-05 02:45:00,AWS_03,0,normal,none,0,0.04993977274880684
2026-01-05 03:00:00,AWS_03,0,normal,none,0,0.04424227394586444
2026-01-05 03:15:00,AWS_03,0,normal,none,0,0.05103334959210942
2026-01-05 03:30:00,AWS_03,0,normal,none,0,0.0424736175362278
2026-01-05 03:45:00,AWS_03,0,normal,none,1,-0.005647803344772773
2026-01-05 04:00:00,AWS_03,0,normal,none,0,0.02765851447146883
2026-01-05 04:15:00,AWS_03,0,normal,none,0,0.028669950714787285
2026-01-05 04:30:00,AWS_03,0,normal,none,0,0.054620874667767605
2026-01-05 04:45:00,AWS_03,0,normal,none,0,0.025824515680069493
2026-01-05 05:00:00,AWS_03,0,normal,none,0,0.030975738567063926
2026-01-05 05:15:00,AWS_03,0,normal,none,0,0.052823543313144816
2026-01-05 05:30:00,AWS_03,0,normal,none,0,0.01745267642756254
2026-01-05 05:45:00,AWS_03,0,normal,none,0,0.043679570162022285
2026-01-05 06:00:00,AWS_03,0,normal,none,0,0.058057902944611606
2026-01-05 06:15:00,AWS_03,0,normal,none,0,0.057168785673075706
2026-01-05 06:30:00,AWS_03,0,normal,none,0,0.057040888269715595
2026-01-05 06:45:00,AWS_03,0,normal,none,0,0.04253401894650988
2026-01-05 07:00:00,AWS_03,0,normal,none,0,0.06042713197873467
2026-01-05 07:15:00,AWS_03,0,normal,none,0,0.05678017697670401
2026-01-05 07:30:00,AWS_03,0,normal,none,0,0.07913505963552275
2026-01-05 07:45:00,AWS_03,0,normal,none,0,0.07509233162543294
2026-01-05 08:00:00,AWS_03,0,normal,none,0,0.07011127000050865
2026-01-05 08:15:00,AWS_03,0,normal,none,0,0.06574006018214451
2026-01-05 08:30:00,AWS_03,0,normal,none,0,0.07444675737085771
2026-01-05 08:45:00,AWS_03,0,normal,none,0,0.07454843377018044
2026-01-05 09:00:00,AWS_03,0,normal,none,0,0.04400075599027087
2026-01-05 09:15:00,AWS_03,0,normal,none,0,0.04179046161995337
2026-01-05 09:30:00,AWS_03,0,normal,none,0,0.05207305471831597
2026-01-05 09:45:00,AWS_03,0,normal,none,0,0.059311356986412156
2026-01-05 10:00:00,AWS_03,0,normal,none,0,0.02334691257539956
2026-01-05 10:15:00,AWS_03,0,normal,none,0,0.06879233576061755
2026-01-05 10:30:00,AWS_03,0,normal,none,0,0.07631649928631701
2026-01-05 10:45:00,AWS_03,0,normal,none,0,0.05575590660040691
2026-01-05 11:00:00,AWS_03,0,normal,none,0,0.04249969061668479
2026-01-05 11:15:00,AWS_03,0,normal,none,0,0.062356968002825974
2026-01-05 11:30:00,AWS_03,0,normal,none,0,0.06563151101101322
2026-01-05 11:45:00,AWS_03,0,normal,none,0,0.06642449589896543
2026-01-05 12:00:00,AWS_03,0,normal,none,0,0.07901414736092371
2026-01-05 12:15:00,AWS_03,0,normal,none,0,0.028936580352009078
2026-01-05 12:30:00,AWS_03,0,normal,none,0,0.04183680148753721
2026-01-05 12:45:00,AWS_03,0,normal,none,1,-0.008207043092559485
2026-01-05 13:00:00,AWS_03,0,normal,none,0,0.05700548072378164
2026-01-05 13:15:00,AWS_03,0,normal,none,0,0.05545691700406452
2026-01-05 13:30:00,AWS_03,0,normal,none,0,0.04360425508937582
2026-01-05 13:45:00,AWS_03,0,normal,none,0,0.059539871440313474
2026-01-05 14:00:00,AWS_03,0,normal,none,0,0.054421898250327394
2026-01-05 14:15:00,AWS_03,0,normal,none,0,0.01705244129697725
2026-01-05 14:30:00,AWS_03,0,normal,none,0,0.04500594962633586
2026-01-05 14:45:00,AWS_03,0,normal,none,0,0.040612845429691125
2026-01-05 15:00:00,AWS_03,0,normal,none,0,0.033161768077105025
2026-01-05 15:15:00,AWS_03,0,normal,none,0,0.041800875212305466
2026-01-05 15:30:00,AWS_03,0,normal,none,0,0.0484387400934817
2026-01-05 15:45:00,AWS_03,0,normal,none,0,0.008351010496455702
2026-01-05 16:00:00,AWS_03,0,normal,none,0,0.0610603859307845
2026-01-05 16:15:00,AWS_03,0,normal,none,0,0.058526360994896776
2026-01-05 16:30:00,AWS_03,0,normal,none,1,-0.0014936914233754095
2026-01-05 16:45:00,AWS_03,0,normal,none,0,0.01522589812964481
2026-01-05 17:00:00,AWS_03,0,normal,none,0,0.03120805004990468
2026-01-05 17:15:00,AWS_03,0,normal,none,0,0.03851619221457536
2026-01-05 17:30:00,AWS_03,0,normal,none,0,0.05213431258321749
2026-01-05 17:45:00,AWS_03,0,normal,none,0,0.01965887568585556
2026-01-05 18:00:00,AWS_03,0,normal,none,0,0.04599653067599596
2026-01-05 18:15:00,AWS_03,0,normal,none,0,0.04612632150897078
2026-01-05 18:30:00,AWS_03,0,normal,none,0,0.06595715191392698
2026-01-05 18:45:00,AWS_03,0,normal,none,0,0.04869251526668783
2026-01-05 19:00:00,AWS_03,0,normal,none,0,0.07887159517692799
2026-01-05 19:15:00,AWS_03,0,normal,none,0,0.05214608077467481
2026-01-05 19:30:00,AWS_03,0,normal,none,0,0.050166977353542086
2026-01-05 19:45:00,AWS_03,0,normal,none,0,0.07600538648876431
2026-01-05 20:00:00,AWS_03,0,normal,none,0,0.08181542570972883
2026-01-05 20:15:00,AWS_03,0,normal,none,0,0.06629603564708558
2026-01-05 20:30:00,AWS_03,0,normal,none,0,0.08994894962422201
2026-01-05 20:45:00,AWS_03,0,normal,none,0,0.10096629838037363
2026-01-05 21:00:00,AWS_03,0,normal,none,0,0.07174553398312239
2026-01-05 21:15:00,AWS_03,0,normal,none,0,0.05648886473851272
2026-01-05 21:30:00,AWS_03,0,normal,none,0,0.07917669634744212
2026-01-05 21:45:00,AWS_03,0,normal,none,0,0.07145230375776901
2026-01-05 22:00:00,AWS_03,0,normal,none,0,0.08939017543249561
2026-01-05 22:15:00,AWS_03,0,normal,none,0,0.06703419533037641
2026-01-05 22:30:00,AWS_03,0,normal,none,0,0.08964447211083809
2026-01-05 22:45:00,AWS_03,0,normal,none,0,0.09189733901931008
2026-01-05 23:00:00,AWS_03,0,normal,none,0,0.06434756865305324
2026-01-05 23:15:00,AWS_03,0,normal,none,0,0.05613782819261587
2026-01-05 23:30:00,AWS_03,0,normal,none,0,0.08945993665108204
2026-01-05 23:45:00,AWS_03,0,normal,none,0,0.036562398983369104
2026-01-06 00:00:00,AWS_03,1,frozen_sensor,temperature,0,0.07891927602884613
2026-01-06 00:15:00,AWS_03,1,frozen_sensor,temperature,0,0.04114574644573221
2026-01-06 00:30:00,AWS_03,1,frozen_sensor,temperature,0,0.07660156500449511
2026-01-06 00:45:00,AWS_03,1,frozen_sensor,temperature,0,0.0989145258873187
2026-01-06 01:00:00,AWS_03,1,frozen_sensor,temperature,0,0.09598241640657523
2026-01-06 01:15:00,AWS_03,1,frozen_sensor,temperature,0,0.0996209103562361
2026-01-06 01:30:00,AWS_03,1,frozen_sensor,temperature,0,0.09772785731214273
2026-01-06 01:45:00,AWS_03,1,frozen_sensor,temperature,0,0.10225608302208583
2026-01-06 02:00:00,AWS_03,1,frozen_sensor,temperature,0,0.10164999880167258
2026-01-06 02:15:00,AWS_03,1,frozen_sensor,temperature,0,0.07601035269384154
2026-01-06 02:30:00,AWS_03,1,frozen_sensor,temperature,0,0.058786533057006096
2026-01-06 02:45:00,AWS_03,1,frozen_sensor,temperature,0,0.05465932508209681
2026-01-06 03:00:00,AWS_03,1,frozen_sensor,temperature,0,0.0904976338109667
2026-01-06 03:15:00,AWS_03,1,frozen_sensor,temperature,0,0.07873043239665545
2026-01-06 03:30:00,AWS_03,1,frozen_sensor,temperature,0,0.0758043488260115
2026-01-06 03:45:00,AWS_03,1,frozen_sensor,temperature,0,0.0988526271007763
2026-01-06 04:00:00,AWS_03,1,frozen_sensor,temperature,0,0.08061067882833084
2026-01-06 04:15:00,AWS_03,1,frozen_sensor,temperature,0,0.05284503812978536
2026-01-06 04:30:00,AWS_03,1,frozen_sensor,temperature,0,0.04518319985796959
2026-01-06 04:45:00,AWS_03,1,frozen_sensor,temperature,0,0.06499791248619807
2026-01-06 05:00:00,AWS_03,1,frozen_sensor,temperature,0,0.0916040311669129
2026-01-06 05:15:00,AWS_03,1,frozen_sensor,temperature,0,0.09424309290539568
2026-01-06 05:30:00,AWS_03,1,frozen_sensor,temperature,0,0.08553406861989521
2026-01-06 05:45:00,AWS_03,1,frozen_sensor,temperature,0,0.07504151020867816
2026-01-06 06:00:00,AWS_03,0,normal,none,0,0.04181100313861552
2026-01-06 06:15:00,AWS_03,0,normal,none,0,0.08908061016034019
2026-01-06 06:30:00,AWS_03,0,normal,none,0,0.03884793321789537
2026-01-06 06:45:00,AWS_03,0,normal,none,0,0.06712623190601263
2026-01-06 07:00:00,AWS_03,0,normal,none,0,0.052842983630428386
2026-01-06 07:15:00,AWS_03,0,normal,none,0,0.062334514768318194
2026-01-06 07:30:00,AWS_03,0,normal,none,0,0.04614961008239671
2026-01-06 07:45:00,AWS_03,0,normal,none,0,0.05164130994208793
2026-01-06 08:00:00,AWS_03,0,normal,none,0,0.07089075728896821
2026-01-06 08:15:00,AWS_03,0,normal,none,0,0.07799833792568478
2026-01-06 08:30:00,AWS_03,0,normal,none,0,0.07170375409796287
2026-01-06 08:45:00,AWS_03,0,normal,none,0,0.07320131009644881
2026-01-06 09:00:00,AWS_03,0,normal,none,0,0.09597597494590182
2026-01-06 09:15:00,AWS_03,0,normal,none,0,0.07867180070298307
2026-01-06 09:30:00,AWS_03,0,normal,none,0,0.06042514542551786
2026-01-06 09:45:00,AWS_03,0,normal,none,0,0.06461626509214519
2026-01-06 10:00:00,AWS_03,0,normal,none,0,0.08521361552270607
2026-01-06 10:15:00,AWS_03,0,normal,none,0,0.07285922155366215
2026-01-06 10:30:00,AWS_03,0,normal,none,0,0.08184799775239787
2026-01-06 10:45:00,AWS_03,0,normal,none,0,0.038347121667622885
2026-01-06 11:00:00,AWS_03,0,normal,none,0,0.04701629768882032
2026-01-06 11:15:00,AWS_03,0,normal,none,0,0.06700327404993084
2026-01-06 11:30:00,AWS_03,0,normal,none,0,0.07627360268107936
2026-01-06 11:45:00,AWS_03,0,normal,none,0,0.07137144560035907
2026-01-06 12:00:00,AWS_03,0,normal,none,0,0.07955210935868473
2026-01-06 12:15:00,AWS_03,0,normal,none,0,0.06501151015488171
2026-01-06 12:30:00,AWS_03,0,normal,none,0,0.08180332939242113
2026-01-06 12:45:00,AWS_03,0,normal,none,0,0.04609453886283521
2026-01-06 13:00:00,AWS_03,0,normal,none,0,0.013286681523376975
2026-01-06 13:15:00,AWS_03,0,normal,none,0,0.05991873509643697
2026-01-06 13:30:00,AWS_03,0,normal,none,0,0.08212322311259107
2026-01-06 13:45:00,AWS_03,0,normal,none,0,0.04993140880309305
2026-01-06 14:00:00,AWS_03,0,normal,none,0,0.06579462826731158
2026-01-06 14:15:00,AWS_03,0,normal,none,0,0.0216352717552577
2026-01-06 14:30:00,AWS_03,0,normal,none,0,0.06597478978872418
2026-01-06 14:45:00,AWS_03,0,normal,none,0,0.06840947444606477
2026-01-06 15:00:00,AWS_03,0,normal,none,0,0.07135699615508806
2026-01-06 15:15:00,AWS_03,0,normal,none,0,0.06743058166318494
2026-01-06 15:30:00,AWS_03,0,normal,none,0,0.026980332673209206
2026-01-06 15:45:00,AWS_03,0,normal,none,0,0.03607159025707818
2026-01-06 16:00:00,AWS_03,0,normal,none,0,0.06821491702990812
2026-01-06 16:15:00,AWS_03,0,normal,none,0,0.06750824667840072
2026-01-06 16:30:00,AWS_03,0,normal,none,0,0.0454342236805082
2026-01-06 16:45:00,AWS_03,0,normal,none,0,0.03579436901037347
2026-01-06 17:00:00,AWS_03,0,normal,none,0,0.03718863405641093
2026-01-06 17:15:00,AWS_03,0,normal,none,0,0.078255117581015
2026-01-06 17:30:00,AWS_03,0,normal,none,0,0.07747740334463504
2026-01-06 17:45:00,AWS_03,0,normal,none,0,0.08120682180886446
2026-01-06 18:00:00,AWS_03,0,normal,none,0,0.06533120484780575
2026-01-06 18:15:00,AWS_03,0,normal,none,0,0.06411604936772103
2026-01-06 18:30:00,AWS_03,0,normal,none,0,0.09537981489802777
2026-01-06 18:45:00,AWS_03,0,normal,none,0,0.09532248488311784
2026-01-06 19:00:00,AWS_03,0,normal,none,0,0.10030653064112455
2026-01-06 19:15:00,AWS_03,0,normal,none,0,0.09253835640377933
2026-01-06 19:30:00,AWS_03,0,normal,none,0,0.060943144289080375
2026-01-06 19:45:00,AWS_03,0,normal,none,0,0.10396126985240578
2026-01-06 20:00:00,AWS_03,0,normal,none,0,0.02864269294669297
2026-01-06 20:15:00,AWS_03,0,normal,none,0,0.051827624928227956
2026-01-06 20:30:00,AWS_03,0,normal,none,0,0.07935170172967804
2026-01-06 20:45:00,AWS_03,0,normal,none,0,0.10338261485410305
2026-01-06 21:00:00,AWS_03,0,normal,none,0,0.06188605563812838
2026-01-06 21:15:00,AWS_03,0,normal,none,0,0.08611599438570067
2026-01-06 21:30:00,AWS_03,0,normal,none,0,0.08399424711042563
2026-01-06 21:45:00,AWS_03,0,normal,none,0,0.07075030836278257
2026-01-06 22:00:00,AWS_03,0,normal,none,0,0.06575080308301162
2026-01-06 22:15:00,AWS_03,0,normal,none,0,0.07013256498418452
2026-01-06 22:30:00,AWS_03,0,normal,none,0,0.06583707625255547
2026-01-06 22:45:00,AWS_03,0,normal,none,0,0.09664092704681398
2026-01-06 23:00:00,AWS_03,0,normal,none,0,0.08643407778310408
2026-01-06 23:15:00,AWS_03,0,normal,none,0,0.09280198428697994
2026-01-06 23:30:00,AWS_03,0,normal,none,0,0.09093771258788352
2026-01-06 23:45:00,AWS_03,0,normal,none,0,0.09342951009358913
2026-01-07 00:00:00,AWS_03,0,normal,none,0,0.05076877715935363
2026-01-07 00:15:00,AWS_03,0,normal,none,0,0.0667937934660271
2026-01-07 00:30:00,AWS_03,0,normal,none,0,0.07538035799049952
2026-01-07 00:45:00,AWS_03,0,normal,none,0,0.06353372142791175
2026-01-07 01:00:00,AWS_03,0,normal,none,0,0.08960860776365936
2026-01-07 01:15:00,AWS_03,0,normal,none,0,0.05404769131058301
2026-01-07 01:30:00,AWS_03,0,normal,none,0,0.07660339034325436
2026-01-07 01:45:00,AWS_03,0,normal,none,0,0.05354167040335445
2026-01-07 02:00:00,AWS_03,0,normal,none,0,0.07559193896936328
2026-01-07 02:15:00,AWS_03,0,normal,none,0,0.08791538718695902
2026-01-07 02:30:00,AWS_03,0,normal,none,0,0.08905627880058975
2026-01-07 02:45:00,AWS_03,0,normal,none,0,0.04579349108225239
2026-01-07 03:00:00,AWS_03,0,normal,none,0,0.07116966647136708
2026-01-07 03:15:00,AWS_03,0,normal,none,0,0.08988483561990246
2026-01-07 03:30:00,AWS_03,0,normal,none,0,0.0772870280508608
2026-01-07 03:45:00,AWS_03,0,normal,none,0,0.08624391248067509
2026-01-07 04:00:00,AWS_03,0,normal,none,0,0.08540164994839694
2026-01-07 04:15:00,AWS_03,0,normal,none,0,0.09099401788948241
2026-01-07 04:30:00,AWS_03,0,normal,none,0,0.06666236168737011
2026-01-07 04:45:00,AWS_03,0,normal,none,0,0.0695692338235388
2026-01-07 05:00:00,AWS_03,0,normal,none,0,0.08822564281772738
2026-01-07 05:15:00,AWS_03,0,normal,none,0,0.04806860644137356
2026-01-07 05:30:00,AWS_03,0,normal,none,0,0.0917516347236837
2026-01-07 05:45:00,AWS_03,0,normal,none,0,0.0870418563075892
2026-01-07 06:00:00,AWS_03,0,normal,none,0,0.05117136861457605
2026-01-07 06:15:00,AWS_03,0,normal,none,0,0.09224349581230556
2026-01-07 06:30:00,AWS_03,0,normal,none,0,0.0939570623387101
2026-01-07 06:45:00,AWS_03,0,normal,none,0,0.07527057469538401
2026-01-07 07:00:00,AWS_03,0,normal,none,0,0.054607935559267184
2026-01-07 07:15:00,AWS_03,0,normal,none,0,0.06831663878650485
2026-01-07 07:30:00,AWS_03,0,normal,none,0,0.06434673905287552
2026-01-07 07:45:00,AWS_03,0,normal,none,0,0.07412579281408954
2026-01-07 08:00:00,AWS_03,0,normal,none,0,0.07488676814490058
2026-01-07 08:15:00,AWS_03,0,normal,none,0,0.09668545188648675
2026-01-07 08:30:00,AWS_03,0,normal,none,0,0.08209541944123921
2026-01-07 08:45:00,AWS_03,0,normal,none,0,0.020243498802098636
2026-01-07 09:00:00,AWS_03,0,normal,none,0,0.05712788524628576
2026-01-07 09:15:00,AWS_03,0,normal,none,0,0.08505143136851884
2026-01-07 09:30:00,AWS_03,0,normal,none,0,0.07297296947742488
2026-01-07 09:45:00,AWS_03,0,normal,none,0,0.0843817718786053
2026-01-07 10:00:00,AWS_03,0,normal,none,0,0.04438001783777956
2026-01-07 10:15:00,AWS_03,0,normal,none,0,0.05911510455590824
2026-01-07 10:30:00,AWS_03,0,normal,none,0,0.0443293829746404
2026-01-07 10:45:00,AWS_03,0,normal,none,0,0.07260328590849596
2026-01-07 11:00:00,AWS_03,0,normal,none,0,0.06751346807760678
2026-01-07 11:15:00,AWS_03,0,normal,none,0,0.08199699882092976
2026-01-07 11:30:00,AWS_03,0,normal,none,0,0.055287996333009126
2026-01-07 11:45:00,AWS_03,0,normal,none,0,0.059310675976106175
2026-01-07 12:00:00,AWS_03,0,normal,none,0,0.06530926915561791
2026-01-07 12:15:00,AWS_03,0,normal,none,0,0.05740702606392428
2026-01-07 12:30:00,AWS_03,0,normal,none,0,0.07419382388296136
2026-01-07 12:45:00,AWS_03,0,normal,none,0,0.07747221326019388
2026-01-07 13:00:00,AWS_03,0,normal,none,0,0.029838820778150366
2026-01-07 13:15:00,AWS_03,0,normal,none,0,0.05185897846025106
2026-01-07 13:30:00,AWS_03,0,normal,none,0,0.044266269989985174
2026-01-07 13:45:00,AWS_03,0,normal,none,0,0.06640369063662793
2026-01-07 14:00:00,AWS_03,0,normal,none,0,0.028797549698556635
2026-01-07 14:15:00,AWS_03,0,normal,none,0,0.04913148889700658
2026-01-07 14:30:00,AWS_03,0,normal,none,0,0.03818797251803252
2026-01-07 14:45:00,AWS_03,0,normal,none,0,0.03889711475652158
2026-01-07 15:00:00,AWS_03,0,normal,none,0,0.034890824163293255
2026-01-07 15:15:00,AWS_03,0,normal,none,0,0.06277435837468293
2026-01-07 15:30:00,AWS_03,0,normal,none,0,0.06883254394111366
2026-01-07 15:45:00,AWS_03,0,normal,none,0,0.03450267084478109
2026-01-07 16:00:00,AWS_03,0,normal,none,0,0.06338731446067158
2026-01-07 16:15:00,AWS_03,0,normal,none,0,0.02885145120188326
2026-01-07 16:30:00,AWS_03,0,normal,none,0,0.05205125225575924
2026-01-07 16:45:00,AWS_03,0,normal,none,0,0.06158683409500926
2026-01-07 17:00:00,AWS_03,0,normal,none,0,0.05916491347601921
2026-01-07 17:15:00,AWS_03,0,normal,none,0,0.053607924464818935
2026-01-07 17:30:00,AWS_03,0,normal,none,0,0.060791839914488
2026-01-07 17:45:00,AWS_03,0,normal,none,0,0.07520504881542567
2026-01-07 18:00:00,AWS_03,0,normal,none,0,0.08314368064439948
2026-01-07 18:15:00,AWS_03,0,normal,none,0,0.0659589790701367
2026-01-07 18:30:00,AWS_03,0,normal,none,0,0.041993310623648306
2026-01-07 18:45:00,AWS_03,0,normal,none,0,0.05402725797100333
2026-01-07 19:00:00,AWS_03,0,normal,none,0,0.06620667446216044
2026-01-07 19:15:00,AWS_03,0,normal,none,0,0.07369575627969932
2026-01-07 19:30:00,AWS_03,0,normal,none,0,0.072811919223784
2026-01-07 19:45:00,AWS_03,0,normal,none,0,0.053504913499244355
2026-01-07 20:00:00,AWS_03,0,normal,none,0,0.056024279121471565
2026-01-07 20:15:00,AWS_03,0,normal,none,0,0.07240439722314729
2026-01-07 20:30:00,AWS_03,0,normal,none,0,0.08175709233029677
2026-01-07 20:45:00,AWS_03,0,normal,none,0,0.06043127157346001
2026-01-07 21:00:00,AWS_03,0,normal,none,0,0.051196317705221484
2026-01-07 21:15:00,AWS_03,0,normal,none,0,0.04401420352932983
2026-01-07 21:30:00,AWS_03,0,normal,none,0,0.046319324075718926
2026-01-07 21:45:00,AWS_03,0,normal,none,0,0.028756068850627425
2026-01-07 22:00:00,AWS_03,0,normal,none,0,0.03646113972282117
2026-01-07 22:15:00,AWS_03,0,normal,none,0,0.05891697887321112
2026-01-07 22:30:00,AWS_03,0,normal,none,0,0.0484904911350047
2026-01-07 22:45:00,AWS_03,0,normal,none,0,0.03359909690678453
2026-01-07 23:00:00,AWS_03,0,normal,none,0,0.017744143719771732
2026-01-07 23:15:00,AWS_03,0,normal,none,0,0.06120853456777847
2026-01-07 23:30:00,AWS_03,0,normal,none,0,0.05434755093222848
2026-01-07 23:45:00,AWS_03,0,normal,none,0,0.04197690687700628
2026-01-08 00:00:00,AWS_03,0,normal,none,1,-4.9181055051028544e-05
2026-01-08 00:15:00,AWS_03,0,normal,none,0,0.04233061319950415
2026-01-08 00:30:00,AWS_03,1,temperature_spike,temperature,1,-0.024783275503416302
2026-01-08 00:45:00,AWS_03,0,normal,none,1,-0.009787705143058045
2026-01-08 01:00:00,AWS_03,1,temperature_drop,temperature,1,-0.028501277806680103
2026-01-08 01:15:00,AWS_03,0,normal,none,0,0.006472568329890183
2026-01-08 01:30:00,AWS_03,0,normal,none,0,0.04694959293976941
2026-01-08 01:45:00,AWS_03,0,normal,none,0,0.022900724014951357
2026-01-08 02:00:00,AWS_03,0,normal,none,0,0.04478092854903237
2026-01-08 02:15:00,AWS_03,0,normal,none,0,0.008036728823692219
2026-01-08 02:30:00,AWS_03,0,normal,none,0,0.051964148912284125
2026-01-08 02:45:00,AWS_03,0,normal,none,0,0.01656033515134947
2026-01-08 03:00:00,AWS_03,0,normal,none,0,0.04221622260189162
2026-01-08 03:15:00,AWS_03,0,normal,none,0,0.055458507618229014
2026-01-08 03:30:00,AWS_03,0,normal,none,0,0.05133884724051513
2026-01-08 03:45:00,AWS_03,0,normal,none,0,0.0025233659842022194
2026-01-08 04:00:00,AWS_03,0,normal,none,0,0.06479661784554824
2026-01-08 04:15:00,AWS_03,0,normal,none,0,0.05978704730304296
2026-01-08 04:30:00,AWS_03,0,normal,none,0,0.06588036222288862
2026-01-08 04:45:00,AWS_03,0,normal,none,0,0.0661782080644745
2026-01-08 05:00:00,AWS_03,0,normal,none,0,0.07013784107659204
2026-01-08 05:15:00,AWS_03,0,normal,none,0,0.06781178411284877
2026-01-08 05:30:00,AWS_03,0,normal,none,0,0.046280003283823756
2026-01-08 05:45:00,AWS_03,0,normal,none,0,0.07230910792455542
2026-01-08 06:00:00,AWS_03,0,normal,none,0,0.07336277433833227
2026-01-08 06:15:00,AWS_03,0,normal,none,0,0.059139910265434914
2026-01-08 06:30:00,AWS_03,0,normal,none,0,0.04552582550028317
2026-01-08 06:45:00,AWS_03,0,normal,none,0,0.06812550675129625
2026-01-08 07:00:00,AWS_03,0,normal,none,0,0.05258139615766744
2026-01-08 07:15:00,AWS_03,0,normal,none,0,0.07698578744121759
2026-01-08 07:30:00,AWS_03,0,normal,none,0,0.07661351613348555
2026-01-08 07:45:00,AWS_03,0,normal,none,0,0.031448669798066264
2026-01-08 08:00:00,AWS_03,0,normal,none,0,0.05304809847687941
2026-01-08 08:15:00,AWS_03,0,normal,none,0,0.05037306791534313
2026-01-08 08:30:00,AWS_03,0,normal,none,0,0.05500272561900005
2026-01-08 08:45:00,AWS_03,0,normal,none,0,0.05875029685323324
2026-01-08 09:00:00,AWS_03,0,normal,none,0,0.056000913449034406
2026-01-08 09:15:00,AWS_03,0,normal,none,0,0.04127310386903138
2026-01-08 09:30:00,AWS_03,0,normal,none,0,0.0014446166089071566
2026-01-08 09:45:00,AWS_03,0,normal,none,0,0.05427642327382648
2026-01-08 10:00:00,AWS_03,0,normal,none,0,0.07605746144893949
2026-01-08 10:15:00,AWS_03,0,normal,none,0,0.05031321188792787
2026-01-08 10:30:00,AWS_03,0,normal,none,0,0.032657529073714664
2026-01-08 10:45:00,AWS_03,0,normal,none,0,0.05558307631542786
2026-01-08 11:00:00,AWS_03,0,normal,none,0,0.07601178020505589
2026-01-08 11:15:00,AWS_03,0,normal,none,0,0.07371853290749775
2026-01-08 11:30:00,AWS_03,0,normal,none,0,0.08674405584530226
2026-01-08 11:45:00,AWS_03,0,normal,none,0,0.04498117510988464
2026-01-08 12:00:00,AWS_03,0,normal,none,0,0.046542750463127835
2026-01-08 12:15:00,AWS_03,0,normal,none,0,0.06431735953070927
2026-01-08 12:30:00,AWS_03,0,normal,none,0,0.04590666686668465
2026-01-08 12:45:00,AWS_03,0,normal,none,0,0.07080694719255248
2026-01-08 13:00:00,AWS_03,0,normal,none,0,0.046847092092832776
2026-01-08 13:15:00,AWS_03,0,normal,none,0,0.061114020115607404
2026-01-08 13:30:00,AWS_03,0,normal,none,0,0.04398233015061925
2026-01-08 13:45:00,AWS_03,0,normal,none,0,0.05124285398484779
2026-01-08 14:00:00,AWS_03,0,normal,none,0,0.05691657595232885
2026-01-08 14:15:00,AWS_03,0,normal,none,1,-0.012718793851422827
2026-01-08 14:30:00,AWS_03,0,normal,none,0,0.05262717874593886
2026-01-08 14:45:00,AWS_03,0,normal,none,0,0.06129782511092713
2026-01-08 15:00:00,AWS_03,0,normal,none,0,0.03797704033654414
2026-01-08 15:15:00,AWS_03,0,normal,none,0,0.04713111150173577
2026-01-08 15:30:00,AWS_03,0,normal,none,0,0.05945610407456409
2026-01-08 15:45:00,AWS_03,0,normal,none,0,0.04642041761181326
2026-01-08 16:00:00,AWS_03,0,normal,none,0,0.04380605814362237
2026-01-08 16:15:00,AWS_03,0,normal,none,0,0.040948703254748975
2026-01-08 16:30:00,AWS_03,0,normal,none,0,0.06175752216795927
2026-01-08 16:45:00,AWS_03,0,normal,none,0,0.051653236027589866
2026-01-08 17:00:00,AWS_03,0,normal,none,0,0.02903073238203957
2026-01-08 17:15:00,AWS_03,0,normal,none,0,0.04466142972248699
2026-01-08 17:30:00,AWS_03,0,normal,none,0,0.043290666322699956
2026-01-08 17:45:00,AWS_03,0,normal,none,0,0.0563368606130209
2026-01-08 18:00:00,AWS_03,0,normal,none,0,0.046038723901233425
2026-01-08 18:15:00,AWS_03,0,normal,none,0,0.028032338260851386
2026-01-08 18:30:00,AWS_03,0,normal,none,0,0.05317037792587109
2026-01-08 18:45:00,AWS_03,0,normal,none,0,0.06093070718515614
2026-01-08 19:00:00,AWS_03,0,normal,none,0,0.055821998346997914
2026-01-08 19:15:00,AWS_03,0,normal,none,0,0.03307980663848831
2026-01-08 19:30:00,AWS_03,0,normal,none,0,0.04111670801390388
2026-01-08 19:45:00,AWS_03,0,normal,none,0,0.08820414360024625
2026-01-08 20:00:00,AWS_03,0,normal,none,0,0.07865835493904577
2026-01-08 20:15:00,AWS_03,0,normal,none,0,0.0597312746813809
2026-01-08 20:30:00,AWS_03,0,normal,none,0,0.059260874289100984
2026-01-08 20:45:00,AWS_03,0,normal,none,0,0.06549108460255992
2026-01-08 21:00:00,AWS_03,0,normal,none,0,0.07803737774546576
2026-01-08 21:15:00,AWS_03,0,normal,none,0,0.05597280805216942
2026-01-08 21:30:00,AWS_03,0,normal,none,0,0.03037734380042567
2026-01-08 21:45:00,AWS_03,0,normal,none,0,0.04559856071362467
2026-01-08 22:00:00,AWS_03,0,normal,none,0,0.050789300142416116
2026-01-08 22:15:00,AWS_03,0,normal,none,0,0.054067088122377704
2026-01-08 22:30:00,AWS_03,0,normal,none,0,0.05597825759128383
2026-01-08 22:45:00,AWS_03,0,normal,none,0,0.03776659260074133
2026-01-08 23:00:00,AWS_03,0,normal,none,0,0.03179931647504808
2026-01-08 23:15:00,AWS_03,0,normal,none,0,0.05862288055826248
2026-01-08 23:30:00,AWS_03,0,normal,none,0,0.055830890996883376
2026-01-08 23:45:00,AWS_03,0,normal,none,0,0.05009271846506863
2026-01-09 00:00:00,AWS_03,1,calibration_drift,temperature,0,0.061868322302151335
2026-01-09 00:15:00,AWS_03,1,calibration_drift,temperature,0,0.05816270266108858
2026-01-09 00:30:00,AWS_03,1,calibration_drift,temperature,0,0.06492134041026476
2026-01-09 00:45:00,AWS_03,1,calibration_drift,temperature,0,0.06912394617952516
2026-01-09 01:00:00,AWS_03,1,calibration_drift,temperature,0,0.0683183674143038
2026-01-09 01:15:00,AWS_03,1,calibration_drift,temperature,0,0.053443812258674284
2026-01-09 01:30:00,AWS_03,1,calibration_drift,temperature,0,0.058571564959058464
2026-01-09 01:45:00,AWS_03,1,calibration_drift,temperature,0,0.03748186193958525
2026-01-09 02:00:00,AWS_03,1,calibration_drift,temperature,0,0.04766518744721948
2026-01-09 02:15:00,AWS_03,1,calibration_drift,temperature,0,0.06005583079206589
2026-01-09 02:30:00,AWS_03,1,calibration_drift,temperature,0,0.06253839644718617
2026-01-09 02:45:00,AWS_03,1,calibration_drift,temperature,0,0.07763602525742574
2026-01-09 03:00:00,AWS_03,1,calibration_drift,temperature,0,0.034178688154858805
2026-01-09 03:15:00,AWS_03,1,calibration_drift,temperature,0,0.07644207502495814
2026-01-09 03:30:00,AWS_03,1,calibration_drift,temperature,0,0.07611120101835617
2026-01-09 03:45:00,AWS_03,1,calibration_drift,temperature,0,0.07012807869390192
2026-01-09 04:00:00,AWS_03,1,calibration_drift,temperature,0,0.07236562031003446
2026-01-09 04:15:00,AWS_03,1,calibration_drift,temperature,0,0.07353255368599165
2026-01-09 04:30:00,AWS_03,1,calibration_drift,temperature,0,0.048490129762349565
2026-01-09 04:45:00,AWS_03,1,calibration_drift,temperature,0,0.05603025811465606
2026-01-09 05:00:00,AWS_03,1,calibration_drift,temperature,0,0.059004744727600256
2026-01-09 05:15:00,AWS_03,1,calibration_drift,temperature,0,0.0742699617680676
2026-01-09 05:30:00,AWS_03,1,calibration_drift,temperature,0,0.06873577193339486
2026-01-09 05:45:00,AWS_03,1,calibration_drift,temperature,0,0.08151276816963388
2026-01-09 06:00:00,AWS_03,1,calibration_drift,temperature,0,0.06673956936250725
2026-01-09 06:15:00,AWS_03,1,calibration_drift,temperature,0,0.050207211627003534
2026-01-09 06:30:00,AWS_03,1,calibration_drift,temperature,0,0.07246357002520754
2026-01-09 06:45:00,AWS_03,1,calibration_drift,temperature,0,0.01307362075443741
2026-01-09 07:00:00,AWS_03,1,calibration_drift,temperature,0,0.03942418291125949
2026-01-09 07:15:00,AWS_03,1,calibration_drift,temperature,0,0.047370125231383065
2026-01-09 07:30:00,AWS_03,1,calibration_drift,temperature,0,0.06823132689337419
2026-01-09 07:45:00,AWS_03,1,calibration_drift,temperature,0,0.07157014019289476
2026-01-09 08:00:00,AWS_03,1,calibration_drift,temperature,0,0.045230225638966504
2026-01-09 08:15:00,AWS_03,1,calibration_drift,temperature,0,0.07763758098127299
2026-01-09 08:30:00,AWS_03,1,calibration_drift,temperature,0,0.07470725999712596
2026-01-09 08:45:00,AWS_03,1,calibration_drift,temperature,0,0.07895473942914155
2026-01-09 09:00:00,AWS_03,1,calibration_drift,temperature,0,0.07813875010400773
2026-01-09 09:15:00,AWS_03,1,calibration_drift,temperature,0,0.04653450005224857
2026-01-09 09:30:00,AWS_03,1,calibration_drift,temperature,0,0.06793571395968018
2026-01-09 09:45:00,AWS_03,1,calibration_drift,temperature,0,0.07519202333264424
2026-01-09 10:00:00,AWS_03,1,calibration_drift,temperature,0,0.054096694975765025
2026-01-09 10:15:00,AWS_03,1,calibration_drift,temperature,0,0.06576671177211246
2026-01-09 10:30:00,AWS_03,1,calibration_drift,temperature,0,0.04785778328399681
2026-01-09 10:45:00,AWS_03,1,calibration_drift,temperature,0,0.027129426751379304
2026-01-09 11:00:00,AWS_03,1,calibration_drift,temperature,0,0.06547367411590882
2026-01-09 11:15:00,AWS_03,1,calibration_drift,temperature,0,0.02683523098809404
2026-01-09 11:30:00,AWS_03,1,calibration_drift,temperature,0,0.06343727083135353
2026-01-09 11:45:00,AWS_03,1,calibration_drift,temperature,0,0.062085835092253516
2026-01-09 12:00:00,AWS_03,1,calibration_drift,temperature,0,0.03793275011148933
2026-01-09 12:15:00,AWS_03,1,calibration_drift,temperature,0,0.031805522623475246
2026-01-09 12:30:00,AWS_03,1,calibration_drift,temperature,0,0.036287476614391245
2026-01-09 12:45:00,AWS_03,1,calibration_drift,temperature,0,0.07688750203251987
2026-01-09 13:00:00,AWS_03,1,calibration_drift,temperature,0,0.06047950456307538
2026-01-09 13:15:00,AWS_03,1,calibration_drift,temperature,0,0.06335198494783179
2026-01-09 13:30:00,AWS_03,1,calibration_drift,temperature,0,0.07740506417222487
2026-01-09 13:45:00,AWS_03,1,calibration_drift,temperature,0,0.03883815742454921
2026-01-09 14:00:00,AWS_03,1,calibration_drift,temperature,0,0.06051579886775016
2026-01-09 14:15:00,AWS_03,1,calibration_drift,temperature,0,0.05605935021327041
2026-01-09 14:30:00,AWS_03,1,calibration_drift,temperature,0,0.048904855993131324
2026-01-09 14:45:00,AWS_03,1,calibration_drift,temperature,0,0.0636656235867431
2026-01-09 15:00:00,AWS_03,1,calibration_drift,temperature,0,0.04768161447574126
2026-01-09 15:15:00,AWS_03,1,calibration_drift,temperature,0,0.05194004609381475
2026-01-09 15:30:00,AWS_03,1,calibration_drift,temperature,0,0.06442528418631471
2026-01-09 15:45:00,AWS_03,1,calibration_drift,temperature,0,0.054275979175872846
2026-01-09 16:00:00,AWS_03,1,calibration_drift,temperature,0,0.05772605726097041
2026-01-09 16:15:00,AWS_03,1,calibration_drift,temperature,0,0.03487286492333441
2026-01-09 16:30:00,AWS_03,1,calibration_drift,temperature,0,0.05032766906159536
2026-01-09 16:45:00,AWS_03,1,calibration_drift,temperature,0,0.05242779663526814
2026-01-09 17:00:00,AWS_03,1,calibration_drift,temperature,1,-0.017301534152616704
2026-01-09 17:15:00,AWS_03,1,calibration_drift,temperature,0,0.00148754851527233
2026-01-09 17:30:00,AWS_03,1,calibration_drift,temperature,0,0.06788034844200075
2026-01-09 17:45:00,AWS_03,1,calibration_drift,temperature,0,0.02341402018210914
2026-01-09 18:00:00,AWS_03,1,calibration_drift,temperature,0,0.061461799720693044
2026-01-09 18:15:00,AWS_03,1,calibration_drift,temperature,0,0.06647404869532925
2026-01-09 18:30:00,AWS_03,1,calibration_drift,temperature,0,0.07656858058912436
2026-01-09 18:45:00,AWS_03,1,calibration_drift,temperature,0,0.06203487504735444
2026-01-09 19:00:00,AWS_03,1,calibration_drift,temperature,0,0.05782240024351021
2026-01-09 19:15:00,AWS_03,1,calibration_drift,temperature,0,0.04965235835522391
2026-01-09 19:30:00,AWS_03,1,calibration_drift,temperature,0,0.05332757523223097
2026-01-09 19:45:00,AWS_03,1,calibration_drift,temperature,0,0.01898946188201478
2026-01-09 20:00:00,AWS_03,1,calibration_drift,temperature,0,0.05364957124802455
2026-01-09 20:15:00,AWS_03,1,calibration_drift,temperature,0,0.056748883064288436
2026-01-09 20:30:00,AWS_03,1,calibration_drift,temperature,0,0.05950229724930356
2026-01-09 20:45:00,AWS_03,1,calibration_drift,temperature,0,0.06430988924572845
2026-01-09 21:00:00,AWS_03,1,calibration_drift,temperature,0,0.0539810848712271
2026-01-09 21:15:00,AWS_03,1,calibration_drift,temperature,0,0.07060968430540349
2026-01-09 21:30:00,AWS_03,1,calibration_drift,temperature,0,0.0694361363831747
2026-01-09 21:45:00,AWS_03,1,calibration_drift,temperature,0,0.056686669423953284
2026-01-09 22:00:00,AWS_03,1,calibration_drift,temperature,0,0.07859905359685682
2026-01-09 22:15:00,AWS_03,1,calibration_drift,temperature,0,0.05564114306723911
2026-01-09 22:30:00,AWS_03,1,calibration_drift,temperature,0,0.07486757584366438
2026-01-09 22:45:00,AWS_03,1,calibration_drift,temperature,0,0.06661740384097642
2026-01-09 23:00:00,AWS_03,1,calibration_drift,temperature,0,0.04752648644540047
2026-01-09 23:15:00,AWS_03,1,calibration_drift,temperature,0,0.06761162206160248
2026-01-09 23:30:00,AWS_03,1,calibration_drift,temperature,0,0.0718947950327738
2026-01-09 23:45:00,AWS_03,1,calibration_drift,temperature,0,0.058924943009571185
2026-01-10 00:00:00,AWS_03,0,normal,none,1,-0.0015011228843344604
2026-01-10 00:15:00,AWS_03,0,normal,none,0,0.05674059772696699
2026-01-10 00:30:00,AWS_03,1,temperature_drop,temperature,1,-0.015466968991646679
2026-01-10 00:45:00,AWS_03,1,temperature_spike,temperature,1,-0.02788052048536549
2026-01-10 01:00:00,AWS_03,0,normal,none,0,0.02067573441422721
2026-01-10 01:15:00,AWS_03,0,normal,none,0,0.03934910366450517
2026-01-10 01:30:00,AWS_03,0,normal,none,0,0.04755392562517724
2026-01-10 01:45:00,AWS_03,0,normal,none,0,0.06886041979654317
2026-01-10 02:00:00,AWS_03,0,normal,none,0,0.03708191006384032
2026-01-10 02:15:00,AWS_03,0,normal,none,0,0.05446306151616653
2026-01-10 02:30:00,AWS_03,0,normal,none,0,0.06081415619234176
2026-01-10 02:45:00,AWS_03,0,normal,none,0,0.028813975717398077
2026-01-10 03:00:00,AWS_03,0,normal,none,0,0.043841495205110825
2026-01-10 03:15:00,AWS_03,0,normal,none,0,0.034167990741519105
2026-01-10 03:30:00,AWS_03,0,normal,none,0,0.06353446376621286
2026-01-10 03:45:00,AWS_03,0,normal,none,0,0.07233954513299357
2026-01-10 04:00:00,AWS_03,0,normal,none,0,0.06728228578591705
2026-01-10 04:15:00,AWS_03,0,normal,none,0,0.08332060995677965
2026-01-10 04:30:00,AWS_03,0,normal,none,0,0.04267929297771378
2026-01-10 04:45:00,AWS_03,0,normal,none,0,0.03655545765863433
2026-01-10 05:00:00,AWS_03,0,normal,none,0,0.05794796309737643
2026-01-10 05:15:00,AWS_03,0,normal,none,0,0.07092679340116775
2026-01-10 05:30:00,AWS_03,0,normal,none,0,0.04525107288428887
2026-01-10 05:45:00,AWS_03,0,normal,none,0,0.049993272693284574
2026-01-10 06:00:00,AWS_03,0,normal,none,0,0.050225402965374366
2026-01-10 06:15:00,AWS_03,0,normal,none,0,0.06370235593945917
2026-01-10 06:30:00,AWS_03,0,normal,none,0,0.05781024587116007
2026-01-10 06:45:00,AWS_03,0,normal,none,0,0.043746476278778146
2026-01-10 07:00:00,AWS_03,0,normal,none,0,0.04944211688428907
2026-01-10 07:15:00,AWS_03,0,normal,none,0,0.07289718054536604
2026-01-10 07:30:00,AWS_03,0,normal,none,0,0.03229721791940565
2026-01-10 07:45:00,AWS_03,0,normal,none,0,0.029574229708671074
2026-01-10 08:00:00,AWS_03,0,normal,none,0,0.05127519892053478
2026-01-10 08:15:00,AWS_03,0,normal,none,0,0.08058158210265604
2026-01-10 08:30:00,AWS_03,0,normal,none,0,0.05683591714897557
2026-01-10 08:45:00,AWS_03,0,normal,none,0,0.05907582140810175
2026-01-10 09:00:00,AWS_03,0,normal,none,0,0.061638503322552496
2026-01-10 09:15:00,AWS_03,0,normal,none,0,0.07464343636477655
2026-01-10 09:30:00,AWS_03,0,normal,none,0,0.06818570398437779
2026-01-10 09:45:00,AWS_03,0,normal,none,0,0.07037412853174874
2026-01-10 10:00:00,AWS_03,0,normal,none,0,0.028572420622428596
2026-01-10 10:15:00,AWS_03,0,normal,none,0,0.0736828091083489
2026-01-10 10:30:00,AWS_03,0,normal,none,0,0.06610828593350121
2026-01-10 10:45:00,AWS_03,0,normal,none,0,0.08166686335565976
2026-01-10 11:00:00,AWS_03,0,normal,none,0,0.047493242394719304
2026-01-10 11:15:00,AWS_03,0,normal,none,0,0.06323993688597734
2026-01-10 11:30:00,AWS_03,0,normal,none,0,0.07254171594984599
2026-01-10 11:45:00,AWS_03,0,normal,none,0,0.0669469504877876
2026-01-10 12:00:00,AWS_03,0,normal,none,0,0.03235831594405825
2026-01-10 12:15:00,AWS_03,0,normal,none,0,0.03551526107688108
2026-01-10 12:30:00,AWS_03,0,normal,none,0,0.03204380660534112
2026-01-10 12:45:00,AWS_03,0,normal,none,0,0.05017961313117708
2026-01-10 13:00:00,AWS_03,0,normal,none,1,-0.001782110977665563
2026-01-10 13:15:00,AWS_03,0,normal,none,0,0.014505563237315777
2026-01-10 13:30:00,AWS_03,0,normal,none,0,0.015284557801210852
2026-01-10 13:45:00,AWS_03,0,normal,none,0,0.03100520929282058
2026-01-10 14:00:00,AWS_03,0,normal,none,0,0.06008337032827127
2026-01-10 14:15:00,AWS_03,0,normal,none,0,0.0534330482179996
2026-01-10 14:30:00,AWS_03,0,normal,none,0,0.023172378174728836
2026-01-10 14:45:00,AWS_03,0,normal,none,0,0.057714437959778264
2026-01-10 15:00:00,AWS_03,0,normal,none,0,0.017311040533115274
2026-01-10 15:15:00,AWS_03,0,normal,none,0,0.06184216791871405
2026-01-10 15:30:00,AWS_03,0,normal,none,0,0.05714804290318437
2026-01-10 15:45:00,AWS_03,0,normal,none,0,0.03426554683615368
2026-01-10 16:00:00,AWS_03,0,normal,none,0,0.05956853504049292
2026-01-10 16:15:00,AWS_03,0,normal,none,0,0.07357217879960937
2026-01-10 16:30:00,AWS_03,0,normal,none,0,0.06468267703048086
2026-01-10 16:45:00,AWS_03,0,normal,none,0,0.035550157620206524
2026-01-10 17:00:00,AWS_03,0,normal,none,0,0.05567176975781518
2026-01-10 17:15:00,AWS_03,0,normal,none,0,0.06746497244750715
2026-01-10 17:30:00,AWS_03,0,normal,none,0,0.07340440440849577
2026-01-10 17:45:00,AWS_03,0,normal,none,0,0.0687602585527668
2026-01-10 18:00:00,AWS_03,0,normal,none,0,0.06899433177602776
2026-01-10 18:15:00,AWS_03,0,normal,none,0,0.06872540636072005
2026-01-10 18:30:00,AWS_03,0,normal,none,0,0.06934805082771878
2026-01-10 18:45:00,AWS_03,0,normal,none,0,0.05676109565318632
2026-01-10 19:00:00,AWS_03,0,normal,none,0,0.0853557573552639
2026-01-10 19:15:00,AWS_03,0,normal,none,0,0.07417405092536833
2026-01-10 19:30:00,AWS_03,0,normal,none,0,0.059690175591251005
2026-01-10 19:45:00,AWS_03,0,normal,none,0,0.05887935977822023
2026-01-10 20:00:00,AWS_03,0,normal,none,0,0.07278569521423989
2026-01-10 20:15:00,AWS_03,0,normal,none,0,0.07983247796227311
2026-01-10 20:30:00,AWS_03,0,normal,none,0,0.09496833839926638
2026-01-10 20:45:00,AWS_03,0,normal,none,0,0.06653567322749165
2026-01-10 21:00:00,AWS_03,0,normal,none,0,0.04421757514604996
2026-01-10 21:15:00,AWS_03,0,normal,none,0,0.07110877378511005
2026-01-10 21:30:00,AWS_03,0,normal,none,0,0.05478084060041827
2026-01-10 21:45:00,AWS_03,0,normal,none,0,0.09081760383973786
2026-01-10 22:00:00,AWS_03,0,normal,none,0,0.06990324791970193
2026-01-10 22:15:00,AWS_03,0,normal,none,0,0.10593186719010284
2026-01-10 22:30:00,AWS_03,0,normal,none,0,0.08693556382944245
2026-01-10 22:45:00,AWS_03,0,normal,none,0,0.09787278766422602
2026-01-10 23:00:00,AWS_03,0,normal,none,0,0.07157518411831115
2026-01-10 23:15:00,AWS_03,0,normal,none,0,0.0781080691219671
2026-01-10 23:30:00,AWS_03,0,normal,none,0,0.10039581687929483
2026-01-10 23:45:00,AWS_03,0,normal,none,0,0.08961044814883856
2026-01-11 00:00:00,AWS_03,1,calibration_drift,temperature,0,0.06737693060687816
2026-01-11 00:15:00,AWS_03,1,calibration_drift,temperature,0,0.09547310073625181
2026-01-11 00:30:00,AWS_03,1,calibration_drift,temperature,0,0.08653311765051175
2026-01-11 00:45:00,AWS_03,1,calibration_drift,temperature,0,0.08262828958765567
2026-01-11 01:00:00,AWS_03,1,calibration_drift,temperature,0,0.0949287513208717
2026-01-11 01:15:00,AWS_03,1,calibration_drift,temperature,0,0.09327122636251522
2026-01-11 01:30:00,AWS_03,1,calibration_drift,temperature,0,0.09770726989792827
2026-01-11 01:45:00,AWS_03,1,calibration_drift,temperature,0,0.0937770442986604
2026-01-11 02:00:00,AWS_03,1,calibration_drift,temperature,0,0.09264676971264635
2026-01-11 02:15:00,AWS_03,1,calibration_drift,temperature,0,0.09902415802071457
2026-01-11 02:30:00,AWS_03,1,calibration_drift,temperature,0,0.053577598925392766
2026-01-11 02:45:00,AWS_03,1,calibration_drift,temperature,0,0.09444636138720491
2026-01-11 03:00:00,AWS_03,1,calibration_drift,temperature,0,0.0749858111063072
2026-01-11 03:15:00,AWS_03,1,calibration_drift,temperature,0,0.09770343949633842
2026-01-11 03:30:00,AWS_03,1,calibration_drift,temperature,0,0.06220992895363969
2026-01-11 03:45:00,AWS_03,1,calibration_drift,temperature,0,0.08969442615017426
2026-01-11 04:00:00,AWS_03,1,calibration_drift,temperature,0,0.09712755939530732
2026-01-11 04:15:00,AWS_03,1,calibration_drift,temperature,0,0.09281322149254362
2026-01-11 04:30:00,AWS_03,1,calibration_drift,temperature,0,0.03326485330757756
2026-01-11 04:45:00,AWS_03,1,calibration_drift,temperature,0,0.08231369364280733
2026-01-11 05:00:00,AWS_03,1,calibration_drift,temperature,0,0.07529757258654407
2026-01-11 05:15:00,AWS_03,1,calibration_drift,temperature,0,0.046398925859452156
2026-01-11 05:30:00,AWS_03,1,calibration_drift,temperature,0,0.03404136502950528
2026-01-11 05:45:00,AWS_03,1,calibration_drift,temperature,0,0.08865230159693144
2026-01-11 06:00:00,AWS_03,1,calibration_drift,temperature,0,0.09315231706768168
2026-01-11 06:15:00,AWS_03,1,calibration_drift,temperature,0,0.058225839005311586
2026-01-11 06:30:00,AWS_03,1,calibration_drift,temperature,0,0.07040313508323232
2026-01-11 06:45:00,AWS_03,1,calibration_drift,temperature,0,0.06945441097494115
2026-01-11 07:00:00,AWS_03,1,calibration_drift,temperature,0,0.06344007423887477
2026-01-11 07:15:00,AWS_03,1,calibration_drift,temperature,0,0.07369970927074121
2026-01-11 07:30:00,AWS_03,1,calibration_drift,temperature,0,0.05297162658953908
2026-01-11 07:45:00,AWS_03,1,calibration_drift,temperature,0,0.07575082156769752
2026-01-11 08:00:00,AWS_03,1,calibration_drift,temperature,0,0.07756523628060774
2026-01-11 08:15:00,AWS_03,1,calibration_drift,temperature,0,0.08526101799616947
2026-01-11 08:30:00,AWS_03,1,calibration_drift,temperature,0,0.08895658407295609
2026-01-11 08:45:00,AWS_03,1,calibration_drift,temperature,0,0.049617610162871084
2026-01-11 09:00:00,AWS_03,1,calibration_drift,temperature,0,0.08250409418007476
2026-01-11 09:15:00,AWS_03,1,calibration_drift,temperature,0,0.061485330039589114
2026-01-11 09:30:00,AWS_03,1,calibration_drift,temperature,0,0.03276578295425303
2026-01-11 09:45:00,AWS_03,1,calibration_drift,temperature,0,0.0635651590376694
2026-01-11 10:00:00,AWS_03,1,calibration_drift,temperature,0,0.06589990555045572
2026-01-11 10:15:00,AWS_03,1,calibration_drift,temperature,0,0.03157225437376643
2026-01-11 10:30:00,AWS_03,1,calibration_drift,temperature,0,0.0556403328165202
2026-01-11 10:45:00,AWS_03,1,calibration_drift,temperature,0,0.05433256969525979
2026-01-11 11:00:00,AWS_03,1,calibration_drift,temperature,0,0.05853640202617594
2026-01-11 11:15:00,AWS_03,1,calibration_drift,temperature,0,0.029145367067056727
2026-01-11 11:30:00,AWS_03,1,calibration_drift,temperature,0,0.015851009986099007
2026-01-11 11:45:00,AWS_03,1,calibration_drift,temperature,0,0.04210199304859641
2026-01-11 12:00:00,AWS_03,1,calibration_drift,temperature,0,0.01948283235648174
2026-01-11 12:15:00,AWS_03,1,calibration_drift,temperature,0,0.051796972251630435
2026-01-11 12:30:00,AWS_03,1,calibration_drift,temperature,0,0.029802020362097115
2026-01-11 12:45:00,AWS_03,1,calibration_drift,temperature,0,0.023320555147291255
2026-01-11 13:00:00,AWS_03,1,calibration_drift,temperature,0,0.03865077953694607
2026-01-11 13:15:00,AWS_03,1,calibration_drift,temperature,0,0.004156633065361404
2026-01-11 13:30:00,AWS_03,1,calibration_drift,temperature,0,0.027234654297257133
2026-01-11 13:45:00,AWS_03,1,calibration_drift,temperature,0,0.03368758975919872
2026-01-11 14:00:00,AWS_03,1,calibration_drift,temperature,0,0.04197227985205576
2026-01-11 14:15:00,AWS_03,1,calibration_drift,temperature,0,0.0420210081663176
2026-01-11 14:30:00,AWS_03,1,calibration_drift,temperature,0,0.047295026489927894
2026-01-11 14:45:00,AWS_03,1,calibration_drift,temperature,1,-0.011614318899370257
2026-01-11 15:00:00,AWS_03,1,calibration_drift,temperature,0,0.006309105226137701
2026-01-11 15:15:00,AWS_03,1,calibration_drift,temperature,0,0.024391948919862183
2026-01-11 15:30:00,AWS_03,1,calibration_drift,temperature,0,0.023396227166566752
2026-01-11 15:45:00,AWS_03,1,calibration_drift,temperature,0,0.034716035027394954
2026-01-11 16:00:00,AWS_03,1,calibration_drift,temperature,0,0.029072130039684896
2026-01-11 16:15:00,AWS_03,1,calibration_drift,temperature,0,0.007395943963279805
2026-01-11 16:30:00,AWS_03,1,calibration_drift,temperature,0,0.017568597405916875
2026-01-11 16:45:00,AWS_03,1,calibration_drift,temperature,0,0.03355931379519561
2026-01-11 17:00:00,AWS_03,1,calibration_drift,temperature,0,0.005778493876487989
2026-01-11 17:15:00,AWS_03,1,calibration_drift,temperature,0,0.014571743672933013
2026-01-11 17:30:00,AWS_03,1,calibration_drift,temperature,0,0.01481102884890595
2026-01-11 17:45:00,AWS_03,1,calibration_drift,temperature,0,0.020097179099381468
2026-01-11 18:00:00,AWS_03,1,calibration_drift,temperature,0,0.021330133537671214
2026-01-11 18:15:00,AWS_03,1,calibration_drift,temperature,0,0.027580367555757435
2026-01-11 18:30:00,AWS_03,1,calibration_drift,temperature,1,-0.01454476154437312
2026-01-11 18:45:00,AWS_03,1,calibration_drift,temperature,0,0.0092368196786351
2026-01-11 19:00:00,AWS_03,1,calibration_drift,temperature,0,0.03936869840539958
2026-01-11 19:15:00,AWS_03,1,calibration_drift,temperature,0,0.04050266630305788
2026-01-11 19:30:00,AWS_03,1,calibration_drift,temperature,0,0.05940552848755254
2026-01-11 19:45:00,AWS_03,1,calibration_drift,temperature,0,0.07033929752535856
2026-01-11 20:00:00,AWS_03,1,calibration_drift,temperature,0,0.048445255387178476
2026-01-11 20:15:00,AWS_03,1,calibration_drift,temperature,0,0.06756542373669366
2026-01-11 20:30:00,AWS_03,1,calibration_drift,temperature,0,0.06261139112518943
2026-01-11 20:45:00,AWS_03,1,calibration_drift,temperature,0,0.08620252668233647
2026-01-11 21:00:00,AWS_03,1,calibration_drift,temperature,0,0.05423281133706653
2026-01-11 21:15:00,AWS_03,1,calibration_drift,temperature,0,0.07727713238207062
2026-01-11 21:30:00,AWS_03,1,calibration_drift,temperature,0,0.07942218696255943
2026-01-11 21:45:00,AWS_03,1,calibration_drift,temperature,0,0.07500254679934731
2026-01-11 22:00:00,AWS_03,1,calibration_drift,temperature,0,0.05818395900625545
2026-01-11 22:15:00,AWS_03,1,calibration_drift,temperature,0,0.07180765021087265
2026-01-11 22:30:00,AWS_03,1,calibration_drift,temperature,0,0.08265376675638397
2026-01-11 22:45:00,AWS_03,1,calibration_drift,temperature,0,0.07849631284565772
2026-01-11 23:00:00,AWS_03,1,calibration_drift,temperature,0,0.07577843813315366
2026-01-11 23:15:00,AWS_03,1,calibration_drift,temperature,0,0.07393062216207436
2026-01-11 23:30:00,AWS_03,1,calibration_drift,temperature,0,0.06110350370125517
2026-01-11 23:45:00,AWS_03,1,calibration_drift,temperature,0,0.07645336153653526
2026-01-12 00:00:00,AWS_03,0,normal,none,0,0.043126981292020417
2026-01-12 00:15:00,AWS_03,0,normal,none,0,0.08489536613049031
2026-01-12 00:30:00,AWS_03,0,normal,none,0,0.09038096950069491
2026-01-12 00:45:00,AWS_03,0,normal,none,0,0.07679462134397247
2026-01-12 01:00:00,AWS_03,1,temperature_drop,temperature,1,-0.010642588812355469
2026-01-12 01:15:00,AWS_03,1,frozen_sensor,temperature,0,0.023320052471053954
2026-01-12 01:30:00,AWS_03,1,frozen_sensor,temperature,0,0.07853211258354498
2026-01-12 01:45:00,AWS_03,1,frozen_sensor,temperature,0,0.08016253690676506
2026-01-12 02:00:00,AWS_03,1,frozen_sensor,temperature,0,0.09156216826123303
2026-01-12 02:15:00,AWS_03,1,frozen_sensor,temperature,0,0.08669829731050843
2026-01-12 02:30:00,AWS_03,1,frozen_sensor,temperature,0,0.09024712837369897
2026-01-12 02:45:00,AWS_03,1,frozen_sensor,temperature,0,0.09307601565213297
2026-01-12 03:00:00,AWS_03,1,frozen_sensor,temperature,0,0.08515830040300781
2026-01-12 03:15:00,AWS_03,1,frozen_sensor,temperature,0,0.052130663480234984
2026-01-12 03:30:00,AWS_03,1,frozen_sensor,temperature,0,0.08612481241825554
2026-01-12 03:45:00,AWS_03,1,frozen_sensor,temperature,0,0.08757664889899175
2026-01-12 04:00:00,AWS_03,1,frozen_sensor,temperature,0,0.09672356782601876
2026-01-12 04:15:00,AWS_03,1,frozen_sensor,temperature,0,0.08309742698943023
2026-01-12 04:30:00,AWS_03,1,frozen_sensor,temperature,0,0.08620980772669024
2026-01-12 04:45:00,AWS_03,1,frozen_sensor,temperature,0,0.09744438839783581
2026-01-12 05:00:00,AWS_03,1,frozen_sensor,temperature,0,0.0639874575891527
2026-01-12 05:15:00,AWS_03,1,frozen_sensor,temperature,0,0.08731513428489379
2026-01-12 05:30:00,AWS_03,1,frozen_sensor,temperature,0,0.08026830150665398
2026-01-12 05:45:00,AWS_03,1,frozen_sensor,temperature,0,0.07100424249730997
2026-01-12 06:00:00,AWS_03,1,frozen_sensor,temperature,0,0.0842797893505533
2026-01-12 06:15:00,AWS_03,1,frozen_sensor,temperature,0,0.053940374010154446
2026-01-12 06:30:00,AWS_03,1,frozen_sensor,temperature,0,0.08171909985331549
2026-01-12 06:45:00,AWS_03,1,frozen_sensor,temperature,0,0.0602441856137636
2026-01-12 07:00:00,AWS_03,1,frozen_sensor,temperature,0,0.059602661809891655
2026-01-12 07:15:00,AWS_03,0,normal,none,0,0.018508810001734766
2026-01-12 07:30:00,AWS_03,0,normal,none,0,0.06575347730785353
2026-01-12 07:45:00,AWS_03,0,normal,none,0,0.051440929547637015
2026-01-12 08:00:00,AWS_03,0,normal,none,0,0.06837432265639076
2026-01-12 08:15:00,AWS_03,0,normal,none,0,0.03378165208474504
2026-01-12 08:30:00,AWS_03,0,normal,none,0,0.018502986605875238
2026-01-12 08:45:00,AWS_03,0,normal,none,0,0.01833381447815219
2026-01-12 09:00:00,AWS_03,0,normal,none,0,0.042675614119821126
2026-01-12 09:15:00,AWS_03,0,normal,none,0,0.05334233309834929
2026-01-12 09:30:00,AWS_03,0,normal,none,0,0.06239858034670215
2026-01-12 09:45:00,AWS_03,0,normal,none,0,0.06427080698866838
2026-01-12 10:00:00,AWS_03,0,normal,none,0,0.04004786355105905
2026-01-12 10:15:00,AWS_03,0,normal,none,0,0.04440945675983532
2026-01-12 10:30:00,AWS_03,0,normal,none,0,0.05522130203486203
2026-01-12 10:45:00,AWS_03,0,normal,none,0,0.0013221927465451033
2026-01-12 11:00:00,AWS_03,0,normal,none,0,0.039620323331441276
2026-01-12 11:15:00,AWS_03,0,normal,none,0,0.039056433143255354
2026-01-12 11:30:00,AWS_03,0,normal,none,0,0.04300006089481856
2026-01-12 11:45:00,AWS_03,0,normal,none,0,0.03967329617813342
2026-01-12 12:00:00,AWS_03,0,normal,none,0,0.030764553356476765
2026-01-12 12:15:00,AWS_03,0,normal,none,0,0.054544610059934606
2026-01-12 12:30:00,AWS_03,0,normal,none,0,0.05869696472381147
2026-01-12 12:45:00,AWS_03,0,normal,none,0,0.013476251439698994
2026-01-12 13:00:00,AWS_03,0,normal,none,0,0.048158006991742996
2026-01-12 13:15:00,AWS_03,0,normal,none,0,0.00309561454479923
2026-01-12 13:30:00,AWS_03,0,normal,none,1,-0.007281086206366361
2026-01-12 13:45:00,AWS_03,0,normal,none,0,0.019209911891676312
2026-01-12 14:00:00,AWS_03,0,normal,none,1,-0.001948236511310153
2026-01-12 14:15:00,AWS_03,0,normal,none,0,0.0008607704627480173
2026-01-12 14:30:00,AWS_03,0,normal,none,0,0.008130746070865502
2026-01-12 14:45:00,AWS_03,0,normal,none,1,-0.01356965883206851
2026-01-12 15:00:00,AWS_03,0,normal,none,0,0.034001275463249714
2026-01-12 15:15:00,AWS_03,0,normal,none,0,0.03671752837147779
2026-01-12 15:30:00,AWS_03,0,normal,none,0,0.023823447903849604
2026-01-12 15:45:00,AWS_03,0,normal,none,0,0.03224579275652917
2026-01-12 16:00:00,AWS_03,0,normal,none,1,-0.018445510879667393
2026-01-12 16:15:00,AWS_03,0,normal,none,1,-0.04468793785903935
2026-01-12 16:30:00,AWS_03,0,normal,none,0,0.029288849407314244
2026-01-12 16:45:00,AWS_03,0,normal,none,1,-0.0007774527512872664
2026-01-12 17:00:00,AWS_03,0,normal,none,0,0.027041111508021576
2026-01-12 17:15:00,AWS_03,0,normal,none,0,0.04082053344115777
2026-01-12 17:30:00,AWS_03,0,normal,none,0,0.04010472044286839
2026-01-12 17:45:00,AWS_03,0,normal,none,0,0.025153218519964105
2026-01-12 18:00:00,AWS_03,0,normal,none,0,0.04510909161496113
2026-01-12 18:15:00,AWS_03,0,normal,none,0,0.05499627057846146
2026-01-12 18:30:00,AWS_03,0,normal,none,0,0.03342498009809547
2026-01-12 18:45:00,AWS_03,0,normal,none,0,0.05553455532996299
2026-01-12 19:00:00,AWS_03,0,normal,none,0,0.04664156106229356
2026-01-12 19:15:00,AWS_03,0,normal,none,0,0.05256813378860581
2026-01-12 19:30:00,AWS_03,0,normal,none,0,0.05002028334173508
2026-01-12 19:45:00,AWS_03,0,normal,none,0,0.06945343867001169
2026-01-12 20:00:00,AWS_03,0,normal,none,0,0.029472505136377003
2026-01-12 20:15:00,AWS_03,0,normal,none,0,0.048015576267834925
2026-01-12 20:30:00,AWS_03,0,normal,none,0,0.07972445218130103
2026-01-12 20:45:00,AWS_03,0,normal,none,0,0.062312348726438926
2026-01-12 21:00:00,AWS_03,0,normal,none,0,0.03343065494142072
2026-01-12 21:15:00,AWS_03,0,normal,none,0,0.050624840468503296
2026-01-12 21:30:00,AWS_03,0,normal,none,0,0.045979774595864664
2026-01-12 21:45:00,AWS_03,0,normal,none,0,0.05472818748169567
2026-01-12 22:00:00,AWS_03,0,normal,none,0,0.0734619633008452
2026-01-12 22:15:00,AWS_03,0,normal,none,0,0.057854830421447456
2026-01-12 22:30:00,AWS_03,0,normal,none,0,0.044169359158185095
2026-01-12 22:45:00,AWS_03,0,normal,none,0,0.04934401289865126
2026-01-12 23:00:00,AWS_03,0,normal,none,0,0.06544892677504999
2026-01-12 23:15:00,AWS_03,0,normal,none,0,0.06630723560510177
2026-01-12 23:30:00,AWS_03,0,normal,none,0,0.057289740067061834
2026-01-12 23:45:00,AWS_03,0,normal,none,0,0.0396239596037844
2026-01-13 00:00:00,AWS_03,0,normal,none,0,0.04156136850906711
2026-01-13 00:15:00,AWS_03,1,power_failure,all,1,-0.1243082174623209
2026-01-13 00:30:00,AWS_03,1,power_failure,all,1,-0.03297063626179808
2026-01-13 00:45:00,AWS_03,1,power_failure,all,1,-0.03297063626179808
2026-01-13 01:00:00,AWS_03,1,power_failure,all,1,-0.03581136358676262
2026-01-13 01:15:00,AWS_03,0,normal,none,1,-0.08620314877449375
2026-01-13 01:30:00,AWS_03,0,normal,none,0,0.026051001227292203
2026-01-13 01:45:00,AWS_03,0,normal,none,0,0.03635783255774616
2026-01-13 02:00:00,AWS_03,0,normal,none,0,0.049632021773570956
2026-01-13 02:15:00,AWS_03,0,normal,none,0,0.04554396948396411
2026-01-13 02:30:00,AWS_03,0,normal,none,0,0.05830028622502176
2026-01-13 02:45:00,AWS_03,0,normal,none,0,0.0569011703500909
2026-01-13 03:00:00,AWS_03,0,normal,none,1,-0.004637790304296341
2026-01-13 03:15:00,AWS_03,0,normal,none,0,0.04811759516546554
2026-01-13 03:30:00,AWS_03,0,normal,none,0,0.05839542885530041
2026-01-13 03:45:00,AWS_03,0,normal,none,0,0.027049410964211873
2026-01-13 04:00:00,AWS_03,0,normal,none,0,0.043903476744149184
2026-01-13 04:15:00,AWS_03,0,normal,none,0,0.03197414281504507
2026-01-13 04:30:00,AWS_03,0,normal,none,0,0.017355340474204173
2026-01-13 04:45:00,AWS_03,0,normal,none,0,0.043938691124921325
2026-01-13 05:00:00,AWS_03,0,normal,none,0,0.04934291323951484
2026-01-13 05:15:00,AWS_03,0,normal,none,0,0.019084392749499024
2026-01-13 05:30:00,AWS_03,0,normal,none,0,0.032650556505192996
2026-01-13 05:45:00,AWS_03,0,normal,none,0,0.027524784300000382
2026-01-13 06:00:00,AWS_03,0,normal,none,0,0.04107177642371218
2026-01-13 06:15:00,AWS_03,0,normal,none,0,0.05690167966832255
2026-01-13 06:30:00,AWS_03,0,normal,none,0,0.012547184088314789
2026-01-13 06:45:00,AWS_03,0,normal,none,0,0.04525755844155632
2026-01-13 07:00:00,AWS_03,0,normal,none,0,0.05457686675713258
2026-01-13 07:15:00,AWS_03,0,normal,none,0,0.005781507011857645
2026-01-13 07:30:00,AWS_03,0,normal,none,0,0.04066082110024749
2026-01-13 07:45:00,AWS_03,0,normal,none,0,0.05538776722141253
2026-01-13 08:00:00,AWS_03,0,normal,none,0,0.025865766602247597
2026-01-13 08:15:00,AWS_03,0,normal,none,0,0.051305408242843964
2026-01-13 08:30:00,AWS_03,0,normal,none,0,0.02475142418847187
2026-01-13 08:45:00,AWS_03,0,normal,none,0,0.0497612726603443
2026-01-13 09:00:00,AWS_03,0,normal,none,0,0.04289846215047988
2026-01-13 09:15:00,AWS_03,0,normal,none,0,0.01621995888050809
2026-01-13 09:30:00,AWS_03,0,normal,none,0,0.029753612753831038
2026-01-13 09:45:00,AWS_03,0,normal,none,0,0.03816106522958285
2026-01-13 10:00:00,AWS_03,0,normal,none,0,0.047256245612136705
2026-01-13 10:15:00,AWS_03,0,normal,none,1,-0.005774582531001937
2026-01-13 10:30:00,AWS_03,0,normal,none,0,0.022286115644180815
2026-01-13 10:45:00,AWS_03,0,normal,none,1,-0.011080977497335942
2026-01-13 11:00:00,AWS_03,0,normal,none,1,-0.018125039709021684
2026-01-13 11:15:00,AWS_03,0,normal,none,0,0.0016964506640606558
2026-01-13 11:30:00,AWS_03,0,normal,none,0,0.033036350225768674
2026-01-13 11:45:00,AWS_03,0,normal,none,0,0.02825136051927868
2026-01-13 12:00:00,AWS_03,0,normal,none,0,0.02600485935251462
2026-01-13 12:15:00,AWS_03,0,normal,none,0,0.005719286707691507
2026-01-13 12:30:00,AWS_03,0,normal,none,1,-0.009504722262103416
2026-01-13 12:45:00,AWS_03,0,normal,none,1,-0.0001901455139863284
2026-01-13 13:00:00,AWS_03,0,normal,none,0,0.030593871751306012
2026-01-13 13:15:00,AWS_03,0,normal,none,0,0.0025050714759662362
2026-01-13 13:30:00,AWS_03,0,normal,none,0,0.009038827847674291
2026-01-13 13:45:00,AWS_03,0,normal,none,0,0.0027423034511475652
2026-01-13 14:00:00,AWS_03,0,normal,none,0,0.005585842740627012
2026-01-13 14:15:00,AWS_03,0,normal,none,1,-0.008940320849393335
2026-01-13 14:30:00,AWS_03,0,normal,none,0,0.009865554806896881
2026-01-13 14:45:00,AWS_03,0,normal,none,0,0.030317014624767435
2026-01-13 15:00:00,AWS_03,0,normal,none,0,0.025268118210708068
2026-01-13 15:15:00,AWS_03,0,normal,none,0,0.025025344659386883
2026-01-13 15:30:00,AWS_03,0,normal,none,1,-0.003350898425407367
2026-01-13 15:45:00,AWS_03,0,normal,none,1,-0.009797224229853296
2026-01-13 16:00:00,AWS_03,0,normal,none,0,0.033861663256723906
2026-01-13 16:15:00,AWS_03,0,normal,none,1,-0.0003963237348441062
2026-01-13 16:30:00,AWS_03,0,normal,none,0,0.01171444638135477
2026-01-13 16:45:00,AWS_03,0,normal,none,0,0.017348435523924732
2026-01-13 17:00:00,AWS_03,0,normal,none,0,0.038249168751302354
2026-01-13 17:15:00,AWS_03,0,normal,none,0,0.05033752116161888
2026-01-13 17:30:00,AWS_03,0,normal,none,0,0.035972270830111897
2026-01-13 17:45:00,AWS_03,0,normal,none,0,0.028501137598012316
2026-01-13 18:00:00,AWS_03,0,normal,none,1,-0.0169746225058085
2026-01-13 18:15:00,AWS_03,0,normal,none,0,0.023961333232763504
2026-01-13 18:30:00,AWS_03,0,normal,none,0,0.04970323649239433
2026-01-13 18:45:00,AWS_03,0,normal,none,0,0.045199347669993784
2026-01-13 19:00:00,AWS_03,0,normal,none,0,0.021690609758400536
2026-01-13 19:15:00,AWS_03,0,normal,none,1,-0.02998065502349212
2026-01-13 19:30:00,AWS_03,0,normal,none,0,0.03208386364426097
2026-01-13 19:45:00,AWS_03,0,normal,none,0,0.052369564661113976
2026-01-13 20:00:00,AWS_03,0,normal,none,0,0.015039042090232768
2026-01-13 20:15:00,AWS_03,0,normal,none,0,0.03334210520226566
2026-01-13 20:30:00,AWS_03,0,normal,none,0,0.031823118830614394
2026-01-13 20:45:00,AWS_03,0,normal,none,0,0.03587158619489528
2026-01-13 21:00:00,AWS_03,0,normal,none,0,0.012630685461614721
2026-01-13 21:15:00,AWS_03,0,normal,none,0,0.043337492342415684
2026-01-13 21:30:00,AWS_03,0,normal,none,0,0.049636753131170386
2026-01-13 21:45:00,AWS_03,0,normal,none,0,0.041953363890247175
2026-01-13 22:00:00,AWS_03,0,normal,none,0,0.03576617824993267
2026-01-13 22:15:00,AWS_03,0,normal,none,0,0.036862415319635744
2026-01-13 22:30:00,AWS_03,0,normal,none,0,0.045653856824720895
2026-01-13 22:45:00,AWS_03,0,normal,none,0,0.04396200668834571
2026-01-13 23:00:00,AWS_03,0,normal,none,0,0.05831967574960267
2026-01-13 23:15:00,AWS_03,0,normal,none,0,0.03935043036224006
2026-01-13 23:30:00,AWS_03,0,normal,none,0,0.015678844219520705
2026-01-13 23:45:00,AWS_03,0,normal,none,0,0.048620442863011926
2026-01-14 00:00:00,AWS_03,0,normal,none,0,0.051068272406728454
2026-01-14 00:15:00,AWS_03,0,normal,none,0,0.0079280686280776
2026-01-14 00:30:00,AWS_03,1,temperature_spike,temperature,1,-0.07473200262139967
2026-01-14 00:45:00,AWS_03,0,normal,none,0,0.0005605793070266873
2026-01-14 01:00:00,AWS_03,1,temperature_drop,temperature,1,-0.03269844161935209
2026-01-14 01:15:00,AWS_03,0,normal,none,1,-0.022245081251677234
2026-01-14 01:30:00,AWS_03,0,normal,none,0,0.04527593961109122
2026-01-14 01:45:00,AWS_03,0,normal,none,0,0.020703819002077628
2026-01-14 02:00:00,AWS_03,0,normal,none,0,0.0362913356383312
2026-01-14 02:15:00,AWS_03,0,normal,none,0,0.05352913781285157
2026-01-14 02:30:00,AWS_03,0,normal,none,0,0.04854931341107005
2026-01-14 02:45:00,AWS_03,0,normal,none,0,0.04183625368302113
2026-01-14 03:00:00,AWS_03,0,normal,none,0,0.03075716260896255
2026-01-14 03:15:00,AWS_03,0,normal,none,0,0.04071955567450858
2026-01-14 03:30:00,AWS_03,0,normal,none,0,0.035725978572338946
2026-01-14 03:45:00,AWS_03,0,normal,none,0,0.021901006649513666
2026-01-14 04:00:00,AWS_03,0,normal,none,0,0.05184883643985616
2026-01-14 04:15:00,AWS_03,0,normal,none,0,0.051300791457006556
2026-01-14 04:30:00,AWS_03,0,normal,none,0,0.045945402302654204
2026-01-14 04:45:00,AWS_03,0,normal,none,0,0.04694243373441764
2026-01-14 05:00:00,AWS_03,0,normal,none,0,0.04899601538027143
2026-01-14 05:15:00,AWS_03,0,normal,none,0,0.043443032671867
2026-01-14 05:30:00,AWS_03,0,normal,none,0,0.012148166956563955
2026-01-14 05:45:00,AWS_03,0,normal,none,0,0.04410709577759164
2026-01-14 06:00:00,AWS_03,0,normal,none,0,0.05457890396229792
2026-01-14 06:15:00,AWS_03,0,normal,none,0,0.06221674092155316
2026-01-14 06:30:00,AWS_03,0,normal,none,0,0.051098538147203
2026-01-14 06:45:00,AWS_03,0,normal,none,0,0.063453498458177
2026-01-14 07:00:00,AWS_03,0,normal,none,0,0.06801232871733631
2026-01-14 07:15:00,AWS_03,0,normal,none,0,0.04540439531904761
2026-01-14 07:30:00,AWS_03,0,normal,none,0,0.07531365015491526
2026-01-14 07:45:00,AWS_03,0,normal,none,0,0.04619852924432577
2026-01-14 08:00:00,AWS_03,0,normal,none,0,0.028625212951100987
2026-01-14 08:15:00,AWS_03,0,normal,none,0,0.05451610624500497
2026-01-14 08:30:00,AWS_03,0,normal,none,0,0.023382073558980032
2026-01-14 08:45:00,AWS_03,0,normal,none,0,0.05374611124099771
2026-01-14 09:00:00,AWS_03,0,normal,none,0,0.056311304652186256
2026-01-14 09:15:00,AWS_03,0,normal,none,0,0.03334140973098887
2026-01-14 09:30:00,AWS_03,0,normal,none,0,0.07665368620728052
2026-01-14 09:45:00,AWS_03,0,normal,none,0,0.057141528566489797
2026-01-14 10:00:00,AWS_03,0,normal,none,0,0.0641662286909464
2026-01-14 10:15:00,AWS_03,0,normal,none,0,0.04683583629901489
2026-01-14 10:30:00,AWS_03,0,normal,none,0,0.04399075812164377
2026-01-14 10:45:00,AWS_03,0,normal,none,0,0.037468274099768606
2026-01-14 11:00:00,AWS_03,0,normal,none,0,0.05544774698555227
2026-01-14 11:15:00,AWS_03,0,normal,none,0,0.03146683443393039
2026-01-14 11:30:00,AWS_03,0,normal,none,0,0.03416444613216918
2026-01-14 11:45:00,AWS_03,0,normal,none,0,0.04006750197725284
2026-01-14 12:00:00,AWS_03,0,normal,none,0,0.027006465373722532
2026-01-14 12:15:00,AWS_03,0,normal,none,0,0.030024172932691773
2026-01-14 12:30:00,AWS_03,0,normal,none,0,0.023477297081102577
2026-01-14 12:45:00,AWS_03,0,normal,none,0,0.03388103315613378
2026-01-14 13:00:00,AWS_03,0,normal,none,0,0.02289841352382538
2026-01-14 13:15:00,AWS_03,0,normal,none,0,0.03243200601648877
2026-01-14 13:30:00,AWS_03,0,normal,none,0,0.004294795785730887
2026-01-14 13:45:00,AWS_03,0,normal,none,0,0.04164824732150274
2026-01-14 14:00:00,AWS_03,0,normal,none,1,-0.03042920115271186
2026-01-14 14:15:00,AWS_03,0,normal,none,0,0.00314116622336158
2026-01-14 14:30:00,AWS_03,0,normal,none,0,0.015149935086884558
2026-01-14 14:45:00,AWS_03,0,normal,none,0,0.014608020053275994
2026-01-14 15:00:00,AWS_03,0,normal,none,1,-0.029045921971235455
2026-01-14 15:15:00,AWS_03,0,normal,none,0,0.005265130854931521
2026-01-14 15:30:00,AWS_03,0,normal,none,0,0.01768180301965272
2026-01-14 15:45:00,AWS_03,0,normal,none,1,-0.026937404288152056
2026-01-14 16:00:00,AWS_03,0,normal,none,0,0.00040371861548693655
2026-01-14 16:15:00,AWS_03,0,normal,none,0,0.005389478641742995
2026-01-14 16:30:00,AWS_03,0,normal,none,0,0.01170090920468736
2026-01-14 16:45:00,AWS_03,0,normal,none,1,-0.001282707252092119
2026-01-14 17:00:00,AWS_03,0,normal,none,0,0.015584743392825673
2026-01-14 17:15:00,AWS_03,0,normal,none,0,0.019913801008479837
2026-01-14 17:30:00,AWS_03,0,normal,none,0,0.0386018558915695
2026-01-14 17:45:00,AWS_03,0,normal,none,1,-0.03832566036135365
2026-01-14 18:00:00,AWS_03,0,normal,none,0,0.0001400682846456336
2026-01-14 18:15:00,AWS_03,0,normal,none,0,0.028403944042340812
2026-01-14 18:30:00,AWS_03,0,normal,none,0,0.013831190561492956
2026-01-14 18:45:00,AWS_03,0,normal,none,0,0.01508871528317035
2026-01-14 19:00:00,AWS_03,0,normal,none,0,0.05615612521650454
2026-01-14 19:15:00,AWS_03,0,normal,none,0,0.05620520844509169
2026-01-14 19:30:00,AWS_03,0,normal,none,0,0.0632483376714777
2026-01-14 19:45:00,AWS_03,0,normal,none,0,0.04090402524872949
2026-01-14 20:00:00,AWS_03,0,normal,none,0,0.03520284781869987
2026-01-14 20:15:00,AWS_03,0,normal,none,0,0.06783925963760773
2026-01-14 20:30:00,AWS_03,0,normal,none,0,0.05686935828438028
2026-01-14 20:45:00,AWS_03,0,normal,none,0,0.061234627733320834
2026-01-14 21:00:00,AWS_03,0,normal,none,0,0.06792997348482888
2026-01-14 21:15:00,AWS_03,0,normal,none,0,0.03895780222349199
2026-01-14 21:30:00,AWS_03,0,normal,none,0,0.07312309825795005
2026-01-14 21:45:00,AWS_03,0,normal,none,0,0.06793816595097046
2026-01-14 22:00:00,AWS_03,0,normal,none,0,0.07346467620026748
2026-01-14 22:15:00,AWS_03,0,normal,none,0,0.07191501252202581
2026-01-14 22:30:00,AWS_03,0,normal,none,0,0.07169109917707256
2026-01-14 22:45:00,AWS_03,0,normal,none,0,0.07307971397295143
2026-01-14 23:00:00,AWS_03,0,normal,none,0,0.05339354848187233
2026-01-14 23:15:00,AWS_03,0,normal,none,0,0.06539058300605372
2026-01-14 23:30:00,AWS_03,0,normal,none,0,0.05819155247714286
2026-01-14 23:45:00,AWS_03,0,normal,none,0,0.04376203288669667
2026-01-15 00:00:00,AWS_03,0,normal,none,0,0.06450819994130619
2026-01-15 00:15:00,AWS_03,0,normal,none,0,0.03859512082922545
2026-01-15 00:30:00,AWS_03,0,normal,none,0,0.062216288032314826
2026-01-15 00:45:00,AWS_03,0,normal,none,0,0.04947889063061883
2026-01-15 01:00:00,AWS_03,1,frozen_sensor,temperature,0,0.05804656869434133
2026-01-15 01:15:00,AWS_03,1,frozen_sensor,temperature,0,0.03795477432548611
2026-01-15 01:30:00,AWS_03,1,frozen_sensor,temperature,0,0.05122722512652056
2026-01-15 01:45:00,AWS_03,1,frozen_sensor,temperature,0,0.06444909557122369
2026-01-15 02:00:00,AWS_03,1,frozen_sensor,temperature,0,0.029730161987204684
2026-01-15 02:15:00,AWS_03,1,frozen_sensor,temperature,0,0.05939268141933113
2026-01-15 02:30:00,AWS_03,1,frozen_sensor,temperature,0,0.04195097645911716
2026-01-15 02:45:00,AWS_03,1,frozen_sensor,temperature,0,0.02451359518766605
2026-01-15 03:00:00,AWS_03,1,frozen_sensor,temperature,0,0.06337794202213692
2026-01-15 03:15:00,AWS_03,1,frozen_sensor,temperature,0,0.06603892564193331
2026-01-15 03:30:00,AWS_03,1,frozen_sensor,temperature,0,0.050373008102215455
2026-01-15 03:45:00,AWS_03,1,frozen_sensor,temperature,0,0.04021018890715333
2026-01-15 04:00:00,AWS_03,1,frozen_sensor,temperature,1,-0.0009643842387365709
2026-01-15 04:15:00,AWS_03,1,frozen_sensor,temperature,0,0.03565534934853565
2026-01-15 04:30:00,AWS_03,1,frozen_sensor,temperature,0,0.05244117477051902
2026-01-15 04:45:00,AWS_03,1,frozen_sensor,temperature,0,0.02740845484348442
2026-01-15 05:00:00,AWS_03,1,frozen_sensor,temperature,0,0.06880191191224971
2026-01-15 05:15:00,AWS_03,1,frozen_sensor,temperature,0,0.07968717338300652
2026-01-15 05:30:00,AWS_03,1,frozen_sensor,temperature,0,0.07965748189823146
2026-01-15 05:45:00,AWS_03,1,frozen_sensor,temperature,0,0.0792458303897775
2026-01-15 06:00:00,AWS_03,1,frozen_sensor,temperature,0,0.06153740425827492
2026-01-15 06:15:00,AWS_03,1,frozen_sensor,temperature,0,0.07428025121385051
2026-01-15 06:30:00,AWS_03,1,frozen_sensor,temperature,0,0.07475735176467574
2026-01-15 06:45:00,AWS_03,1,frozen_sensor,temperature,0,0.07523676886267272
2026-01-15 07:00:00,AWS_03,0,normal,none,0,0.016638718345252546
2026-01-15 07:15:00,AWS_03,0,normal,none,0,0.036126026088047714
2026-01-15 07:30:00,AWS_03,0,normal,none,0,0.03745976163428033
2026-01-15 07:45:00,AWS_03,0,normal,none,0,0.08281035013549864
2026-01-15 08:00:00,AWS_03,0,normal,none,0,0.07134624037953274
2026-01-15 08:15:00,AWS_03,0,normal,none,0,0.07854080075559583
2026-01-15 08:30:00,AWS_03,0,normal,none,0,0.07712727524517304
2026-01-15 08:45:00,AWS_03,0,normal,none,0,0.06869244525362483
2026-01-15 09:00:00,AWS_03,0,normal,none,0,0.05779975141448529
2026-01-15 09:15:00,AWS_03,0,normal,none,0,0.032913677614067605
2026-01-15 09:30:00,AWS_03,0,normal,none,0,0.03964909037952935
2026-01-15 09:45:00,AWS_03,0,normal,none,0,0.04031980942171254
2026-01-15 10:00:00,AWS_03,0,normal,none,0,0.06207224387380117
2026-01-15 10:15:00,AWS_03,0,normal,none,0,0.05573679972409312
2026-01-15 10:30:00,AWS_03,0,normal,none,0,0.060745800025276464
2026-01-15 10:45:00,AWS_03,0,normal,none,0,0.06505033150947959
2026-01-15 11:00:00,AWS_03,0,normal,none,0,0.05451662504694593
2026-01-15 11:15:00,AWS_03,0,normal,none,0,0.04780897394522232
2026-01-15 11:30:00,AWS_03,0,normal,none,0,0.025671274064604788
2026-01-15 11:45:00,AWS_03,0,normal,none,0,0.05891078823341239
2026-01-15 12:00:00,AWS_03,0,normal,none,0,0.06622101057262392
2026-01-15 12:15:00,AWS_03,0,normal,none,0,0.03060336941529307
2026-01-15 12:30:00,AWS_03,0,normal,none,0,0.0711024095042882
2026-01-15 12:45:00,AWS_03,0,normal,none,1,-0.013044683486078679
2026-01-15 13:00:00,AWS_03,0,normal,none,0,0.013662668700280878
2026-01-15 13:15:00,AWS_03,0,normal,none,0,0.025584889882851014
2026-01-15 13:30:00,AWS_03,0,normal,none,0,0.03732788173621693
2026-01-15 13:45:00,AWS_03,0,normal,none,0,0.008898254945378659
2026-01-15 14:00:00,AWS_03,0,normal,none,0,0.033726908504785325
2026-01-15 14:15:00,AWS_03,0,normal,none,0,0.028655035186149425
2026-01-15 14:30:00,AWS_03,0,normal,none,0,0.03478762316483497
2026-01-15 14:45:00,AWS_03,0,normal,none,0,0.0424016876097536
2026-01-15 15:00:00,AWS_03,0,normal,none,0,0.014465636000674631
2026-01-15 15:15:00,AWS_03,0,normal,none,0,0.024356643593573146
2026-01-15 15:30:00,AWS_03,0,normal,none,0,0.05963432779008454
2026-01-15 15:45:00,AWS_03,0,normal,none,0,0.03141604143753429
2026-01-15 16:00:00,AWS_03,0,normal,none,0,0.04292807653433972
2026-01-15 16:15:00,AWS_03,0,normal,none,0,0.04645427370708766
2026-01-15 16:30:00,AWS_03,0,normal,none,0,0.023044413524753837
2026-01-15 16:45:00,AWS_03,0,normal,none,0,0.059275120252420765
2026-01-15 17:00:00,AWS_03,0,normal,none,0,0.019249914705779636
2026-01-15 17:15:00,AWS_03,0,normal,none,0,0.049412519117811415
2026-01-15 17:30:00,AWS_03,0,normal,none,0,0.050887894144367396
2026-01-15 17:45:00,AWS_03,0,normal,none,0,0.04282884440581547
2026-01-15 18:00:00,AWS_03,0,normal,none,0,0.06188508436738388
2026-01-15 18:15:00,AWS_03,0,normal,none,0,0.02354708642590797
2026-01-15 18:30:00,AWS_03,0,normal,none,0,0.08046051660475845
2026-01-15 18:45:00,AWS_03,0,normal,none,0,0.06937472918169751
2026-01-15 19:00:00,AWS_03,0,normal,none,0,0.051195154920846586
2026-01-15 19:15:00,AWS_03,0,normal,none,0,0.06815390821279005
2026-01-15 19:30:00,AWS_03,0,normal,none,0,0.07335686592647078
2026-01-15 19:45:00,AWS_03,0,normal,none,0,0.06235035478295964
2026-01-15 20:00:00,AWS_03,0,normal,none,0,0.07055917425234348
2026-01-15 20:15:00,AWS_03,0,normal,none,0,0.07470661458833017
2026-01-15 20:30:00,AWS_03,0,normal,none,0,0.06300113642206906
2026-01-15 20:45:00,AWS_03,0,normal,none,0,0.0639477321382691
2026-01-15 21:00:00,AWS_03,0,normal,none,0,0.05211824954412986
2026-01-15 21:15:00,AWS_03,0,normal,none,0,0.06458121417748797
2026-01-15 21:30:00,AWS_03,0,normal,none,0,0.05966108437565415
2026-01-15 21:45:00,AWS_03,0,normal,none,0,0.06070273463390202
2026-01-15 22:00:00,AWS_03,0,normal,none,0,0.03873186006420137
2026-01-15 22:15:00,AWS_03,0,normal,none,0,0.047701352330075
2026-01-15 22:30:00,AWS_03,0,normal,none,0,0.04778069796774631
2026-01-15 22:45:00,AWS_03,0,normal,none,0,0.07793654274545553
2026-01-15 23:00:00,AWS_03,0,normal,none,0,0.08291501082322039
2026-01-15 23:15:00,AWS_03,0,normal,none,0,0.06725482342399192
2026-01-15 23:30:00,AWS_03,0,normal,none,0,0.06743805628582372
2026-01-15 23:45:00,AWS_03,0,normal,none,0,0.07570733373498928
2026-01-16 00:00:00,AWS_03,0,normal,none,0,0.07905343736544546
2026-01-16 00:15:00,AWS_03,1,power_failure,all,1,-0.12312380128843281
2026-01-16 00:30:00,AWS_03,1,multivariate_inconsistency,humidity,1,-0.0778922751246538
2026-01-16 00:45:00,AWS_03,1,multivariate_inconsistency,humidity,1,-0.030276477472433116
2026-01-16 01:00:00,AWS_03,1,multivariate_inconsistency,humidity,1,-0.03344919934063839
2026-01-16 01:15:00,AWS_03,1,multivariate_inconsistency,humidity,1,-0.0827160962301694
2026-01-16 01:30:00,AWS_03,1,multivariate_inconsistency,humidity,1,-0.032036223719902335
2026-01-16 01:45:00,AWS_03,1,multivariate_inconsistency,humidity,0,0.02110355702017097
2026-01-16 02:00:00,AWS_03,0,normal,none,0,0.0307030903056692
2026-01-16 02:15:00,AWS_03,0,normal,none,0,0.00346578798267827
2026-01-16 02:30:00,AWS_03,0,normal,none,0,0.048199586533613115
2026-01-16 02:45:00,AWS_03,0,normal,none,0,0.07747317592761693
2026-01-16 03:00:00,AWS_03,0,normal,none,0,0.0864359734228487
2026-01-16 03:15:00,AWS_03,0,normal,none,0,0.08194986203105398
2026-01-16 03:30:00,AWS_03,0,normal,none,0,0.05307617862563757
2026-01-16 03:45:00,AWS_03,0,normal,none,0,0.09414509355983397
2026-01-16 04:00:00,AWS_03,0,normal,none,0,0.07823341598009109
2026-01-16 04:15:00,AWS_03,0,normal,none,0,0.09068405995877393
2026-01-16 04:30:00,AWS_03,0,normal,none,0,0.06877304762920305
2026-01-16 04:45:00,AWS_03,0,normal,none,0,0.08624953556647841
2026-01-16 05:00:00,AWS_03,0,normal,none,0,0.06749675265195704
2026-01-16 05:15:00,AWS_03,0,normal,none,0,0.05396780596996015
2026-01-16 05:30:00,AWS_03,0,normal,none,0,0.04185975948177867
2026-01-16 05:45:00,AWS_03,0,normal,none,0,0.07928477050395621
2026-01-16 06:00:00,AWS_03,0,normal,none,0,0.020019983785131035
2026-01-16 06:15:00,AWS_03,0,normal,none,0,0.05524690770266244
2026-01-16 06:30:00,AWS_03,0,normal,none,0,0.07726300986000856
2026-01-16 06:45:00,AWS_03,0,normal,none,0,0.07955613394017591
2026-01-16 07:00:00,AWS_03,0,normal,none,0,0.06383106091624752
2026-01-16 07:15:00,AWS_03,0,normal,none,0,0.05462663124111866
2026-01-16 07:30:00,AWS_03,0,normal,none,0,0.059444460064123406
2026-01-16 07:45:00,AWS_03,0,normal,none,0,0.05017783665616454
2026-01-16 08:00:00,AWS_03,0,normal,none,0,0.07346216332199906
2026-01-16 08:15:00,AWS_03,0,normal,none,0,0.08265422215704893
2026-01-16 08:30:00,AWS_03,0,normal,none,0,0.06686557285782307
2026-01-16 08:45:00,AWS_03,0,normal,none,0,0.0378649371064701
2026-01-16 09:00:00,AWS_03,0,normal,none,0,0.08123109421163982
2026-01-16 09:15:00,AWS_03,0,normal,none,0,0.06902384969011288
2026-01-16 09:30:00,AWS_03,0,normal,none,0,0.04021272791794228
2026-01-16 09:45:00,AWS_03,0,normal,none,0,0.07775711717480938
2026-01-16 10:00:00,AWS_03,0,normal,none,0,0.02544875791115586
2026-01-16 10:15:00,AWS_03,0,normal,none,0,0.05993654490876771
2026-01-16 10:30:00,AWS_03,0,normal,none,0,0.07599721139427768
2026-01-16 10:45:00,AWS_03,0,normal,none,0,0.057716609953036124
2026-01-16 11:00:00,AWS_03,0,normal,none,0,0.03980907900098407
2026-01-16 11:15:00,AWS_03,0,normal,none,0,0.03567378511799002
2026-01-16 11:30:00,AWS_03,0,normal,none,0,0.0465223254576963
2026-01-16 11:45:00,AWS_03,0,normal,none,0,0.07346531579480992
2026-01-16 12:00:00,AWS_03,0,normal,none,0,0.0218221500328043
2026-01-16 12:15:00,AWS_03,0,normal,none,0,0.03467044953600462
2026-01-16 12:30:00,AWS_03,0,normal,none,0,0.053009976295995354
2026-01-16 12:45:00,AWS_03,0,normal,none,0,0.07092656011119108
2026-01-16 13:00:00,AWS_03,0,normal,none,0,0.08045693278948546
2026-01-16 13:15:00,AWS_03,0,normal,none,0,0.04271224416703434
2026-01-16 13:30:00,AWS_03,0,normal,none,0,0.06580021300384636
2026-01-16 13:45:00,AWS_03,0,normal,none,0,0.061536070517382524
2026-01-16 14:00:00,AWS_03,0,normal,none,0,0.061210386656565696
2026-01-16 14:15:00,AWS_03,0,normal,none,0,0.06347937559150146
2026-01-16 14:30:00,AWS_03,0,normal,none,0,0.06669281981111747
2026-01-16 14:45:00,AWS_03,0,normal,none,0,0.058461483279086124
2026-01-16 15:00:00,AWS_03,0,normal,none,0,0.048715021759707766
2026-01-16 15:15:00,AWS_03,0,normal,none,0,0.07142738003144888
2026-01-16 15:30:00,AWS_03,0,normal,none,0,0.06384553244209418
2026-01-16 15:45:00,AWS_03,0,normal,none,0,0.04002800784039562
2026-01-16 16:00:00,AWS_03,0,normal,none,0,0.04676721600068712
2026-01-16 16:15:00,AWS_03,0,normal,none,0,0.0568848838836023
2026-01-16 16:30:00,AWS_03,0,normal,none,0,0.03653223047387433
2026-01-16 16:45:00,AWS_03,0,normal,none,0,0.066778174275621
2026-01-16 17:00:00,AWS_03,0,normal,none,0,0.06367824308200631
2026-01-16 17:15:00,AWS_03,0,normal,none,0,0.06158124341157706
2026-01-16 17:30:00,AWS_03,0,normal,none,0,0.0661771294203562
2026-01-16 17:45:00,AWS_03,0,normal,none,0,0.037375820616426414
2026-01-16 18:00:00,AWS_03,0,normal,none,0,0.04925756744440479
2026-01-16 18:15:00,AWS_03,0,normal,none,0,0.035123634891910394
2026-01-16 18:30:00,AWS_03,0,normal,none,0,0.07319332022740965
2026-01-16 18:45:00,AWS_03,0,normal,none,0,0.0735967463534804
2026-01-16 19:00:00,AWS_03,0,normal,none,0,0.07627522796652769
2026-01-16 19:15:00,AWS_03,0,normal,none,0,0.08262577503776786
2026-01-16 19:30:00,AWS_03,0,normal,none,0,0.0699039061873914
2026-01-16 19:45:00,AWS_03,0,normal,none,0,0.05988817493751536
2026-01-16 20:00:00,AWS_03,0,normal,none,0,0.07514634859367086
2026-01-16 20:15:00,AWS_03,0,normal,none,0,0.08076257081736066
2026-01-16 20:30:00,AWS_03,0,normal,none,0,0.06451697502686682
2026-01-16 20:45:00,AWS_03,0,normal,none,0,0.06881204051024215
2026-01-16 21:00:00,AWS_03,0,normal,none,0,0.08631318987165132
2026-01-16 21:15:00,AWS_03,0,normal,none,0,0.08314014902483174
2026-01-16 21:30:00,AWS_03,0,normal,none,0,0.029163932829512684
2026-01-16 21:45:00,AWS_03,0,normal,none,0,0.02201746031139007
2026-01-16 22:00:00,AWS_03,0,normal,none,0,0.08082898248837839
2026-01-16 22:15:00,AWS_03,0,normal,none,0,0.0828185223523274
2026-01-16 22:30:00,AWS_03,0,normal,none,0,0.08707447200277074
2026-01-16 22:45:00,AWS_03,0,normal,none,0,0.08928746328145454
2026-01-16 23:00:00,AWS_03,0,normal,none,0,0.1009213448607994
2026-01-16 23:15:00,AWS_03,0,normal,none,0,0.10027949317179674
2026-01-16 23:30:00,AWS_03,0,normal,none,0,0.10245360283331317
2026-01-16 23:45:00,AWS_03,0,normal,none,0,0.07853134286621183
2026-01-17 00:00:00,AWS_03,0,normal,none,0,0.07151673374729411
2026-01-17 00:15:00,AWS_03,0,normal,none,0,0.1034765271388347
2026-01-17 00:30:00,AWS_03,0,normal,none,0,0.09421680114781311
2026-01-17 00:45:00,AWS_03,0,normal,none,0,0.0913542150105876
2026-01-17 01:00:00,AWS_03,0,normal,none,0,0.097434114773431
2026-01-17 01:15:00,AWS_03,0,normal,none,0,0.06697318145128928
2026-01-17 01:30:00,AWS_03,0,normal,none,0,0.07263867887356312
2026-01-17 01:45:00,AWS_03,0,normal,none,0,0.08728747494663042
2026-01-17 02:00:00,AWS_03,0,normal,none,0,0.08666746953317828
2026-01-17 02:15:00,AWS_03,0,normal,none,0,0.09714945267009523
2026-01-17 02:30:00,AWS_03,0,normal,none,0,0.10219933817164972
2026-01-17 02:45:00,AWS_03,0,normal,none,0,0.10830606699397138
2026-01-17 03:00:00,AWS_03,0,normal,none,0,0.10771338876389608
2026-01-17 03:15:00,AWS_03,0,normal,none,0,0.10735034662415482
2026-01-17 03:30:00,AWS_03,0,normal,none,0,0.10826834006562946
2026-01-17 03:45:00,AWS_03,0,normal,none,0,0.11107341235528173
2026-01-17 04:00:00,AWS_03,0,normal,none,0,0.10240552710679696
2026-01-17 04:15:00,AWS_03,0,normal,none,0,0.08631915818264801
2026-01-17 04:30:00,AWS_03,0,normal,none,0,0.06812738077350777
2026-01-17 04:45:00,AWS_03,0,normal,none,0,0.0471056789687575
2026-01-17 05:00:00,AWS_03,0,normal,none,0,0.09123721218170427
2026-01-17 05:15:00,AWS_03,0,normal,none,0,0.0619909862155581
2026-01-17 05:30:00,AWS_03,0,normal,none,0,0.09585748228344843
2026-01-17 05:45:00,AWS_03,0,normal,none,0,0.11114569357925452
2026-01-17 06:00:00,AWS_03,0,normal,none,0,0.07976673305034387
2026-01-17 06:15:00,AWS_03,0,normal,none,0,0.07751833890521376
2026-01-17 06:30:00,AWS_03,0,normal,none,0,0.07368659910586856
2026-01-17 06:45:00,AWS_03,0,normal,none,0,0.09754224952896151
2026-01-17 07:00:00,AWS_03,0,normal,none,0,0.08725803831565282
2026-01-17 07:15:00,AWS_03,0,normal,none,0,0.06602328603788238
2026-01-17 07:30:00,AWS_03,0,normal,none,0,0.0933092860573786
2026-01-17 07:45:00,AWS_03,0,normal,none,0,0.07421194490660721
2026-01-17 08:00:00,AWS_03,0,normal,none,0,0.10040639672158996
2026-01-17 08:15:00,AWS_03,0,normal,none,0,0.07478035899455349
2026-01-17 08:30:00,AWS_03,0,normal,none,0,0.050016227549762426
2026-01-17 08:45:00,AWS_03,0,normal,none,0,0.064871591984899
2026-01-17 09:00:00,AWS_03,0,normal,none,0,0.08227658765261708
2026-01-17 09:15:00,AWS_03,0,normal,none,0,0.08110441005538405
2026-01-17 09:30:00,AWS_03,0,normal,none,0,0.04521108166419052
2026-01-17 09:45:00,AWS_03,0,normal,none,0,0.08158464351257011
2026-01-17 10:00:00,AWS_03,0,normal,none,0,0.0881894509686591
2026-01-17 10:15:00,AWS_03,0,normal,none,0,0.07832251068208806
2026-01-17 10:30:00,AWS_03,0,normal,none,0,0.09192220059441353
2026-01-17 10:45:00,AWS_03,0,normal,none,0,0.07747755575273763
2026-01-17 11:00:00,AWS_03,0,normal,none,0,0.03376644203551926
2026-01-17 11:15:00,AWS_03,0,normal,none,0,0.05800197888828201
2026-01-17 11:30:00,AWS_03,0,normal,none,0,0.03574907040664488
2026-01-17 11:45:00,AWS_03,0,normal,none,0,0.04123291000028417
2026-01-17 12:00:00,AWS_03,0,normal,none,0,0.03555985450386612
2026-01-17 12:15:00,AWS_03,0,normal,none,0,0.05646911495096041
2026-01-17 12:30:00,AWS_03,0,normal,none,0,0.03470942450022341
2026-01-17 12:45:00,AWS_03,0,normal,none,0,0.04225599894237486
2026-01-17 13:00:00,AWS_03,0,normal,none,0,0.03276073974659355
2026-01-17 13:15:00,AWS_03,0,normal,none,0,0.04201986347266684
2026-01-17 13:30:00,AWS_03,0,normal,none,0,0.03793649189351511
2026-01-17 13:45:00,AWS_03,0,normal,none,0,0.027717268842550435
2026-01-17 14:00:00,AWS_03,0,normal,none,0,0.05016407462992217
2026-01-17 14:15:00,AWS_03,0,normal,none,0,0.0348241537951931
2026-01-17 14:30:00,AWS_03,0,normal,none,0,0.03849217842521002
2026-01-17 14:45:00,AWS_03,0,normal,none,0,0.02156110473796835
2026-01-17 15:00:00,AWS_03,0,normal,none,0,0.030544835723150476
2026-01-17 15:15:00,AWS_03,0,normal,none,0,0.026965047415546728
2026-01-17 15:30:00,AWS_03,0,normal,none,0,0.05404158324757968
2026-01-17 15:45:00,AWS_03,0,normal,none,0,0.05586685213574161
2026-01-17 16:00:00,AWS_03,0,normal,none,0,0.06090162156082751
2026-01-17 16:15:00,AWS_03,0,normal,none,0,0.04962195247536805
2026-01-17 16:30:00,AWS_03,0,normal,none,0,0.05252205582333713
2026-01-17 16:45:00,AWS_03,0,normal,none,0,0.05101621718390387
2026-01-17 17:00:00,AWS_03,0,normal,none,0,0.035931536128579245
2026-01-17 17:15:00,AWS_03,0,normal,none,0,0.03962801165751517
2026-01-17 17:30:00,AWS_03,0,normal,none,0,0.04941460083345356
2026-01-17 17:45:00,AWS_03,0,normal,none,0,0.02318816083968267
2026-01-17 18:00:00,AWS_03,0,normal,none,0,0.001579450590858289
2026-01-17 18:15:00,AWS_03,0,normal,none,0,0.028814009419557918
2026-01-17 18:30:00,AWS_03,0,normal,none,0,0.07066982416151085
2026-01-17 18:45:00,AWS_03,0,normal,none,0,0.062052400411873876
2026-01-17 19:00:00,AWS_03,0,normal,none,0,0.06099972325817815
2026-01-17 19:15:00,AWS_03,0,normal,none,0,0.057460004813598975
2026-01-17 19:30:00,AWS_03,0,normal,none,0,0.04814932183010623
2026-01-17 19:45:00,AWS_03,0,normal,none,0,0.08064407590982497
2026-01-17 20:00:00,AWS_03,0,normal,none,0,0.07504409271536139
2026-01-17 20:15:00,AWS_03,0,normal,none,0,0.07424313368628516
2026-01-17 20:30:00,AWS_03,0,normal,none,0,0.08333660755437944
2026-01-17 20:45:00,AWS_03,0,normal,none,0,0.0814271484735693
2026-01-17 21:00:00,AWS_03,0,normal,none,0,0.03346506150570927
2026-01-17 21:15:00,AWS_03,0,normal,none,0,0.0791601053367636
2026-01-17 21:30:00,AWS_03,0,normal,none,0,0.09874708619355682
2026-01-17 21:45:00,AWS_03,0,normal,none,0,0.08930362608235615
2026-01-17 22:00:00,AWS_03,0,normal,none,0,0.08517953123463207
2026-01-17 22:15:00,AWS_03,0,normal,none,0,0.09509093820757475
2026-01-17 22:30:00,AWS_03,0,normal,none,0,0.10429144861812972
2026-01-17 22:45:00,AWS_03,0,normal,none,0,0.10798917611427394
2026-01-17 23:00:00,AWS_03,0,normal,none,0,0.08742348943423334
2026-01-17 23:15:00,AWS_03,0,normal,none,0,0.07266512407039516
2026-01-17 23:30:00,AWS_03,0,normal,none,0,0.09390222458261321
2026-01-17 23:45:00,AWS_03,0,normal,none,0,0.11636559581369293
2026-01-18 00:00:00,AWS_03,0,normal,none,0,0.0866160149092583
2026-01-18 00:15:00,AWS_03,0,normal,none,0,0.09732390731349216
2026-01-18 00:30:00,AWS_03,1,multivariate_inconsistency,humidity,1,-0.00017340243584174075
2026-01-18 00:45:00,AWS_03,1,multivariate_inconsistency,humidity,1,-0.0027343543976702245
2026-01-18 01:00:00,AWS_03,1,multivariate_inconsistency,humidity,0,0.02006332075286421
2026-01-18 01:15:00,AWS_03,1,multivariate_inconsistency,humidity,0,0.05197571031664616
2026-01-18 01:30:00,AWS_03,1,multivariate_inconsistency,humidity,0,0.06846386177637936
2026-01-18 01:45:00,AWS_03,1,multivariate_inconsistency,humidity,0,0.08124847122129641
2026-01-18 02:00:00,AWS_03,1,frozen_sensor,temperature,0,0.06272079043104861
2026-01-18 02:15:00,AWS_03,1,frozen_sensor,temperature,0,0.09422305735454939
2026-01-18 02:30:00,AWS_03,1,frozen_sensor,temperature,0,0.08981076358591106
2026-01-18 02:45:00,AWS_03,1,frozen_sensor,temperature,0,0.09881772882447648
2026-01-18 03:00:00,AWS_03,1,frozen_sensor,temperature,0,0.08464969212610801
2026-01-18 03:15:00,AWS_03,1,frozen_sensor,temperature,0,0.09357609865283945
2026-01-18 03:30:00,AWS_03,1,frozen_sensor,temperature,0,0.1037107208120216
2026-01-18 03:45:00,AWS_03,1,frozen_sensor,temperature,0,0.1111133305302473
2026-01-18 04:00:00,AWS_03,1,frozen_sensor,temperature,0,0.11375415155276031
2026-01-18 04:15:00,AWS_03,1,frozen_sensor,temperature,0,0.10464043576904031
2026-01-18 04:30:00,AWS_03,1,frozen_sensor,temperature,0,0.11554488287406067
2026-01-18 04:45:00,AWS_03,1,frozen_sensor,temperature,0,0.10576325000933551
2026-01-18 05:00:00,AWS_03,1,frozen_sensor,temperature,0,0.10861522771817883
2026-01-18 05:15:00,AWS_03,1,frozen_sensor,temperature,0,0.10821956691910167
2026-01-18 05:30:00,AWS_03,1,frozen_sensor,temperature,0,0.10174135671763218
2026-01-18 05:45:00,AWS_03,1,frozen_sensor,temperature,0,0.11077268909683136
2026-01-18 06:00:00,AWS_03,1,frozen_sensor,temperature,0,0.1096523954645281
2026-01-18 06:15:00,AWS_03,1,frozen_sensor,temperature,0,0.10425307841851544
2026-01-18 06:30:00,AWS_03,1,frozen_sensor,temperature,0,0.10243518904855398
2026-01-18 06:45:00,AWS_03,1,frozen_sensor,temperature,0,0.09662973087469201
2026-01-18 07:00:00,AWS_03,0,normal,none,0,0.05568065163304903
2026-01-18 07:15:00,AWS_03,0,normal,none,0,0.03563352239195572
2026-01-18 07:30:00,AWS_03,0,normal,none,0,0.031312791661711636
2026-01-18 07:45:00,AWS_03,0,normal,none,0,0.0711369479424474
2026-01-18 08:00:00,AWS_03,0,normal,none,0,0.09145666243207645
2026-01-18 08:15:00,AWS_03,0,normal,none,0,0.047411089550505214
2026-01-18 08:30:00,AWS_03,0,normal,none,0,0.032415602830528134
2026-01-18 08:45:00,AWS_03,0,normal,none,1,-0.0002457492468503908
2026-01-18 09:00:00,AWS_03,0,normal,none,0,0.0831609270221777
2026-01-18 09:15:00,AWS_03,0,normal,none,0,0.0592278016666678
2026-01-18 09:30:00,AWS_03,0,normal,none,0,0.057439647368220936
2026-01-18 09:45:00,AWS_03,0,normal,none,0,0.05517677350216044
2026-01-18 10:00:00,AWS_03,0,normal,none,0,0.0412872726476079
2026-01-18 10:15:00,AWS_03,0,normal,none,0,0.020483171556821334
2026-01-18 10:30:00,AWS_03,0,normal,none,0,0.032752986194469424
2026-01-18 10:45:00,AWS_03,0,normal,none,0,0.06067311642204648
2026-01-18 11:00:00,AWS_03,0,normal,none,0,0.06947801240825013
2026-01-18 11:15:00,AWS_03,0,normal,none,0,0.05424275374501242
2026-01-18 11:30:00,AWS_03,0,normal,none,0,0.0851157961444089
2026-01-18 11:45:00,AWS_03,0,normal,none,0,0.056177501373856575
2026-01-18 12:00:00,AWS_03,0,normal,none,0,0.05942578823025668
2026-01-18 12:15:00,AWS_03,0,normal,none,0,0.004685048635541533
2026-01-18 12:30:00,AWS_03,0,normal,none,0,0.047957282656479694
2026-01-18 12:45:00,AWS_03,0,normal,none,0,0.06655586180007655
2026-01-18 13:00:00,AWS_03,0,normal,none,0,0.07593527082483376
2026-01-18 13:15:00,AWS_03,0,normal,none,0,0.0015630426863005864
2026-01-18 13:30:00,AWS_03,0,normal,none,0,0.063423160686985
2026-01-18 13:45:00,AWS_03,0,normal,none,0,0.05129387200029517
2026-01-18 14:00:00,AWS_03,0,normal,none,0,0.07198726212066547
2026-01-18 14:15:00,AWS_03,0,normal,none,0,0.06881397518796561
2026-01-18 14:30:00,AWS_03,0,normal,none,0,0.07660686861696198
2026-01-18 14:45:00,AWS_03,0,normal,none,0,0.08306923608095962
2026-01-18 15:00:00,AWS_03,0,normal,none,0,0.0711081443426172
2026-01-18 15:15:00,AWS_03,0,normal,none,0,0.07011992830833319
2026-01-18 15:30:00,AWS_03,0,normal,none,0,0.08293206340432335
2026-01-18 15:45:00,AWS_03,0,normal,none,0,0.06782887940209131
2026-01-18 16:00:00,AWS_03,0,normal,none,0,0.07287443101695429
2026-01-18 16:15:00,AWS_03,0,normal,none,0,0.07628891009414673
2026-01-18 16:30:00,AWS_03,0,normal,none,0,0.06756046024636614
2026-01-18 16:45:00,AWS_03,0,normal,none,0,0.0422521810588522
2026-01-18 17:00:00,AWS_03,0,normal,none,0,0.07203461408481965
2026-01-18 17:15:00,AWS_03,0,normal,none,0,0.0767369534066989
2026-01-18 17:30:00,AWS_03,0,normal,none,0,0.07905439726188296
2026-01-18 17:45:00,AWS_03,0,normal,none,0,0.06889797167297407
2026-01-18 18:00:00,AWS_03,0,normal,none,0,0.05291132772722351
2026-01-18 18:15:00,AWS_03,0,normal,none,0,0.0572309110001365
2026-01-18 18:30:00,AWS_03,0,normal,none,0,0.08223265337822366
2026-01-18 18:45:00,AWS_03,0,normal,none,0,0.07211696689625002
2026-01-18 19:00:00,AWS_03,0,normal,none,0,0.08366113177777723
2026-01-18 19:15:00,AWS_03,0,normal,none,0,0.060805981820577726
2026-01-18 19:30:00,AWS_03,0,normal,none,0,0.05289983552261751
2026-01-18 19:45:00,AWS_03,0,normal,none,0,0.06438222968541868
2026-01-18 20:00:00,AWS_03,0,normal,none,0,0.07689460251049252
2026-01-18 20:15:00,AWS_03,0,normal,none,0,0.07404518312743041
2026-01-18 20:30:00,AWS_03,0,normal,none,0,0.06572419557472092
2026-01-18 20:45:00,AWS_03,0,normal,none,0,0.08875018861690925
2026-01-18 21:00:00,AWS_03,0,normal,none,0,0.05018497945584388
2026-01-18 21:15:00,AWS_03,0,normal,none,0,0.01570145957153224
2026-01-18 21:30:00,AWS_03,0,normal,none,0,0.08257234409905179
2026-01-18 21:45:00,AWS_03,0,normal,none,0,0.10485923275657416
2026-01-18 22:00:00,AWS_03,0,normal,none,0,0.0788570626053689
2026-01-18 22:15:00,AWS_03,0,normal,none,0,0.06546913810872457
2026-01-18 22:30:00,AWS_03,0,normal,none,0,0.07394288764850937
2026-01-18 22:45:00,AWS_03,0,normal,none,0,0.08048501592580742
2026-01-18 23:00:00,AWS_03,0,normal,none,0,0.08364447925615348
2026-01-18 23:15:00,AWS_03,0,normal,none,0,0.09150307899377919
2026-01-18 23:30:00,AWS_03,0,normal,none,0,0.06209658011428548
2026-01-18 23:45:00,AWS_03,0,normal,none,0,0.0861226688422817
2026-01-19 00:00:00,AWS_03,0,normal,none,0,0.08245878917890648
2026-01-19 00:15:00,AWS_03,0,normal,none,0,0.08250547976085376
2026-01-19 00:30:00,AWS_03,0,normal,none,0,0.07859486466395305
2026-01-19 00:45:00,AWS_03,0,normal,none,0,0.10029904140546875
2026-01-19 01:00:00,AWS_03,1,missing_data,all,0,0.09828994757072829
2026-01-19 01:15:00,AWS_03,1,missing_data,all,1,-0.12675861579294911
2026-01-19 01:30:00,AWS_03,1,missing_data,all,1,-0.03666833436804795
2026-01-19 01:45:00,AWS_03,1,missing_data,all,1,-0.03666833436804795
2026-01-19 02:00:00,AWS_03,1,missing_data,all,1,-0.03301437215377834
2026-01-19 02:15:00,AWS_03,1,missing_data,all,1,-0.05271322352251151
2026-01-19 02:30:00,AWS_03,1,missing_data,all,0,0.04449447563800091
2026-01-19 02:45:00,AWS_03,1,missing_data,all,0,0.08546303009600542
2026-01-19 03:00:00,AWS_03,0,normal,none,0,0.05672579588951271
2026-01-19 03:15:00,AWS_03,0,normal,none,0,0.047005856504492516
2026-01-19 03:30:00,AWS_03,0,normal,none,0,0.08972823422738063
2026-01-19 03:45:00,AWS_03,0,normal,none,0,0.062711299408659
2026-01-19 04:00:00,AWS_03,0,normal,none,0,0.07331584754006709
2026-01-19 04:15:00,AWS_03,0,normal,none,0,0.09046856839499595
2026-01-19 04:30:00,AWS_03,0,normal,none,0,0.09800416385995081
2026-01-19 04:45:00,AWS_03,0,normal,none,0,0.0817270545213244
2026-01-19 05:00:00,AWS_03,0,normal,none,0,0.10247479029369794
2026-01-19 05:15:00,AWS_03,0,normal,none,0,0.056295639966401245
2026-01-19 05:30:00,AWS_03,0,normal,none,0,0.06276007144396029
2026-01-19 05:45:00,AWS_03,0,normal,none,0,0.08314705769772018
2026-01-19 06:00:00,AWS_03,0,normal,none,0,0.0755096592202959
2026-01-19 06:15:00,AWS_03,0,normal,none,0,0.07214366549596846
2026-01-19 06:30:00,AWS_03,0,normal,none,0,0.08718377138823502
2026-01-19 06:45:00,AWS_03,0,normal,none,0,0.08364682098508203
2026-01-19 07:00:00,AWS_03,0,normal,none,0,0.10287063502682658
2026-01-19 07:15:00,AWS_03,0,normal,none,0,0.07536559929096431
2026-01-19 07:30:00,AWS_03,0,normal,none,0,0.08170966761367893
2026-01-19 07:45:00,AWS_03,0,normal,none,0,0.09830718561221213
2026-01-19 08:00:00,AWS_03,0,normal,none,0,0.09332028716497454
2026-01-19 08:15:00,AWS_03,0,normal,none,0,0.09630951393509801
2026-01-19 08:30:00,AWS_03,0,normal,none,0,0.09136062286469793
2026-01-19 08:45:00,AWS_03,0,normal,none,0,0.0528592514053427
2026-01-19 09:00:00,AWS_03,0,normal,none,0,0.03985390882710793
2026-01-19 09:15:00,AWS_03,0,normal,none,0,0.07760985639317836
2026-01-19 09:30:00,AWS_03,0,normal,none,0,0.015988078666201333
2026-01-19 09:45:00,AWS_03,0,normal,none,0,0.0908030234086491
2026-01-19 10:00:00,AWS_03,0,normal,none,0,0.07912986375225012
2026-01-19 10:15:00,AWS_03,0,normal,none,0,0.09909288151186457
2026-01-19 10:30:00,AWS_03,0,normal,none,0,0.05111441803728445
2026-01-19 10:45:00,AWS_03,0,normal,none,0,0.03189261073596583
2026-01-19 11:00:00,AWS_03,0,normal,none,0,0.06785802961261594
2026-01-19 11:15:00,AWS_03,0,normal,none,0,0.08702090147457231
2026-01-19 11:30:00,AWS_03,0,normal,none,0,0.08994992810098928
2026-01-19 11:45:00,AWS_03,0,normal,none,0,0.03738817233299563
2026-01-19 12:00:00,AWS_03,0,normal,none,0,0.08461319390309924
2026-01-19 12:15:00,AWS_03,0,normal,none,0,0.07881998929953121
2026-01-19 12:30:00,AWS_03,0,normal,none,0,0.085675358147213
2026-01-19 12:45:00,AWS_03,0,normal,none,0,0.040779465665234604
2026-01-19 13:00:00,AWS_03,0,normal,none,0,0.05013177110251149
2026-01-19 13:15:00,AWS_03,0,normal,none,0,0.05484435448476721
2026-01-19 13:30:00,AWS_03,0,normal,none,0,0.03262039686758722
2026-01-19 13:45:00,AWS_03,0,normal,none,0,0.06295012527848587
2026-01-19 14:00:00,AWS_03,0,normal,none,0,0.061758118555611585
2026-01-19 14:15:00,AWS_03,0,normal,none,0,0.05660953748343367
2026-01-19 14:30:00,AWS_03,0,normal,none,0,0.05186443699166288
2026-01-19 14:45:00,AWS_03,0,normal,none,0,0.0663161942144127
2026-01-19 15:00:00,AWS_03,0,normal,none,0,0.0527820639692963
2026-01-19 15:15:00,AWS_03,0,normal,none,0,0.02887022292717978
2026-01-19 15:30:00,AWS_03,0,normal,none,0,0.07096075635885635
2026-01-19 15:45:00,AWS_03,0,normal,none,0,0.06912787237153561
2026-01-19 16:00:00,AWS_03,0,normal,none,0,0.0792600529842788
2026-01-19 16:15:00,AWS_03,0,normal,none,0,0.07844545974084788
2026-01-19 16:30:00,AWS_03,0,normal,none,0,0.07787926184157035
2026-01-19 16:45:00,AWS_03,0,normal,none,0,0.07396042283360021
2026-01-19 17:00:00,AWS_03,0,normal,none,0,0.06683488344980465
2026-01-19 17:15:00,AWS_03,0,normal,none,0,0.06697763528090317
2026-01-19 17:30:00,AWS_03,0,normal,none,0,0.05738179444204988
2026-01-19 17:45:00,AWS_03,0,normal,none,0,0.07827547655023315
2026-01-19 18:00:00,AWS_03,0,normal,none,0,0.0668630755913498
2026-01-19 18:15:00,AWS_03,0,normal,none,0,0.05851155221631721
2026-01-19 18:30:00,AWS_03,0,normal,none,0,0.0801031735974505
2026-01-19 18:45:00,AWS_03,0,normal,none,0,0.07427004712976037
2026-01-19 19:00:00,AWS_03,0,normal,none,0,0.08392394645249857
2026-01-19 19:15:00,AWS_03,0,normal,none,0,0.08237415604944864
2026-01-19 19:30:00,AWS_03,0,normal,none,0,0.06234274970117071
2026-01-19 19:45:00,AWS_03,0,normal,none,0,0.08566014360690344
2026-01-19 20:00:00,AWS_03,0,normal,none,0,0.04523459326553181
2026-01-19 20:15:00,AWS_03,0,normal,none,0,0.043825102091787804
2026-01-19 20:30:00,AWS_03,0,normal,none,0,0.0799651719598673
2026-01-19 20:45:00,AWS_03,0,normal,none,0,0.07174798766740464
2026-01-19 21:00:00,AWS_03,0,normal,none,0,0.07942800676044154
2026-01-19 21:15:00,AWS_03,0,normal,none,0,0.0783015809990692
2026-01-19 21:30:00,AWS_03,0,normal,none,0,0.06926341489468557
2026-01-19 21:45:00,AWS_03,0,normal,none,0,0.06006330564606205
2026-01-19 22:00:00,AWS_03,0,normal,none,0,0.10088121377678205
2026-01-19 22:15:00,AWS_03,0,normal,none,0,0.06629210674053804
2026-01-19 22:30:00,AWS_03,0,normal,none,0,0.09067555904811359
2026-01-19 22:45:00,AWS_03,0,normal,none,0,0.07675884025107776
2026-01-19 23:00:00,AWS_03,0,normal,none,0,0.11280534745836601
2026-01-19 23:15:00,AWS_03,0,normal,none,0,0.09247361377070651
2026-01-19 23:30:00,AWS_03,0,normal,none,0,0.1001591362221233
2026-01-19 23:45:00,AWS_03,0,normal,none,0,0.09406263774118595
2026-01-20 00:00:00,AWS_03,0,normal,none,0,0.0855364770023847
2026-01-20 00:15:00,AWS_03,0,normal,none,0,0.08415209397517226
2026-01-20 00:30:00,AWS_03,0,normal,none,0,0.07350294100387633
2026-01-20 00:45:00,AWS_03,1,multivariate_inconsistency,humidity,0,0.012938332313396361
2026-01-20 01:00:00,AWS_03,1,multivariate_inconsistency,humidity,0,0.08202948803348054
2026-01-20 01:15:00,AWS_03,1,multivariate_inconsistency,humidity,0,0.03749484330385289
2026-01-20 01:30:00,AWS_03,1,multivariate_inconsistency,humidity,0,0.056911786625226723
2026-01-20 01:45:00,AWS_03,1,multivariate_inconsistency,humidity,0,0.07418027766467988
2026-01-20 02:00:00,AWS_03,1,multivariate_inconsistency,humidity,0,0.08184606181006199
2026-01-20 02:15:00,AWS_03,0,normal,none,0,0.04268453529882488
2026-01-20 02:30:00,AWS_03,0,normal,none,0,0.0725159923208562
2026-01-20 02:45:00,AWS_03,0,normal,none,0,0.09487582080140894
2026-01-20 03:00:00,AWS_03,0,normal,none,0,0.08624528935685916
2026-01-20 03:15:00,AWS_03,0,normal,none,0,0.10004407179209318
2026-01-20 03:30:00,AWS_03,0,normal,none,0,0.09485777200202739
2026-01-20 03:45:00,AWS_03,0,normal,none,0,0.09306223790345663
2026-01-20 04:00:00,AWS_03,0,normal,none,0,0.08314188164416508
2026-01-20 04:15:00,AWS_03,0,normal,none,0,0.0821739636982523
2026-01-20 04:30:00,AWS_03,0,normal,none,0,0.09279468423656251
2026-01-20 04:45:00,AWS_03,0,normal,none,0,0.06822031613470647
2026-01-20 05:00:00,AWS_03,0,normal,none,0,0.08006132503065122
2026-01-20 05:15:00,AWS_03,0,normal,none,0,0.0642389671589158
2026-01-20 05:30:00,AWS_03,0,normal,none,0,0.0909882693208599
2026-01-20 05:45:00,AWS_03,0,normal,none,0,0.10261557622227696
2026-01-20 06:00:00,AWS_03,0,normal,none,0,0.0923027617596236
2026-01-20 06:15:00,AWS_03,0,normal,none,0,0.061221440186329634
2026-01-20 06:30:00,AWS_03,0,normal,none,0,0.0570608298285028
2026-01-20 06:45:00,AWS_03,0,normal,none,0,0.08395315327900849
2026-01-20 07:00:00,AWS_03,0,normal,none,0,0.05349749134270859
2026-01-20 07:15:00,AWS_03,0,normal,none,0,0.05222162423033172
2026-01-20 07:30:00,AWS_03,0,normal,none,0,0.03860265236496618
2026-01-20 07:45:00,AWS_03,0,normal,none,0,0.05885567943335118
2026-01-20 08:00:00,AWS_03,0,normal,none,0,0.03848280191487985
2026-01-20 08:15:00,AWS_03,0,normal,none,0,0.07526793083262412
2026-01-20 08:30:00,AWS_03,0,normal,none,0,0.06229814343760803
2026-01-20 08:45:00,AWS_03,0,normal,none,0,0.05111870056036849
2026-01-20 09:00:00,AWS_03,0,normal,none,0,0.09524123992290412
2026-01-20 09:15:00,AWS_03,0,normal,none,0,0.05660998288148078
2026-01-20 09:30:00,AWS_03,0,normal,none,0,0.019832644160242552
2026-01-20 09:45:00,AWS_03,0,normal,none,0,0.07352836192867052
2026-01-20 10:00:00,AWS_03,0,normal,none,0,0.028411100634705755
2026-01-20 10:15:00,AWS_03,0,normal,none,0,0.0670609145178136
2026-01-20 10:30:00,AWS_03,0,normal,none,0,0.056265510915345984
2026-01-20 10:45:00,AWS_03,0,normal,none,0,0.053004673582709216
2026-01-20 11:00:00,AWS_03,0,normal,none,0,0.0456880819021811
2026-01-20 11:15:00,AWS_03,0,normal,none,0,0.06037729398554548
2026-01-20 11:30:00,AWS_03,0,normal,none,0,0.03213167527604188
2026-01-20 11:45:00,AWS_03,0,normal,none,0,0.0181016759656778
2026-01-20 12:00:00,AWS_03,0,normal,none,0,0.052956681598915256
2026-01-20 12:15:00,AWS_03,0,normal,none,0,0.032412838678205436
2026-01-20 12:30:00,AWS_03,0,normal,none,0,0.03171346095302541
2026-01-20 12:45:00,AWS_03,0,normal,none,0,0.011841946913389023
2026-01-20 13:00:00,AWS_03,0,normal,none,0,0.0277705048706387
2026-01-20 13:15:00,AWS_03,0,normal,none,0,0.02103801396601679
2026-01-20 13:30:00,AWS_03,0,normal,none,0,0.025854153867685525
2026-01-20 13:45:00,AWS_03,0,normal,none,0,0.01035423895301213
2026-01-20 14:00:00,AWS_03,0,normal,none,1,-0.007416310733221909
2026-01-20 14:15:00,AWS_03,0,normal,none,0,0.01618888532422391
2026-01-20 14:30:00,AWS_03,0,normal,none,0,0.024211547899459895
2026-01-20 14:45:00,AWS_03,0,normal,none,0,0.038969028080893975
2026-01-20 15:00:00,AWS_03,0,normal,none,0,0.0011080607761640993
2026-01-20 15:15:00,AWS_03,0,normal,none,1,-0.0057583154205193
2026-01-20 15:30:00,AWS_03,0,normal,none,0,0.02186459757742376
2026-01-20 15:45:00,AWS_03,0,normal,none,1,-0.007442158636966734
2026-01-20 16:00:00,AWS_03,0,normal,none,0,0.029791016833473627
2026-01-20 16:15:00,AWS_03,0,normal,none,0,0.009067235935544704
2026-01-20 16:30:00,AWS_03,0,normal,none,0,0.013726756459180645
2026-01-20 16:45:00,AWS_03,0,normal,none,0,0.016641977077514247
2026-01-20 17:00:00,AWS_03,0,normal,none,0,0.011231569466126023
2026-01-20 17:15:00,AWS_03,0,normal,none,0,0.001497721581920075
2026-01-20 17:30:00,AWS_03,0,normal,none,1,-0.0001644276949993584
2026-01-20 17:45:00,AWS_03,0,normal,none,0,0.03759233679812679
2026-01-20 18:00:00,AWS_03,0,normal,none,0,0.019404910411184417
2026-01-20 18:15:00,AWS_03,0,normal,none,0,0.00804121706283234
2026-01-20 18:30:00,AWS_03,0,normal,none,0,0.027339590489019017
2026-01-20 18:45:00,AWS_03,0,normal,none,0,0.022903563737771693
2026-01-20 19:00:00,AWS_03,0,normal,none,0,0.03267131758709385
2026-01-20 19:15:00,AWS_03,0,normal,none,0,0.008701589435097579
2026-01-20 19:30:00,AWS_03,0,normal,none,0,0.02128255771949983
2026-01-20 19:45:00,AWS_03,0,normal,none,0,0.01886260267565565
2026-01-20 20:00:00,AWS_03,0,normal,none,0,0.05220698449283778
2026-01-20 20:15:00,AWS_03,0,normal,none,0,0.03578412832115829
2026-01-20 20:30:00,AWS_03,0,normal,none,0,0.06684054918801802
2026-01-20 20:45:00,AWS_03,0,normal,none,0,0.02727452488051152
2026-01-20 21:00:00,AWS_03,0,normal,none,0,0.0298671940620302
2026-01-20 21:15:00,AWS_03,0,normal,none,0,0.04809137794231888
2026-01-20 21:30:00,AWS_03,0,normal,none,0,0.06917208469148606
2026-01-20 21:45:00,AWS_03,0,normal,none,0,0.06862112001646692
2026-01-20 22:00:00,AWS_03,0,normal,none,0,0.03599817940331662
2026-01-20 22:15:00,AWS_03,0,normal,none,0,0.054921757787658676
2026-01-20 22:30:00,AWS_03,0,normal,none,0,0.05781653920416818
2026-01-20 22:45:00,AWS_03,0,normal,none,0,0.03712549596357273
2026-01-20 23:00:00,AWS_03,0,normal,none,0,0.06123697395048944
2026-01-20 23:15:00,AWS_03,0,normal,none,0,0.06649159501631202
2026-01-20 23:30:00,AWS_03,0,normal,none,0,0.06920945571869325
2026-01-20 23:45:00,AWS_03,0,normal,none,0,0.07019619850128034
2026-01-21 00:00:00,AWS_03,0,normal,none,0,0.05880080696564455
2026-01-21 00:15:00,AWS_03,0,normal,none,0,0.05514706941808639
2026-01-21 00:30:00,AWS_03,0,normal,none,0,0.06376665876305126
2026-01-21 00:45:00,AWS_03,1,missing_data,all,0,0.06750142284103633
2026-01-21 01:00:00,AWS_03,1,missing_data,all,0,0.06279289618340139
2026-01-21 01:15:00,AWS_03,1,missing_data,all,0,0.03829941751258592
2026-01-21 01:30:00,AWS_03,1,missing_data,all,0,0.05294237420156883
2026-01-21 01:45:00,AWS_03,1,missing_data,all,0,0.054463523993046103
2026-01-21 02:00:00,AWS_03,1,missing_data,all,0,0.05942587036200864
2026-01-21 02:15:00,AWS_03,1,missing_data,all,0,0.03893118995968026
2026-01-21 02:30:00,AWS_03,1,missing_data,all,0,0.04375164823374389
2026-01-21 02:45:00,AWS_03,1,frozen_sensor,temperature,0,0.06242403871968505
2026-01-21 03:00:00,AWS_03,1,frozen_sensor,temperature,0,0.07105720627065476
2026-01-21 03:15:00,AWS_03,1,frozen_sensor,temperature,0,0.054895000042468056
2026-01-21 03:30:00,AWS_03,1,frozen_sensor,temperature,0,0.07202895499624301
2026-01-21 03:45:00,AWS_03,1,frozen_sensor,temperature,0,0.048414027133511506
2026-01-21 04:00:00,AWS_03,1,frozen_sensor,temperature,0,0.01233744827796368
2026-01-21 04:15:00,AWS_03,1,frozen_sensor,temperature,0,0.06748692564225939
2026-01-21 04:30:00,AWS_03,1,frozen_sensor,temperature,0,0.06588460493002984
2026-01-21 04:45:00,AWS_03,1,frozen_sensor,temperature,0,0.06919037980496312
2026-01-21 05:00:00,AWS_03,1,frozen_sensor,temperature,0,0.05901132825496769
2026-01-21 05:15:00,AWS_03,1,frozen_sensor,temperature,0,0.0601830964274937
2026-01-21 05:30:00,AWS_03,1,frozen_sensor,temperature,0,0.04859246392550365
2026-01-21 05:45:00,AWS_03,1,frozen_sensor,temperature,0,0.042131191322631656
2026-01-21 06:00:00,AWS_03,1,frozen_sensor,temperature,0,0.029958870463465903
2026-01-21 06:15:00,AWS_03,1,frozen_sensor,temperature,0,0.014921363941711396
2026-01-21 06:30:00,AWS_03,1,frozen_sensor,temperature,0,0.01381546717513793
2026-01-21 06:45:00,AWS_03,0,normal,none,0,0.004136137855811128
2026-01-21 07:00:00,AWS_03,0,normal,none,0,0.03656931358159499
2026-01-21 07:15:00,AWS_03,0,normal,none,0,0.05369342298499319
2026-01-21 07:30:00,AWS_03,0,normal,none,0,0.04922607557443781
2026-01-21 07:45:00,AWS_03,0,normal,none,0,0.009366289856704402
2026-01-21 08:00:00,AWS_03,0,normal,none,0,0.051881219256966316
2026-01-21 08:15:00,AWS_03,0,normal,none,0,0.04592916704213179
2026-01-21 08:30:00,AWS_03,0,normal,none,0,0.03172921830640418
2026-01-21 08:45:00,AWS_03,0,normal,none,0,0.03023468165010923
2026-01-21 09:00:00,AWS_03,0,normal,none,0,0.043968747503689065
2026-01-21 09:15:00,AWS_03,0,normal,none,0,0.04980540620706758
2026-01-21 09:30:00,AWS_03,0,normal,none,1,-0.042240963943275034
2026-01-21 09:45:00,AWS_03,0,normal,none,0,0.006820867792429186
2026-01-21 10:00:00,AWS_03,0,normal,none,0,0.05391708020279562
2026-01-21 10:15:00,AWS_03,0,normal,none,0,0.05065965098986591
2026-01-21 10:30:00,AWS_03,0,normal,none,0,0.011850621727023003
2026-01-21 10:45:00,AWS_03,0,normal,none,0,0.024258175769006463
2026-01-21 11:00:00,AWS_03,0,normal,none,0,0.037299279495523474
2026-01-21 11:15:00,AWS_03,0,normal,none,0,0.015271524404439019
2026-01-21 11:30:00,AWS_03,0,normal,none,0,0.03466258168830283
2026-01-21 11:45:00,AWS_03,0,normal,none,1,-0.010229937594362415
2026-01-21 12:00:00,AWS_03,0,normal,none,1,-0.0027907142506026217
2026-01-21 12:15:00,AWS_03,0,normal,none,0,0.029730550768137687
2026-01-21 12:30:00,AWS_03,0,normal,none,0,0.019854228777985483
2026-01-21 12:45:00,AWS_03,0,normal,none,0,0.024648748045878466
2026-01-21 13:00:00,AWS_03,0,normal,none,1,-0.00826737728938498
2026-01-21 13:15:00,AWS_03,0,normal,none,0,0.034356184020341574
2026-01-21 13:30:00,AWS_03,0,normal,none,0,0.023132508942318775
2026-01-21 13:45:00,AWS_03,0,normal,none,1,-0.003681180873915668
2026-01-21 14:00:00,AWS_03,0,normal,none,0,0.026050109557439916
2026-01-21 14:15:00,AWS_03,0,normal,none,0,0.010185464870153926
2026-01-21 14:30:00,AWS_03,0,normal,none,0,0.0028905923949161805
2026-01-21 14:45:00,AWS_03,0,normal,none,0,0.027081910400112208
2026-01-21 15:00:00,AWS_03,0,normal,none,0,0.01938701790966313
2026-01-21 15:15:00,AWS_03,0,normal,none,0,0.019619971577854667
2026-01-21 15:30:00,AWS_03,0,normal,none,0,0.024462437502374756
2026-01-21 15:45:00,AWS_03,0,normal,none,0,0.02152781901146683
2026-01-21 16:00:00,AWS_03,0,normal,none,0,0.014716876086531827
2026-01-21 16:15:00,AWS_03,0,normal,none,0,0.019525244970129196
2026-01-21 16:30:00,AWS_03,0,normal,none,1,-0.0025137655063364184
2026-01-21 16:45:00,AWS_03,0,normal,none,0,0.01472764048257924
2026-01-21 17:00:00,AWS_03,0,normal,none,0,0.019909912941630137
2026-01-21 17:15:00,AWS_03,0,normal,none,0,0.03046276392526881
2026-01-21 17:30:00,AWS_03,0,normal,none,0,0.026782233817219225
2026-01-21 17:45:00,AWS_03,0,normal,none,0,0.024352819021493333
2026-01-21 18:00:00,AWS_03,0,normal,none,0,0.016085582505332652
2026-01-21 18:15:00,AWS_03,0,normal,none,0,0.02375590556490048
2026-01-21 18:30:00,AWS_03,0,normal,none,0,0.022893823470403696
2026-01-21 18:45:00,AWS_03,0,normal,none,0,0.024237316308860724
2026-01-21 19:00:00,AWS_03,0,normal,none,0,0.011047173518338393
2026-01-21 19:15:00,AWS_03,0,normal,none,0,0.010003401470353723
2026-01-21 19:30:00,AWS_03,0,normal,none,0,0.033435072560187185
2026-01-21 19:45:00,AWS_03,0,normal,none,0,0.052095894968194445
2026-01-21 20:00:00,AWS_03,0,normal,none,0,0.039986990889348095
2026-01-21 20:15:00,AWS_03,0,normal,none,0,0.04916232225775974
2026-01-21 20:30:00,AWS_03,0,normal,none,0,0.016613123605382807
2026-01-21 20:45:00,AWS_03,0,normal,none,0,0.06123122126290598
2026-01-21 21:00:00,AWS_03,0,normal,none,0,0.065318826463308
2026-01-21 21:15:00,AWS_03,0,normal,none,0,0.050273945141213416
2026-01-21 21:30:00,AWS_03,0,normal,none,0,0.024706143333270814
2026-01-21 21:45:00,AWS_03,0,normal,none,0,0.0534197362936466
2026-01-21 22:00:00,AWS_03,0,normal,none,0,0.05101085994064075
2026-01-21 22:15:00,AWS_03,0,normal,none,0,0.056083533696687726
2026-01-21 22:30:00,AWS_03,0,normal,none,0,0.04200425100873828
2026-01-21 22:45:00,AWS_03,0,normal,none,0,0.04134175408728347
2026-01-21 23:00:00,AWS_03,0,normal,none,0,0.05356578498270481
2026-01-21 23:15:00,AWS_03,0,normal,none,0,0.059394312189632203
2026-01-21 23:30:00,AWS_03,0,normal,none,0,0.04724994673271843
2026-01-21 23:45:00,AWS_03,0,normal,none,0,0.06697255383948553
2026-01-22 00:00:00,AWS_03,1,multivariate_inconsistency,humidity,1,-0.024292183128438838
2026-01-22 00:15:00,AWS_03,1,multivariate_inconsistency,humidity,0,0.04963274808957463
2026-01-22 00:30:00,AWS_03,1,multivariate_inconsistency,humidity,0,0.04058928574746723
2026-01-22 00:45:00,AWS_03,1,multivariate_inconsistency,humidity,1,-0.13139823094791925
2026-01-22 01:00:00,AWS_03,1,multivariate_inconsistency,humidity,1,-0.0395938328793034
2026-01-22 01:15:00,AWS_03,1,multivariate_inconsistency,humidity,1,-0.0395938328793034
2026-01-22 01:30:00,AWS_03,1,power_failure,all,1,-0.08003639139823027
2026-01-22 01:45:00,AWS_03,0,normal,none,1,-0.06605518858911519
2026-01-22 02:00:00,AWS_03,0,normal,none,0,0.08273398405805987
2026-01-22 02:15:00,AWS_03,0,normal,none,0,0.06976768395688182
2026-01-22 02:30:00,AWS_03,0,normal,none,0,0.07330477788158363
2026-01-22 02:45:00,AWS_03,0,normal,none,0,0.07372955591620678
2026-01-22 03:00:00,AWS_03,0,normal,none,0,0.08238158641970306
2026-01-22 03:15:00,AWS_03,0,normal,none,0,0.07915562239580548
2026-01-22 03:30:00,AWS_03,0,normal,none,0,0.09231875835178538
2026-01-22 03:45:00,AWS_03,0,normal,none,0,0.07111737711107613
2026-01-22 04:00:00,AWS_03,0,normal,none,0,0.06915477907111395
2026-01-22 04:15:00,AWS_03,0,normal,none,0,0.0389721228989659
2026-01-22 04:30:00,AWS_03,0,normal,none,0,0.06858159271859299
2026-01-22 04:45:00,AWS_03,0,normal,none,0,0.08404540058364418
2026-01-22 05:00:00,AWS_03,0,normal,none,0,0.08577457836121444
2026-01-22 05:15:00,AWS_03,0,normal,none,0,0.06657590251639262
2026-01-22 05:30:00,AWS_03,0,normal,none,0,0.046739274953912835
2026-01-22 05:45:00,AWS_03,0,normal,none,0,0.045853593185330666
2026-01-22 06:00:00,AWS_03,0,normal,none,0,0.04109672430692224
2026-01-22 06:15:00,AWS_03,0,normal,none,0,0.041870358851093026
2026-01-22 06:30:00,AWS_03,0,normal,none,0,0.05952391750569608
2026-01-22 06:45:00,AWS_03,0,normal,none,0,0.0638985166872697
2026-01-22 07:00:00,AWS_03,0,normal,none,0,0.055641699344307904
2026-01-22 07:15:00,AWS_03,0,normal,none,0,0.08758197196050721
2026-01-22 07:30:00,AWS_03,0,normal,none,0,0.03588841429089007
2026-01-22 07:45:00,AWS_03,0,normal,none,0,0.07431028907053855
2026-01-22 08:00:00,AWS_03,0,normal,none,0,0.06713726523455282
2026-01-22 08:15:00,AWS_03,0,normal,none,0,0.07936107897639638
2026-01-22 08:30:00,AWS_03,0,normal,none,0,0.0382381350801968
2026-01-22 08:45:00,AWS_03,0,normal,none,0,0.05167813974730362
2026-01-22 09:00:00,AWS_03,0,normal,none,0,0.07927502821498672
2026-01-22 09:15:00,AWS_03,0,normal,none,0,0.052345431149102506
2026-01-22 09:30:00,AWS_03,0,normal,none,0,0.052707711083394226
2026-01-22 09:45:00,AWS_03,0,normal,none,0,0.06577409013705421
2026-01-22 10:00:00,AWS_03,0,normal,none,0,0.03567652913301822
2026-01-22 10:15:00,AWS_03,0,normal,none,0,0.07367769508251187
2026-01-22 10:30:00,AWS_03,0,normal,none,0,0.06285380784579853
2026-01-22 10:45:00,AWS_03,0,normal,none,0,0.039493738138613566
2026-01-22 11:00:00,AWS_03,0,normal,none,0,0.02028019930608027
2026-01-22 11:15:00,AWS_03,0,normal,none,0,0.051020256158635924
2026-01-22 11:30:00,AWS_03,0,normal,none,0,0.050038799523338284
2026-01-22 11:45:00,AWS_03,0,normal,none,0,0.040340315778297664
2026-01-22 12:00:00,AWS_03,0,normal,none,0,0.016646795384872903
2026-01-22 12:15:00,AWS_03,0,normal,none,0,0.042637053940452696
2026-01-22 12:30:00,AWS_03,0,normal,none,0,0.06421264073844923
2026-01-22 12:45:00,AWS_03,0,normal,none,0,0.006571344744627838
2026-01-22 13:00:00,AWS_03,0,normal,none,0,0.01678033209720331
2026-01-22 13:15:00,AWS_03,0,normal,none,0,0.04242903721663682
2026-01-22 13:30:00,AWS_03,0,normal,none,0,0.03618004935238073
2026-01-22 13:45:00,AWS_03,0,normal,none,0,0.04378105700513801
2026-01-22 14:00:00,AWS_03,0,normal,none,0,0.03919805094249651
2026-01-22 14:15:00,AWS_03,0,normal,none,0,0.05251931611350047
2026-01-22 14:30:00,AWS_03,0,normal,none,0,0.048328992938328375
2026-01-22 14:45:00,AWS_03,0,normal,none,0,0.04761408624605945
2026-01-22 15:00:00,AWS_03,0,normal,none,0,0.02057825555235515
2026-01-22 15:15:00,AWS_03,0,normal,none,0,0.05038997172101334
2026-01-22 15:30:00,AWS_03,0,normal,none,0,0.06311144067845442
2026-01-22 15:45:00,AWS_03,0,normal,none,0,0.047905306857417784
2026-01-22 16:00:00,AWS_03,0,normal,none,0,0.059000947620799604
2026-01-22 16:15:00,AWS_03,0,normal,none,0,0.06253471860560844
2026-01-22 16:30:00,AWS_03,0,normal,none,0,0.06680687854975076
2026-01-22 16:45:00,AWS_03,0,normal,none,0,0.06911627659315928
2026-01-22 17:00:00,AWS_03,0,normal,none,0,0.04847833297403359
2026-01-22 17:15:00,AWS_03,0,normal,none,0,0.033701789177371544
2026-01-22 17:30:00,AWS_03,0,normal,none,0,0.06351759756926223
2026-01-22 17:45:00,AWS_03,0,normal,none,0,0.045992389750682205
2026-01-22 18:00:00,AWS_03,0,normal,none,0,0.06224278828102531
2026-01-22 18:15:00,AWS_03,0,normal,none,0,0.06408143932516297
2026-01-22 18:30:00,AWS_03,0,normal,none,0,0.06497049070908772
2026-01-22 18:45:00,AWS_03,0,normal,none,0,0.05852050607572895
2026-01-22 19:00:00,AWS_03,0,normal,none,0,0.059555719432007104
2026-01-22 19:15:00,AWS_03,0,normal,none,0,0.046425930543556815
2026-01-22 19:30:00,AWS_03,0,normal,none,0,0.07509966392318063
2026-01-22 19:45:00,AWS_03,0,normal,none,0,0.0834434599499983
2026-01-22 20:00:00,AWS_03,0,normal,none,0,0.08075026728036455
2026-01-22 20:15:00,AWS_03,0,normal,none,0,0.08653289318635943
2026-01-22 20:30:00,AWS_03,0,normal,none,0,0.06570906091696715
2026-01-22 20:45:00,AWS_03,0,normal,none,0,0.07399037923661378
2026-01-22 21:00:00,AWS_03,0,normal,none,0,0.05369263788161882
2026-01-22 21:15:00,AWS_03,0,normal,none,0,0.0885154644282296
2026-01-22 21:30:00,AWS_03,0,normal,none,0,0.07277711791570202
2026-01-22 21:45:00,AWS_03,0,normal,none,0,0.08753491190331097
2026-01-22 22:00:00,AWS_03,0,normal,none,0,0.08987239655314616
2026-01-22 22:15:00,AWS_03,0,normal,none,0,0.09335621089980539
2026-01-22 22:30:00,AWS_03,0,normal,none,0,0.09512316596799936
2026-01-22 22:45:00,AWS_03,0,normal,none,0,0.06700173387483416
2026-01-22 23:00:00,AWS_03,0,normal,none,0,0.08425084589647636
2026-01-22 23:15:00,AWS_03,0,normal,none,0,0.060036458125184655
2026-01-22 23:30:00,AWS_03,0,normal,none,0,0.10335030582080007
2026-01-22 23:45:00,AWS_03,0,normal,none,0,0.0905404722227856
2026-01-23 00:00:00,AWS_03,1,missing_data,all,1,-0.025733489286688394
2026-01-23 00:15:00,AWS_03,1,missing_data,all,0,0.003006959014713817
2026-01-23 00:30:00,AWS_03,1,missing_data,all,0,0.02288565713928825
2026-01-23 00:45:00,AWS_03,1,missing_data,all,0,0.011020335287907246
2026-01-23 01:00:00,AWS_03,1,missing_data,all,0,0.04832177378499125
2026-01-23 01:15:00,AWS_03,1,missing_data,all,0,0.05273029052786715
2026-01-23 01:30:00,AWS_03,1,missing_data,all,0,0.042502408246804735
2026-01-23 01:45:00,AWS_03,1,missing_data,all,0,0.033692413707061664
2026-01-23 02:00:00,AWS_03,0,normal,none,0,0.049985495504809296
2026-01-23 02:15:00,AWS_03,0,normal,none,0,0.025999855866085553
2026-01-23 02:30:00,AWS_03,0,normal,none,0,0.04733968353211737
2026-01-23 02:45:00,AWS_03,0,normal,none,0,0.0230845796264304
2026-01-23 03:00:00,AWS_03,0,normal,none,0,0.050387506976312835
2026-01-23 03:15:00,AWS_03,0,normal,none,0,0.026646070829006607
2026-01-23 03:30:00,AWS_03,0,normal,none,0,0.04891703734514774
2026-01-23 03:45:00,AWS_03,0,normal,none,0,0.031091497613899843
2026-01-23 04:00:00,AWS_03,0,normal,none,0,0.03761006238049569
2026-01-23 04:15:00,AWS_03,0,normal,none,0,0.016459191397652284
2026-01-23 04:30:00,AWS_03,0,normal,none,1,-0.0031762003567513686
2026-01-23 04:45:00,AWS_03,0,normal,none,0,0.023329864468070283
2026-01-23 05:00:00,AWS_03,0,normal,none,0,0.032050391694146696
2026-01-23 05:15:00,AWS_03,0,normal,none,0,0.019697639309894432
2026-01-23 05:30:00,AWS_03,0,normal,none,1,-0.015773761717160384
2026-01-23 05:45:00,AWS_03,0,normal,none,0,0.0014891113456234617
2026-01-23 06:00:00,AWS_03,0,normal,none,0,0.022436413284747103
2026-01-23 06:15:00,AWS_03,0,normal,none,0,0.04874636645800334
2026-01-23 06:30:00,AWS_03,0,normal,none,0,0.010252587114925937
2026-01-23 06:45:00,AWS_03,0,normal,none,0,0.07539012799907285
2026-01-23 07:00:00,AWS_03,0,normal,none,0,0.04989312674492241
2026-01-23 07:15:00,AWS_03,0,normal,none,0,0.06702724640141866
2026-01-23 07:30:00,AWS_03,0,normal,none,0,0.06408607932108495
2026-01-23 07:45:00,AWS_03,0,normal,none,0,0.04920117098200005
2026-01-23 08:00:00,AWS_03,0,normal,none,0,0.022571495742048975
2026-01-23 08:15:00,AWS_03,0,normal,none,0,0.07163579815231225
2026-01-23 08:30:00,AWS_03,0,normal,none,0,0.05273421285472335
2026-01-23 08:45:00,AWS_03,0,normal,none,0,0.06132954554234732
2026-01-23 09:00:00,AWS_03,0,normal,none,0,0.06992298398233238
2026-01-23 09:15:00,AWS_03,0,normal,none,0,0.0598645292178413
2026-01-23 09:30:00,AWS_03,0,normal,none,0,0.04913120586191466
2026-01-23 09:45:00,AWS_03,0,normal,none,0,0.05410404683420733
2026-01-23 10:00:00,AWS_03,0,normal,none,0,0.06579732915843323
2026-01-23 10:15:00,AWS_03,0,normal,none,0,0.0503560518495107
2026-01-23 10:30:00,AWS_03,0,normal,none,0,0.03305996271825107
2026-01-23 10:45:00,AWS_03,0,normal,none,0,0.060533078941412855
2026-01-23 11:00:00,AWS_03,0,normal,none,0,0.05578198863355477
2026-01-23 11:15:00,AWS_03,0,normal,none,0,0.0390538233395199
2026-01-23 11:30:00,AWS_03,0,normal,none,0,0.05539707106492919
2026-01-23 11:45:00,AWS_03,0,normal,none,0,0.052225807542576
2026-01-23 12:00:00,AWS_03,0,normal,none,0,0.02714165682913039
2026-01-23 12:15:00,AWS_03,0,normal,none,0,0.0370286242688449
2026-01-23 12:30:00,AWS_03,0,normal,none,0,0.03677589823885519
2026-01-23 12:45:00,AWS_03,0,normal,none,0,0.008641092083848667
2026-01-23 13:00:00,AWS_03,0,normal,none,0,0.038981551056348374
2026-01-23 13:15:00,AWS_03,0,normal,none,0,0.011973479392419772
2026-01-23 13:30:00,AWS_03,0,normal,none,0,0.04830983255089216
2026-01-23 13:45:00,AWS_03,0,normal,none,1,-0.004741466123343363
2026-01-23 14:00:00,AWS_03,0,normal,none,0,0.04991672507964107
2026-01-23 14:15:00,AWS_03,0,normal,none,0,0.0092806544812577
2026-01-23 14:30:00,AWS_03,0,normal,none,1,-0.0023055562901517224
2026-01-23 14:45:00,AWS_03,0,normal,none,0,0.0044854422651163794
2026-01-23 15:00:00,AWS_03,0,normal,none,0,0.04517279830535226
2026-01-23 15:15:00,AWS_03,0,normal,none,0,0.036033839245138144
2026-01-23 15:30:00,AWS_03,0,normal,none,1,-0.0005512443875533846
2026-01-23 15:45:00,AWS_03,0,normal,none,0,0.021167668526287042
2026-01-23 16:00:00,AWS_03,0,normal,none,0,0.030292814190392092
2026-01-23 16:15:00,AWS_03,0,normal,none,0,0.033443841224828796
2026-01-23 16:30:00,AWS_03,0,normal,none,0,0.06484701836231499
2026-01-23 16:45:00,AWS_03,0,normal,none,0,0.04144030628725637
2026-01-23 17:00:00,AWS_03,0,normal,none,0,0.0011241760603308837
2026-01-23 17:15:00,AWS_03,0,normal,none,0,0.02396629152970009
2026-01-23 17:30:00,AWS_03,0,normal,none,0,0.058980963161098465
2026-01-23 17:45:00,AWS_03,0,normal,none,0,0.043942492346687345
2026-01-23 18:00:00,AWS_03,0,normal,none,0,0.05240929529579702
2026-01-23 18:15:00,AWS_03,0,normal,none,0,0.03241094850800408
2026-01-23 18:30:00,AWS_03,0,normal,none,0,0.065998756465517
2026-01-23 18:45:00,AWS_03,0,normal,none,0,0.066276847784005
2026-01-23 19:00:00,AWS_03,0,normal,none,0,0.02901216479762414
2026-01-23 19:15:00,AWS_03,0,normal,none,0,0.06032287601813585
2026-01-23 19:30:00,AWS_03,0,normal,none,0,0.05845676566829766
2026-01-23 19:45:00,AWS_03,0,normal,none,0,0.07058955231220954
2026-01-23 20:00:00,AWS_03,0,normal,none,0,0.05076313424549589
2026-01-23 20:15:00,AWS_03,0,normal,none,0,0.009234479645315763
2026-01-23 20:30:00,AWS_03,0,normal,none,0,0.08258717752147648
2026-01-23 20:45:00,AWS_03,0,normal,none,0,0.07245270497760914
2026-01-23 21:00:00,AWS_03,0,normal,none,0,0.07331834141445848
2026-01-23 21:15:00,AWS_03,0,normal,none,0,0.07184498532067707
2026-01-23 21:30:00,AWS_03,0,normal,none,0,0.051867203901528935
2026-01-23 21:45:00,AWS_03,0,normal,none,0,0.05234158206217848
2026-01-23 22:00:00,AWS_03,0,normal,none,0,0.05311566328444517
2026-01-23 22:15:00,AWS_03,0,normal,none,0,0.05188296769541295
2026-01-23 22:30:00,AWS_03,0,normal,none,0,0.07760813855010684
2026-01-23 22:45:00,AWS_03,0,normal,none,0,0.044482842466754824
2026-01-23 23:00:00,AWS_03,0,normal,none,0,0.05493196803070727
2026-01-23 23:15:00,AWS_03,0,normal,none,0,0.07816436110966218
2026-01-23 23:30:00,AWS_03,0,normal,none,0,0.04879730591808362
2026-01-23 23:45:00,AWS_03,0,normal,none,0,0.09451054294266553
2026-01-24 00:00:00,AWS_03,0,normal,none,1,-0.01490252147290394
2026-01-24 00:15:00,AWS_03,0,normal,none,1,-0.003922844161489802
2026-01-24 00:30:00,AWS_03,1,multivariate_inconsistency,humidity,1,-0.07275310518891909
2026-01-24 00:45:00,AWS_03,1,multivariate_inconsistency,humidity,1,-0.045801003855788114
2026-01-24 01:00:00,AWS_03,1,multivariate_inconsistency,humidity,1,-0.03536958850178795
2026-01-24 01:15:00,AWS_03,1,multivariate_inconsistency,humidity,0,0.008618797749253004
2026-01-24 01:30:00,AWS_03,1,multivariate_inconsistency,humidity,0,0.011654565724035226
2026-01-24 01:45:00,AWS_03,1,multivariate_inconsistency,humidity,1,-0.0034053609512597616
2026-01-24 02:00:00,AWS_03,1,frozen_sensor,temperature,1,-0.028141102120534778
2026-01-24 02:15:00,AWS_03,1,frozen_sensor,temperature,0,0.02449630625639332
2026-01-24 02:30:00,AWS_03,1,frozen_sensor,temperature,1,-0.0024481163735248224
2026-01-24 02:45:00,AWS_03,1,frozen_sensor,temperature,0,0.01659985647563833
2026-01-24 03:00:00,AWS_03,1,frozen_sensor,temperature,0,0.024653513153768403
2026-01-24 03:15:00,AWS_03,1,frozen_sensor,temperature,0,0.021314148032182123
2026-01-24 03:30:00,AWS_03,1,frozen_sensor,temperature,0,0.0328351383176716
2026-01-24 03:45:00,AWS_03,1,frozen_sensor,temperature,0,0.01509370469303939
2026-01-24 04:00:00,AWS_03,1,frozen_sensor,temperature,0,0.019993246639736784
2026-01-24 04:15:00,AWS_03,1,frozen_sensor,temperature,1,-0.035118646839573886
2026-01-24 04:30:00,AWS_03,1,frozen_sensor,temperature,0,0.012270716608707821
2026-01-24 04:45:00,AWS_03,1,frozen_sensor,temperature,0,0.013626843227760865
2026-01-24 05:00:00,AWS_03,1,frozen_sensor,temperature,0,0.026129675753200132
2026-01-24 05:15:00,AWS_03,1,frozen_sensor,temperature,1,-0.019027520586910263
2026-01-24 05:30:00,AWS_03,1,frozen_sensor,temperature,0,0.014574619408245892
2026-01-24 05:45:00,AWS_03,1,frozen_sensor,temperature,0,0.011392795842486203
2026-01-24 06:00:00,AWS_03,1,frozen_sensor,temperature,0,0.0073207371677393995
2026-01-24 06:15:00,AWS_03,1,frozen_sensor,temperature,0,0.05589338535212285
2026-01-24 06:30:00,AWS_03,1,frozen_sensor,temperature,0,0.06206929338451317
2026-01-24 06:45:00,AWS_03,0,normal,none,0,0.007883260896207833
2026-01-24 07:00:00,AWS_03,0,normal,none,0,0.05939465052958787
2026-01-24 07:15:00,AWS_03,0,normal,none,1,-0.006652679543942219
2026-01-24 07:30:00,AWS_03,0,normal,none,0,0.034496301735453705
2026-01-24 07:45:00,AWS_03,0,normal,none,0,0.034973644602673715
2026-01-24 08:00:00,AWS_03,0,normal,none,0,0.07735723605007228
2026-01-24 08:15:00,AWS_03,0,normal,none,0,0.04283106665170611
2026-01-24 08:30:00,AWS_03,0,normal,none,0,0.02128993349593078
2026-01-24 08:45:00,AWS_03,0,normal,none,0,0.013193253253243498
2026-01-24 09:00:00,AWS_03,0,normal,none,0,0.033076790026892566
2026-01-24 09:15:00,AWS_03,0,normal,none,0,0.05583830628921993
2026-01-24 09:30:00,AWS_03,0,normal,none,0,0.06079846297028563
2026-01-24 09:45:00,AWS_03,0,normal,none,0,0.04091245330149551
2026-01-24 10:00:00,AWS_03,0,normal,none,0,0.03588465249621042
2026-01-24 10:15:00,AWS_03,0,normal,none,0,0.04992377028076983
2026-01-24 10:30:00,AWS_03,0,normal,none,0,0.043128768029405795
2026-01-24 10:45:00,AWS_03,0,normal,none,0,0.003959937936592661
2026-01-24 11:00:00,AWS_03,0,normal,none,0,0.03978738294824191
2026-01-24 11:15:00,AWS_03,0,normal,none,0,0.05736178196934594
2026-01-24 11:30:00,AWS_03,0,normal,none,0,0.029347724319812363
2026-01-24 11:45:00,AWS_03,0,normal,none,0,0.047908861299403194
2026-01-24 12:00:00,AWS_03,0,normal,none,0,0.052450935244473584
2026-01-24 12:15:00,AWS_03,0,normal,none,1,-0.0004266626415675434
2026-01-24 12:30:00,AWS_03,0,normal,none,0,0.022346053703311997
2026-01-24 12:45:00,AWS_03,0,normal,none,0,0.03487222317019045
2026-01-24 13:00:00,AWS_03,0,normal,none,1,-0.013229308288169928
2026-01-24 13:15:00,AWS_03,0,normal,none,0,0.0174690452464189
2026-01-24 13:30:00,AWS_03,0,normal,none,1,-0.006178800775508253
2026-01-24 13:45:00,AWS_03,0,normal,none,0,0.01278980498585236
2026-01-24 14:00:00,AWS_03,0,normal,none,1,-0.0075896375905715185
2026-01-24 14:15:00,AWS_03,0,normal,none,1,-0.029078538913408836
2026-01-24 14:30:00,AWS_03,0,normal,none,1,-0.00975471661540206
2026-01-24 14:45:00,AWS_03,0,normal,none,1,-0.01096012268153046
2026-01-24 15:00:00,AWS_03,0,normal,none,1,-0.012514662740485516
2026-01-24 15:15:00,AWS_03,0,normal,none,0,0.0014312914622056638
2026-01-24 15:30:00,AWS_03,0,normal,none,0,0.00590120875342226
2026-01-24 15:45:00,AWS_03,0,normal,none,0,0.0022629517163724744
2026-01-24 16:00:00,AWS_03,0,normal,none,0,0.0023766156874455158
2026-01-24 16:15:00,AWS_03,0,normal,none,1,-0.007890716498343386
2026-01-24 16:30:00,AWS_03,0,normal,none,1,-0.025186102754780282
2026-01-24 16:45:00,AWS_03,0,normal,none,1,-0.008163051619753947
2026-01-24 17:00:00,AWS_03,0,normal,none,1,-0.02403161070828652
2026-01-24 17:15:00,AWS_03,0,normal,none,1,-0.025146590380775047
2026-01-24 17:30:00,AWS_03,0,normal,none,0,0.015162613360031219
2026-01-24 17:45:00,AWS_03,0,normal,none,1,-0.005918493031907057
2026-01-24 18:00:00,AWS_03,0,normal,none,1,-0.01003655522920932
2026-01-24 18:15:00,AWS_03,0,normal,none,0,0.027210979488714093
2026-01-24 18:30:00,AWS_03,0,normal,none,0,0.03883364496178521
2026-01-24 18:45:00,AWS_03,0,normal,none,0,0.02822153796396376
2026-01-24 19:00:00,AWS_03,0,normal,none,0,0.0172968261365265
2026-01-24 19:15:00,AWS_03,0,normal,none,0,0.03514485374700127
2026-01-24 19:30:00,AWS_03,0,normal,none,0,0.0031238654841760916
2026-01-24 19:45:00,AWS_03,0,normal,none,0,0.012110819119150906
2026-01-24 20:00:00,AWS_03,0,normal,none,0,0.03779114056418231
2026-01-24 20:15:00,AWS_03,0,normal,none,0,0.03907529042951241
2026-01-24 20:30:00,AWS_03,0,normal,none,0,0.02074593521158008
2026-01-24 20:45:00,AWS_03,0,normal,none,0,0.029210688560474596
2026-01-24 21:00:00,AWS_03,0,normal,none,0,0.04516507964934924
2026-01-24 21:15:00,AWS_03,0,normal,none,0,0.027137776041616934
2026-01-24 21:30:00,AWS_03,0,normal,none,0,0.021559693319742945
2026-01-24 21:45:00,AWS_03,0,normal,none,0,0.05130580372032273
2026-01-24 22:00:00,AWS_03,0,normal,none,0,0.052995051285697925
2026-01-24 22:15:00,AWS_03,0,normal,none,0,0.03860776089415374
2026-01-24 22:30:00,AWS_03,0,normal,none,0,0.03694488798505369
2026-01-24 22:45:00,AWS_03,0,normal,none,0,0.036050689037414485
2026-01-24 23:00:00,AWS_03,0,normal,none,0,0.02981297542871819
2026-01-24 23:15:00,AWS_03,0,normal,none,0,0.048607214108328245
2026-01-24 23:30:00,AWS_03,0,normal,none,0,0.016368626693432975
2026-01-24 23:45:00,AWS_03,0,normal,none,0,0.06752718029761162
2026-01-25 00:00:00,AWS_03,0,normal,none,1,-0.04296985736439629
2026-01-25 00:15:00,AWS_03,0,normal,none,1,-0.010298740061231548
2026-01-25 00:30:00,AWS_03,1,missing_data,all,1,-0.13703613916573631
2026-01-25 00:45:00,AWS_03,1,missing_data,all,1,-0.0369516571402424
2026-01-25 01:00:00,AWS_03,1,missing_data,all,1,-0.03965445950741486
2026-01-25 01:15:00,AWS_03,1,missing_data,all,1,-0.03965445950741486
2026-01-25 01:30:00,AWS_03,1,missing_data,all,1,-0.11180093816952541
2026-01-25 01:45:00,AWS_03,1,missing_data,all,1,-0.010554076652242173
2026-01-25 02:00:00,AWS_03,1,missing_data,all,0,0.007949944433216838
2026-01-25 02:15:00,AWS_03,1,missing_data,all,0,0.00727505955965857
2026-01-25 02:30:00,AWS_03,0,normal,none,1,-0.020608914393196343
2026-01-25 02:45:00,AWS_03,0,normal,none,1,-0.009345055972269312
2026-01-25 03:00:00,AWS_03,0,normal,none,0,0.01278793646094012
2026-01-25 03:15:00,AWS_03,0,normal,none,0,0.010755820533192684
2026-01-25 03:30:00,AWS_03,0,normal,none,0,0.02193173460594655
2026-01-25 03:45:00,AWS_03,0,normal,none,0,0.016589212717596058
2026-01-25 04:00:00,AWS_03,0,normal,none,0,0.01002492806696531
2026-01-25 04:15:00,AWS_03,0,normal,none,0,0.006670461396192207
2026-01-25 04:30:00,AWS_03,0,normal,none,0,0.005628601600657368
2026-01-25 04:45:00,AWS_03,0,normal,none,1,-0.005969544210207678
2026-01-25 05:00:00,AWS_03,0,normal,none,1,-0.007253287374519468
2026-01-25 05:15:00,AWS_03,0,normal,none,1,-0.007081237193054424
2026-01-25 05:30:00,AWS_03,0,normal,none,0,0.008779976496300912
2026-01-25 05:45:00,AWS_03,0,normal,none,1,-0.038557792752831443
2026-01-25 06:00:00,AWS_03,0,normal,none,1,-0.004366900945869112
2026-01-25 06:15:00,AWS_03,0,normal,none,0,0.056919518577019046
2026-01-25 06:30:00,AWS_03,0,normal,none,0,0.03296452436579145
2026-01-25 06:45:00,AWS_03,0,normal,none,0,0.036381538965723825
2026-01-25 07:00:00,AWS_03,0,normal,none,0,0.031677207930589146
2026-01-25 07:15:00,AWS_03,0,normal,none,0,0.04493020614579535
2026-01-25 07:30:00,AWS_03,0,normal,none,0,0.047810877360652926
2026-01-25 07:45:00,AWS_03,0,normal,none,0,0.025505649180057044
2026-01-25 08:00:00,AWS_03,0,normal,none,0,0.03529777569117187
2026-01-25 08:15:00,AWS_03,0,normal,none,0,0.03518732625672394
2026-01-25 08:30:00,AWS_03,0,normal,none,0,0.01900093935297653
2026-01-25 08:45:00,AWS_03,0,normal,none,0,0.05014996453396198
2026-01-25 09:00:00,AWS_03,0,normal,none,0,0.0457172814047484
2026-01-25 09:15:00,AWS_03,0,normal,none,0,0.021899713666698184
2026-01-25 09:30:00,AWS_03,0,normal,none,0,0.04313608738747432
2026-01-25 09:45:00,AWS_03,0,normal,none,0,0.05024745146122256
2026-01-25 10:00:00,AWS_03,0,normal,none,0,0.05695988384938372
2026-01-25 10:15:00,AWS_03,0,normal,none,0,0.056732606751405956
2026-01-25 10:30:00,AWS_03,0,normal,none,0,0.014305171364469071
2026-01-25 10:45:00,AWS_03,0,normal,none,0,0.02039210073885034
2026-01-25 11:00:00,AWS_03,0,normal,none,0,0.051194037613982
2026-01-25 11:15:00,AWS_03,0,normal,none,0,0.023014600940801988
2026-01-25 11:30:00,AWS_03,0,normal,none,0,0.014291716220969142
2026-01-25 11:45:00,AWS_03,0,normal,none,0,0.044426284106008906
2026-01-25 12:00:00,AWS_03,0,normal,none,0,0.04462585320124646
2026-01-25 12:15:00,AWS_03,0,normal,none,0,0.030302072252084256
2026-01-25 12:30:00,AWS_03,0,normal,none,1,-0.020435881100236974
2026-01-25 12:45:00,AWS_03,0,normal,none,0,0.013938123681219161
2026-01-25 13:00:00,AWS_03,0,normal,none,0,0.0012969629420487294
2026-01-25 13:15:00,AWS_03,0,normal,none,0,0.022622599389758413
2026-01-25 13:30:00,AWS_03,0,normal,none,0,0.02890815720117601
2026-01-25 13:45:00,AWS_03,0,normal,none,0,0.018024705829184362
2026-01-25 14:00:00,AWS_03,0,normal,none,0,0.03916944955431856
2026-01-25 14:15:00,AWS_03,0,normal,none,1,-0.014052763146255809
2026-01-25 14:30:00,AWS_03,0,normal,none,0,0.0038776202012155148
2026-01-25 14:45:00,AWS_03,0,normal,none,1,-0.00484507867499584
2026-01-25 15:00:00,AWS_03,0,normal,none,0,0.017767836394248837
2026-01-25 15:15:00,AWS_03,0,normal,none,0,0.02129943029710102
2026-01-25 15:30:00,AWS_03,0,normal,none,0,0.006640211505639426
2026-01-25 15:45:00,AWS_03,0,normal,none,1,-0.023490426498050776
2026-01-25 16:00:00,AWS_03,0,normal,none,0,0.00026369922497870846
2026-01-25 16:15:00,AWS_03,0,normal,none,1,-0.0016888837988078276
2026-01-25 16:30:00,AWS_03,0,normal,none,0,0.01850164385174169
2026-01-25 16:45:00,AWS_03,0,normal,none,0,0.011121347366246148
2026-01-25 17:00:00,AWS_03,0,normal,none,0,0.013011977670757902
2026-01-25 17:15:00,AWS_03,0,normal,none,1,-0.009173189196822307
2026-01-25 17:30:00,AWS_03,0,normal,none,0,0.005243372471433583
2026-01-25 17:45:00,AWS_03,0,normal,none,0,0.01083430851422773
2026-01-25 18:00:00,AWS_03,0,normal,none,0,0.024055679501183258
2026-01-25 18:15:00,AWS_03,0,normal,none,1,-0.02030586495945108
2026-01-25 18:30:00,AWS_03,0,normal,none,0,0.01158582995837909
2026-01-25 18:45:00,AWS_03,0,normal,none,0,0.044944266546374845
2026-01-25 19:00:00,AWS_03,0,normal,none,0,0.005567151994477881
2026-01-25 19:15:00,AWS_03,0,normal,none,0,0.0045398554794040535
2026-01-25 19:30:00,AWS_03,0,normal,none,0,0.03951639539866714
2026-01-25 19:45:00,AWS_03,0,normal,none,0,0.019814136079127187
2026-01-25 20:00:00,AWS_03,0,normal,none,0,0.038849012436776964
2026-01-25 20:15:00,AWS_03,0,normal,none,0,0.05767147952879381
2026-01-25 20:30:00,AWS_03,0,normal,none,0,0.06112374197323733
2026-01-25 20:45:00,AWS_03,0,normal,none,0,0.018641434453784522
2026-01-25 21:00:00,AWS_03,0,normal,none,0,0.058121594470810056
2026-01-25 21:15:00,AWS_03,0,normal,none,0,0.0377702993191672
2026-01-25 21:30:00,AWS_03,0,normal,none,0,0.06589225971253643
2026-01-25 21:45:00,AWS_03,0,normal,none,0,0.0462977941097269
2026-01-25 22:00:00,AWS_03,0,normal,none,0,0.060863311078934945
2026-01-25 22:15:00,AWS_03,0,normal,none,0,0.0679985919746065
2026-01-25 22:30:00,AWS_03,0,normal,none,0,0.07274341012743157
2026-01-25 22:45:00,AWS_03,0,normal,none,0,0.07152988285876766
2026-01-25 23:00:00,AWS_03,0,normal,none,0,0.011096083282941871
2026-01-25 23:15:00,AWS_03,0,normal,none,0,0.02757904197244232
2026-01-25 23:30:00,AWS_03,0,normal,none,0,0.04729679196768943
2026-01-25 23:45:00,AWS_03,0,normal,none,0,0.008636068177301892
2026-01-26 00:00:00,AWS_03,0,normal,none,0,0.039388308280677964
2026-01-26 00:15:00,AWS_03,0,normal,none,0,0.05629140549046746
2026-01-26 00:30:00,AWS_03,0,normal,none,0,0.008790553365803144
2026-01-26 00:45:00,AWS_03,0,normal,none,0,0.003578039833339708
2026-01-26 01:00:00,AWS_03,0,normal,none,0,0.04184355588974098
2026-01-26 01:15:00,AWS_03,1,multivariate_inconsistency,humidity,1,-0.039748996898891664
2026-01-26 01:30:00,AWS_03,1,multivariate_inconsistency,humidity,0,0.027349992760278163
2026-01-26 01:45:00,AWS_03,1,multivariate_inconsistency,humidity,0,0.010417917534368049
2026-01-26 02:00:00,AWS_03,1,multivariate_inconsistency,humidity,1,-0.015783577667712656
2026-01-26 02:15:00,AWS_03,1,multivariate_inconsistency,humidity,0,0.007304535244007537
2026-01-26 02:30:00,AWS_03,1,multivariate_inconsistency,humidity,0,0.02925232845047343
2026-01-26 02:45:00,AWS_03,0,normal,none,0,0.007064905839611502
2026-01-26 03:00:00,AWS_03,0,normal,none,0,0.05486080796637571
2026-01-26 03:15:00,AWS_03,0,normal,none,0,0.05628406246653156
2026-01-26 03:30:00,AWS_03,0,normal,none,0,0.025619664477308124
2026-01-26 03:45:00,AWS_03,0,normal,none,0,0.06368438634666246
2026-01-26 04:00:00,AWS_03,0,normal,none,0,0.02391988211535645
2026-01-26 04:15:00,AWS_03,0,normal,none,0,0.05673804062750848
2026-01-26 04:30:00,AWS_03,0,normal,none,0,0.020449870578623575
2026-01-26 04:45:00,AWS_03,0,normal,none,0,0.025384853359794124
2026-01-26 05:00:00,AWS_03,0,normal,none,0,0.04874373649433528
2026-01-26 05:15:00,AWS_03,0,normal,none,0,0.04700978548281709
2026-01-26 05:30:00,AWS_03,0,normal,none,0,0.04455681978681203
2026-01-26 05:45:00,AWS_03,0,normal,none,0,0.06025117706483912
2026-01-26 06:00:00,AWS_03,0,normal,none,0,0.055352465975106624
2026-01-26 06:15:00,AWS_03,0,normal,none,0,0.05791864554703552
2026-01-26 06:30:00,AWS_03,0,normal,none,0,0.05931391956569321
2026-01-26 06:45:00,AWS_03,0,normal,none,0,0.06351133327745612
2026-01-26 07:00:00,AWS_03,0,normal,none,0,0.04080813143771267
2026-01-26 07:15:00,AWS_03,0,normal,none,0,0.04920675940755692
2026-01-26 07:30:00,AWS_03,0,normal,none,0,0.04353359854609595
2026-01-26 07:45:00,AWS_03,0,normal,none,0,0.05261200069868477
2026-01-26 08:00:00,AWS_03,0,normal,none,0,0.040193305141821845
2026-01-26 08:15:00,AWS_03,0,normal,none,0,0.03937283413420267
2026-01-26 08:30:00,AWS_03,0,normal,none,0,0.043622024322219066
2026-01-26 08:45:00,AWS_03,0,normal,none,0,0.019490411661543527
2026-01-26 09:00:00,AWS_03,0,normal,none,0,0.05134088690152877
2026-01-26 09:15:00,AWS_03,0,normal,none,0,0.03333447339665219
2026-01-26 09:30:00,AWS_03,0,normal,none,0,0.044548562591916196
2026-01-26 09:45:00,AWS_03,0,normal,none,0,0.05472288268644648
2026-01-26 10:00:00,AWS_03,0,normal,none,0,0.05855196763886589
2026-01-26 10:15:00,AWS_03,0,normal,none,0,0.04132842189499841
2026-01-26 10:30:00,AWS_03,0,normal,none,0,0.018171487347655946
2026-01-26 10:45:00,AWS_03,0,normal,none,0,0.045430353488775554
2026-01-26 11:00:00,AWS_03,0,normal,none,0,0.04207051322960098
2026-01-26 11:15:00,AWS_03,0,normal,none,0,0.02290881969234415
2026-01-26 11:30:00,AWS_03,0,normal,none,0,0.0108610340490356
2026-01-26 11:45:00,AWS_03,0,normal,none,0,0.038824703879557276
2026-01-26 12:00:00,AWS_03,0,normal,none,1,-0.030795612478860757
2026-01-26 12:15:00,AWS_03,0,normal,none,0,0.015493800336589092
2026-01-26 12:30:00,AWS_03,0,normal,none,0,0.041932300617379736
2026-01-26 12:45:00,AWS_03,0,normal,none,0,0.046595520398942325
2026-01-26 13:00:00,AWS_03,0,normal,none,0,0.030923378358561515
2026-01-26 13:15:00,AWS_03,0,normal,none,0,0.009621299578145726
2026-01-26 13:30:00,AWS_03,0,normal,none,0,0.012332399674877426
2026-01-26 13:45:00,AWS_03,0,normal,none,0,0.03428980178923069
2026-01-26 14:00:00,AWS_03,0,normal,none,0,0.03521246036452952
2026-01-26 14:15:00,AWS_03,0,normal,none,0,0.004055215959088088
2026-01-26 14:30:00,AWS_03,0,normal,none,1,-0.003907305596553723
2026-01-26 14:45:00,AWS_03,0,normal,none,0,0.00850143421246885
2026-01-26 15:00:00,AWS_03,0,normal,none,0,0.03119745228507309
2026-01-26 15:15:00,AWS_03,0,normal,none,0,0.01848446987036778
2026-01-26 15:30:00,AWS_03,0,normal,none,0,0.019897922688774772
2026-01-26 15:45:00,AWS_03,0,normal,none,0,0.028329229833462755
2026-01-26 16:00:00,AWS_03,0,normal,none,0,0.025646121006990596
2026-01-26 16:15:00,AWS_03,0,normal,none,0,0.006108978679775334
2026-01-26 16:30:00,AWS_03,0,normal,none,1,-0.02812992018206195
2026-01-26 16:45:00,AWS_03,0,normal,none,0,0.0001973945400659538
2026-01-26 17:00:00,AWS_03,0,normal,none,0,0.030680875512793082
2026-01-26 17:15:00,AWS_03,0,normal,none,0,0.004886970788946621
2026-01-26 17:30:00,AWS_03,0,normal,none,0,0.01636988264660333
2026-01-26 17:45:00,AWS_03,0,normal,none,0,0.01153072500885155
2026-01-26 18:00:00,AWS_03,0,normal,none,0,0.022171652078532333
2026-01-26 18:15:00,AWS_03,0,normal,none,0,0.03126362244772163
2026-01-26 18:30:00,AWS_03,0,normal,none,0,0.031317183121785885
2026-01-26 18:45:00,AWS_03,0,normal,none,0,0.05551355871869951
2026-01-26 19:00:00,AWS_03,0,normal,none,0,0.0496618737058902
2026-01-26 19:15:00,AWS_03,0,normal,none,0,0.04865883416189687
2026-01-26 19:30:00,AWS_03,0,normal,none,0,0.05482433218789584
2026-01-26 19:45:00,AWS_03,0,normal,none,0,0.04895954525035451
2026-01-26 20:00:00,AWS_03,0,normal,none,0,0.0577293575515585
2026-01-26 20:15:00,AWS_03,0,normal,none,0,0.04602805754306449
2026-01-26 20:30:00,AWS_03,0,normal,none,0,0.05214624500221915
2026-01-26 20:45:00,AWS_03,0,normal,none,0,0.033383665687161224
2026-01-26 21:00:00,AWS_03,0,normal,none,0,0.05227972761001454
2026-01-26 21:15:00,AWS_03,0,normal,none,0,0.03345846503312189
2026-01-26 21:30:00,AWS_03,0,normal,none,0,0.03407015938472957
2026-01-26 21:45:00,AWS_03,0,normal,none,0,0.039560594980597386
2026-01-26 22:00:00,AWS_03,0,normal,none,0,0.04871462139788241
2026-01-26 22:15:00,AWS_03,0,normal,none,0,0.0495461882766125
2026-01-26 22:30:00,AWS_03,0,normal,none,0,0.03444559851700302
2026-01-26 22:45:00,AWS_03,0,normal,none,0,0.055859678906576504
2026-01-26 23:00:00,AWS_03,0,normal,none,0,0.019362689742019046
2026-01-26 23:15:00,AWS_03,0,normal,none,1,-0.0022674461442909744
2026-01-26 23:30:00,AWS_03,0,normal,none,0,0.05221493778226727
2026-01-26 23:45:00,AWS_03,0,normal,none,0,0.03890410509552866
2026-01-27 00:00:00,AWS_03,1,missing_data,all,0,0.01801392851461836
2026-01-27 00:15:00,AWS_03,1,missing_data,all,0,0.03576779134619912
2026-01-27 00:30:00,AWS_03,1,missing_data,all,0,0.04276698248160582
2026-01-27 00:45:00,AWS_03,1,missing_data,all,0,0.051650893700290246
2026-01-27 01:00:00,AWS_03,1,missing_data,all,0,0.04949982441772238
2026-01-27 01:15:00,AWS_03,1,missing_data,all,0,0.05029052533692968
2026-01-27 01:30:00,AWS_03,1,missing_data,all,0,0.04919017387574165
2026-01-27 01:45:00,AWS_03,1,missing_data,all,0,0.024287957585553577
2026-01-27 02:00:00,AWS_03,1,frozen_sensor,temperature,0,0.02014124082775015
2026-01-27 02:15:00,AWS_03,1,frozen_sensor,temperature,0,0.05005042356179035
2026-01-27 02:30:00,AWS_03,1,frozen_sensor,temperature,0,0.03528416119257183
2026-01-27 02:45:00,AWS_03,1,frozen_sensor,temperature,0,0.045814119686859556
2026-01-27 03:00:00,AWS_03,1,frozen_sensor,temperature,0,0.05686224804905604
2026-01-27 03:15:00,AWS_03,1,frozen_sensor,temperature,0,0.03675023429344748
2026-01-27 03:30:00,AWS_03,1,frozen_sensor,temperature,0,0.02443947852977324
2026-01-27 03:45:00,AWS_03,1,frozen_sensor,temperature,0,0.046223830611273
2026-01-27 04:00:00,AWS_03,1,frozen_sensor,temperature,0,0.025734967525062213
2026-01-27 04:15:00,AWS_03,1,frozen_sensor,temperature,0,0.04975213936285583
2026-01-27 04:30:00,AWS_03,1,frozen_sensor,temperature,0,0.043845866680360945
2026-01-27 04:45:00,AWS_03,1,frozen_sensor,temperature,0,0.028906348356833145
2026-01-27 05:00:00,AWS_03,1,frozen_sensor,temperature,0,0.009255941817720381
2026-01-27 05:15:00,AWS_03,1,frozen_sensor,temperature,0,0.05261591629582457
2026-01-27 05:30:00,AWS_03,1,frozen_sensor,temperature,0,0.04046373356580457
2026-01-27 05:45:00,AWS_03,1,frozen_sensor,temperature,0,0.044750414807778194
2026-01-27 06:00:00,AWS_03,0,normal,none,0,0.003797912482668808
2026-01-27 06:15:00,AWS_03,0,normal,none,0,0.03839988053102028
2026-01-27 06:30:00,AWS_03,0,normal,none,0,0.02463319116877949
2026-01-27 06:45:00,AWS_03,0,normal,none,0,0.029846557963681186
2026-01-27 07:00:00,AWS_03,0,normal,none,0,0.06313634886906616
2026-01-27 07:15:00,AWS_03,0,normal,none,0,0.043494289138393816
2026-01-27 07:30:00,AWS_03,0,normal,none,1,-0.01916866334500933
2026-01-27 07:45:00,AWS_03,0,normal,none,0,0.03132233608181079
2026-01-27 08:00:00,AWS_03,0,normal,none,1,-0.017758594281769402
2026-01-27 08:15:00,AWS_03,0,normal,none,0,0.04824217680665488
2026-01-27 08:30:00,AWS_03,0,normal,none,0,0.056487659031838444
2026-01-27 08:45:00,AWS_03,0,normal,none,0,0.01662581827597298
2026-01-27 09:00:00,AWS_03,0,normal,none,0,0.02548388890496167
2026-01-27 09:15:00,AWS_03,0,normal,none,0,0.053861279991223254
2026-01-27 09:30:00,AWS_03,0,normal,none,0,0.0028127723419856254
2026-01-27 09:45:00,AWS_03,0,normal,none,0,0.05379238829788652
2026-01-27 10:00:00,AWS_03,0,normal,none,0,0.05070491345697137
2026-01-27 10:15:00,AWS_03,0,normal,none,0,0.03944367359836376
2026-01-27 10:30:00,AWS_03,0,normal,none,0,0.0528978497008441
2026-01-27 10:45:00,AWS_03,0,normal,none,0,0.027751652972390795
2026-01-27 11:00:00,AWS_03,0,normal,none,0,0.04871681814751139
2026-01-27 11:15:00,AWS_03,0,normal,none,0,0.027013277518375012
2026-01-27 11:30:00,AWS_03,0,normal,none,0,0.05905781697518342
2026-01-27 11:45:00,AWS_03,0,normal,none,0,0.036875409364352074
2026-01-27 12:00:00,AWS_03,0,normal,none,0,0.06519253765194216
2026-01-27 12:15:00,AWS_03,0,normal,none,0,0.05795462788599126
2026-01-27 12:30:00,AWS_03,0,normal,none,0,0.025958631174347935
2026-01-27 12:45:00,AWS_03,0,normal,none,0,0.03895090068590612
2026-01-27 13:00:00,AWS_03,0,normal,none,1,-0.018040697014993112
2026-01-27 13:15:00,AWS_03,0,normal,none,0,0.04276703839992224
2026-01-27 13:30:00,AWS_03,0,normal,none,0,0.027500863545429577
2026-01-27 13:45:00,AWS_03,0,normal,none,0,0.03608669765896921
2026-01-27 14:00:00,AWS_03,0,normal,none,0,0.024832018110277132
2026-01-27 14:15:00,AWS_03,0,normal,none,0,0.024765682763701058
2026-01-27 14:30:00,AWS_03,0,normal,none,0,0.021614254984705816
2026-01-27 14:45:00,AWS_03,0,normal,none,0,0.01649269320463198
2026-01-27 15:00:00,AWS_03,0,normal,none,1,-0.011914144119887338
2026-01-27 15:15:00,AWS_03,0,normal,none,0,0.027251637994455624
2026-01-27 15:30:00,AWS_03,0,normal,none,0,0.03168514846259962
2026-01-27 15:45:00,AWS_03,0,normal,none,0,0.009350493383313063
2026-01-27 16:00:00,AWS_03,0,normal,none,0,0.016435245592898995
2026-01-27 16:15:00,AWS_03,0,normal,none,0,0.0013285878841698961
2026-01-27 16:30:00,AWS_03,0,normal,none,0,0.024225657407673795
2026-01-27 16:45:00,AWS_03,0,normal,none,0,0.008027497330185596
2026-01-27 17:00:00,AWS_03,0,normal,none,0,0.008252042743858934
2026-01-27 17:15:00,AWS_03,0,normal,none,0,0.022062738511679614
2026-01-27 17:30:00,AWS_03,0,normal,none,0,0.025513291706484642
2026-01-27 17:45:00,AWS_03,0,normal,none,0,0.02000695921665996
2026-01-27 18:00:00,AWS_03,0,normal,none,0,0.03441426739253983
2026-01-27 18:15:00,AWS_03,0,normal,none,1,-0.002130350973181261
2026-01-27 18:30:00,AWS_03,0,normal,none,0,0.03568086928707315
2026-01-27 18:45:00,AWS_03,0,normal,none,0,0.02525771266048138
2026-01-27 19:00:00,AWS_03,0,normal,none,0,0.012578611429608921
2026-01-27 19:15:00,AWS_03,0,normal,none,0,0.04555741856465911
2026-01-27 19:30:00,AWS_03,0,normal,none,0,0.04827097837788319
2026-01-27 19:45:00,AWS_03,0,normal,none,0,0.04866678662473334
2026-01-27 20:00:00,AWS_03,0,normal,none,0,0.06029781640185766
2026-01-27 20:15:00,AWS_03,0,normal,none,0,0.06358868435762088
2026-01-27 20:30:00,AWS_03,0,normal,none,0,0.05059805369290005
2026-01-27 20:45:00,AWS_03,0,normal,none,0,0.06871465113391373
2026-01-27 21:00:00,AWS_03,0,normal,none,0,0.06362768340338915
2026-01-27 21:15:00,AWS_03,0,normal,none,0,0.040610325848326356
2026-01-27 21:30:00,AWS_03,0,normal,none,0,0.07994088773146857
2026-01-27 21:45:00,AWS_03,0,normal,none,0,0.04229696006161798
2026-01-27 22:00:00,AWS_03,0,normal,none,0,0.04730299836389762
2026-01-27 22:15:00,AWS_03,0,normal,none,0,0.05904087411369635
2026-01-27 22:30:00,AWS_03,0,normal,none,0,0.06771388479626966
2026-01-27 22:45:00,AWS_03,0,normal,none,0,0.034490551883110676
2026-01-27 23:00:00,AWS_03,0,normal,none,0,0.06302577245983776
2026-01-27 23:15:00,AWS_03,0,normal,none,0,0.06773485207745605
2026-01-27 23:30:00,AWS_03,0,normal,none,0,0.05310340842274147
2026-01-27 23:45:00,AWS_03,0,normal,none,0,0.02947093725050498
2026-01-28 00:00:00,AWS_03,0,normal,none,0,0.05307707518367444
2026-01-28 00:15:00,AWS_03,1,power_failure,all,1,-0.14203650248667188
2026-01-28 00:30:00,AWS_03,1,power_failure,all,1,-0.05179230321434647
2026-01-28 00:45:00,AWS_03,1,power_failure,all,1,-0.05179230321434647
2026-01-28 01:00:00,AWS_03,1,multivariate_inconsistency,humidity,1,-0.0939887967685783
2026-01-28 01:15:00,AWS_03,1,multivariate_inconsistency,humidity,1,-0.10034787288758729
2026-01-28 01:30:00,AWS_03,1,multivariate_inconsistency,humidity,0,0.025517052212596925
2026-01-28 01:45:00,AWS_03,1,multivariate_inconsistency,humidity,0,0.03150992548393294
2026-01-28 02:00:00,AWS_03,1,multivariate_inconsistency,humidity,0,0.020976461066838925
2026-01-28 02:15:00,AWS_03,1,multivariate_inconsistency,humidity,0,0.03267578546142769
2026-01-28 02:30:00,AWS_03,0,normal,none,1,-0.022751103875797374
2026-01-28 02:45:00,AWS_03,0,normal,none,0,0.010925223986404387
2026-01-28 03:00:00,AWS_03,0,normal,none,0,0.06427822952097179
2026-01-28 03:15:00,AWS_03,0,normal,none,0,0.05203431310392803
2026-01-28 03:30:00,AWS_03,0,normal,none,0,0.014386472695351094
2026-01-28 03:45:00,AWS_03,0,normal,none,0,0.05470336374375606
2026-01-28 04:00:00,AWS_03,0,normal,none,0,0.04125265401954192
2026-01-28 04:15:00,AWS_03,0,normal,none,0,0.038154624764962564
2026-01-28 04:30:00,AWS_03,0,normal,none,0,0.025912531430296037
2026-01-28 04:45:00,AWS_03,0,normal,none,0,0.017995107434882307
2026-01-28 05:00:00,AWS_03,0,normal,none,0,0.06777848073110643
2026-01-28 05:15:00,AWS_03,0,normal,none,0,0.04174371541536237
2026-01-28 05:30:00,AWS_03,0,normal,none,0,0.05975978789728126
2026-01-28 05:45:00,AWS_03,0,normal,none,0,0.06425294652788566
2026-01-28 06:00:00,AWS_03,0,normal,none,0,0.028786985354623984
2026-01-28 06:15:00,AWS_03,0,normal,none,0,0.004970062897400318
2026-01-28 06:30:00,AWS_03,0,normal,none,1,-0.0018972638171396161
2026-01-28 06:45:00,AWS_03,0,normal,none,0,0.05944188764180497
2026-01-28 07:00:00,AWS_03,0,normal,none,0,0.04440861351196568
2026-01-28 07:15:00,AWS_03,0,normal,none,0,0.06466411363031899
2026-01-28 07:30:00,AWS_03,0,normal,none,0,0.06654319785658341
2026-01-28 07:45:00,AWS_03,0,normal,none,0,0.06918916754503934
2026-01-28 08:00:00,AWS_03,0,normal,none,0,0.05265634950506226
2026-01-28 08:15:00,AWS_03,0,normal,none,0,0.027532122277729276
2026-01-28 08:30:00,AWS_03,0,normal,none,0,0.031944073895714964
2026-01-28 08:45:00,AWS_03,0,normal,none,0,0.0021667448482985963
2026-01-28 09:00:00,AWS_03,0,normal,none,0,0.04462682652552141
2026-01-28 09:15:00,AWS_03,0,normal,none,0,0.03714253766604003
2026-01-28 09:30:00,AWS_03,0,normal,none,0,0.06816155845949651
2026-01-28 09:45:00,AWS_03,0,normal,none,0,0.03401424173122647
2026-01-28 10:00:00,AWS_03,0,normal,none,0,0.021401620951079336
2026-01-28 10:15:00,AWS_03,0,normal,none,0,0.035580906595944706
2026-01-28 10:30:00,AWS_03,0,normal,none,0,0.046343814128683714
2026-01-28 10:45:00,AWS_03,0,normal,none,0,0.03330875984354331
2026-01-28 11:00:00,AWS_03,0,normal,none,0,0.06308999667376891
2026-01-28 11:15:00,AWS_03,0,normal,none,0,0.014722552149833756
2026-01-28 11:30:00,AWS_03,0,normal,none,0,0.018063802321914513
2026-01-28 11:45:00,AWS_03,0,normal,none,0,0.054037555701452356
2026-01-28 12:00:00,AWS_03,0,normal,none,0,0.06924160405295593
2026-01-28 12:15:00,AWS_03,0,normal,none,0,0.04048534967386397
2026-01-28 12:30:00,AWS_03,0,normal,none,0,0.04373921842191564
2026-01-28 12:45:00,AWS_03,0,normal,none,0,0.038100674806680224
2026-01-28 13:00:00,AWS_03,0,normal,none,0,0.05545319187062814
2026-01-28 13:15:00,AWS_03,0,normal,none,0,0.04978308769718853
2026-01-28 13:30:00,AWS_03,0,normal,none,0,0.04404835789242856
2026-01-28 13:45:00,AWS_03,0,normal,none,0,0.035213489163192446
2026-01-28 14:00:00,AWS_03,0,normal,none,0,0.023381418473915172
2026-01-28 14:15:00,AWS_03,0,normal,none,0,0.005660011659016639
2026-01-28 14:30:00,AWS_03,0,normal,none,0,0.009413563116845047
2026-01-28 14:45:00,AWS_03,0,normal,none,0,0.007621625028808032
2026-01-28 15:00:00,AWS_03,0,normal,none,0,0.024674220149648374
2026-01-28 15:15:00,AWS_03,0,normal,none,0,0.037985464146599424
2026-01-28 15:30:00,AWS_03,0,normal,none,0,0.045715685273823525
2026-01-28 15:45:00,AWS_03,0,normal,none,0,0.018738672584799332
2026-01-28 16:00:00,AWS_03,0,normal,none,0,0.03957442442431891
2026-01-28 16:15:00,AWS_03,0,normal,none,0,0.041845836759799804
2026-01-28 16:30:00,AWS_03,0,normal,none,0,0.023281226816637024
2026-01-28 16:45:00,AWS_03,0,normal,none,0,0.04343831938746068
2026-01-28 17:00:00,AWS_03,0,normal,none,0,0.01854527272126183
2026-01-28 17:15:00,AWS_03,0,normal,none,0,0.038217245530292154
2026-01-28 17:30:00,AWS_03,0,normal,none,0,0.026386994562366484
2026-01-28 17:45:00,AWS_03,0,normal,none,0,0.025032711034110866
2026-01-28 18:00:00,AWS_03,0,normal,none,0,0.017104683660643438
2026-01-28 18:15:00,AWS_03,0,normal,none,0,0.04447915999212759
2026-01-28 18:30:00,AWS_03,0,normal,none,0,0.030447531838213804
2026-01-28 18:45:00,AWS_03,0,normal,none,0,0.02067840294668688
2026-01-28 19:00:00,AWS_03,0,normal,none,0,0.01564204007820813
2026-01-28 19:15:00,AWS_03,0,normal,none,0,0.011528962641092155
2026-01-28 19:30:00,AWS_03,0,normal,none,0,0.05952424220727481
2026-01-28 19:45:00,AWS_03,0,normal,none,0,0.05663000519190681
2026-01-28 20:00:00,AWS_03,0,normal,none,0,0.06525318942921382
2026-01-28 20:15:00,AWS_03,0,normal,none,0,0.04355835372719408
2026-01-28 20:30:00,AWS_03,0,normal,none,0,0.023959994846681765
2026-01-28 20:45:00,AWS_03,0,normal,none,0,0.051543557151548625
2026-01-28 21:00:00,AWS_03,0,normal,none,0,0.050985098804775864
2026-01-28 21:15:00,AWS_03,0,normal,none,0,0.05450125276856216
2026-01-28 21:30:00,AWS_03,0,normal,none,0,0.06657853052546575
2026-01-28 21:45:00,AWS_03,0,normal,none,0,0.030578653936948696
2026-01-28 22:00:00,AWS_03,0,normal,none,0,0.05499864654577097
2026-01-28 22:15:00,AWS_03,0,normal,none,0,0.06388562645841817
2026-01-28 22:30:00,AWS_03,0,normal,none,0,0.04745432623168189
2026-01-28 22:45:00,AWS_03,0,normal,none,0,0.0405391441072509
2026-01-28 23:00:00,AWS_03,0,normal,none,0,0.05883138036357338
2026-01-28 23:15:00,AWS_03,0,normal,none,0,0.07012968744910836
2026-01-28 23:30:00,AWS_03,0,normal,none,0,0.07502769374210222
2026-01-28 23:45:00,AWS_03,0,normal,none,0,0.07262231372256595
2026-01-29 00:00:00,AWS_03,0,normal,none,0,0.04946450644734263
2026-01-29 00:15:00,AWS_03,0,normal,none,0,0.04444368381094166
2026-01-29 00:30:00,AWS_03,1,missing_data,all,0,0.04313371290629198
2026-01-29 00:45:00,AWS_03,1,missing_data,all,0,0.06436599035561896
2026-01-29 01:00:00,AWS_03,1,missing_data,all,0,0.055925863158218236
2026-01-29 01:15:00,AWS_03,1,missing_data,all,0,0.03487226851615133
2026-01-29 01:30:00,AWS_03,1,missing_data,all,0,0.050867940779821486
2026-01-29 01:45:00,AWS_03,1,missing_data,all,0,0.028267682893009627
2026-01-29 02:00:00,AWS_03,1,missing_data,all,0,0.05456121603677394
2026-01-29 02:15:00,AWS_03,1,missing_data,all,0,0.048670034084982494
2026-01-29 02:30:00,AWS_03,0,normal,none,0,0.056035871689278705
2026-01-29 02:45:00,AWS_03,0,normal,none,0,0.05824692061842918
2026-01-29 03:00:00,AWS_03,0,normal,none,0,0.03917601890321798
2026-01-29 03:15:00,AWS_03,0,normal,none,0,0.06065871312818194
2026-01-29 03:30:00,AWS_03,0,normal,none,0,0.03851578182093185
2026-01-29 03:45:00,AWS_03,0,normal,none,0,0.05422321426196336
2026-01-29 04:00:00,AWS_03,0,normal,none,0,0.032504414243193835
2026-01-29 04:15:00,AWS_03,0,normal,none,0,0.013015457750677473
2026-01-29 04:30:00,AWS_03,0,normal,none,0,0.03990516344227746
2026-01-29 04:45:00,AWS_03,0,normal,none,0,0.036794333257907375
2026-01-29 05:00:00,AWS_03,0,normal,none,0,0.034358994361715745
2026-01-29 05:15:00,AWS_03,0,normal,none,0,0.05763924296828843
2026-01-29 05:30:00,AWS_03,0,normal,none,0,0.03931317071997875
2026-01-29 05:45:00,AWS_03,0,normal,none,0,0.03008455535718013
2026-01-29 06:00:00,AWS_03,0,normal,none,0,0.04090980906094677
2026-01-29 06:15:00,AWS_03,0,normal,none,0,0.03287199368973115
2026-01-29 06:30:00,AWS_03,0,normal,none,0,0.016818579568393055
2026-01-29 06:45:00,AWS_03,0,normal,none,1,-0.0004693221459455277
2026-01-29 07:00:00,AWS_03,0,normal,none,0,0.05916058635619664
2026-01-29 07:15:00,AWS_03,0,normal,none,0,0.018906741886058787
2026-01-29 07:30:00,AWS_03,0,normal,none,0,0.038049559790243936
2026-01-29 07:45:00,AWS_03,0,normal,none,0,0.05050427427963122
2026-01-29 08:00:00,AWS_03,0,normal,none,0,0.052826785250677744
2026-01-29 08:15:00,AWS_03,0,normal,none,0,0.05801605286654332
2026-01-29 08:30:00,AWS_03,0,normal,none,0,0.03684989115219117
2026-01-29 08:45:00,AWS_03,0,normal,none,0,0.008817810572789075
2026-01-29 09:00:00,AWS_03,0,normal,none,0,0.02755268725326321
2026-01-29 09:15:00,AWS_03,0,normal,none,0,0.04518605706380041
2026-01-29 09:30:00,AWS_03,0,normal,none,0,0.047291064462306576
2026-01-29 09:45:00,AWS_03,0,normal,none,0,0.0501177596310971
2026-01-29 10:00:00,AWS_03,0,normal,none,0,0.021165394931206838
2026-01-29 10:15:00,AWS_03,0,normal,none,0,0.04717818479937552
2026-01-29 10:30:00,AWS_03,0,normal,none,0,0.04809583566757525
2026-01-29 10:45:00,AWS_03,0,normal,none,0,0.03074970448172598
2026-01-29 11:00:00,AWS_03,0,normal,none,1,-0.018345625756276518
2026-01-29 11:15:00,AWS_03,0,normal,none,0,0.01879387599949367
2026-01-29 11:30:00,AWS_03,0,normal,none,0,0.03761887052641011
2026-01-29 11:45:00,AWS_03,0,normal,none,0,0.00582235274033549
2026-01-29 12:00:00,AWS_03,0,normal,none,0,0.041624043860261306
2026-01-29 12:15:00,AWS_03,0,normal,none,0,0.040916986236872455
2026-01-29 12:30:00,AWS_03,0,normal,none,0,0.020487395737423753
2026-01-29 12:45:00,AWS_03,0,normal,none,0,0.03465767350245241
2026-01-29 13:00:00,AWS_03,0,normal,none,1,-0.003579415047689105
2026-01-29 13:15:00,AWS_03,0,normal,none,1,-0.009759262869936336
2026-01-29 13:30:00,AWS_03,0,normal,none,0,0.0009972464939974612
2026-01-29 13:45:00,AWS_03,0,normal,none,0,0.02203294715501003
2026-01-29 14:00:00,AWS_03,0,normal,none,0,0.037786246541026136
2026-01-29 14:15:00,AWS_03,0,normal,none,0,0.03566577810621219
2026-01-29 14:30:00,AWS_03,0,normal,none,0,0.004543616070743495
2026-01-29 14:45:00,AWS_03,0,normal,none,1,-0.015099377005745596
2026-01-29 15:00:00,AWS_03,0,normal,none,1,-0.014263856735863278
2026-01-29 15:15:00,AWS_03,0,normal,none,0,0.0195661993686731
2026-01-29 15:30:00,AWS_03,0,normal,none,0,0.033536659366545485
2026-01-29 15:45:00,AWS_03,0,normal,none,0,0.022036962468393817
2026-01-29 16:00:00,AWS_03,0,normal,none,1,-0.009066997459887927
2026-01-29 16:15:00,AWS_03,0,normal,none,0,0.005298116443259504
2026-01-29 16:30:00,AWS_03,0,normal,none,1,-0.029384702101687754
2026-01-29 16:45:00,AWS_03,0,normal,none,0,0.02872881139175043
2026-01-29 17:00:00,AWS_03,0,normal,none,0,0.030418278460406234
2026-01-29 17:15:00,AWS_03,0,normal,none,0,0.031713630812609916
2026-01-29 17:30:00,AWS_03,0,normal,none,0,0.014667469764364949
2026-01-29 17:45:00,AWS_03,0,normal,none,0,0.03977460083009099
2026-01-29 18:00:00,AWS_03,0,normal,none,0,0.039637817825414645
2026-01-29 18:15:00,AWS_03,0,normal,none,0,0.025255456169705037
2026-01-29 18:30:00,AWS_03,0,normal,none,0,0.03677187162811346
2026-01-29 18:45:00,AWS_03,0,normal,none,0,0.045336943458982204
2026-01-29 19:00:00,AWS_03,0,normal,none,0,0.043970059500149095
2026-01-29 19:15:00,AWS_03,0,normal,none,0,0.011462797064931585
2026-01-29 19:30:00,AWS_03,0,normal,none,0,0.05244592492520017
2026-01-29 19:45:00,AWS_03,0,normal,none,0,0.0361128448472291
2026-01-29 20:00:00,AWS_03,0,normal,none,0,0.053956548467207655
2026-01-29 20:15:00,AWS_03,0,normal,none,0,0.04901251971093745
2026-01-29 20:30:00,AWS_03,0,normal,none,0,0.05512075623727258
2026-01-29 20:45:00,AWS_03,0,normal,none,0,0.013522798983335194
2026-01-29 21:00:00,AWS_03,0,normal,none,0,0.04245034893556865
2026-01-29 21:15:00,AWS_03,0,normal,none,0,0.037672903189047924
2026-01-29 21:30:00,AWS_03,0,normal,none,0,0.045304072353293146
2026-01-29 21:45:00,AWS_03,0,normal,none,0,0.027077879677832928
2026-01-29 22:00:00,AWS_03,0,normal,none,0,0.021202480783095723
2026-01-29 22:15:00,AWS_03,0,normal,none,0,0.04000646593142987
2026-01-29 22:30:00,AWS_03,0,normal,none,0,0.05445817760905175
2026-01-29 22:45:00,AWS_03,0,normal,none,0,0.042101783605403176
2026-01-29 23:00:00,AWS_03,0,normal,none,0,0.05817611521259264
2026-01-29 23:15:00,AWS_03,0,normal,none,0,0.04355459377850179
2026-01-29 23:30:00,AWS_03,0,normal,none,0,0.05154005788923777
2026-01-29 23:45:00,AWS_03,0,normal,none,0,0.055309695462972375
2026-01-30 00:00:00,AWS_03,1,multivariate_inconsistency,humidity,1,-0.045856155929197895
2026-01-30 00:15:00,AWS_03,1,multivariate_inconsistency,humidity,0,0.022309175844000606
2026-01-30 00:30:00,AWS_03,1,multivariate_inconsistency,humidity,0,0.007281267602764929
2026-01-30 00:45:00,AWS_03,1,multivariate_inconsistency,humidity,0,0.009894475478563924
2026-01-30 01:00:00,AWS_03,1,multivariate_inconsistency,humidity,0,0.00983843228025949
2026-01-30 01:15:00,AWS_03,1,multivariate_inconsistency,humidity,0,0.02250898936551793
2026-01-30 01:30:00,AWS_03,0,normal,none,1,-0.008699864312416539
2026-01-30 01:45:00,AWS_03,0,normal,none,0,0.046986810427536274
2026-01-30 02:00:00,AWS_03,0,normal,none,0,0.04533824428901634
2026-01-30 02:15:00,AWS_03,0,normal,none,0,0.04448931990448657
2026-01-30 02:30:00,AWS_03,0,normal,none,0,0.028792136317576822
2026-01-30 02:45:00,AWS_03,0,normal,none,0,0.025144043466740706
2026-01-30 03:00:00,AWS_03,0,normal,none,0,0.04923927821925589
2026-01-30 03:15:00,AWS_03,0,normal,none,0,0.05109429901108781
2026-01-30 03:30:00,AWS_03,0,normal,none,0,0.03324821041642412
2026-01-30 03:45:00,AWS_03,0,normal,none,0,0.004765391774679162
2026-01-30 04:00:00,AWS_03,0,normal,none,0,0.049153076268962925
2026-01-30 04:15:00,AWS_03,0,normal,none,0,0.02771104983489847
2026-01-30 04:30:00,AWS_03,0,normal,none,0,0.037988954140650844
2026-01-30 04:45:00,AWS_03,0,normal,none,0,0.005774521445597203
2026-01-30 05:00:00,AWS_03,0,normal,none,0,0.04474272127932566
2026-01-30 05:15:00,AWS_03,0,normal,none,0,0.042866431088468215
2026-01-30 05:30:00,AWS_03,0,normal,none,0,0.008543886298470471
2026-01-30 05:45:00,AWS_03,0,normal,none,0,0.0459982495285719
2026-01-30 06:00:00,AWS_03,0,normal,none,0,0.04248213297692949
2026-01-30 06:15:00,AWS_03,0,normal,none,0,0.027376806449899704
2026-01-30 06:30:00,AWS_03,0,normal,none,0,0.017207712034433387
2026-01-30 06:45:00,AWS_03,0,normal,none,1,-0.009781927272878632
2026-01-30 07:00:00,AWS_03,0,normal,none,0,0.043309275043710294
2026-01-30 07:15:00,AWS_03,0,normal,none,0,0.03518262491421442
2026-01-30 07:30:00,AWS_03,0,normal,none,0,0.010776626630307873
2026-01-30 07:45:00,AWS_03,0,normal,none,1,-0.004601359198582289
2026-01-30 08:00:00,AWS_03,0,normal,none,0,0.012482058982807187
2026-01-30 08:15:00,AWS_03,0,normal,none,1,-0.004856322740459773
2026-01-30 08:30:00,AWS_03,0,normal,none,1,-0.004084451048393611
2026-01-30 08:45:00,AWS_03,0,normal,none,0,0.008523049998883647
2026-01-30 09:00:00,AWS_03,0,normal,none,0,0.03605925582471592
2026-01-30 09:15:00,AWS_03,0,normal,none,0,0.02730665795650311
2026-01-30 09:30:00,AWS_03,0,normal,none,0,0.013899244102065
2026-01-30 09:45:00,AWS_03,0,normal,none,0,0.013011616885687305
2026-01-30 10:00:00,AWS_03,0,normal,none,0,0.028412064170667994
2026-01-30 10:15:00,AWS_03,0,normal,none,1,-0.004935412727249511
2026-01-30 10:30:00,AWS_03,0,normal,none,0,0.02045106528809526
2026-01-30 10:45:00,AWS_03,0,normal,none,0,0.009419744259407836
2026-01-30 11:00:00,AWS_03,0,normal,none,0,0.013573141836961344
2026-01-30 11:15:00,AWS_03,0,normal,none,0,0.02388021466105328
2026-01-30 11:30:00,AWS_03,0,normal,none,0,0.021168104334121862
2026-01-30 11:45:00,AWS_03,0,normal,none,1,-0.008769252684711182
2026-01-30 12:00:00,AWS_03,0,normal,none,0,0.003810851148887351
2026-01-30 12:15:00,AWS_03,0,normal,none,0,0.021058204676319137
2026-01-30 12:30:00,AWS_03,0,normal,none,1,-0.02341571198225978
2026-01-30 12:45:00,AWS_03,0,normal,none,1,-0.05112072722869654
2026-01-30 13:00:00,AWS_03,0,normal,none,0,0.00235074915668132
2026-01-30 13:15:00,AWS_03,0,normal,none,1,-0.015364226292624683
2026-01-30 13:30:00,AWS_03,0,normal,none,1,-0.04259505160589627
2026-01-30 13:45:00,AWS_03,0,normal,none,0,0.0012611898068176641
2026-01-30 14:00:00,AWS_03,0,normal,none,1,-0.022693537514317796
2026-01-30 14:15:00,AWS_03,0,normal,none,1,-0.01346241425139727
2026-01-30 14:30:00,AWS_03,0,normal,none,1,-0.0069036684526297964
2026-01-30 14:45:00,AWS_03,0,normal,none,1,-0.015778949171562973
2026-01-30 15:00:00,AWS_03,0,normal,none,1,-0.00771638132514163
2026-01-30 15:15:00,AWS_03,0,normal,none,1,-0.023449031076652194
2026-01-30 15:30:00,AWS_03,0,normal,none,0,0.0013514520273010255
2026-01-30 15:45:00,AWS_03,0,normal,none,0,0.008210288452726311
2026-01-30 16:00:00,AWS_03,0,normal,none,1,-0.027441131488971315
2026-01-30 16:15:00,AWS_03,0,normal,none,0,0.0040654308894738644
2026-01-30 16:30:00,AWS_03,0,normal,none,1,-0.0027707480515427596
2026-01-30 16:45:00,AWS_03,0,normal,none,1,-0.013005781539771832
2026-01-30 17:00:00,AWS_03,0,normal,none,1,-0.020400025259878718
2026-01-30 17:15:00,AWS_03,0,normal,none,1,-0.0049512197410803704
2026-01-30 17:30:00,AWS_03,0,normal,none,1,-0.0011700746632939962
2026-01-30 17:45:00,AWS_03,0,normal,none,1,-0.007350006531510966
2026-01-30 18:00:00,AWS_03,0,normal,none,0,0.0003114391789883486
2026-01-30 18:15:00,AWS_03,0,normal,none,0,0.012305487879761712
2026-01-30 18:30:00,AWS_03,0,normal,none,0,0.010861010211513089
2026-01-30 18:45:00,AWS_03,0,normal,none,0,0.01722103136990072
2026-01-30 19:00:00,AWS_03,0,normal,none,0,0.02425419809071383
2026-01-30 19:15:00,AWS_03,0,normal,none,0,0.012018165156962413
2026-01-30 19:30:00,AWS_03,0,normal,none,0,0.00757436777238929
2026-01-30 19:45:00,AWS_03,0,normal,none,0,0.018877192088904815
2026-01-30 20:00:00,AWS_03,0,normal,none,0,0.014435934927754523
2026-01-30 20:15:00,AWS_03,0,normal,none,0,0.033898813885338774
2026-01-30 20:30:00,AWS_03,0,normal,none,0,0.006941904291300038
2026-01-30 20:45:00,AWS_03,0,normal,none,0,0.018033388511582205
2026-01-30 21:00:00,AWS_03,0,normal,none,1,-0.0036641230931628854
2026-01-30 21:15:00,AWS_03,0,normal,none,0,0.027036666778696983
2026-01-30 21:30:00,AWS_03,0,normal,none,0,0.007096395468984773
2026-01-30 21:45:00,AWS_03,0,normal,none,1,-0.013853646114806328
2026-01-30 22:00:00,AWS_03,1,missing_data,all,0,0.006798676745366938
2026-01-30 22:15:00,AWS_03,1,missing_data,all,0,0.02878482620236955
2026-01-30 22:30:00,AWS_03,1,missing_data,all,1,-0.02641214206685838
2026-01-30 22:45:00,AWS_03,1,missing_data,all,0,0.025695186765952283
2026-01-30 23:00:00,AWS_03,1,missing_data,all,1,-0.1504975063087084
2026-01-30 23:15:00,AWS_03,1,missing_data,all,1,-0.07018190122089618
2026-01-30 23:30:00,AWS_03,1,missing_data,all,1,-0.07018190122089618
2026-01-30 23:45:00,AWS_03,1,missing_data,all,1,-0.07018190122089618
2026-01-01 00:15:00,AWS_04,0,normal,none,0,0.02725979233135789
2026-01-01 00:30:00,AWS_04,0,normal,none,0,0.03479654890665562
2026-01-01 00:45:00,AWS_04,0,normal,none,0,0.04980661386344504
2026-01-01 01:00:00,AWS_04,0,normal,none,0,0.04817653905621966
2026-01-01 01:15:00,AWS_04,0,normal,none,0,0.06745685807235136
2026-01-01 01:30:00,AWS_04,0,normal,none,0,0.05138145659008225
2026-01-01 01:45:00,AWS_04,0,normal,none,0,0.04577001075477094
2026-01-01 02:00:00,AWS_04,0,normal,none,0,0.028859543478931382
2026-01-01 02:15:00,AWS_04,0,normal,none,0,0.06374074988574857
2026-01-01 02:30:00,AWS_04,0,normal,none,0,0.05630781059042833
2026-01-01 02:45:00,AWS_04,0,normal,none,0,0.051257416541463596
2026-01-01 03:00:00,AWS_04,0,normal,none,0,0.026167649353756484
2026-01-01 03:15:00,AWS_04,0,normal,none,0,0.05820800823653194
2026-01-01 03:30:00,AWS_04,0,normal,none,0,0.062095804210743344
2026-01-01 03:45:00,AWS_04,0,normal,none,0,0.05689117983495018
2026-01-01 04:00:00,AWS_04,0,normal,none,0,0.043691483994305225
2026-01-01 04:15:00,AWS_04,0,normal,none,0,0.044952653560588196
2026-01-01 04:30:00,AWS_04,0,normal,none,0,0.07150001586602595
2026-01-01 04:45:00,AWS_04,0,normal,none,0,0.06908041035110424
2026-01-01 05:00:00,AWS_04,0,normal,none,0,0.061191070822769866
2026-01-01 05:15:00,AWS_04,0,normal,none,1,-0.004022997092587133
2026-01-01 05:30:00,AWS_04,0,normal,none,0,0.052697039187377004
2026-01-01 05:45:00,AWS_04,0,normal,none,0,0.07175250532978494
2026-01-01 06:00:00,AWS_04,0,normal,none,0,0.057558369714498514
2026-01-01 06:15:00,AWS_04,0,normal,none,1,-0.018139348203382144
2026-01-01 06:30:00,AWS_04,0,normal,none,0,0.040952087504235846
2026-01-01 06:45:00,AWS_04,0,normal,none,0,0.06241364103730046
2026-01-01 07:00:00,AWS_04,0,normal,none,0,0.017932525886173445
2026-01-01 07:15:00,AWS_04,0,normal,none,0,0.04135351200887627
2026-01-01 07:30:00,AWS_04,0,normal,none,0,0.040313416450628914
2026-01-01 07:45:00,AWS_04,0,normal,none,0,0.0699275651076795
2026-01-01 08:00:00,AWS_04,0,normal,none,0,0.06808513542580563
2026-01-01 08:15:00,AWS_04,0,normal,none,0,0.0669272787145968
2026-01-01 08:30:00,AWS_04,0,normal,none,0,0.05391380799377726
2026-01-01 08:45:00,AWS_04,0,normal,none,0,0.02173365998198884
2026-01-01 09:00:00,AWS_04,0,normal,none,0,0.05874228642970697
2026-01-01 09:15:00,AWS_04,0,normal,none,0,0.06018118535372052
2026-01-01 09:30:00,AWS_04,0,normal,none,0,0.08179987498534208
2026-01-01 09:45:00,AWS_04,0,normal,none,0,0.08077318655745203
2026-01-01 10:00:00,AWS_04,0,normal,none,0,0.049269006393335646
2026-01-01 10:15:00,AWS_04,0,normal,none,0,0.07673670867631238
2026-01-01 10:30:00,AWS_04,0,normal,none,0,0.06939723595962721
2026-01-01 10:45:00,AWS_04,0,normal,none,0,0.0708920729110486
2026-01-01 11:00:00,AWS_04,0,normal,none,0,0.061126788370221674
2026-01-01 11:15:00,AWS_04,0,normal,none,0,0.052882646903693875
2026-01-01 11:30:00,AWS_04,0,normal,none,0,0.06599963576990298
2026-01-01 11:45:00,AWS_04,0,normal,none,0,0.07721757012166919
2026-01-01 12:00:00,AWS_04,0,normal,none,0,0.010942761334934437
2026-01-01 12:15:00,AWS_04,0,normal,none,0,0.06027713806616919
2026-01-01 12:30:00,AWS_04,0,normal,none,0,0.05057513238081229
2026-01-01 12:45:00,AWS_04,0,normal,none,0,0.04727940832665456
2026-01-01 13:00:00,AWS_04,0,normal,none,0,0.06608762024303583
2026-01-01 13:15:00,AWS_04,0,normal,none,0,0.04382835103309257
2026-01-01 13:30:00,AWS_04,0,normal,none,0,0.020355260591549018
2026-01-01 13:45:00,AWS_04,0,normal,none,0,0.053608737586298194
2026-01-01 14:00:00,AWS_04,0,normal,none,0,0.07006062780133371
2026-01-01 14:15:00,AWS_04,0,normal,none,0,0.05462181861724258
2026-01-01 14:30:00,AWS_04,0,normal,none,0,0.049328251961074376
2026-01-01 14:45:00,AWS_04,0,normal,none,0,0.051397747660500925
2026-01-01 15:00:00,AWS_04,0,normal,none,0,0.05381376345716149
2026-01-01 15:15:00,AWS_04,0,normal,none,0,0.018227212317929675
2026-01-01 15:30:00,AWS_04,0,normal,none,0,0.030430428826953904
2026-01-01 15:45:00,AWS_04,0,normal,none,0,0.05873046394548559
2026-01-01 16:00:00,AWS_04,0,normal,none,0,0.056933275501981684
2026-01-01 16:15:00,AWS_04,0,normal,none,0,0.05402831305281164
2026-01-01 16:30:00,AWS_04,0,normal,none,0,0.04901627398169761
2026-01-01 16:45:00,AWS_04,0,normal,none,0,0.042735127973360765
2026-01-01 17:00:00,AWS_04,0,normal,none,0,0.03665678099172609
2026-01-01 17:15:00,AWS_04,0,normal,none,0,0.056008295485138304
2026-01-01 17:30:00,AWS_04,0,normal,none,0,0.0512334564123475
2026-01-01 17:45:00,AWS_04,0,normal,none,0,0.0548939533395999
2026-01-01 18:00:00,AWS_04,0,normal,none,0,0.05972497707354696
2026-01-01 18:15:00,AWS_04,0,normal,none,0,0.050062177858051504
2026-01-01 18:30:00,AWS_04,0,normal,none,0,0.040917036934315254
2026-01-01 18:45:00,AWS_04,0,normal,none,0,0.04617761585052671
2026-01-01 19:00:00,AWS_04,0,normal,none,0,0.05016385624443126
2026-01-01 19:15:00,AWS_04,0,normal,none,0,0.05640122131691688
2026-01-01 19:30:00,AWS_04,0,normal,none,0,0.04932055672348146
2026-01-01 19:45:00,AWS_04,0,normal,none,0,0.07475895937371635
2026-01-01 20:00:00,AWS_04,0,normal,none,0,0.0705565842133507
2026-01-01 20:15:00,AWS_04,0,normal,none,0,0.05400008480257823
2026-01-01 20:30:00,AWS_04,0,normal,none,0,0.02844477261399525
2026-01-01 20:45:00,AWS_04,0,normal,none,0,0.009534070779881665
2026-01-01 21:00:00,AWS_04,0,normal,none,0,0.0557046008925734
2026-01-01 21:15:00,AWS_04,0,normal,none,0,0.03884664928430959
2026-01-01 21:30:00,AWS_04,0,normal,none,0,0.0656690695564352
2026-01-01 21:45:00,AWS_04,0,normal,none,0,0.07112851462381659
2026-01-01 22:00:00,AWS_04,0,normal,none,0,0.06375681700116947
2026-01-01 22:15:00,AWS_04,0,normal,none,0,0.06310276645156221
2026-01-01 22:30:00,AWS_04,0,normal,none,0,0.048551888597602844
2026-01-01 22:45:00,AWS_04,0,normal,none,0,0.06159829096634356
2026-01-01 23:00:00,AWS_04,0,normal,none,0,0.06512703710227885
2026-01-01 23:15:00,AWS_04,0,normal,none,0,0.07661921144632422
2026-01-01 23:30:00,AWS_04,0,normal,none,0,0.048914155267682835
2026-01-01 23:45:00,AWS_04,0,normal,none,0,0.06970398998298605
2026-01-02 00:00:00,AWS_04,0,normal,none,0,0.07407002134324026
2026-01-02 00:15:00,AWS_04,0,normal,none,0,0.04399111590595184
2026-01-02 00:30:00,AWS_04,0,normal,none,0,0.06839664815314556
2026-01-02 00:45:00,AWS_04,0,normal,none,0,0.05964738761546651
2026-01-02 01:00:00,AWS_04,1,temperature_spike,temperature,1,-0.059366721323106164
2026-01-02 01:15:00,AWS_04,0,normal,none,0,0.01997151285121246
2026-01-02 01:30:00,AWS_04,0,normal,none,0,0.05066161087880977
2026-01-02 01:45:00,AWS_04,0,normal,none,0,0.04500302542121504
2026-01-02 02:00:00,AWS_04,0,normal,none,0,0.04177182900483889
2026-01-02 02:15:00,AWS_04,0,normal,none,0,0.040404128255365435
2026-01-02 02:30:00,AWS_04,0,normal,none,0,0.05062382212531513
2026-01-02 02:45:00,AWS_04,0,normal,none,0,0.014852769289682155
2026-01-02 03:00:00,AWS_04,0,normal,none,0,0.06384957762610993
2026-01-02 03:15:00,AWS_04,0,normal,none,0,0.034597293767096415
2026-01-02 03:30:00,AWS_04,0,normal,none,0,0.06453595331258805
2026-01-02 03:45:00,AWS_04,0,normal,none,0,0.055886202135387864
2026-01-02 04:00:00,AWS_04,0,normal,none,0,0.06480435077937075
2026-01-02 04:15:00,AWS_04,0,normal,none,0,0.051399443394247846
2026-01-02 04:30:00,AWS_04,0,normal,none,0,0.05144426430037158
2026-01-02 04:45:00,AWS_04,0,normal,none,0,0.06534567216589493
2026-01-02 05:00:00,AWS_04,0,normal,none,0,0.08153060407432644
2026-01-02 05:15:00,AWS_04,0,normal,none,0,0.0818403425297432
2026-01-02 05:30:00,AWS_04,0,normal,none,0,0.0801373334563415
2026-01-02 05:45:00,AWS_04,0,normal,none,0,0.07035474399221697
2026-01-02 06:00:00,AWS_04,0,normal,none,0,0.03945620223811064
2026-01-02 06:15:00,AWS_04,0,normal,none,0,0.03181071607563524
2026-01-02 06:30:00,AWS_04,0,normal,none,0,0.05075863903411321
2026-01-02 06:45:00,AWS_04,0,normal,none,0,0.08139293795593255
2026-01-02 07:00:00,AWS_04,0,normal,none,0,0.08753345523564116
2026-01-02 07:15:00,AWS_04,0,normal,none,0,0.0698571573930345
2026-01-02 07:30:00,AWS_04,0,normal,none,0,0.07538796874209619
2026-01-02 07:45:00,AWS_04,0,normal,none,0,0.07080681884161305
2026-01-02 08:00:00,AWS_04,0,normal,none,0,0.06480119885922664
2026-01-02 08:15:00,AWS_04,0,normal,none,0,0.08300947563200134
2026-01-02 08:30:00,AWS_04,0,normal,none,0,0.06796097756544317
2026-01-02 08:45:00,AWS_04,0,normal,none,0,0.05716493532106193
2026-01-02 09:00:00,AWS_04,0,normal,none,0,0.06018787982106211
2026-01-02 09:15:00,AWS_04,0,normal,none,0,0.08363180122312242
2026-01-02 09:30:00,AWS_04,0,normal,none,0,0.08328171633074305
2026-01-02 09:45:00,AWS_04,0,normal,none,0,0.06626536980023895
2026-01-02 10:00:00,AWS_04,0,normal,none,0,0.068567162298868
2026-01-02 10:15:00,AWS_04,0,normal,none,0,0.05080553336845095
2026-01-02 10:30:00,AWS_04,0,normal,none,0,0.09065258271325727
2026-01-02 10:45:00,AWS_04,0,normal,none,0,0.057649236630397394
2026-01-02 11:00:00,AWS_04,0,normal,none,0,0.04768205345468113
2026-01-02 11:15:00,AWS_04,0,normal,none,0,0.06855137002621164
2026-01-02 11:30:00,AWS_04,0,normal,none,0,0.08025933502237348
2026-01-02 11:45:00,AWS_04,0,normal,none,0,0.04606126846575598
2026-01-02 12:00:00,AWS_04,0,normal,none,0,0.04119163336504028
2026-01-02 12:15:00,AWS_04,0,normal,none,0,0.07948566365287785
2026-01-02 12:30:00,AWS_04,0,normal,none,0,0.06718877970408244
2026-01-02 12:45:00,AWS_04,0,normal,none,0,0.06870871605118495
2026-01-02 13:00:00,AWS_04,0,normal,none,0,0.06711847691815331
2026-01-02 13:15:00,AWS_04,0,normal,none,0,0.06223777419096832
2026-01-02 13:30:00,AWS_04,0,normal,none,0,0.05051717180709109
2026-01-02 13:45:00,AWS_04,0,normal,none,0,0.07563161266007212
2026-01-02 14:00:00,AWS_04,0,normal,none,0,0.07641400473541521
2026-01-02 14:15:00,AWS_04,0,normal,none,0,0.06515262976161151
2026-01-02 14:30:00,AWS_04,0,normal,none,0,0.07144498761849782
2026-01-02 14:45:00,AWS_04,0,normal,none,0,0.06163640822475708
2026-01-02 15:00:00,AWS_04,0,normal,none,0,0.08046651777269997
2026-01-02 15:15:00,AWS_04,0,normal,none,0,0.016594363237839693
2026-01-02 15:30:00,AWS_04,0,normal,none,0,0.025806190785903182
2026-01-02 15:45:00,AWS_04,0,normal,none,0,0.060398419100482936
2026-01-02 16:00:00,AWS_04,0,normal,none,0,0.062127966266914136
2026-01-02 16:15:00,AWS_04,0,normal,none,0,0.07062598841917467
2026-01-02 16:30:00,AWS_04,0,normal,none,0,0.08042793487341537
2026-01-02 16:45:00,AWS_04,0,normal,none,0,0.08203468827556193
2026-01-02 17:00:00,AWS_04,0,normal,none,0,0.08496846768073629
2026-01-02 17:15:00,AWS_04,0,normal,none,0,0.07732130894009376
2026-01-02 17:30:00,AWS_04,0,normal,none,0,0.05983919982406466
2026-01-02 17:45:00,AWS_04,0,normal,none,0,0.05931255573826122
2026-01-02 18:00:00,AWS_04,0,normal,none,0,0.07022785797123532
2026-01-02 18:15:00,AWS_04,0,normal,none,0,0.06427739231158336
2026-01-02 18:30:00,AWS_04,0,normal,none,0,0.05745597137800551
2026-01-02 18:45:00,AWS_04,0,normal,none,0,0.0785729254616021
2026-01-02 19:00:00,AWS_04,0,normal,none,0,0.07085368354857274
2026-01-02 19:15:00,AWS_04,0,normal,none,0,0.045999489797491466
2026-01-02 19:30:00,AWS_04,0,normal,none,0,0.06999220690637004
2026-01-02 19:45:00,AWS_04,0,normal,none,0,0.0700278352324264
2026-01-02 20:00:00,AWS_04,0,normal,none,0,0.06841958662608255
2026-01-02 20:15:00,AWS_04,0,normal,none,0,0.030198519198967322
2026-01-02 20:30:00,AWS_04,0,normal,none,0,0.0676353958308269
2026-01-02 20:45:00,AWS_04,0,normal,none,0,0.05427728585260949
2026-01-02 21:00:00,AWS_04,0,normal,none,0,0.04040764719489054
2026-01-02 21:15:00,AWS_04,0,normal,none,0,0.0609629077773326
2026-01-02 21:30:00,AWS_04,0,normal,none,0,0.06518185383176017
2026-01-02 21:45:00,AWS_04,0,normal,none,0,0.07600334544696757
2026-01-02 22:00:00,AWS_04,0,normal,none,0,0.07455172028762902
2026-01-02 22:15:00,AWS_04,0,normal,none,0,0.0696839891295562
2026-01-02 22:30:00,AWS_04,0,normal,none,0,0.05723914417895176
2026-01-02 22:45:00,AWS_04,0,normal,none,0,0.02056419066621029
2026-01-02 23:00:00,AWS_04,0,normal,none,0,0.03165606261698384
2026-01-02 23:15:00,AWS_04,0,normal,none,0,0.05875229835028023
2026-01-02 23:30:00,AWS_04,0,normal,none,0,0.06195629521516438
2026-01-02 23:45:00,AWS_04,0,normal,none,0,0.045961901843351693
2026-01-03 00:00:00,AWS_04,0,normal,none,0,0.007756156076645815
2026-01-03 00:15:00,AWS_04,0,normal,none,0,0.05320490738616407
2026-01-03 00:30:00,AWS_04,0,normal,none,0,0.05963251064591035
2026-01-03 00:45:00,AWS_04,0,normal,none,0,0.043615856223907956
2026-01-03 01:00:00,AWS_04,0,normal,none,1,-0.00046482639636347134
2026-01-03 01:15:00,AWS_04,0,normal,none,0,0.04581123677010912
2026-01-03 01:30:00,AWS_04,0,normal,none,0,0.037134125483295755
2026-01-03 01:45:00,AWS_04,0,normal,none,0,0.014692306675171962
2026-01-03 02:00:00,AWS_04,0,normal,none,0,0.06896733031242613
2026-01-03 02:15:00,AWS_04,0,normal,none,0,0.05781741223124748
2026-01-03 02:30:00,AWS_04,0,normal,none,0,0.05611501629713439
2026-01-03 02:45:00,AWS_04,0,normal,none,0,0.0060338143299153435
2026-01-03 03:00:00,AWS_04,0,normal,none,0,0.048518743296041666
2026-01-03 03:15:00,AWS_04,0,normal,none,0,0.04853798285433719
2026-01-03 03:30:00,AWS_04,0,normal,none,0,0.04887544804889887
2026-01-03 03:45:00,AWS_04,0,normal,none,0,0.01730050992007459
2026-01-03 04:00:00,AWS_04,0,normal,none,0,0.04641997867491621
2026-01-03 04:15:00,AWS_04,0,normal,none,0,0.0633122091048014
2026-01-03 04:30:00,AWS_04,0,normal,none,0,0.047556214869954094
2026-01-03 04:45:00,AWS_04,0,normal,none,0,0.04825078608215971
2026-01-03 05:00:00,AWS_04,0,normal,none,0,0.05382016288339264
2026-01-03 05:15:00,AWS_04,0,normal,none,0,0.05127127975417922
2026-01-03 05:30:00,AWS_04,0,normal,none,0,0.041597886843830145
2026-01-03 05:45:00,AWS_04,0,normal,none,0,0.05066766829077862
2026-01-03 06:00:00,AWS_04,0,normal,none,0,0.05248737486396404
2026-01-03 06:15:00,AWS_04,0,normal,none,0,0.059617521452201006
2026-01-03 06:30:00,AWS_04,0,normal,none,0,0.012613491861413362
2026-01-03 06:45:00,AWS_04,0,normal,none,0,0.05968555783845225
2026-01-03 07:00:00,AWS_04,0,normal,none,0,0.03766789408803661
2026-01-03 07:15:00,AWS_04,0,normal,none,0,0.06497478316766298
2026-01-03 07:30:00,AWS_04,0,normal,none,0,0.07745439655006775
2026-01-03 07:45:00,AWS_04,0,normal,none,0,0.07918254364921301
2026-01-03 08:00:00,AWS_04,0,normal,none,0,0.07840084119656054
2026-01-03 08:15:00,AWS_04,0,normal,none,0,0.07925695960352336
2026-01-03 08:30:00,AWS_04,0,normal,none,0,0.057737512701479976
2026-01-03 08:45:00,AWS_04,0,normal,none,0,0.07561599595688706
2026-01-03 09:00:00,AWS_04,0,normal,none,0,0.0942399367835568
2026-01-03 09:15:00,AWS_04,0,normal,none,0,0.08601145617338118
2026-01-03 09:30:00,AWS_04,0,normal,none,0,0.08680610989172266
2026-01-03 09:45:00,AWS_04,0,normal,none,0,0.07890886285567827
2026-01-03 10:00:00,AWS_04,0,normal,none,0,0.06841452210298204
2026-01-03 10:15:00,AWS_04,0,normal,none,0,0.08622822195655555
2026-01-03 10:30:00,AWS_04,0,normal,none,0,0.09052295899395651
2026-01-03 10:45:00,AWS_04,0,normal,none,0,0.07576122605145957
2026-01-03 11:00:00,AWS_04,0,normal,none,0,0.07749700268767912
2026-01-03 11:15:00,AWS_04,0,normal,none,0,0.041240625095416705
2026-01-03 11:30:00,AWS_04,0,normal,none,0,0.06835346587326013
2026-01-03 11:45:00,AWS_04,0,normal,none,0,0.08936537752031481
2026-01-03 12:00:00,AWS_04,0,normal,none,0,0.02422173789527604
2026-01-03 12:15:00,AWS_04,0,normal,none,0,0.04603502928268999
2026-01-03 12:30:00,AWS_04,0,normal,none,0,0.07360766339468527
2026-01-03 12:45:00,AWS_04,0,normal,none,0,0.0942396589377858
2026-01-03 13:00:00,AWS_04,0,normal,none,0,0.08709240330000373
2026-01-03 13:15:00,AWS_04,0,normal,none,0,0.08332962402941235
2026-01-03 13:30:00,AWS_04,0,normal,none,0,0.07848556046315286
2026-01-03 13:45:00,AWS_04,0,normal,none,0,0.0785768076833302
2026-01-03 14:00:00,AWS_04,0,normal,none,0,0.07875002129954861
2026-01-03 14:15:00,AWS_04,0,normal,none,0,0.058044277837425995
2026-01-03 14:30:00,AWS_04,0,normal,none,0,0.09211987693900353
2026-01-03 14:45:00,AWS_04,0,normal,none,0,0.06064862433591306
2026-01-03 15:00:00,AWS_04,0,normal,none,0,0.07779083521403601
2026-01-03 15:15:00,AWS_04,0,normal,none,0,0.0812008445975631
2026-01-03 15:30:00,AWS_04,0,normal,none,0,0.09612775348706187
2026-01-03 15:45:00,AWS_04,0,normal,none,0,0.08440367886227285
2026-01-03 16:00:00,AWS_04,0,normal,none,0,0.09402440580654403
2026-01-03 16:15:00,AWS_04,0,normal,none,0,0.08740806500129072
2026-01-03 16:30:00,AWS_04,0,normal,none,0,0.08342004228113759
2026-01-03 16:45:00,AWS_04,0,normal,none,0,0.09086255292856804
2026-01-03 17:00:00,AWS_04,0,normal,none,0,0.05826458090148584
2026-01-03 17:15:00,AWS_04,0,normal,none,0,0.08654014875875227
2026-01-03 17:30:00,AWS_04,0,normal,none,0,0.043028450573997734
2026-01-03 17:45:00,AWS_04,0,normal,none,0,0.06317049777342443
2026-01-03 18:00:00,AWS_04,0,normal,none,0,0.08204183528135534
2026-01-03 18:15:00,AWS_04,0,normal,none,0,0.08111817574455743
2026-01-03 18:30:00,AWS_04,0,normal,none,0,0.08776156658923795
2026-01-03 18:45:00,AWS_04,0,normal,none,0,0.054223012572298224
2026-01-03 19:00:00,AWS_04,0,normal,none,0,0.06818808551810918
2026-01-03 19:15:00,AWS_04,0,normal,none,0,0.0792751477414847
2026-01-03 19:30:00,AWS_04,0,normal,none,0,0.0472844456787479
2026-01-03 19:45:00,AWS_04,0,normal,none,0,0.06632958580629938
2026-01-03 20:00:00,AWS_04,0,normal,none,0,0.09144954340460809
2026-01-03 20:15:00,AWS_04,0,normal,none,0,0.08530979138234235
2026-01-03 20:30:00,AWS_04,0,normal,none,0,0.0838761335277714
2026-01-03 20:45:00,AWS_04,0,normal,none,0,0.08087915791384015
2026-01-03 21:00:00,AWS_04,0,normal,none,0,0.10373990722711612
2026-01-03 21:15:00,AWS_04,0,normal,none,0,0.09271105505122568
2026-01-03 21:30:00,AWS_04,0,normal,none,0,0.07103959249130115
2026-01-03 21:45:00,AWS_04,0,normal,none,0,0.08879406042207705
2026-01-03 22:00:00,AWS_04,0,normal,none,0,0.09756237492267555
2026-01-03 22:15:00,AWS_04,0,normal,none,0,0.053921285855640655
2026-01-03 22:30:00,AWS_04,0,normal,none,0,0.0780614651625488
2026-01-03 22:45:00,AWS_04,0,normal,none,0,0.05708875479882952
2026-01-03 23:00:00,AWS_04,0,normal,none,0,0.05494610248532572
2026-01-03 23:15:00,AWS_04,0,normal,none,0,0.07240631768748551
2026-01-03 23:30:00,AWS_04,0,normal,none,0,0.0758702922085922
2026-01-03 23:45:00,AWS_04,0,normal,none,0,0.07456705729853663
2026-01-04 00:00:00,AWS_04,0,normal,none,0,0.07809280075241481
2026-01-04 00:15:00,AWS_04,0,normal,none,0,0.06731503241242276
2026-01-04 00:30:00,AWS_04,0,normal,none,0,0.044588125622804675
2026-01-04 00:45:00,AWS_04,1,temperature_spike,temperature,1,-0.02722107271001084
2026-01-04 01:00:00,AWS_04,1,temperature_drop,temperature,1,-0.014642329860139802
2026-01-04 01:15:00,AWS_04,0,normal,none,0,0.015849563552160717
2026-01-04 01:30:00,AWS_04,0,normal,none,0,0.07810082641420324
2026-01-04 01:45:00,AWS_04,0,normal,none,0,0.07794515465118029
2026-01-04 02:00:00,AWS_04,0,normal,none,0,0.06976539030527401
2026-01-04 02:15:00,AWS_04,0,normal,none,0,0.07523024290699071
2026-01-04 02:30:00,AWS_04,0,normal,none,0,0.04586515797299762
2026-01-04 02:45:00,AWS_04,0,normal,none,0,0.033197833468656124
2026-01-04 03:00:00,AWS_04,0,normal,none,0,0.0546824466784438
2026-01-04 03:15:00,AWS_04,0,normal,none,0,0.08251853190546232
2026-01-04 03:30:00,AWS_04,0,normal,none,0,0.0525025402378797
2026-01-04 03:45:00,AWS_04,0,normal,none,0,0.09223779126109705
2026-01-04 04:00:00,AWS_04,0,normal,none,0,0.04430067400754367
2026-01-04 04:15:00,AWS_04,0,normal,none,0,0.07457726752468219
2026-01-04 04:30:00,AWS_04,0,normal,none,0,0.06585958401982633
2026-01-04 04:45:00,AWS_04,0,normal,none,0,0.06182567008709172
2026-01-04 05:00:00,AWS_04,0,normal,none,0,0.043832800155116036
2026-01-04 05:15:00,AWS_04,0,normal,none,0,0.06345650736527764
2026-01-04 05:30:00,AWS_04,0,normal,none,0,0.06612056094222224
2026-01-04 05:45:00,AWS_04,0,normal,none,0,0.05873414609241523
2026-01-04 06:00:00,AWS_04,0,normal,none,0,0.08720390306576653
2026-01-04 06:15:00,AWS_04,0,normal,none,0,0.04717373716772133
2026-01-04 06:30:00,AWS_04,0,normal,none,0,0.044376982802829756
2026-01-04 06:45:00,AWS_04,0,normal,none,0,0.0475207530305628
2026-01-04 07:00:00,AWS_04,0,normal,none,0,0.045020971241922836
2026-01-04 07:15:00,AWS_04,0,normal,none,0,0.08642693892262537
2026-01-04 07:30:00,AWS_04,0,normal,none,0,0.05757775996533587
2026-01-04 07:45:00,AWS_04,0,normal,none,0,0.054447618153848465
2026-01-04 08:00:00,AWS_04,0,normal,none,0,0.08814682868820817
2026-01-04 08:15:00,AWS_04,0,normal,none,0,0.06521927412245354
2026-01-04 08:30:00,AWS_04,0,normal,none,0,0.06805265099494184
2026-01-04 08:45:00,AWS_04,0,normal,none,0,0.08459692692733745
2026-01-04 09:00:00,AWS_04,0,normal,none,0,0.0936745832963286
2026-01-04 09:15:00,AWS_04,0,normal,none,0,0.09184243344575427
2026-01-04 09:30:00,AWS_04,0,normal,none,0,0.0782736221169853
2026-01-04 09:45:00,AWS_04,0,normal,none,0,0.0818735727327825
2026-01-04 10:00:00,AWS_04,0,normal,none,0,0.07742809191391159
2026-01-04 10:15:00,AWS_04,0,normal,none,0,0.06839361842324077
2026-01-04 10:30:00,AWS_04,0,normal,none,0,0.051296118756357256
2026-01-04 10:45:00,AWS_04,0,normal,none,0,0.09274348739369315
2026-01-04 11:00:00,AWS_04,0,normal,none,0,0.068076842026208
2026-01-04 11:15:00,AWS_04,0,normal,none,0,0.0835093163261093
2026-01-04 11:30:00,AWS_04,0,normal,none,0,0.0949360901650595
2026-01-04 11:45:00,AWS_04,0,normal,none,0,0.07870837570598149
2026-01-04 12:00:00,AWS_04,0,normal,none,0,0.06044345895645814
2026-01-04 12:15:00,AWS_04,0,normal,none,0,0.08413114114813924
2026-01-04 12:30:00,AWS_04,0,normal,none,0,0.09150693454555914
2026-01-04 12:45:00,AWS_04,0,normal,none,0,0.08225394883732878
2026-01-04 13:00:00,AWS_04,0,normal,none,0,0.06070987741464923
2026-01-04 13:15:00,AWS_04,0,normal,none,0,0.08085966513885667
2026-01-04 13:30:00,AWS_04,0,normal,none,0,0.0815312278286276
2026-01-04 13:45:00,AWS_04,0,normal,none,0,0.09304938787394207
2026-01-04 14:00:00,AWS_04,0,normal,none,0,0.08714548779993825
2026-01-04 14:15:00,AWS_04,0,normal,none,0,0.08387410906465376
2026-01-04 14:30:00,AWS_04,0,normal,none,0,0.08166203061651262
2026-01-04 14:45:00,AWS_04,0,normal,none,0,0.09450251474311444
2026-01-04 15:00:00,AWS_04,0,normal,none,0,0.08510708947385803
2026-01-04 15:15:00,AWS_04,0,normal,none,0,0.09030288419844151
2026-01-04 15:30:00,AWS_04,0,normal,none,0,0.07979824773441585
2026-01-04 15:45:00,AWS_04,0,normal,none,0,0.07536125361276536
2026-01-04 16:00:00,AWS_04,0,normal,none,0,0.07390889082457364
2026-01-04 16:15:00,AWS_04,0,normal,none,0,0.08372078256270726
2026-01-04 16:30:00,AWS_04,0,normal,none,0,0.07965737617948698
2026-01-04 16:45:00,AWS_04,0,normal,none,0,0.07164381797096525
2026-01-04 17:00:00,AWS_04,0,normal,none,0,0.0734446871962206
2026-01-04 17:15:00,AWS_04,0,normal,none,0,0.08652860393493877
2026-01-04 17:30:00,AWS_04,0,normal,none,0,0.07438495023512565
2026-01-04 17:45:00,AWS_04,0,normal,none,0,0.08347488104263417
2026-01-04 18:00:00,AWS_04,0,normal,none,0,0.06950633609436885
2026-01-04 18:15:00,AWS_04,0,normal,none,0,0.08494022121538797
2026-01-04 18:30:00,AWS_04,0,normal,none,0,0.0947335918165414
2026-01-04 18:45:00,AWS_04,0,normal,none,0,0.047078521314469324
2026-01-04 19:00:00,AWS_04,0,normal,none,0,0.04105742308462468
2026-01-04 19:15:00,AWS_04,0,normal,none,0,0.09365729347535612
2026-01-04 19:30:00,AWS_04,0,normal,none,0,0.0876055545260882
2026-01-04 19:45:00,AWS_04,0,normal,none,0,0.06470458654187866
2026-01-04 20:00:00,AWS_04,0,normal,none,0,0.0720940518763784
2026-01-04 20:15:00,AWS_04,0,normal,none,0,0.09102961404693627
2026-01-04 20:30:00,AWS_04,0,normal,none,0,0.04021275617427489
2026-01-04 20:45:00,AWS_04,0,normal,none,0,0.06806269409851856
2026-01-04 21:00:00,AWS_04,0,normal,none,0,0.08322310460120375
2026-01-04 21:15:00,AWS_04,0,normal,none,0,0.08908525036850662
2026-01-04 21:30:00,AWS_04,0,normal,none,0,0.09742684828464421
2026-01-04 21:45:00,AWS_04,0,normal,none,0,0.07398645270037751
2026-01-04 22:00:00,AWS_04,0,normal,none,0,0.06347650871531263
2026-01-04 22:15:00,AWS_04,0,normal,none,0,0.09695449322913391
2026-01-04 22:30:00,AWS_04,0,normal,none,0,0.0676202632245182
2026-01-04 22:45:00,AWS_04,0,normal,none,0,0.09711780956037314
2026-01-04 23:00:00,AWS_04,0,normal,none,0,0.0768954212302333
2026-01-04 23:15:00,AWS_04,0,normal,none,0,0.08800036650298737
2026-01-04 23:30:00,AWS_04,0,normal,none,0,0.06310097506372675
2026-01-04 23:45:00,AWS_04,0,normal,none,0,0.0743660668960397
2026-01-05 00:00:00,AWS_04,0,normal,none,0,0.059228825431637766
2026-01-05 00:15:00,AWS_04,0,normal,none,0,0.07468186624832573
2026-01-05 00:30:00,AWS_04,0,normal,none,0,0.0634756541005676
2026-01-05 00:45:00,AWS_04,0,normal,none,0,0.037317742730548886
2026-01-05 01:00:00,AWS_04,0,normal,none,0,0.075830914612326
2026-01-05 01:15:00,AWS_04,0,normal,none,0,0.05688595442511024
2026-01-05 01:30:00,AWS_04,0,normal,none,0,0.07776959132369426
2026-01-05 01:45:00,AWS_04,0,normal,none,0,0.06050425684216104
2026-01-05 02:00:00,AWS_04,0,normal,none,0,0.0754238784663831
2026-01-05 02:15:00,AWS_04,0,normal,none,0,0.06833875069800693
2026-01-05 02:30:00,AWS_04,0,normal,none,0,0.03311035448556121
2026-01-05 02:45:00,AWS_04,0,normal,none,0,0.033072408610166026
2026-01-05 03:00:00,AWS_04,0,normal,none,0,0.05476194392701644
2026-01-05 03:15:00,AWS_04,0,normal,none,0,0.08606194479670565
2026-01-05 03:30:00,AWS_04,0,normal,none,0,0.08850853455178226
2026-01-05 03:45:00,AWS_04,0,normal,none,0,0.061092375973613056
2026-01-05 04:00:00,AWS_04,0,normal,none,0,0.05599324028492925
2026-01-05 04:15:00,AWS_04,0,normal,none,0,0.06899367887026214
2026-01-05 04:30:00,AWS_04,0,normal,none,0,0.08747647642853001
2026-01-05 04:45:00,AWS_04,0,normal,none,0,0.08265961676181993
2026-01-05 05:00:00,AWS_04,0,normal,none,0,0.07811219157481686
2026-01-05 05:15:00,AWS_04,0,normal,none,0,0.08744584368098868
2026-01-05 05:30:00,AWS_04,0,normal,none,0,0.0586046797557116
2026-01-05 05:45:00,AWS_04,0,normal,none,0,0.0834021480998769
2026-01-05 06:00:00,AWS_04,0,normal,none,0,0.09265061300717548
2026-01-05 06:15:00,AWS_04,0,normal,none,0,0.06399937180287535
2026-01-05 06:30:00,AWS_04,0,normal,none,0,0.09257491249546124
2026-01-05 06:45:00,AWS_04,0,normal,none,0,0.08544206290240275
2026-01-05 07:00:00,AWS_04,0,normal,none,0,0.07762280686266604
2026-01-05 07:15:00,AWS_04,0,normal,none,0,0.06672602003101652
2026-01-05 07:30:00,AWS_04,0,normal,none,0,0.09993324766282852
2026-01-05 07:45:00,AWS_04,0,normal,none,0,0.1007104115296577
2026-01-05 08:00:00,AWS_04,0,normal,none,0,0.07225666491654881
2026-01-05 08:15:00,AWS_04,0,normal,none,0,0.08674211821728006
2026-01-05 08:30:00,AWS_04,0,normal,none,0,0.077732925578269
2026-01-05 08:45:00,AWS_04,0,normal,none,0,0.09714184761598882
2026-01-05 09:00:00,AWS_04,0,normal,none,0,0.10015975356062723
2026-01-05 09:15:00,AWS_04,0,normal,none,0,0.04618039437111909
2026-01-05 09:30:00,AWS_04,0,normal,none,0,0.05725403092758918
2026-01-05 09:45:00,AWS_04,0,normal,none,0,0.06827712725717267
2026-01-05 10:00:00,AWS_04,0,normal,none,0,0.08296775851265453
2026-01-05 10:15:00,AWS_04,0,normal,none,0,0.07840647446093657
2026-01-05 10:30:00,AWS_04,0,normal,none,0,0.08445239067657911
2026-01-05 10:45:00,AWS_04,0,normal,none,0,0.07854463264206024
2026-01-05 11:00:00,AWS_04,0,normal,none,0,0.08656556056721249
2026-01-05 11:15:00,AWS_04,0,normal,none,0,0.10121899435275195
2026-01-05 11:30:00,AWS_04,0,normal,none,0,0.08855307110780414
2026-01-05 11:45:00,AWS_04,0,normal,none,0,0.04385976870013175
2026-01-05 12:00:00,AWS_04,0,normal,none,0,0.044820623246226265
2026-01-05 12:15:00,AWS_04,0,normal,none,0,0.08975497273294891
2026-01-05 12:30:00,AWS_04,0,normal,none,0,0.08397431792908033
2026-01-05 12:45:00,AWS_04,0,normal,none,0,0.08523389572219103
2026-01-05 13:00:00,AWS_04,0,normal,none,0,0.04544819143696732
2026-01-05 13:15:00,AWS_04,0,normal,none,0,0.02650055684443664
2026-01-05 13:30:00,AWS_04,0,normal,none,0,0.03374445152900363
2026-01-05 13:45:00,AWS_04,0,normal,none,0,0.061474414962826074
2026-01-05 14:00:00,AWS_04,0,normal,none,0,0.0531524068687349
2026-01-05 14:15:00,AWS_04,0,normal,none,0,0.061013653670117574
2026-01-05 14:30:00,AWS_04,0,normal,none,0,0.08644285518457667
2026-01-05 14:45:00,AWS_04,0,normal,none,0,0.0821373446718302
2026-01-05 15:00:00,AWS_04,0,normal,none,0,0.06171717691182155
2026-01-05 15:15:00,AWS_04,0,normal,none,0,0.0859764976075113
2026-01-05 15:30:00,AWS_04,0,normal,none,0,0.060561012548423776
2026-01-05 15:45:00,AWS_04,0,normal,none,0,0.060653696631036425
2026-01-05 16:00:00,AWS_04,0,normal,none,0,0.06154036460837914
2026-01-05 16:15:00,AWS_04,0,normal,none,0,0.046101903511449605
2026-01-05 16:30:00,AWS_04,0,normal,none,0,0.06702262598860048
2026-01-05 16:45:00,AWS_04,0,normal,none,0,0.09003460497538013
2026-01-05 17:00:00,AWS_04,0,normal,none,0,0.08748910376303293
2026-01-05 17:15:00,AWS_04,0,normal,none,0,0.08467291568804164
2026-01-05 17:30:00,AWS_04,0,normal,none,0,0.08386312748301772
2026-01-05 17:45:00,AWS_04,0,normal,none,0,0.08920346959855219
2026-01-05 18:00:00,AWS_04,0,normal,none,0,0.08317178775418205
2026-01-05 18:15:00,AWS_04,0,normal,none,0,0.07975445073360604
2026-01-05 18:30:00,AWS_04,0,normal,none,0,0.07099182165554202
2026-01-05 18:45:00,AWS_04,0,normal,none,0,0.07989112320170177
2026-01-05 19:00:00,AWS_04,0,normal,none,0,0.08473671078753026
2026-01-05 19:15:00,AWS_04,0,normal,none,0,0.0782819180999284
2026-01-05 19:30:00,AWS_04,0,normal,none,0,0.06174927906796279
2026-01-05 19:45:00,AWS_04,0,normal,none,0,0.04806446323354552
2026-01-05 20:00:00,AWS_04,0,normal,none,0,0.08845112270266309
2026-01-05 20:15:00,AWS_04,0,normal,none,0,0.06765742715228917
2026-01-05 20:30:00,AWS_04,0,normal,none,0,0.06806808841940387
2026-01-05 20:45:00,AWS_04,0,normal,none,0,0.08365360263287752
2026-01-05 21:00:00,AWS_04,0,normal,none,0,0.08764519068224824
2026-01-05 21:15:00,AWS_04,0,normal,none,0,0.05753716147546212
2026-01-05 21:30:00,AWS_04,0,normal,none,0,0.011247801941052793
2026-01-05 21:45:00,AWS_04,0,normal,none,0,0.05705314882237772
2026-01-05 22:00:00,AWS_04,0,normal,none,0,0.07305245170588937
2026-01-05 22:15:00,AWS_04,0,normal,none,0,0.07097469396949097
2026-01-05 22:30:00,AWS_04,0,normal,none,0,0.04360905303630502
2026-01-05 22:45:00,AWS_04,0,normal,none,0,0.020620762531790793
2026-01-05 23:00:00,AWS_04,0,normal,none,0,0.06470677189207907
2026-01-05 23:15:00,AWS_04,0,normal,none,0,0.07273023505865706
2026-01-05 23:30:00,AWS_04,0,normal,none,0,0.07189051345974667
2026-01-05 23:45:00,AWS_04,0,normal,none,0,0.0607142437529713
2026-01-06 00:00:00,AWS_04,0,normal,none,0,0.058043738845944215
2026-01-06 00:15:00,AWS_04,0,normal,none,0,0.06191658150438517
2026-01-06 00:30:00,AWS_04,0,normal,none,0,0.05291660539781229
2026-01-06 00:45:00,AWS_04,0,normal,none,0,0.05743611646000196
2026-01-06 01:00:00,AWS_04,1,frozen_sensor,temperature,0,0.06823073515827666
2026-01-06 01:15:00,AWS_04,1,frozen_sensor,temperature,0,0.08449191615723889
2026-01-06 01:30:00,AWS_04,1,frozen_sensor,temperature,0,0.08005009016760034
2026-01-06 01:45:00,AWS_04,1,frozen_sensor,temperature,0,0.08314048755840608
2026-01-06 02:00:00,AWS_04,1,frozen_sensor,temperature,0,0.06601043696658698
2026-01-06 02:15:00,AWS_04,1,frozen_sensor,temperature,0,0.07794736097358113
2026-01-06 02:30:00,AWS_04,1,frozen_sensor,temperature,0,0.06808612782232265
2026-01-06 02:45:00,AWS_04,1,frozen_sensor,temperature,0,0.04582471893252826
2026-01-06 03:00:00,AWS_04,1,frozen_sensor,temperature,0,0.07333197993168356
2026-01-06 03:15:00,AWS_04,1,frozen_sensor,temperature,0,0.0668975845141978
2026-01-06 03:30:00,AWS_04,1,frozen_sensor,temperature,0,0.07019709678644193
2026-01-06 03:45:00,AWS_04,1,frozen_sensor,temperature,0,0.07948506420278617
2026-01-06 04:00:00,AWS_04,1,frozen_sensor,temperature,0,0.08123374332461514
2026-01-06 04:15:00,AWS_04,1,frozen_sensor,temperature,0,0.06836520184483347
2026-01-06 04:30:00,AWS_04,1,frozen_sensor,temperature,0,0.09202438167428556
2026-01-06 04:45:00,AWS_04,1,frozen_sensor,temperature,0,0.08770354621685805
2026-01-06 05:00:00,AWS_04,1,frozen_sensor,temperature,0,0.07794918784648619
2026-01-06 05:15:00,AWS_04,1,frozen_sensor,temperature,0,0.06695957359519739
2026-01-06 05:30:00,AWS_04,1,frozen_sensor,temperature,0,0.09331834629182983
2026-01-06 05:45:00,AWS_04,1,frozen_sensor,temperature,0,0.07774335907197771
2026-01-06 06:00:00,AWS_04,1,frozen_sensor,temperature,0,0.00031079217754126365
2026-01-06 06:15:00,AWS_04,1,frozen_sensor,temperature,0,0.02996588052244331
2026-01-06 06:30:00,AWS_04,1,frozen_sensor,temperature,0,0.022219861268846897
2026-01-06 06:45:00,AWS_04,1,frozen_sensor,temperature,0,0.05914773392803063
2026-01-06 07:00:00,AWS_04,0,normal,none,0,0.03637233261508843
2026-01-06 07:15:00,AWS_04,0,normal,none,0,0.07584925881112031
2026-01-06 07:30:00,AWS_04,0,normal,none,0,0.020381635988370617
2026-01-06 07:45:00,AWS_04,0,normal,none,0,0.07783965072865423
2026-01-06 08:00:00,AWS_04,0,normal,none,0,0.0739016338724347
2026-01-06 08:15:00,AWS_04,0,normal,none,0,0.0631704294914957
2026-01-06 08:30:00,AWS_04,0,normal,none,0,0.07169483460268261
2026-01-06 08:45:00,AWS_04,0,normal,none,0,0.06901341339316114
2026-01-06 09:00:00,AWS_04,0,normal,none,0,0.06644574923528224
2026-01-06 09:15:00,AWS_04,0,normal,none,0,0.08129906597313741
2026-01-06 09:30:00,AWS_04,0,normal,none,0,0.06942879653217277
2026-01-06 09:45:00,AWS_04,0,normal,none,0,0.08802755879612234
2026-01-06 10:00:00,AWS_04,0,normal,none,0,0.09230270389591771
2026-01-06 10:15:00,AWS_04,0,normal,none,0,0.0930097097936593
2026-01-06 10:30:00,AWS_04,0,normal,none,0,0.03681306375850657
2026-01-06 10:45:00,AWS_04,0,normal,none,0,0.07710119060812215
2026-01-06 11:00:00,AWS_04,0,normal,none,0,0.07515259148905007
2026-01-06 11:15:00,AWS_04,0,normal,none,0,0.0754093689489726
2026-01-06 11:30:00,AWS_04,0,normal,none,0,0.07248509077620646
2026-01-06 11:45:00,AWS_04,0,normal,none,0,0.07209203502145572
2026-01-06 12:00:00,AWS_04,0,normal,none,0,0.08244676171804699
2026-01-06 12:15:00,AWS_04,0,normal,none,0,0.03386738135200129
2026-01-06 12:30:00,AWS_04,0,normal,none,0,0.04184629962349273
2026-01-06 12:45:00,AWS_04,0,normal,none,0,0.07552738582723717
2026-01-06 13:00:00,AWS_04,0,normal,none,0,0.0772099850695776
2026-01-06 13:15:00,AWS_04,0,normal,none,0,0.05539004196527553
2026-01-06 13:30:00,AWS_04,0,normal,none,0,0.05175402587170336
2026-01-06 13:45:00,AWS_04,0,normal,none,0,0.04552675860776867
2026-01-06 14:00:00,AWS_04,0,normal,none,0,0.06418994898541808
2026-01-06 14:15:00,AWS_04,0,normal,none,0,0.07547872007182244
2026-01-06 14:30:00,AWS_04,0,normal,none,0,0.0727626509987323
2026-01-06 14:45:00,AWS_04,0,normal,none,0,0.03266925622207173
2026-01-06 15:00:00,AWS_04,0,normal,none,0,0.07929114927295555
2026-01-06 15:15:00,AWS_04,0,normal,none,0,0.07705734934475322
2026-01-06 15:30:00,AWS_04,0,normal,none,0,0.03530949045030285
2026-01-06 15:45:00,AWS_04,0,normal,none,0,0.06800327220233376
2026-01-06 16:00:00,AWS_04,0,normal,none,0,0.0712258348031895
2026-01-06 16:15:00,AWS_04,0,normal,none,0,0.0786384224026821
2026-01-06 16:30:00,AWS_04,0,normal,none,0,0.06486336862896036
2026-01-06 16:45:00,AWS_04,0,normal,none,0,0.07726740515825342
2026-01-06 17:00:00,AWS_04,0,normal,none,0,0.06441413756327485
2026-01-06 17:15:00,AWS_04,0,normal,none,0,0.07908706365585755
2026-01-06 17:30:00,AWS_04,0,normal,none,0,0.08402706160960638
2026-01-06 17:45:00,AWS_04,0,normal,none,0,0.07766689552405592
2026-01-06 18:00:00,AWS_04,0,normal,none,0,0.05215625285366726
2026-01-06 18:15:00,AWS_04,0,normal,none,0,0.06537761646710727
2026-01-06 18:30:00,AWS_04,0,normal,none,0,0.07420180452568564
2026-01-06 18:45:00,AWS_04,0,normal,none,0,0.06274060251858171
2026-01-06 19:00:00,AWS_04,0,normal,none,0,0.06314725424309764
2026-01-06 19:15:00,AWS_04,0,normal,none,0,0.06613967458965692
2026-01-06 19:30:00,AWS_04,0,normal,none,0,0.0685276363084607
2026-01-06 19:45:00,AWS_04,0,normal,none,0,0.07267482943778408
2026-01-06 20:00:00,AWS_04,0,normal,none,0,0.07536863531192828
2026-01-06 20:15:00,AWS_04,0,normal,none,0,0.08137457344887156
2026-01-06 20:30:00,AWS_04,0,normal,none,0,0.08192409506831072
2026-01-06 20:45:00,AWS_04,0,normal,none,0,0.07997752013941561
2026-01-06 21:00:00,AWS_04,0,normal,none,0,0.08867655623371296
2026-01-06 21:15:00,AWS_04,0,normal,none,0,0.08056824864210615
2026-01-06 21:30:00,AWS_04,0,normal,none,0,0.09601047519944417
2026-01-06 21:45:00,AWS_04,0,normal,none,0,0.036451650914783085
2026-01-06 22:00:00,AWS_04,0,normal,none,0,0.085471799414721
2026-01-06 22:15:00,AWS_04,0,normal,none,0,0.049711979473651635
2026-01-06 22:30:00,AWS_04,0,normal,none,0,0.08520944681494275
2026-01-06 22:45:00,AWS_04,0,normal,none,0,0.08225237587079204
2026-01-06 23:00:00,AWS_04,0,normal,none,0,0.09122034096946458
2026-01-06 23:15:00,AWS_04,0,normal,none,0,0.03594718679596964
2026-01-06 23:30:00,AWS_04,0,normal,none,0,0.060725553651859
2026-01-06 23:45:00,AWS_04,0,normal,none,0,0.07906375952142547
2026-01-07 00:00:00,AWS_04,0,normal,none,0,0.057750229620381455
2026-01-07 00:15:00,AWS_04,0,normal,none,0,0.0545335094517605
2026-01-07 00:30:00,AWS_04,0,normal,none,0,0.07616972344459694
2026-01-07 00:45:00,AWS_04,0,normal,none,0,0.06659881454811123
2026-01-07 01:00:00,AWS_04,0,normal,none,0,0.0736836673941042
2026-01-07 01:15:00,AWS_04,0,normal,none,0,0.06792197042304665
2026-01-07 01:30:00,AWS_04,0,normal,none,0,0.06075818369958075
2026-01-07 01:45:00,AWS_04,0,normal,none,0,0.08625767377106441
2026-01-07 02:00:00,AWS_04,0,normal,none,0,0.07746659850165483
2026-01-07 02:15:00,AWS_04,0,normal,none,0,0.033762562032465415
2026-01-07 02:30:00,AWS_04,0,normal,none,0,0.05453020769385769
2026-01-07 02:45:00,AWS_04,0,normal,none,0,0.02603455016094569
2026-01-07 03:00:00,AWS_04,0,normal,none,0,0.04535175079841036
2026-01-07 03:15:00,AWS_04,0,normal,none,0,0.0353251623444758
2026-01-07 03:30:00,AWS_04,0,normal,none,0,0.050825047144105295
2026-01-07 03:45:00,AWS_04,0,normal,none,0,0.07381704471574779
2026-01-07 04:00:00,AWS_04,0,normal,none,0,0.0644152715316037
2026-01-07 04:15:00,AWS_04,0,normal,none,0,0.05868832549076258
2026-01-07 04:30:00,AWS_04,0,normal,none,0,0.04056108785984569
2026-01-07 04:45:00,AWS_04,0,normal,none,0,0.06235012549169511
2026-01-07 05:00:00,AWS_04,0,normal,none,0,0.07205233728579535
2026-01-07 05:15:00,AWS_04,0,normal,none,0,0.07090339527711004
2026-01-07 05:30:00,AWS_04,0,normal,none,0,0.0700102359032252
2026-01-07 05:45:00,AWS_04,0,normal,none,0,0.06825355101203445
2026-01-07 06:00:00,AWS_04,0,normal,none,0,0.05298512017014506
2026-01-07 06:15:00,AWS_04,0,normal,none,0,0.07898908164258939
2026-01-07 06:30:00,AWS_04,0,normal,none,0,0.07299105621660351
2026-01-07 06:45:00,AWS_04,0,normal,none,0,0.08728155071850252
2026-01-07 07:00:00,AWS_04,0,normal,none,0,0.0714236070982866
2026-01-07 07:15:00,AWS_04,0,normal,none,0,0.03588930823696612
2026-01-07 07:30:00,AWS_04,0,normal,none,0,0.07528093912966438
2026-01-07 07:45:00,AWS_04,0,normal,none,0,0.06837027075534002
2026-01-07 08:00:00,AWS_04,0,normal,none,0,0.06563015171177178
2026-01-07 08:15:00,AWS_04,0,normal,none,0,0.07391248679754292
2026-01-07 08:30:00,AWS_04,0,normal,none,0,0.05118459259118108
2026-01-07 08:45:00,AWS_04,0,normal,none,0,0.07667270316708213
2026-01-07 09:00:00,AWS_04,0,normal,none,0,0.060247841311265427
2026-01-07 09:15:00,AWS_04,0,normal,none,0,0.08959544516100804
2026-01-07 09:30:00,AWS_04,0,normal,none,0,0.08796238711099325
2026-01-07 09:45:00,AWS_04,0,normal,none,0,0.06997315941239873
2026-01-07 10:00:00,AWS_04,0,normal,none,0,0.07506108882105123
2026-01-07 10:15:00,AWS_04,0,normal,none,0,0.08590956553630164
2026-01-07 10:30:00,AWS_04,0,normal,none,0,0.09014785845541173
2026-01-07 10:45:00,AWS_04,0,normal,none,0,0.06469703708309021
2026-01-07 11:00:00,AWS_04,0,normal,none,0,0.050414278355202624
2026-01-07 11:15:00,AWS_04,0,normal,none,0,0.03615477759458807
2026-01-07 11:30:00,AWS_04,0,normal,none,0,0.04998141332857131
2026-01-07 11:45:00,AWS_04,0,normal,none,0,0.034043328898911485
2026-01-07 12:00:00,AWS_04,0,normal,none,0,0.06516032837783653
2026-01-07 12:15:00,AWS_04,0,normal,none,0,0.05418421517895966
2026-01-07 12:30:00,AWS_04,0,normal,none,0,0.05866987929731887
2026-01-07 12:45:00,AWS_04,0,normal,none,0,0.0605025320150781
2026-01-07 13:00:00,AWS_04,0,normal,none,0,0.09054587345815868
2026-01-07 13:15:00,AWS_04,0,normal,none,0,0.08838157576344974
2026-01-07 13:30:00,AWS_04,0,normal,none,0,0.07204876837543639
2026-01-07 13:45:00,AWS_04,0,normal,none,0,0.08120817547538806
2026-01-07 14:00:00,AWS_04,0,normal,none,0,0.02929508797408975
2026-01-07 14:15:00,AWS_04,0,normal,none,0,0.04370224944850165
2026-01-07 14:30:00,AWS_04,0,normal,none,0,0.05001636094326012
2026-01-07 14:45:00,AWS_04,0,normal,none,0,0.07036490801416512
2026-01-07 15:00:00,AWS_04,0,normal,none,0,0.07223961252995292
2026-01-07 15:15:00,AWS_04,0,normal,none,0,0.09069378803612671
2026-01-07 15:30:00,AWS_04,0,normal,none,0,0.08293232707346826
2026-01-07 15:45:00,AWS_04,0,normal,none,0,0.09176952491948687
2026-01-07 16:00:00,AWS_04,0,normal,none,0,0.08387443927690125
2026-01-07 16:15:00,AWS_04,0,normal,none,0,0.0628749243101655
2026-01-07 16:30:00,AWS_04,0,normal,none,0,0.06624919893118758
2026-01-07 16:45:00,AWS_04,0,normal,none,0,0.07068654321758772
2026-01-07 17:00:00,AWS_04,0,normal,none,0,0.07921349277521278
2026-01-07 17:15:00,AWS_04,0,normal,none,0,0.06659981808965665
2026-01-07 17:30:00,AWS_04,0,normal,none,0,0.04460055820321884
2026-01-07 17:45:00,AWS_04,0,normal,none,0,0.04043751101650661
2026-01-07 18:00:00,AWS_04,0,normal,none,0,0.0727250219921286
2026-01-07 18:15:00,AWS_04,0,normal,none,0,0.076977339396329
2026-01-07 18:30:00,AWS_04,0,normal,none,0,0.07995848783187554
2026-01-07 18:45:00,AWS_04,0,normal,none,0,0.07170623438907031
2026-01-07 19:00:00,AWS_04,0,normal,none,0,0.07600597269240156
2026-01-07 19:15:00,AWS_04,0,normal,none,0,0.024614172774519272
2026-01-07 19:30:00,AWS_04,0,normal,none,0,0.0191356300713329
2026-01-07 19:45:00,AWS_04,0,normal,none,0,0.031058247503061076
2026-01-07 20:00:00,AWS_04,0,normal,none,0,0.06887452135709948
2026-01-07 20:15:00,AWS_04,0,normal,none,0,0.07350784324231202
2026-01-07 20:30:00,AWS_04,0,normal,none,0,0.047105935924038556
2026-01-07 20:45:00,AWS_04,0,normal,none,1,-0.03836932581031105
2026-01-07 21:00:00,AWS_04,0,normal,none,0,0.03925543321450509
2026-01-07 21:15:00,AWS_04,0,normal,none,0,0.07992194859098828
2026-01-07 21:30:00,AWS_04,0,normal,none,0,0.08534056434269593
2026-01-07 21:45:00,AWS_04,0,normal,none,0,0.07957274910694023
2026-01-07 22:00:00,AWS_04,0,normal,none,0,0.060834700843997
2026-01-07 22:15:00,AWS_04,0,normal,none,0,0.0691218862515327
2026-01-07 22:30:00,AWS_04,0,normal,none,0,0.07653722969986687
2026-01-07 22:45:00,AWS_04,0,normal,none,0,0.04780273607401053
2026-01-07 23:00:00,AWS_04,0,normal,none,0,0.07856621707590844
2026-01-07 23:15:00,AWS_04,0,normal,none,0,0.07904285232418229
2026-01-07 23:30:00,AWS_04,0,normal,none,0,0.03890215008629394
2026-01-07 23:45:00,AWS_04,0,normal,none,0,0.04385527385130494
2026-01-08 00:00:00,AWS_04,0,normal,none,0,0.07676403122958786
2026-01-08 00:15:00,AWS_04,0,normal,none,0,0.05930186420477651
2026-01-08 00:30:00,AWS_04,0,normal,none,0,0.07895571806454854
2026-01-08 00:45:00,AWS_04,0,normal,none,0,0.050537610161066004
2026-01-08 01:00:00,AWS_04,1,temperature_drop,temperature,1,-0.03318725113678056
2026-01-08 01:15:00,AWS_04,0,normal,none,0,0.040683955279048
2026-01-08 01:30:00,AWS_04,0,normal,none,0,0.09103370982341097
2026-01-08 01:45:00,AWS_04,1,temperature_spike,temperature,1,-0.01947282108329984
2026-01-08 02:00:00,AWS_04,0,normal,none,0,0.04434013820437632
2026-01-08 02:15:00,AWS_04,0,normal,none,0,0.04483662834637425
2026-01-08 02:30:00,AWS_04,0,normal,none,0,0.07400623567048187
2026-01-08 02:45:00,AWS_04,0,normal,none,0,0.04272001932305658
2026-01-08 03:00:00,AWS_04,0,normal,none,0,0.0555541994398428
2026-01-08 03:15:00,AWS_04,0,normal,none,0,0.08590306621802707
2026-01-08 03:30:00,AWS_04,0,normal,none,0,0.08720585384065976
2026-01-08 03:45:00,AWS_04,0,normal,none,0,0.0804389609500678
2026-01-08 04:00:00,AWS_04,0,normal,none,0,0.058586031529663574
2026-01-08 04:15:00,AWS_04,0,normal,none,0,0.05054759502525574
2026-01-08 04:30:00,AWS_04,0,normal,none,0,0.04590866812078698
2026-01-08 04:45:00,AWS_04,0,normal,none,0,0.081409768611099
2026-01-08 05:00:00,AWS_04,0,normal,none,0,0.06190896900651083
2026-01-08 05:15:00,AWS_04,0,normal,none,0,0.01587439856459527
2026-01-08 05:30:00,AWS_04,0,normal,none,0,0.04965892802131622
2026-01-08 05:45:00,AWS_04,0,normal,none,0,0.07767189378069589
2026-01-08 06:00:00,AWS_04,0,normal,none,0,0.08570873288234537
2026-01-08 06:15:00,AWS_04,0,normal,none,0,0.07888918599935124
2026-01-08 06:30:00,AWS_04,0,normal,none,0,0.0547538262756081
2026-01-08 06:45:00,AWS_04,0,normal,none,0,0.08069983746702186
2026-01-08 07:00:00,AWS_04,0,normal,none,0,0.06488085621205208
2026-01-08 07:15:00,AWS_04,0,normal,none,0,0.0805056923595765
2026-01-08 07:30:00,AWS_04,0,normal,none,0,0.06339824865962113
2026-01-08 07:45:00,AWS_04,0,normal,none,0,0.05722501119078005
2026-01-08 08:00:00,AWS_04,0,normal,none,0,0.07904458284629007
2026-01-08 08:15:00,AWS_04,0,normal,none,0,0.0644835561119319
2026-01-08 08:30:00,AWS_04,0,normal,none,0,0.02552133182531613
2026-01-08 08:45:00,AWS_04,0,normal,none,0,0.03809944846928526
2026-01-08 09:00:00,AWS_04,0,normal,none,0,0.07111592038384945
2026-01-08 09:15:00,AWS_04,0,normal,none,0,0.07313047006164541
2026-01-08 09:30:00,AWS_04,0,normal,none,0,0.08331921451893093
2026-01-08 09:45:00,AWS_04,0,normal,none,0,0.07164436305053401
2026-01-08 10:00:00,AWS_04,0,normal,none,0,0.05927412943790389
2026-01-08 10:15:00,AWS_04,0,normal,none,0,0.0590534539519873
2026-01-08 10:30:00,AWS_04,0,normal,none,0,0.0785587311540813
2026-01-08 10:45:00,AWS_04,0,normal,none,0,0.07831016631671872
2026-01-08 11:00:00,AWS_04,0,normal,none,0,0.08122541698487307
2026-01-08 11:15:00,AWS_04,0,normal,none,0,0.07158239348184398
2026-01-08 11:30:00,AWS_04,0,normal,none,0,0.07336895098841095
2026-01-08 11:45:00,AWS_04,0,normal,none,0,0.07810361278925676
2026-01-08 12:00:00,AWS_04,0,normal,none,0,0.07415013184570729
2026-01-08 12:15:00,AWS_04,0,normal,none,0,0.038513617174486536
2026-01-08 12:30:00,AWS_04,0,normal,none,0,0.06681214822580045
2026-01-08 12:45:00,AWS_04,0,normal,none,0,0.0702419562334698
2026-01-08 13:00:00,AWS_04,0,normal,none,0,0.07972684036062977
2026-01-08 13:15:00,AWS_04,0,normal,none,0,0.08667578890581923
2026-01-08 13:30:00,AWS_04,0,normal,none,0,0.07491254288365873
2026-01-08 13:45:00,AWS_04,0,normal,none,0,0.09598413780240889
2026-01-08 14:00:00,AWS_04,0,normal,none,0,0.07795900920997484
2026-01-08 14:15:00,AWS_04,0,normal,none,0,0.0858746195626543
2026-01-08 14:30:00,AWS_04,0,normal,none,0,0.08920555424471677
2026-01-08 14:45:00,AWS_04,0,normal,none,0,0.08321652849983907
2026-01-08 15:00:00,AWS_04,0,normal,none,0,0.06721781795290038
2026-01-08 15:15:00,AWS_04,0,normal,none,0,0.08429804919200884
2026-01-08 15:30:00,AWS_04,0,normal,none,0,0.09244552615455476
2026-01-08 15:45:00,AWS_04,0,normal,none,0,0.0858703290083121
2026-01-08 16:00:00,AWS_04,0,normal,none,0,0.08635902482925478
2026-01-08 16:15:00,AWS_04,0,normal,none,0,0.09134343771492687
2026-01-08 16:30:00,AWS_04,0,normal,none,0,0.06598001756866279
2026-01-08 16:45:00,AWS_04,0,normal,none,0,0.090952965184464
2026-01-08 17:00:00,AWS_04,0,normal,none,0,0.07739656443146015
2026-01-08 17:15:00,AWS_04,0,normal,none,0,0.06792552570489963
2026-01-08 17:30:00,AWS_04,0,normal,none,0,0.07422454736530221
2026-01-08 17:45:00,AWS_04,0,normal,none,0,0.06563066144445828
2026-01-08 18:00:00,AWS_04,0,normal,none,0,0.07056033871544914
2026-01-08 18:15:00,AWS_04,0,normal,none,0,0.07507412406012293
2026-01-08 18:30:00,AWS_04,0,normal,none,0,0.09685904015136326
2026-01-08 18:45:00,AWS_04,0,normal,none,0,0.09213326702512986
2026-01-08 19:00:00,AWS_04,0,normal,none,0,0.07140058585302073
2026-01-08 19:15:00,AWS_04,0,normal,none,0,0.07285534656589149
2026-01-08 19:30:00,AWS_04,0,normal,none,0,0.09792935215427201
2026-01-08 19:45:00,AWS_04,0,normal,none,0,0.0862716151022388
2026-01-08 20:00:00,AWS_04,0,normal,none,0,0.10381995020098284
2026-01-08 20:15:00,AWS_04,0,normal,none,0,0.09305058900515473
2026-01-08 20:30:00,AWS_04,0,normal,none,0,0.0872977349834273
2026-01-08 20:45:00,AWS_04,0,normal,none,0,0.10483243908825596
2026-01-08 21:00:00,AWS_04,0,normal,none,0,0.04750348199317367
2026-01-08 21:15:00,AWS_04,0,normal,none,0,0.09431702637912226
2026-01-08 21:30:00,AWS_04,0,normal,none,0,0.0771410799062866
2026-01-08 21:45:00,AWS_04,0,normal,none,0,0.06596967761992656
2026-01-08 22:00:00,AWS_04,0,normal,none,0,0.06303720116525008
2026-01-08 22:15:00,AWS_04,0,normal,none,0,0.07006063875000607
2026-01-08 22:30:00,AWS_04,0,normal,none,0,0.08231282203581491
2026-01-08 22:45:00,AWS_04,0,normal,none,0,0.04411916283091266
2026-01-08 23:00:00,AWS_04,0,normal,none,0,0.059926709157776814
2026-01-08 23:15:00,AWS_04,0,normal,none,0,0.031982867156717276
2026-01-08 23:30:00,AWS_04,0,normal,none,0,0.07147493077617834
2026-01-08 23:45:00,AWS_04,0,normal,none,0,0.07724861241648345
2026-01-09 00:00:00,AWS_04,1,calibration_drift,temperature,0,0.08135607265531308
2026-01-09 00:15:00,AWS_04,1,calibration_drift,temperature,0,0.039697429990179
2026-01-09 00:30:00,AWS_04,1,calibration_drift,temperature,0,0.03240983991519786
2026-01-09 00:45:00,AWS_04,1,calibration_drift,temperature,0,0.0609997089098398
2026-01-09 01:00:00,AWS_04,1,calibration_drift,temperature,0,0.05100542209723086
2026-01-09 01:15:00,AWS_04,1,calibration_drift,temperature,0,0.0418742166570798
2026-01-09 01:30:00,AWS_04,1,calibration_drift,temperature,0,0.07591661500936764
2026-01-09 01:45:00,AWS_04,1,calibration_drift,temperature,0,0.06599181160132955
2026-01-09 02:00:00,AWS_04,1,calibration_drift,temperature,0,0.03612513665355166
2026-01-09 02:15:00,AWS_04,1,calibration_drift,temperature,0,0.07251444182506078
2026-01-09 02:30:00,AWS_04,1,calibration_drift,temperature,0,0.05311868765722433
2026-01-09 02:45:00,AWS_04,1,calibration_drift,temperature,0,0.042056740720243124
2026-01-09 03:00:00,AWS_04,1,calibration_drift,temperature,0,0.08357555380645176
2026-01-09 03:15:00,AWS_04,1,calibration_drift,temperature,0,0.04687961713608013
2026-01-09 03:30:00,AWS_04,1,calibration_drift,temperature,0,0.050016398326856726
2026-01-09 03:45:00,AWS_04,1,calibration_drift,temperature,0,0.05531638283913154
2026-01-09 04:00:00,AWS_04,1,calibration_drift,temperature,0,0.056294189673491035
2026-01-09 04:15:00,AWS_04,1,calibration_drift,temperature,0,0.06768417938806526
2026-01-09 04:30:00,AWS_04,1,calibration_drift,temperature,0,0.06634573492990709
2026-01-09 04:45:00,AWS_04,1,calibration_drift,temperature,0,0.06343344515793009
2026-01-09 05:00:00,AWS_04,1,calibration_drift,temperature,0,0.04975843061222851
2026-01-09 05:15:00,AWS_04,1,calibration_drift,temperature,0,0.03640039122296568
2026-01-09 05:30:00,AWS_04,1,calibration_drift,temperature,0,0.010220628302172519
2026-01-09 05:45:00,AWS_04,1,calibration_drift,temperature,0,0.06787125599235538
2026-01-09 06:00:00,AWS_04,1,calibration_drift,temperature,0,0.05469377400673903
2026-01-09 06:15:00,AWS_04,1,calibration_drift,temperature,0,0.06945455338867684
2026-01-09 06:30:00,AWS_04,1,calibration_drift,temperature,0,0.05882858806216268
2026-01-09 06:45:00,AWS_04,1,calibration_drift,temperature,0,0.06413438656985576
2026-01-09 07:00:00,AWS_04,1,calibration_drift,temperature,0,0.033961168380890916
2026-01-09 07:15:00,AWS_04,1,calibration_drift,temperature,0,0.09570418710545248
2026-01-09 07:30:00,AWS_04,1,calibration_drift,temperature,0,0.038070464846988394
2026-01-09 07:45:00,AWS_04,1,calibration_drift,temperature,0,0.06883982237191622
2026-01-09 08:00:00,AWS_04,1,calibration_drift,temperature,0,0.0766224801501843
2026-01-09 08:15:00,AWS_04,1,calibration_drift,temperature,0,0.06559344766013925
2026-01-09 08:30:00,AWS_04,1,calibration_drift,temperature,0,0.04095264299728807
2026-01-09 08:45:00,AWS_04,1,calibration_drift,temperature,0,0.08342716664991395
2026-01-09 09:00:00,AWS_04,1,calibration_drift,temperature,0,0.05663656513747006
2026-01-09 09:15:00,AWS_04,1,calibration_drift,temperature,0,0.09439798709760877
2026-01-09 09:30:00,AWS_04,1,calibration_drift,temperature,0,0.09976880102680341
2026-01-09 09:45:00,AWS_04,1,calibration_drift,temperature,0,0.07239842976841043
2026-01-09 10:00:00,AWS_04,1,calibration_drift,temperature,0,0.06590173787890102
2026-01-09 10:15:00,AWS_04,1,calibration_drift,temperature,0,0.0024990246032688956
2026-01-09 10:30:00,AWS_04,1,calibration_drift,temperature,0,0.08862066446993466
2026-01-09 10:45:00,AWS_04,1,calibration_drift,temperature,0,0.09538031071633202
2026-01-09 11:00:00,AWS_04,1,calibration_drift,temperature,0,0.09296520301011302
2026-01-09 11:15:00,AWS_04,1,calibration_drift,temperature,0,0.07235657595616785
2026-01-09 11:30:00,AWS_04,1,calibration_drift,temperature,0,0.10054317235661725
2026-01-09 11:45:00,AWS_04,1,calibration_drift,temperature,0,0.08068425751567465
2026-01-09 12:00:00,AWS_04,1,calibration_drift,temperature,0,0.03341257133923592
2026-01-09 12:15:00,AWS_04,1,calibration_drift,temperature,0,0.0931144237693784
2026-01-09 12:30:00,AWS_04,1,calibration_drift,temperature,0,0.09864014600543913
2026-01-09 12:45:00,AWS_04,1,calibration_drift,temperature,0,0.09235917881855515
2026-01-09 13:00:00,AWS_04,1,calibration_drift,temperature,0,0.09846831796777578
2026-01-09 13:15:00,AWS_04,1,calibration_drift,temperature,0,0.09772146999612263
2026-01-09 13:30:00,AWS_04,1,calibration_drift,temperature,0,0.08237322989679441
2026-01-09 13:45:00,AWS_04,1,calibration_drift,temperature,0,0.07558553253547778
2026-01-09 14:00:00,AWS_04,1,calibration_drift,temperature,0,0.0921519000029446
2026-01-09 14:15:00,AWS_04,1,calibration_drift,temperature,0,0.09709343961273814
2026-01-09 14:30:00,AWS_04,1,calibration_drift,temperature,0,0.08218344135025629
2026-01-09 14:45:00,AWS_04,1,calibration_drift,temperature,0,0.10263890969942219
2026-01-09 15:00:00,AWS_04,1,calibration_drift,temperature,0,0.08429647707449056
2026-01-09 15:15:00,AWS_04,1,calibration_drift,temperature,0,0.10419571887253487
2026-01-09 15:30:00,AWS_04,1,calibration_drift,temperature,0,0.1066486801299914
2026-01-09 15:45:00,AWS_04,1,calibration_drift,temperature,0,0.10977872328193783
2026-01-09 16:00:00,AWS_04,1,calibration_drift,temperature,0,0.07871724130415725
2026-01-09 16:15:00,AWS_04,1,calibration_drift,temperature,0,0.06820465132439546
2026-01-09 16:30:00,AWS_04,1,calibration_drift,temperature,0,0.10402365303165445
2026-01-09 16:45:00,AWS_04,1,calibration_drift,temperature,0,0.09361429492973483
2026-01-09 17:00:00,AWS_04,1,calibration_drift,temperature,0,0.06096509369341957
2026-01-09 17:15:00,AWS_04,1,calibration_drift,temperature,0,0.06019291903147039
2026-01-09 17:30:00,AWS_04,1,calibration_drift,temperature,0,0.1107875348485095
2026-01-09 17:45:00,AWS_04,1,calibration_drift,temperature,0,0.057779439331042515
2026-01-09 18:00:00,AWS_04,1,calibration_drift,temperature,0,0.081999478388319
2026-01-09 18:15:00,AWS_04,1,calibration_drift,temperature,0,0.07797370233203577
2026-01-09 18:30:00,AWS_04,1,calibration_drift,temperature,0,0.09249848618622863
2026-01-09 18:45:00,AWS_04,1,calibration_drift,temperature,0,0.09073868574266697
2026-01-09 19:00:00,AWS_04,1,calibration_drift,temperature,0,0.09946998664276002
2026-01-09 19:15:00,AWS_04,1,calibration_drift,temperature,0,0.07936263591576381
2026-01-09 19:30:00,AWS_04,1,calibration_drift,temperature,0,0.07946569012903348
2026-01-09 19:45:00,AWS_04,1,calibration_drift,temperature,0,0.05337471130458793
2026-01-09 20:00:00,AWS_04,1,calibration_drift,temperature,0,0.08823317251206264
2026-01-09 20:15:00,AWS_04,1,calibration_drift,temperature,0,0.08606441456141734
2026-01-09 20:30:00,AWS_04,1,calibration_drift,temperature,0,0.08430260860426741
2026-01-09 20:45:00,AWS_04,1,calibration_drift,temperature,0,0.09078578638307794
2026-01-09 21:00:00,AWS_04,1,calibration_drift,temperature,0,0.09829897439445595
2026-01-09 21:15:00,AWS_04,1,calibration_drift,temperature,0,0.09602531437705603
2026-01-09 21:30:00,AWS_04,1,calibration_drift,temperature,0,0.07398910574700657
2026-01-09 21:45:00,AWS_04,1,calibration_drift,temperature,0,0.06594424717756464
2026-01-09 22:00:00,AWS_04,1,calibration_drift,temperature,0,0.07546203243424754
2026-01-09 22:15:00,AWS_04,1,calibration_drift,temperature,0,0.08275825729594011
2026-01-09 22:30:00,AWS_04,1,calibration_drift,temperature,0,0.06274091321905384
2026-01-09 22:45:00,AWS_04,1,calibration_drift,temperature,0,0.0869765330802943
2026-01-09 23:00:00,AWS_04,1,calibration_drift,temperature,0,0.08678686560303728
2026-01-09 23:15:00,AWS_04,1,calibration_drift,temperature,0,0.09519176423890274
2026-01-09 23:30:00,AWS_04,1,calibration_drift,temperature,0,0.050908601064184045
2026-01-09 23:45:00,AWS_04,1,calibration_drift,temperature,0,0.07441266354606324
2026-01-10 00:00:00,AWS_04,0,normal,none,0,0.038424575717150855
2026-01-10 00:15:00,AWS_04,0,normal,none,0,0.06717700100237539
2026-01-10 00:30:00,AWS_04,0,normal,none,0,0.029414637966393764
2026-01-10 00:45:00,AWS_04,0,normal,none,0,0.07126557356549862
2026-01-10 01:00:00,AWS_04,0,normal,none,0,0.07781010589741072
2026-01-10 01:15:00,AWS_04,0,normal,none,0,0.07989607191958042
2026-01-10 01:30:00,AWS_04,1,temperature_drop,temperature,1,-0.006434158167799797
2026-01-10 01:45:00,AWS_04,1,temperature_spike,temperature,1,-0.034739059597823085
2026-01-10 02:00:00,AWS_04,0,normal,none,0,0.017008594127325805
2026-01-10 02:15:00,AWS_04,0,normal,none,0,0.05930972924086403
2026-01-10 02:30:00,AWS_04,0,normal,none,0,0.03094056731989181
2026-01-10 02:45:00,AWS_04,0,normal,none,0,0.040391159727010795
2026-01-10 03:00:00,AWS_04,0,normal,none,0,0.0032229491712425506
2026-01-10 03:15:00,AWS_04,0,normal,none,0,0.03781079848348312
2026-01-10 03:30:00,AWS_04,0,normal,none,0,0.04457112989677903
2026-01-10 03:45:00,AWS_04,0,normal,none,0,0.022131258492011252
2026-01-10 04:00:00,AWS_04,0,normal,none,0,0.02641984548237286
2026-01-10 04:15:00,AWS_04,0,normal,none,0,0.05290939311826465
2026-01-10 04:30:00,AWS_04,0,normal,none,0,0.04555555068805406
2026-01-10 04:45:00,AWS_04,0,normal,none,0,0.04418950575967462
2026-01-10 05:00:00,AWS_04,0,normal,none,0,0.05977207682747965
2026-01-10 05:15:00,AWS_04,0,normal,none,0,0.024187822002767145
2026-01-10 05:30:00,AWS_04,0,normal,none,0,0.03898633863287204
2026-01-10 05:45:00,AWS_04,0,normal,none,0,0.040204983467119315
2026-01-10 06:00:00,AWS_04,0,normal,none,0,0.0215844100853968
2026-01-10 06:15:00,AWS_04,0,normal,none,0,0.06412626946163646
2026-01-10 06:30:00,AWS_04,0,normal,none,0,0.03216169276042302
2026-01-10 06:45:00,AWS_04,0,normal,none,0,0.049333284988145765
2026-01-10 07:00:00,AWS_04,0,normal,none,0,0.05776369238192541
2026-01-10 07:15:00,AWS_04,0,normal,none,0,0.07191829491910762
2026-01-10 07:30:00,AWS_04,0,normal,none,0,0.03845722803234619
2026-01-10 07:45:00,AWS_04,0,normal,none,0,0.06146224672604722
2026-01-10 08:00:00,AWS_04,0,normal,none,0,0.05027932660793899
2026-01-10 08:15:00,AWS_04,0,normal,none,0,0.08273497125846602
2026-01-10 08:30:00,AWS_04,0,normal,none,0,0.04655511009302493
2026-01-10 08:45:00,AWS_04,0,normal,none,0,0.008972906741902986
2026-01-10 09:00:00,AWS_04,0,normal,none,0,0.050982673781384324
2026-01-10 09:15:00,AWS_04,0,normal,none,0,0.07708085938877396
2026-01-10 09:30:00,AWS_04,0,normal,none,0,0.053959529792759586
2026-01-10 09:45:00,AWS_04,0,normal,none,0,0.04569791014282265
2026-01-10 10:00:00,AWS_04,0,normal,none,0,0.030682481310457366
2026-01-10 10:15:00,AWS_04,0,normal,none,0,0.07088229844918409
2026-01-10 10:30:00,AWS_04,0,normal,none,0,0.07703438787524597
2026-01-10 10:45:00,AWS_04,0,normal,none,0,0.046485565811488105
2026-01-10 11:00:00,AWS_04,0,normal,none,0,0.058262598503572405
2026-01-10 11:15:00,AWS_04,0,normal,none,0,0.07785020766224293
2026-01-10 11:30:00,AWS_04,0,normal,none,0,0.06787899038906547
2026-01-10 11:45:00,AWS_04,0,normal,none,0,0.0794811455560624
2026-01-10 12:00:00,AWS_04,0,normal,none,0,0.028709410162958915
2026-01-10 12:15:00,AWS_04,0,normal,none,0,0.07897482974525682
2026-01-10 12:30:00,AWS_04,0,normal,none,0,0.08184219422857236
2026-01-10 12:45:00,AWS_04,0,normal,none,0,0.08209636008614929
2026-01-10 13:00:00,AWS_04,0,normal,none,0,0.08541573737341313
2026-01-10 13:15:00,AWS_04,0,normal,none,0,0.08247586843779164
2026-01-10 13:30:00,AWS_04,0,normal,none,0,0.07471682535224217
2026-01-10 13:45:00,AWS_04,0,normal,none,0,0.05423441576503607
2026-01-10 14:00:00,AWS_04,0,normal,none,0,0.08353060076991392
2026-01-10 14:15:00,AWS_04,0,normal,none,0,0.07114110093953135
2026-01-10 14:30:00,AWS_04,0,normal,none,0,0.08543269381738794
2026-01-10 14:45:00,AWS_04,0,normal,none,0,0.0843618852630032
2026-01-10 15:00:00,AWS_04,0,normal,none,0,0.08258259703767473
2026-01-10 15:15:00,AWS_04,0,normal,none,0,0.09170846535928695
2026-01-10 15:30:00,AWS_04,0,normal,none,0,0.08562461446925818
2026-01-10 15:45:00,AWS_04,0,normal,none,0,0.0851342392363228
2026-01-10 16:00:00,AWS_04,0,normal,none,0,0.07290223453584677
2026-01-10 16:15:00,AWS_04,0,normal,none,0,0.08667707655680612
2026-01-10 16:30:00,AWS_04,0,normal,none,0,0.07840792784642026
2026-01-10 16:45:00,AWS_04,0,normal,none,0,0.035346707399016575
2026-01-10 17:00:00,AWS_04,0,normal,none,0,0.07972304396096447
2026-01-10 17:15:00,AWS_04,0,normal,none,0,0.09138629355312772
2026-01-10 17:30:00,AWS_04,0,normal,none,0,0.07361251983870903
2026-01-10 17:45:00,AWS_04,0,normal,none,0,0.07588730878971572
2026-01-10 18:00:00,AWS_04,0,normal,none,0,0.05014450842609702
2026-01-10 18:15:00,AWS_04,0,normal,none,0,0.07360373877710247
2026-01-10 18:30:00,AWS_04,0,normal,none,0,0.07267026435505325
2026-01-10 18:45:00,AWS_04,0,normal,none,0,0.07136531897390413
2026-01-10 19:00:00,AWS_04,0,normal,none,0,0.06814695266275839
2026-01-10 19:15:00,AWS_04,0,normal,none,0,0.07524473357607958
2026-01-10 19:30:00,AWS_04,0,normal,none,0,0.06987373997421659
2026-01-10 19:45:00,AWS_04,0,normal,none,0,0.0627951918045131
2026-01-10 20:00:00,AWS_04,0,normal,none,0,0.06710546672896356
2026-01-10 20:15:00,AWS_04,0,normal,none,0,0.08773281161050728
2026-01-10 20:30:00,AWS_04,0,normal,none,0,0.04086767560458604
2026-01-10 20:45:00,AWS_04,0,normal,none,0,0.05588991813259042
2026-01-10 21:00:00,AWS_04,0,normal,none,0,0.0861230300423993
2026-01-10 21:15:00,AWS_04,0,normal,none,0,0.08501090081094065
2026-01-10 21:30:00,AWS_04,0,normal,none,0,0.08964238369503374
2026-01-10 21:45:00,AWS_04,0,normal,none,0,0.07206505238381627
2026-01-10 22:00:00,AWS_04,0,normal,none,0,0.0871529709237322
2026-01-10 22:15:00,AWS_04,0,normal,none,0,0.0665815208211461
2026-01-10 22:30:00,AWS_04,0,normal,none,0,0.0601894310154642
2026-01-10 22:45:00,AWS_04,0,normal,none,0,0.06934992368257809
2026-01-10 23:00:00,AWS_04,0,normal,none,0,0.05718057738852789
2026-01-10 23:15:00,AWS_04,0,normal,none,0,0.05635862614775883
2026-01-10 23:30:00,AWS_04,0,normal,none,0,0.04661210766389101
2026-01-10 23:45:00,AWS_04,0,normal,none,0,0.061448043098521754
2026-01-11 00:00:00,AWS_04,1,calibration_drift,temperature,0,0.005303861781549624
2026-01-11 00:15:00,AWS_04,1,calibration_drift,temperature,0,0.0492273465075147
2026-01-11 00:30:00,AWS_04,1,calibration_drift,temperature,0,0.045819564584338
2026-01-11 00:45:00,AWS_04,1,calibration_drift,temperature,1,-0.005475379134888159
2026-01-11 01:00:00,AWS_04,1,calibration_drift,temperature,0,0.014160174028056915
2026-01-11 01:15:00,AWS_04,1,calibration_drift,temperature,0,0.05195907654934245
2026-01-11 01:30:00,AWS_04,1,calibration_drift,temperature,0,0.05906084933664202
2026-01-11 01:45:00,AWS_04,1,calibration_drift,temperature,0,0.014566753846572245
2026-01-11 02:00:00,AWS_04,1,calibration_drift,temperature,0,0.036883739480897404
2026-01-11 02:15:00,AWS_04,1,calibration_drift,temperature,0,0.03803114605021307
2026-01-11 02:30:00,AWS_04,1,calibration_drift,temperature,0,0.04347278163564294
2026-01-11 02:45:00,AWS_04,1,calibration_drift,temperature,0,0.03006026167118614
2026-01-11 03:00:00,AWS_04,1,calibration_drift,temperature,0,0.025230815440197563
2026-01-11 03:15:00,AWS_04,1,calibration_drift,temperature,0,0.0006568928332714163
2026-01-11 03:30:00,AWS_04,1,calibration_drift,temperature,0,0.06764526436900753
2026-01-11 03:45:00,AWS_04,1,calibration_drift,temperature,0,0.07208477587106499
2026-01-11 04:00:00,AWS_04,1,calibration_drift,temperature,0,0.05127273612046268
2026-01-11 04:15:00,AWS_04,1,calibration_drift,temperature,0,0.044791630348632094
2026-01-11 04:30:00,AWS_04,1,calibration_drift,temperature,0,0.032569416858657885
2026-01-11 04:45:00,AWS_04,1,calibration_drift,temperature,0,0.05544340878006815
2026-01-11 05:00:00,AWS_04,1,calibration_drift,temperature,0,0.012347587795449977
2026-01-11 05:15:00,AWS_04,1,calibration_drift,temperature,0,0.034103150113350744
2026-01-11 05:30:00,AWS_04,1,calibration_drift,temperature,0,0.023415852672366455
2026-01-11 05:45:00,AWS_04,1,calibration_drift,temperature,0,0.050477701813006426
2026-01-11 06:00:00,AWS_04,1,calibration_drift,temperature,0,0.01909450566178761
2026-01-11 06:15:00,AWS_04,1,calibration_drift,temperature,0,0.03832067477357248
2026-01-11 06:30:00,AWS_04,1,calibration_drift,temperature,0,0.045840218350037154
2026-01-11 06:45:00,AWS_04,1,calibration_drift,temperature,0,0.025260986736005298
2026-01-11 07:00:00,AWS_04,1,calibration_drift,temperature,0,0.05697894338710641
2026-01-11 07:15:00,AWS_04,1,calibration_drift,temperature,0,0.05158665499331644
2026-01-11 07:30:00,AWS_04,1,calibration_drift,temperature,0,0.05917937356116204
2026-01-11 07:45:00,AWS_04,1,calibration_drift,temperature,0,0.06586288584770844
2026-01-11 08:00:00,AWS_04,1,calibration_drift,temperature,0,0.06708031250414731
2026-01-11 08:15:00,AWS_04,1,calibration_drift,temperature,0,0.06753597406814493
2026-01-11 08:30:00,AWS_04,1,calibration_drift,temperature,0,0.062069425507578324
2026-01-11 08:45:00,AWS_04,1,calibration_drift,temperature,0,0.03604667312176468
2026-01-11 09:00:00,AWS_04,1,calibration_drift,temperature,0,0.05708030705038647
2026-01-11 09:15:00,AWS_04,1,calibration_drift,temperature,0,0.052247840780369315
2026-01-11 09:30:00,AWS_04,1,calibration_drift,temperature,0,0.045738649414550525
2026-01-11 09:45:00,AWS_04,1,calibration_drift,temperature,0,0.0666344608511295
2026-01-11 10:00:00,AWS_04,1,calibration_drift,temperature,1,-0.0021287622020250696
2026-01-11 10:15:00,AWS_04,1,calibration_drift,temperature,1,-0.0003752369530449773
2026-01-11 10:30:00,AWS_04,1,calibration_drift,temperature,0,0.060303422337751045
2026-01-11 10:45:00,AWS_04,1,calibration_drift,temperature,0,0.04599104309256463
2026-01-11 11:00:00,AWS_04,1,calibration_drift,temperature,0,0.051493547489975866
2026-01-11 11:15:00,AWS_04,1,calibration_drift,temperature,0,0.00913645449184175
2026-01-11 11:30:00,AWS_04,1,calibration_drift,temperature,0,0.054350445828202976
2026-01-11 11:45:00,AWS_04,1,calibration_drift,temperature,0,0.04727523236348008
2026-01-11 12:00:00,AWS_04,1,calibration_drift,temperature,0,0.04845710252758717
2026-01-11 12:15:00,AWS_04,1,calibration_drift,temperature,0,0.028748154614770982
2026-01-11 12:30:00,AWS_04,1,calibration_drift,temperature,0,0.05780150864401351
2026-01-11 12:45:00,AWS_04,1,calibration_drift,temperature,0,0.051179270532003884
2026-01-11 13:00:00,AWS_04,1,calibration_drift,temperature,0,0.06059099709129939
2026-01-11 13:15:00,AWS_04,1,calibration_drift,temperature,0,0.03703835830050306
2026-01-11 13:30:00,AWS_04,1,calibration_drift,temperature,0,0.03130280609681135
2026-01-11 13:45:00,AWS_04,1,calibration_drift,temperature,0,0.02669748506876979
2026-01-11 14:00:00,AWS_04,1,calibration_drift,temperature,0,0.05230259913068258
2026-01-11 14:15:00,AWS_04,1,calibration_drift,temperature,0,0.06715768451650839
2026-01-11 14:30:00,AWS_04,1,calibration_drift,temperature,0,0.0705537528893827
2026-01-11 14:45:00,AWS_04,1,calibration_drift,temperature,0,0.04838244358784738
2026-01-11 15:00:00,AWS_04,1,calibration_drift,temperature,0,0.0604759089249709
2026-01-11 15:15:00,AWS_04,1,calibration_drift,temperature,0,0.07068801190597129
2026-01-11 15:30:00,AWS_04,1,calibration_drift,temperature,0,0.04695684493446417
2026-01-11 15:45:00,AWS_04,1,calibration_drift,temperature,0,0.05640798687000392
2026-01-11 16:00:00,AWS_04,1,calibration_drift,temperature,0,0.0730728429725584
2026-01-11 16:15:00,AWS_04,1,calibration_drift,temperature,0,0.06979008762828093
2026-01-11 16:30:00,AWS_04,1,calibration_drift,temperature,0,0.0692376962678094
2026-01-11 16:45:00,AWS_04,1,calibration_drift,temperature,0,0.08393965099427059
2026-01-11 17:00:00,AWS_04,1,calibration_drift,temperature,0,0.08798708333363686
2026-01-11 17:15:00,AWS_04,1,calibration_drift,temperature,0,0.08261791789634587
2026-01-11 17:30:00,AWS_04,1,calibration_drift,temperature,0,0.07505144877378073
2026-01-11 17:45:00,AWS_04,1,calibration_drift,temperature,0,0.06105781684175865
2026-01-11 18:00:00,AWS_04,1,calibration_drift,temperature,0,0.05767237709617018
2026-01-11 18:15:00,AWS_04,1,calibration_drift,temperature,0,0.08168518843678657
2026-01-11 18:30:00,AWS_04,1,calibration_drift,temperature,0,0.08311217470367593
2026-01-11 18:45:00,AWS_04,1,calibration_drift,temperature,0,0.06559976651279636
2026-01-11 19:00:00,AWS_04,1,calibration_drift,temperature,0,0.05080309889909379
2026-01-11 19:15:00,AWS_04,1,calibration_drift,temperature,0,0.06291263214974813
2026-01-11 19:30:00,AWS_04,1,calibration_drift,temperature,0,0.06828913407113318
2026-01-11 19:45:00,AWS_04,1,calibration_drift,temperature,0,0.06844286739050481
2026-01-11 20:00:00,AWS_04,1,calibration_drift,temperature,0,0.08082480799300606
2026-01-11 20:15:00,AWS_04,1,calibration_drift,temperature,0,0.0776341874206205
2026-01-11 20:30:00,AWS_04,1,calibration_drift,temperature,0,0.06031939963905464
2026-01-11 20:45:00,AWS_04,1,calibration_drift,temperature,0,0.08394231996525353
2026-01-11 21:00:00,AWS_04,1,calibration_drift,temperature,0,0.06468847223281127
2026-01-11 21:15:00,AWS_04,1,calibration_drift,temperature,0,0.04758920120404053
2026-01-11 21:30:00,AWS_04,1,calibration_drift,temperature,0,0.10070045186535864
2026-01-11 21:45:00,AWS_04,1,calibration_drift,temperature,0,0.07969730849538115
2026-01-11 22:00:00,AWS_04,1,calibration_drift,temperature,0,0.09668749326482873
2026-01-11 22:15:00,AWS_04,1,calibration_drift,temperature,0,0.09429896928040515
2026-01-11 22:30:00,AWS_04,1,calibration_drift,temperature,0,0.08627334375794449
2026-01-11 22:45:00,AWS_04,1,calibration_drift,temperature,0,0.07547107732419794
2026-01-11 23:00:00,AWS_04,1,calibration_drift,temperature,0,0.05641730046042448
2026-01-11 23:15:00,AWS_04,1,calibration_drift,temperature,0,0.07546637893688934
2026-01-11 23:30:00,AWS_04,1,calibration_drift,temperature,0,0.09475304064490953
2026-01-11 23:45:00,AWS_04,1,calibration_drift,temperature,0,0.08066255178088455
2026-01-12 00:00:00,AWS_04,0,normal,none,0,0.08584640192308851
2026-01-12 00:15:00,AWS_04,0,normal,none,0,0.08671645139079304
2026-01-12 00:30:00,AWS_04,1,frozen_sensor,temperature,0,0.07624682984806036
2026-01-12 00:45:00,AWS_04,1,frozen_sensor,temperature,0,0.08671503600795522
2026-01-12 01:00:00,AWS_04,1,frozen_sensor,temperature,0,0.08342078142910081
2026-01-12 01:15:00,AWS_04,1,frozen_sensor,temperature,0,0.07787937317964583
2026-01-12 01:30:00,AWS_04,1,frozen_sensor,temperature,0,0.05081136141650272
2026-01-12 01:45:00,AWS_04,1,frozen_sensor,temperature,0,0.08987941100641095
2026-01-12 02:00:00,AWS_04,1,frozen_sensor,temperature,0,0.1004737092191949
2026-01-12 02:15:00,AWS_04,1,frozen_sensor,temperature,0,0.09456247659207206
2026-01-12 02:30:00,AWS_04,1,frozen_sensor,temperature,0,0.08339371072552959
2026-01-12 02:45:00,AWS_04,1,frozen_sensor,temperature,0,0.07256126032676496
2026-01-12 03:00:00,AWS_04,1,frozen_sensor,temperature,0,0.08528686197435842
2026-01-12 03:15:00,AWS_04,1,frozen_sensor,temperature,0,0.09376031081864661
2026-01-12 03:30:00,AWS_04,1,frozen_sensor,temperature,0,0.08941488689784094
2026-01-12 03:45:00,AWS_04,1,frozen_sensor,temperature,0,0.09338519429454839
2026-01-12 04:00:00,AWS_04,1,frozen_sensor,temperature,0,0.09461021316405882
2026-01-12 04:15:00,AWS_04,1,frozen_sensor,temperature,0,0.09356472293118956
2026-01-12 04:30:00,AWS_04,1,frozen_sensor,temperature,0,0.10518826505906115
2026-01-12 04:45:00,AWS_04,1,frozen_sensor,temperature,0,0.039694018555673116
2026-01-12 05:00:00,AWS_04,1,frozen_sensor,temperature,0,0.08110720044356445
2026-01-12 05:15:00,AWS_04,1,frozen_sensor,temperature,0,0.08739658227742453
2026-01-12 05:30:00,AWS_04,1,frozen_sensor,temperature,0,0.10813674959946096
2026-01-12 05:45:00,AWS_04,1,frozen_sensor,temperature,0,0.10357927218826357
2026-01-12 06:00:00,AWS_04,1,frozen_sensor,temperature,0,0.06929424307473714
2026-01-12 06:15:00,AWS_04,1,frozen_sensor,temperature,0,0.07540302718338404
2026-01-12 06:30:00,AWS_04,0,normal,none,0,0.018811220392910832
2026-01-12 06:45:00,AWS_04,0,normal,none,0,0.09092715605681673
2026-01-12 07:00:00,AWS_04,0,normal,none,0,0.09094785895306501
2026-01-12 07:15:00,AWS_04,0,normal,none,0,0.07893217209006648
2026-01-12 07:30:00,AWS_04,0,normal,none,0,0.048206637041606326
2026-01-12 07:45:00,AWS_04,0,normal,none,0,0.07337553021607662
2026-01-12 08:00:00,AWS_04,0,normal,none,0,0.09297144796456525
2026-01-12 08:15:00,AWS_04,0,normal,none,0,0.07890600712099527
2026-01-12 08:30:00,AWS_04,0,normal,none,0,0.04771770110282203
2026-01-12 08:45:00,AWS_04,0,normal,none,0,0.07650387249228047
2026-01-12 09:00:00,AWS_04,0,normal,none,0,0.09198848941506216
2026-01-12 09:15:00,AWS_04,0,normal,none,0,0.08148633140569794
2026-01-12 09:30:00,AWS_04,0,normal,none,0,0.05901197794812385
2026-01-12 09:45:00,AWS_04,0,normal,none,0,0.05768664659260575
2026-01-12 10:00:00,AWS_04,0,normal,none,0,0.07835327307289064
2026-01-12 10:15:00,AWS_04,0,normal,none,0,0.08685346790900944
2026-01-12 10:30:00,AWS_04,0,normal,none,0,0.09080836415703702
2026-01-12 10:45:00,AWS_04,0,normal,none,0,0.0938771007011226
2026-01-12 11:00:00,AWS_04,0,normal,none,0,0.08431923783003825
2026-01-12 11:15:00,AWS_04,0,normal,none,0,0.0710511101226437
2026-01-12 11:30:00,AWS_04,0,normal,none,0,0.0831757168815298
2026-01-12 11:45:00,AWS_04,0,normal,none,0,0.06484803260061495
2026-01-12 12:00:00,AWS_04,0,normal,none,0,0.05688042126001064
2026-01-12 12:15:00,AWS_04,0,normal,none,0,0.08930330952353155
2026-01-12 12:30:00,AWS_04,0,normal,none,0,0.0832092460574328
2026-01-12 12:45:00,AWS_04,0,normal,none,0,0.055199724534614414
2026-01-12 13:00:00,AWS_04,0,normal,none,0,0.07472623510986964
2026-01-12 13:15:00,AWS_04,0,normal,none,0,0.09169142305317418
2026-01-12 13:30:00,AWS_04,0,normal,none,0,0.09056754839524672
2026-01-12 13:45:00,AWS_04,0,normal,none,0,0.09560835326455502
2026-01-12 14:00:00,AWS_04,0,normal,none,0,0.07543285926695026
2026-01-12 14:15:00,AWS_04,0,normal,none,0,0.05858874827561694
2026-01-12 14:30:00,AWS_04,0,normal,none,0,0.08685643027020146
2026-01-12 14:45:00,AWS_04,0,normal,none,0,0.0675738061193279
2026-01-12 15:00:00,AWS_04,0,normal,none,0,0.06538530441370238
2026-01-12 15:15:00,AWS_04,0,normal,none,0,0.04372354539239698
2026-01-12 15:30:00,AWS_04,0,normal,none,0,0.09613829968367643
2026-01-12 15:45:00,AWS_04,0,normal,none,0,0.061615318453471735
2026-01-12 16:00:00,AWS_04,0,normal,none,0,0.08409882979501121
2026-01-12 16:15:00,AWS_04,0,normal,none,0,0.10250091548765439
2026-01-12 16:30:00,AWS_04,0,normal,none,0,0.08025499166002575
2026-01-12 16:45:00,AWS_04,0,normal,none,0,0.10760647210693075
2026-01-12 17:00:00,AWS_04,0,normal,none,0,0.10324477225046763
2026-01-12 17:15:00,AWS_04,0,normal,none,0,0.10652755488219873
2026-01-12 17:30:00,AWS_04,0,normal,none,0,0.10438830148956607
2026-01-12 17:45:00,AWS_04,0,normal,none,0,0.08419309195947428
2026-01-12 18:00:00,AWS_04,0,normal,none,0,0.07892203235728185
2026-01-12 18:15:00,AWS_04,0,normal,none,0,0.0985294962554063
2026-01-12 18:30:00,AWS_04,0,normal,none,0,0.10316705801888659
2026-01-12 18:45:00,AWS_04,0,normal,none,0,0.10150929140975368
2026-01-12 19:00:00,AWS_04,0,normal,none,0,0.0625252555870418
2026-01-12 19:15:00,AWS_04,0,normal,none,0,0.09321965626634582
2026-01-12 19:30:00,AWS_04,0,normal,none,0,0.07152617596063221
2026-01-12 19:45:00,AWS_04,0,normal,none,0,0.08601726468368637
2026-01-12 20:00:00,AWS_04,0,normal,none,0,0.092322524288037
2026-01-12 20:15:00,AWS_04,0,normal,none,0,0.09260664913829836
2026-01-12 20:30:00,AWS_04,0,normal,none,0,0.09460357714609857
2026-01-12 20:45:00,AWS_04,0,normal,none,0,0.08309941537128601
2026-01-12 21:00:00,AWS_04,0,normal,none,0,0.08470705322383687
2026-01-12 21:15:00,AWS_04,0,normal,none,0,0.07054692528736062
2026-01-12 21:30:00,AWS_04,0,normal,none,0,0.0728892793449119
2026-01-12 21:45:00,AWS_04,0,normal,none,0,0.070178807717654
2026-01-12 22:00:00,AWS_04,0,normal,none,0,0.09168902146785629
2026-01-12 22:15:00,AWS_04,0,normal,none,0,0.10110301241187103
2026-01-12 22:30:00,AWS_04,0,normal,none,0,0.09597435634323714
2026-01-12 22:45:00,AWS_04,0,normal,none,0,0.054135286243930214
2026-01-12 23:00:00,AWS_04,0,normal,none,0,0.07142572556655719
2026-01-12 23:15:00,AWS_04,0,normal,none,0,0.09013413770485784
2026-01-12 23:30:00,AWS_04,0,normal,none,0,0.08538943937181409
2026-01-12 23:45:00,AWS_04,0,normal,none,0,0.0758883539950056
2026-01-13 00:00:00,AWS_04,0,normal,none,0,0.06838023954820766
2026-01-13 00:15:00,AWS_04,0,normal,none,0,0.09602527459466387
2026-01-13 00:30:00,AWS_04,1,power_failure,all,1,-0.1243082174623209
2026-01-13 00:45:00,AWS_04,1,power_failure,all,1,-0.03297063626179808
2026-01-13 01:00:00,AWS_04,1,power_failure,all,1,-0.03581136358676262
2026-01-13 01:15:00,AWS_04,1,power_failure,all,1,-0.03581136358676262
2026-01-13 01:30:00,AWS_04,0,normal,none,1,-0.05778373892216182
2026-01-13 01:45:00,AWS_04,0,normal,none,0,0.08377618510672358
2026-01-13 02:00:00,AWS_04,0,normal,none,0,0.08762769308276291
2026-01-13 02:15:00,AWS_04,0,normal,none,0,0.08788197444365131
2026-01-13 02:30:00,AWS_04,0,normal,none,0,0.0906471797231212
2026-01-13 02:45:00,AWS_04,0,normal,none,0,0.04778500133224395
2026-01-13 03:00:00,AWS_04,0,normal,none,0,0.06396027238281143
2026-01-13 03:15:00,AWS_04,0,normal,none,0,0.06611284049894306
2026-01-13 03:30:00,AWS_04,0,normal,none,0,0.06063826108486825
2026-01-13 03:45:00,AWS_04,0,normal,none,0,0.058903798497571436
2026-01-13 04:00:00,AWS_04,0,normal,none,0,0.06570088120558876
2026-01-13 04:15:00,AWS_04,0,normal,none,0,0.08685056011614795
2026-01-13 04:30:00,AWS_04,0,normal,none,0,0.07170916364447522
2026-01-13 04:45:00,AWS_04,0,normal,none,0,0.07736851172822196
2026-01-13 05:00:00,AWS_04,0,normal,none,0,0.07818598684269867
2026-01-13 05:15:00,AWS_04,0,normal,none,0,0.07935016110623572
2026-01-13 05:30:00,AWS_04,0,normal,none,0,0.09336145189018102
2026-01-13 05:45:00,AWS_04,0,normal,none,0,0.09723717181528352
2026-01-13 06:00:00,AWS_04,0,normal,none,0,0.09165574349406841
2026-01-13 06:15:00,AWS_04,0,normal,none,0,0.06899807395989482
2026-01-13 06:30:00,AWS_04,0,normal,none,0,0.03990367840223208
2026-01-13 06:45:00,AWS_04,0,normal,none,0,0.08466342805684196
2026-01-13 07:00:00,AWS_04,0,normal,none,0,0.07913768574874058
2026-01-13 07:15:00,AWS_04,0,normal,none,0,0.06801143563898021
2026-01-13 07:30:00,AWS_04,0,normal,none,0,0.07646870346081436
2026-01-13 07:45:00,AWS_04,0,normal,none,0,0.0974070511939622
2026-01-13 08:00:00,AWS_04,0,normal,none,0,0.07672655335359518
2026-01-13 08:15:00,AWS_04,0,normal,none,0,0.09052548205299843
2026-01-13 08:30:00,AWS_04,0,normal,none,0,0.07106434262507422
2026-01-13 08:45:00,AWS_04,0,normal,none,0,0.10161204720347045
2026-01-13 09:00:00,AWS_04,0,normal,none,0,0.09735556512734267
2026-01-13 09:15:00,AWS_04,0,normal,none,0,0.02991020857021265
2026-01-13 09:30:00,AWS_04,0,normal,none,0,0.056586330253341754
2026-01-13 09:45:00,AWS_04,0,normal,none,0,0.04960388689124151
2026-01-13 10:00:00,AWS_04,0,normal,none,0,0.07753434506296253
2026-01-13 10:15:00,AWS_04,0,normal,none,0,0.07441019819984568
2026-01-13 10:30:00,AWS_04,0,normal,none,0,0.10537183468101946
2026-01-13 10:45:00,AWS_04,0,normal,none,0,0.09706847196527646
2026-01-13 11:00:00,AWS_04,0,normal,none,0,0.0955544969556742
2026-01-13 11:15:00,AWS_04,0,normal,none,0,0.09643843054850781
2026-01-13 11:30:00,AWS_04,0,normal,none,0,0.10861527593248499
2026-01-13 11:45:00,AWS_04,0,normal,none,0,0.10042017142814119
2026-01-13 12:00:00,AWS_04,0,normal,none,0,0.0913197058438443
2026-01-13 12:15:00,AWS_04,0,normal,none,0,0.10474305707581344
2026-01-13 12:30:00,AWS_04,0,normal,none,0,0.09928694826160644
2026-01-13 12:45:00,AWS_04,0,normal,none,0,0.08914705511954629
2026-01-13 13:00:00,AWS_04,0,normal,none,0,0.09256493114057701
2026-01-13 13:15:00,AWS_04,0,normal,none,0,0.09952645319512238
2026-01-13 13:30:00,AWS_04,0,normal,none,0,0.10423948093976604
2026-01-13 13:45:00,AWS_04,0,normal,none,0,0.06747945474874095
2026-01-13 14:00:00,AWS_04,0,normal,none,0,0.07124038893399742
2026-01-13 14:15:00,AWS_04,0,normal,none,0,0.08818698442985723
2026-01-13 14:30:00,AWS_04,0,normal,none,0,0.10898059300388058
2026-01-13 14:45:00,AWS_04,0,normal,none,0,0.07138392191330695
2026-01-13 15:00:00,AWS_04,0,normal,none,0,0.08210970888712865
2026-01-13 15:15:00,AWS_04,0,normal,none,0,0.10508985868525189
2026-01-13 15:30:00,AWS_04,0,normal,none,0,0.09966269076662104
2026-01-13 15:45:00,AWS_04,0,normal,none,0,0.08072554957303268
2026-01-13 16:00:00,AWS_04,0,normal,none,0,0.1087998871658512
2026-01-13 16:15:00,AWS_04,0,normal,none,0,0.11403582619566371
2026-01-13 16:30:00,AWS_04,0,normal,none,0,0.04624497397534877
2026-01-13 16:45:00,AWS_04,0,normal,none,0,0.07063886886990528
2026-01-13 17:00:00,AWS_04,0,normal,none,0,0.0874730960387134
2026-01-13 17:15:00,AWS_04,0,normal,none,0,0.08931806803405601
2026-01-13 17:30:00,AWS_04,0,normal,none,0,0.10066036546700624
2026-01-13 17:45:00,AWS_04,0,normal,none,0,0.09547816193370562
2026-01-13 18:00:00,AWS_04,0,normal,none,0,0.09449615027333397
2026-01-13 18:15:00,AWS_04,0,normal,none,0,0.08172202065810547
2026-01-13 18:30:00,AWS_04,0,normal,none,0,0.0736098016449982
2026-01-13 18:45:00,AWS_04,0,normal,none,0,0.08006181039219712
2026-01-13 19:00:00,AWS_04,0,normal,none,0,0.07699799583009703
2026-01-13 19:15:00,AWS_04,0,normal,none,0,0.10250008506881775
2026-01-13 19:30:00,AWS_04,0,normal,none,0,0.051166807552561366
2026-01-13 19:45:00,AWS_04,0,normal,none,0,0.04371321104260484
2026-01-13 20:00:00,AWS_04,0,normal,none,0,0.05105414822641591
2026-01-13 20:15:00,AWS_04,0,normal,none,0,0.09435124348008866
2026-01-13 20:30:00,AWS_04,0,normal,none,0,0.10317727746322208
2026-01-13 20:45:00,AWS_04,0,normal,none,0,0.10781176249041724
2026-01-13 21:00:00,AWS_04,0,normal,none,0,0.09882014983401255
2026-01-13 21:15:00,AWS_04,0,normal,none,0,0.10036549592427452
2026-01-13 21:30:00,AWS_04,0,normal,none,0,0.10477233455181678
2026-01-13 21:45:00,AWS_04,0,normal,none,0,0.08173367831275702
2026-01-13 22:00:00,AWS_04,0,normal,none,0,0.10823542858934981
2026-01-13 22:15:00,AWS_04,0,normal,none,0,0.10325582787469462
2026-01-13 22:30:00,AWS_04,0,normal,none,0,0.10136210373497112
2026-01-13 22:45:00,AWS_04,0,normal,none,0,0.10953906377463773
2026-01-13 23:00:00,AWS_04,0,normal,none,0,0.10637115694079186
2026-01-13 23:15:00,AWS_04,0,normal,none,0,0.08373637639628767
2026-01-13 23:30:00,AWS_04,0,normal,none,0,0.08883874949777826
2026-01-13 23:45:00,AWS_04,0,normal,none,0,0.10406073546397687
2026-01-14 00:00:00,AWS_04,0,normal,none,0,0.08676289489311995
2026-01-14 00:15:00,AWS_04,0,normal,none,0,0.10217524283638607
2026-01-14 00:30:00,AWS_04,1,temperature_drop,temperature,1,-0.019395964836600887
2026-01-14 00:45:00,AWS_04,0,normal,none,0,0.032812224998036155
2026-01-14 01:00:00,AWS_04,0,normal,none,0,0.0947456595127929
2026-01-14 01:15:00,AWS_04,1,temperature_spike,temperature,1,-0.008540055427407212
2026-01-14 01:30:00,AWS_04,0,normal,none,0,0.044218913058728604
2026-01-14 01:45:00,AWS_04,0,normal,none,0,0.09140198507963027
2026-01-14 02:00:00,AWS_04,0,normal,none,0,0.09239612363428362
2026-01-14 02:15:00,AWS_04,0,normal,none,0,0.09932248752589773
2026-01-14 02:30:00,AWS_04,0,normal,none,0,0.06389427897307676
2026-01-14 02:45:00,AWS_04,0,normal,none,0,0.07333096162918828
2026-01-14 03:00:00,AWS_04,0,normal,none,0,0.08680315994320398
2026-01-14 03:15:00,AWS_04,0,normal,none,0,0.07159300833647181
2026-01-14 03:30:00,AWS_04,0,normal,none,0,0.08197134646889559
2026-01-14 03:45:00,AWS_04,0,normal,none,0,0.03328968469977911
2026-01-14 04:00:00,AWS_04,0,normal,none,0,0.08834806925325484
2026-01-14 04:15:00,AWS_04,0,normal,none,0,0.09844570103484579
2026-01-14 04:30:00,AWS_04,0,normal,none,0,0.061959123525065385
2026-01-14 04:45:00,AWS_04,0,normal,none,0,0.08128247162341101
2026-01-14 05:00:00,AWS_04,0,normal,none,0,0.07145008646666379
2026-01-14 05:15:00,AWS_04,0,normal,none,0,0.09653527401285722
2026-01-14 05:30:00,AWS_04,0,normal,none,0,0.10252575252448687
2026-01-14 05:45:00,AWS_04,0,normal,none,0,0.09630861133971219
2026-01-14 06:00:00,AWS_04,0,normal,none,0,0.0858851563886398
2026-01-14 06:15:00,AWS_04,0,normal,none,0,0.07039975787639963
2026-01-14 06:30:00,AWS_04,0,normal,none,0,0.0993497850788862
2026-01-14 06:45:00,AWS_04,0,normal,none,0,0.09331147881144469
2026-01-14 07:00:00,AWS_04,0,normal,none,0,0.09668363255315698
2026-01-14 07:15:00,AWS_04,0,normal,none,0,0.07283321004852361
2026-01-14 07:30:00,AWS_04,0,normal,none,0,0.0838880878047738
2026-01-14 07:45:00,AWS_04,0,normal,none,0,0.0874880225795478
2026-01-14 08:00:00,AWS_04,0,normal,none,0,0.0655642166752557
2026-01-14 08:15:00,AWS_04,0,normal,none,0,0.07244716532474665
2026-01-14 08:30:00,AWS_04,0,normal,none,0,0.09567875921544533
2026-01-14 08:45:00,AWS_04,0,normal,none,0,0.10534612308325092
2026-01-14 09:00:00,AWS_04,0,normal,none,0,0.10876863178446194
2026-01-14 09:15:00,AWS_04,0,normal,none,0,0.08163775520397282
2026-01-14 09:30:00,AWS_04,0,normal,none,0,0.07122879539640503
2026-01-14 09:45:00,AWS_04,0,normal,none,0,0.08954992677504525
2026-01-14 10:00:00,AWS_04,0,normal,none,0,0.0962905183283505
2026-01-14 10:15:00,AWS_04,0,normal,none,0,0.09247337740586248
2026-01-14 10:30:00,AWS_04,0,normal,none,0,0.08862443401918985
2026-01-14 10:45:00,AWS_04,0,normal,none,0,0.0808740330543582
2026-01-14 11:00:00,AWS_04,0,normal,none,0,0.05688531936457458
2026-01-14 11:15:00,AWS_04,0,normal,none,0,0.06350065443697811
2026-01-14 11:30:00,AWS_04,0,normal,none,0,0.06273638074099186
2026-01-14 11:45:00,AWS_04,0,normal,none,0,0.04832860591609067
2026-01-14 12:00:00,AWS_04,0,normal,none,0,0.07889262807104852
2026-01-14 12:15:00,AWS_04,0,normal,none,0,0.059815954553384176
2026-01-14 12:30:00,AWS_04,0,normal,none,0,0.08518445569969885
2026-01-14 12:45:00,AWS_04,0,normal,none,0,0.06196057315843417
2026-01-14 13:00:00,AWS_04,0,normal,none,0,0.09199096396025264
2026-01-14 13:15:00,AWS_04,0,normal,none,0,0.06837331750155418
2026-01-14 13:30:00,AWS_04,0,normal,none,0,0.09585612346647515
2026-01-14 13:45:00,AWS_04,0,normal,none,0,0.10184437771492333
2026-01-14 14:00:00,AWS_04,0,normal,none,0,0.09151438807275208
2026-01-14 14:15:00,AWS_04,0,normal,none,0,0.09766560668580754
2026-01-14 14:30:00,AWS_04,0,normal,none,0,0.0787326336919007
2026-01-14 14:45:00,AWS_04,0,normal,none,0,0.06633792510816122
2026-01-14 15:00:00,AWS_04,0,normal,none,0,0.08546402853468787
2026-01-14 15:15:00,AWS_04,0,normal,none,0,0.10157487644324581
2026-01-14 15:30:00,AWS_04,0,normal,none,0,0.0995892656092418
2026-01-14 15:45:00,AWS_04,0,normal,none,0,0.053261059519611464
2026-01-14 16:00:00,AWS_04,0,normal,none,0,0.05878518578325509
2026-01-14 16:15:00,AWS_04,0,normal,none,0,0.0854320915117911
2026-01-14 16:30:00,AWS_04,0,normal,none,0,0.10972689927739221
2026-01-14 16:45:00,AWS_04,0,normal,none,0,0.08357003031548949
2026-01-14 17:00:00,AWS_04,0,normal,none,0,0.07268632766662358
2026-01-14 17:15:00,AWS_04,0,normal,none,0,0.10956799495673591
2026-01-14 17:30:00,AWS_04,0,normal,none,0,0.08633804398412676
2026-01-14 17:45:00,AWS_04,0,normal,none,0,0.11266867871123026
2026-01-14 18:00:00,AWS_04,0,normal,none,0,0.10737398444009844
2026-01-14 18:15:00,AWS_04,0,normal,none,0,0.05425671847443586
2026-01-14 18:30:00,AWS_04,0,normal,none,0,0.09741978478728724
2026-01-14 18:45:00,AWS_04,0,normal,none,0,0.07964688471937365
2026-01-14 19:00:00,AWS_04,0,normal,none,0,0.10227960313289874
2026-01-14 19:15:00,AWS_04,0,normal,none,0,0.1091184279373103
2026-01-14 19:30:00,AWS_04,0,normal,none,0,0.1032057875863519
2026-01-14 19:45:00,AWS_04,0,normal,none,0,0.09300746594598364
2026-01-14 20:00:00,AWS_04,0,normal,none,0,0.10367728604052301
2026-01-14 20:15:00,AWS_04,0,normal,none,0,0.08110466294768154
2026-01-14 20:30:00,AWS_04,0,normal,none,0,0.057409455909464835
2026-01-14 20:45:00,AWS_04,0,normal,none,0,0.10097755456056934
2026-01-14 21:00:00,AWS_04,0,normal,none,0,0.08475402791133796
2026-01-14 21:15:00,AWS_04,0,normal,none,0,0.11398823605959296
2026-01-14 21:30:00,AWS_04,0,normal,none,0,0.10670818700654444
2026-01-14 21:45:00,AWS_04,0,normal,none,0,0.08291231186474873
2026-01-14 22:00:00,AWS_04,0,normal,none,0,0.10397539245022364
2026-01-14 22:15:00,AWS_04,0,normal,none,0,0.10562464938186028
2026-01-14 22:30:00,AWS_04,0,normal,none,0,0.11216439223597124
2026-01-14 22:45:00,AWS_04,0,normal,none,0,0.0764622373676549
2026-01-14 23:00:00,AWS_04,0,normal,none,0,0.07290165697870782
2026-01-14 23:15:00,AWS_04,0,normal,none,0,0.10382822623982557
2026-01-14 23:30:00,AWS_04,0,normal,none,0,0.09280472381210608
2026-01-14 23:45:00,AWS_04,0,normal,none,0,0.09658058922379037
2026-01-15 00:00:00,AWS_04,0,normal,none,0,0.07344360267915334
2026-01-15 00:15:00,AWS_04,0,normal,none,0,0.09584597802743666
2026-01-15 00:30:00,AWS_04,0,normal,none,0,0.09005620041857809
2026-01-15 00:45:00,AWS_04,1,frozen_sensor,temperature,0,0.10248405234414781
2026-01-15 01:00:00,AWS_04,1,frozen_sensor,temperature,0,0.10569800726559908
2026-01-15 01:15:00,AWS_04,1,frozen_sensor,temperature,0,0.10610235979054577
2026-01-15 01:30:00,AWS_04,1,frozen_sensor,temperature,0,0.08363810304457836
2026-01-15 01:45:00,AWS_04,1,frozen_sensor,temperature,0,0.08423522069150868
2026-01-15 02:00:00,AWS_04,1,frozen_sensor,temperature,0,0.02854804095729291
2026-01-15 02:15:00,AWS_04,1,frozen_sensor,temperature,0,0.08282874298172332
2026-01-15 02:30:00,AWS_04,1,frozen_sensor,temperature,0,0.09013054004923515
2026-01-15 02:45:00,AWS_04,1,frozen_sensor,temperature,0,0.10165298347096308
2026-01-15 03:00:00,AWS_04,1,frozen_sensor,temperature,0,0.09620879767512641
2026-01-15 03:15:00,AWS_04,1,frozen_sensor,temperature,0,0.08997909164795459
2026-01-15 03:30:00,AWS_04,1,frozen_sensor,temperature,0,0.10129490343844327
2026-01-15 03:45:00,AWS_04,1,frozen_sensor,temperature,0,0.09993104109407164
2026-01-15 04:00:00,AWS_04,1,frozen_sensor,temperature,0,0.08778807947865763
2026-01-15 04:15:00,AWS_04,1,frozen_sensor,temperature,0,0.06580183971542647
2026-01-15 04:30:00,AWS_04,1,frozen_sensor,temperature,0,0.0967873113652607
2026-01-15 04:45:00,AWS_04,1,frozen_sensor,temperature,0,0.09543874630287486
2026-01-15 05:00:00,AWS_04,1,frozen_sensor,temperature,0,0.0907012714282665
2026-01-15 05:15:00,AWS_04,1,frozen_sensor,temperature,0,0.08333049515625574
2026-01-15 05:30:00,AWS_04,1,frozen_sensor,temperature,0,0.09133423494981796
2026-01-15 05:45:00,AWS_04,1,frozen_sensor,temperature,0,0.09788701665293698
2026-01-15 06:00:00,AWS_04,1,frozen_sensor,temperature,0,0.07255606711554258
2026-01-15 06:15:00,AWS_04,1,frozen_sensor,temperature,0,0.07282087085443828
2026-01-15 06:30:00,AWS_04,1,frozen_sensor,temperature,0,0.057956941484014424
2026-01-15 06:45:00,AWS_04,0,normal,none,0,0.07736674232329838
2026-01-15 07:00:00,AWS_04,0,normal,none,0,0.08283329486644281
2026-01-15 07:15:00,AWS_04,0,normal,none,0,0.06710811201196815
2026-01-15 07:30:00,AWS_04,0,normal,none,0,0.07702759395231795
2026-01-15 07:45:00,AWS_04,0,normal,none,0,0.07381199962149387
2026-01-15 08:00:00,AWS_04,0,normal,none,0,0.049984355326905316
2026-01-15 08:15:00,AWS_04,0,normal,none,0,0.0813640010085887
2026-01-15 08:30:00,AWS_04,0,normal,none,0,0.05168003296236379
2026-01-15 08:45:00,AWS_04,0,normal,none,0,0.02515093591917017
2026-01-15 09:00:00,AWS_04,0,normal,none,0,0.09439087139996427
2026-01-15 09:15:00,AWS_04,0,normal,none,0,0.0636080289889322
2026-01-15 09:30:00,AWS_04,0,normal,none,0,0.08922204154195668
2026-01-15 09:45:00,AWS_04,0,normal,none,0,0.08309467469641507
2026-01-15 10:00:00,AWS_04,0,normal,none,0,0.09104453676520652
2026-01-15 10:15:00,AWS_04,0,normal,none,0,0.07824495627115596
2026-01-15 10:30:00,AWS_04,0,normal,none,0,0.0821078891256708
2026-01-15 10:45:00,AWS_04,0,normal,none,0,0.07967832300926947
2026-01-15 11:00:00,AWS_04,0,normal,none,0,0.0751416222450148
2026-01-15 11:15:00,AWS_04,0,normal,none,0,0.08404853038180438
2026-01-15 11:30:00,AWS_04,0,normal,none,0,0.0787833570176969
2026-01-15 11:45:00,AWS_04,0,normal,none,0,0.056041626111011156
2026-01-15 12:00:00,AWS_04,0,normal,none,0,0.08569609395141325
2026-01-15 12:15:00,AWS_04,0,normal,none,0,0.09203701210438181
2026-01-15 12:30:00,AWS_04,0,normal,none,0,0.08604615706174595
2026-01-15 12:45:00,AWS_04,0,normal,none,0,0.042049296641140765
2026-01-15 13:00:00,AWS_04,0,normal,none,0,0.048926808597201554
2026-01-15 13:15:00,AWS_04,0,normal,none,0,0.09076049557520816
2026-01-15 13:30:00,AWS_04,0,normal,none,0,0.10928167543189604
2026-01-15 13:45:00,AWS_04,0,normal,none,0,0.06144732287020499
2026-01-15 14:00:00,AWS_04,0,normal,none,0,0.10142468826862638
2026-01-15 14:15:00,AWS_04,0,normal,none,0,0.1138620440259997
2026-01-15 14:30:00,AWS_04,0,normal,none,0,0.09624277979594126
2026-01-15 14:45:00,AWS_04,0,normal,none,0,0.08389126440196698
2026-01-15 15:00:00,AWS_04,0,normal,none,0,0.10224932619951965
2026-01-15 15:15:00,AWS_04,0,normal,none,0,0.07961835549343244
2026-01-15 15:30:00,AWS_04,0,normal,none,0,0.10344689148092329
2026-01-15 15:45:00,AWS_04,0,normal,none,0,0.10399784035326509
2026-01-15 16:00:00,AWS_04,0,normal,none,0,0.11260554288554753
2026-01-15 16:15:00,AWS_04,0,normal,none,0,0.09744930052126094
2026-01-15 16:30:00,AWS_04,0,normal,none,0,0.10561181412893533
2026-01-15 16:45:00,AWS_04,0,normal,none,0,0.10871448945322149
2026-01-15 17:00:00,AWS_04,0,normal,none,0,0.1108426997030229
2026-01-15 17:15:00,AWS_04,0,normal,none,0,0.09466854992914497
2026-01-15 17:30:00,AWS_04,0,normal,none,0,0.09633667815130154
2026-01-15 17:45:00,AWS_04,0,normal,none,0,0.10930000039968207
2026-01-15 18:00:00,AWS_04,0,normal,none,0,0.07912744503663072
2026-01-15 18:15:00,AWS_04,0,normal,none,0,0.08710145116813894
2026-01-15 18:30:00,AWS_04,0,normal,none,0,0.0731243768531854
2026-01-15 18:45:00,AWS_04,0,normal,none,0,0.08429136182170488
2026-01-15 19:00:00,AWS_04,0,normal,none,0,0.08097372858240925
2026-01-15 19:15:00,AWS_04,0,normal,none,0,0.10780822216085784
2026-01-15 19:30:00,AWS_04,0,normal,none,0,0.07340082769634465
2026-01-15 19:45:00,AWS_04,0,normal,none,0,0.10117444526810071
2026-01-15 20:00:00,AWS_04,0,normal,none,0,0.09634319458595159
2026-01-15 20:15:00,AWS_04,0,normal,none,0,0.09017370532467534
2026-01-15 20:30:00,AWS_04,0,normal,none,0,0.09835347745844164
2026-01-15 20:45:00,AWS_04,0,normal,none,0,0.07374542821084196
2026-01-15 21:00:00,AWS_04,0,normal,none,0,0.06532359905736934
2026-01-15 21:15:00,AWS_04,0,normal,none,0,0.07899581895080177
2026-01-15 21:30:00,AWS_04,0,normal,none,0,0.09063735972348619
2026-01-15 21:45:00,AWS_04,0,normal,none,0,0.08878462611927046
2026-01-15 22:00:00,AWS_04,0,normal,none,0,0.06995502346840604
2026-01-15 22:15:00,AWS_04,0,normal,none,0,0.05725069158456858
2026-01-15 22:30:00,AWS_04,0,normal,none,0,0.07745769557453797
2026-01-15 22:45:00,AWS_04,0,normal,none,0,0.06019616543498213
2026-01-15 23:00:00,AWS_04,0,normal,none,0,0.04638218744106437
2026-01-15 23:15:00,AWS_04,0,normal,none,0,0.08433533535644022
2026-01-15 23:30:00,AWS_04,0,normal,none,0,0.09177944541741889
2026-01-15 23:45:00,AWS_04,0,normal,none,0,0.047884347870980504
2026-01-16 00:00:00,AWS_04,0,normal,none,0,0.0735027633088744
2026-01-16 00:15:00,AWS_04,0,normal,none,0,0.06116652611250706
2026-01-16 00:30:00,AWS_04,1,temperature_drop,temperature,1,-0.020191171500189453
2026-01-16 00:45:00,AWS_04,1,temperature_spike,temperature,1,-0.015108063582943254
2026-01-16 01:00:00,AWS_04,1,multivariate_inconsistency,humidity,1,-0.12532553514569433
2026-01-16 01:15:00,AWS_04,1,multivariate_inconsistency,humidity,1,-0.03344919934063839
2026-01-16 01:30:00,AWS_04,1,multivariate_inconsistency,humidity,1,-0.03344919934063839
2026-01-16 01:45:00,AWS_04,1,multivariate_inconsistency,humidity,1,-0.03344919934063839
2026-01-16 02:00:00,AWS_04,1,multivariate_inconsistency,humidity,1,-0.07704512615409098
2026-01-16 02:15:00,AWS_04,1,multivariate_inconsistency,humidity,0,0.03707528301612417
2026-01-16 02:30:00,AWS_04,0,normal,none,1,-0.009744953810060686
2026-01-16 02:45:00,AWS_04,0,normal,none,0,0.05969816199347738
2026-01-16 03:00:00,AWS_04,0,normal,none,0,0.06450874342505464
2026-01-16 03:15:00,AWS_04,0,normal,none,0,0.06132585782163247
2026-01-16 03:30:00,AWS_04,0,normal,none,0,0.06384124327892998
2026-01-16 03:45:00,AWS_04,0,normal,none,0,0.06568513204791937
2026-01-16 04:00:00,AWS_04,0,normal,none,0,0.09298290071602777
2026-01-16 04:15:00,AWS_04,0,normal,none,0,0.06850517137854545
2026-01-16 04:30:00,AWS_04,0,normal,none,0,0.06699819704943566
2026-01-16 04:45:00,AWS_04,0,normal,none,0,0.06746023494514408
2026-01-16 05:00:00,AWS_04,0,normal,none,1,-0.0033635209357469886
2026-01-16 05:15:00,AWS_04,0,normal,none,0,0.05675456633232723
2026-01-16 05:30:00,AWS_04,0,normal,none,0,0.06158488880784985
2026-01-16 05:45:00,AWS_04,0,normal,none,0,0.0067003464359647324
2026-01-16 06:00:00,AWS_04,0,normal,none,0,0.024980358586008555
2026-01-16 06:15:00,AWS_04,0,normal,none,0,0.06448016636154597
2026-01-16 06:30:00,AWS_04,0,normal,none,0,0.061602727451382344
2026-01-16 06:45:00,AWS_04,0,normal,none,0,0.09728022489848792
2026-01-16 07:00:00,AWS_04,0,normal,none,0,0.06926037926675793
2026-01-16 07:15:00,AWS_04,0,normal,none,0,0.05521726513698322
2026-01-16 07:30:00,AWS_04,0,normal,none,0,0.0768951335434308
2026-01-16 07:45:00,AWS_04,0,normal,none,0,0.08859957007881064
2026-01-16 08:00:00,AWS_04,0,normal,none,0,0.0780906863360386
2026-01-16 08:15:00,AWS_04,0,normal,none,0,0.09535327039450092
2026-01-16 08:30:00,AWS_04,0,normal,none,0,0.09420725881406994
2026-01-16 08:45:00,AWS_04,0,normal,none,0,0.08242124416893631
2026-01-16 09:00:00,AWS_04,0,normal,none,0,0.047479702187371076
2026-01-16 09:15:00,AWS_04,0,normal,none,0,0.05340144715940731
2026-01-16 09:30:00,AWS_04,0,normal,none,0,0.030364252222751187
2026-01-16 09:45:00,AWS_04,0,normal,none,0,0.002519705336200051
2026-01-16 10:00:00,AWS_04,0,normal,none,0,0.04180789288669895
2026-01-16 10:15:00,AWS_04,0,normal,none,0,0.06517978846081646
2026-01-16 10:30:00,AWS_04,0,normal,none,0,0.072608114567495
2026-01-16 10:45:00,AWS_04,0,normal,none,0,0.03821873160024858
2026-01-16 11:00:00,AWS_04,0,normal,none,0,0.07980903509082593
2026-01-16 11:15:00,AWS_04,0,normal,none,0,0.06744561575742547
2026-01-16 11:30:00,AWS_04,0,normal,none,0,0.06641956721897485
2026-01-16 11:45:00,AWS_04,0,normal,none,0,0.06697842560244333
2026-01-16 12:00:00,AWS_04,0,normal,none,0,0.059118951682696264
2026-01-16 12:15:00,AWS_04,0,normal,none,0,0.06728052950008195
2026-01-16 12:30:00,AWS_04,0,normal,none,0,0.04956633776351649
2026-01-16 12:45:00,AWS_04,0,normal,none,0,0.03206469318003191
2026-01-16 13:00:00,AWS_04,0,normal,none,0,0.0557160030077401
2026-01-16 13:15:00,AWS_04,0,normal,none,0,0.061870603157712756
2026-01-16 13:30:00,AWS_04,0,normal,none,0,0.03422881999577987
2026-01-16 13:45:00,AWS_04,0,normal,none,0,0.052128087052283945
2026-01-16 14:00:00,AWS_04,0,normal,none,0,0.08905457078237228
2026-01-16 14:15:00,AWS_04,0,normal,none,0,0.0261798086303221
2026-01-16 14:30:00,AWS_04,0,normal,none,0,0.05975437032883124
2026-01-16 14:45:00,AWS_04,0,normal,none,0,0.07117261665369112
2026-01-16 15:00:00,AWS_04,0,normal,none,0,0.0703558251023173
2026-01-16 15:15:00,AWS_04,0,normal,none,0,0.055818616114322706
2026-01-16 15:30:00,AWS_04,0,normal,none,0,0.061124807734143805
2026-01-16 15:45:00,AWS_04,0,normal,none,0,0.09371939196872642
2026-01-16 16:00:00,AWS_04,0,normal,none,0,0.06807464574805511
2026-01-16 16:15:00,AWS_04,0,normal,none,0,0.0450963271535586
2026-01-16 16:30:00,AWS_04,0,normal,none,0,0.1004587377716682
2026-01-16 16:45:00,AWS_04,0,normal,none,0,0.10619405555656253
2026-01-16 17:00:00,AWS_04,0,normal,none,0,0.055187387209947925
2026-01-16 17:15:00,AWS_04,0,normal,none,0,0.0729359581907072
2026-01-16 17:30:00,AWS_04,0,normal,none,0,0.059965426983884296
2026-01-16 17:45:00,AWS_04,0,normal,none,0,0.09787125512120848
2026-01-16 18:00:00,AWS_04,0,normal,none,0,0.09254968046785406
2026-01-16 18:15:00,AWS_04,0,normal,none,0,0.07084625726323429
2026-01-16 18:30:00,AWS_04,0,normal,none,0,0.09652301990726869
2026-01-16 18:45:00,AWS_04,0,normal,none,0,0.06921805341599874
2026-01-16 19:00:00,AWS_04,0,normal,none,0,0.027696582857232088
2026-01-16 19:15:00,AWS_04,0,normal,none,0,0.07435568348553728
2026-01-16 19:30:00,AWS_04,0,normal,none,0,0.09622450073554462
2026-01-16 19:45:00,AWS_04,0,normal,none,0,0.06114806846830012
2026-01-16 20:00:00,AWS_04,0,normal,none,0,0.06166973563762307
2026-01-16 20:15:00,AWS_04,0,normal,none,0,0.06057223172857912
2026-01-16 20:30:00,AWS_04,0,normal,none,0,0.02851013453857565
2026-01-16 20:45:00,AWS_04,0,normal,none,0,0.08500362483790463
2026-01-16 21:00:00,AWS_04,0,normal,none,0,0.08748074561286628
2026-01-16 21:15:00,AWS_04,0,normal,none,0,0.09473510262458223
2026-01-16 21:30:00,AWS_04,0,normal,none,0,0.08389516509073608
2026-01-16 21:45:00,AWS_04,0,normal,none,0,0.09803083835067467
2026-01-16 22:00:00,AWS_04,0,normal,none,0,0.1126389373125043
2026-01-16 22:15:00,AWS_04,0,normal,none,0,0.07872024079190221
2026-01-16 22:30:00,AWS_04,0,normal,none,0,0.10849121194302741
2026-01-16 22:45:00,AWS_04,0,normal,none,0,0.10429528337416705
2026-01-16 23:00:00,AWS_04,0,normal,none,0,0.10365091464325898
2026-01-16 23:15:00,AWS_04,0,normal,none,0,0.10811833295713297
2026-01-16 23:30:00,AWS_04,0,normal,none,0,0.07922945422814515
2026-01-16 23:45:00,AWS_04,0,normal,none,0,0.11503968676610221
2026-01-17 00:00:00,AWS_04,0,normal,none,0,0.09524810351799268
2026-01-17 00:15:00,AWS_04,0,normal,none,0,0.02952339412472038
2026-01-17 00:30:00,AWS_04,0,normal,none,0,0.08311438017707184
2026-01-17 00:45:00,AWS_04,0,normal,none,0,0.09168884180503989
2026-01-17 01:00:00,AWS_04,0,normal,none,0,0.029129209334591732
2026-01-17 01:15:00,AWS_04,0,normal,none,0,0.05276187733227694
2026-01-17 01:30:00,AWS_04,0,normal,none,0,0.10099478842195025
2026-01-17 01:45:00,AWS_04,0,normal,none,0,0.09299508479496571
2026-01-17 02:00:00,AWS_04,0,normal,none,0,0.10203663148710251
2026-01-17 02:15:00,AWS_04,0,normal,none,0,0.08450071167742584
2026-01-17 02:30:00,AWS_04,0,normal,none,0,0.07443013677273663
2026-01-17 02:45:00,AWS_04,0,normal,none,0,0.07192850805254186
2026-01-17 03:00:00,AWS_04,0,normal,none,0,0.06523305251751738
2026-01-17 03:15:00,AWS_04,0,normal,none,0,0.09799305210814269
2026-01-17 03:30:00,AWS_04,0,normal,none,0,0.10644057891608211
2026-01-17 03:45:00,AWS_04,0,normal,none,0,0.10461986159923686
2026-01-17 04:00:00,AWS_04,0,normal,none,0,0.09598084362477793
2026-01-17 04:15:00,AWS_04,0,normal,none,0,0.09983315187022695
2026-01-17 04:30:00,AWS_04,0,normal,none,0,0.10007422455507409
2026-01-17 04:45:00,AWS_04,0,normal,none,0,0.10890352367142542
2026-01-17 05:00:00,AWS_04,0,normal,none,0,0.10708908262387601
2026-01-17 05:15:00,AWS_04,0,normal,none,0,0.0958899311657666
2026-01-17 05:30:00,AWS_04,0,normal,none,0,0.08456178350313354
2026-01-17 05:45:00,AWS_04,0,normal,none,0,0.07999325172087346
2026-01-17 06:00:00,AWS_04,0,normal,none,0,0.10647830625352533
2026-01-17 06:15:00,AWS_04,0,normal,none,0,0.053320275465662814
2026-01-17 06:30:00,AWS_04,0,normal,none,0,0.0666467139275771
2026-01-17 06:45:00,AWS_04,0,normal,none,0,0.06987218078967222
2026-01-17 07:00:00,AWS_04,0,normal,none,0,0.07046236125259997
2026-01-17 07:15:00,AWS_04,0,normal,none,0,0.10757969761618802
2026-01-17 07:30:00,AWS_04,0,normal,none,0,0.0783606419802374
2026-01-17 07:45:00,AWS_04,0,normal,none,0,0.09500687120068219
2026-01-17 08:00:00,AWS_04,0,normal,none,0,0.07997615751865589
2026-01-17 08:15:00,AWS_04,0,normal,none,0,0.09824941368145967
2026-01-17 08:30:00,AWS_04,0,normal,none,0,0.021777935561362982
2026-01-17 08:45:00,AWS_04,0,normal,none,0,0.010269861520508128
2026-01-17 09:00:00,AWS_04,0,normal,none,0,0.0859561034202041
2026-01-17 09:15:00,AWS_04,0,normal,none,0,0.09306391006615577
2026-01-17 09:30:00,AWS_04,0,normal,none,0,0.09143421647003525
2026-01-17 09:45:00,AWS_04,0,normal,none,0,0.08758035248480861
2026-01-17 10:00:00,AWS_04,0,normal,none,0,0.10478843604912969
2026-01-17 10:15:00,AWS_04,0,normal,none,0,0.07715664966813895
2026-01-17 10:30:00,AWS_04,0,normal,none,0,0.0976580301438365
2026-01-17 10:45:00,AWS_04,0,normal,none,0,0.08385941284867537
2026-01-17 11:00:00,AWS_04,0,normal,none,0,0.061122784555761145
2026-01-17 11:15:00,AWS_04,0,normal,none,0,0.06999668726832575
2026-01-17 11:30:00,AWS_04,0,normal,none,0,0.09031574953193455
2026-01-17 11:45:00,AWS_04,0,normal,none,0,0.06185321422775142
2026-01-17 12:00:00,AWS_04,0,normal,none,0,0.09729786546258956
2026-01-17 12:15:00,AWS_04,0,normal,none,0,0.07114914599820982
2026-01-17 12:30:00,AWS_04,0,normal,none,0,0.1015616227999645
2026-01-17 12:45:00,AWS_04,0,normal,none,0,0.10456488181135493
2026-01-17 13:00:00,AWS_04,0,normal,none,0,0.10041774762622796
2026-01-17 13:15:00,AWS_04,0,normal,none,0,0.08081396115903128
2026-01-17 13:30:00,AWS_04,0,normal,none,0,0.09168297643680529
2026-01-17 13:45:00,AWS_04,0,normal,none,0,0.06304450927603694
2026-01-17 14:00:00,AWS_04,0,normal,none,0,0.0860343593548446
2026-01-17 14:15:00,AWS_04,0,normal,none,0,0.10080837019317501
2026-01-17 14:30:00,AWS_04,0,normal,none,0,0.09679758000715999
2026-01-17 14:45:00,AWS_04,0,normal,none,0,0.07198433739087606
2026-01-17 15:00:00,AWS_04,0,normal,none,0,0.05244231442203606
2026-01-17 15:15:00,AWS_04,0,normal,none,0,0.08846765892109104
2026-01-17 15:30:00,AWS_04,0,normal,none,0,0.09279350335449865
2026-01-17 15:45:00,AWS_04,0,normal,none,0,0.09524384629632682
2026-01-17 16:00:00,AWS_04,0,normal,none,0,0.09541388648205978
2026-01-17 16:15:00,AWS_04,0,normal,none,0,0.07145534932553288
2026-01-17 16:30:00,AWS_04,0,normal,none,0,0.10027893680890354
2026-01-17 16:45:00,AWS_04,0,normal,none,0,0.09805712623637464
2026-01-17 17:00:00,AWS_04,0,normal,none,0,0.0684393067898042
2026-01-17 17:15:00,AWS_04,0,normal,none,0,0.06333771376152936
2026-01-17 17:30:00,AWS_04,0,normal,none,0,0.07023212857847544
2026-01-17 17:45:00,AWS_04,0,normal,none,0,0.09518917392964049
2026-01-17 18:00:00,AWS_04,0,normal,none,0,0.09008944116653567
2026-01-17 18:15:00,AWS_04,0,normal,none,0,0.08579112060929933
2026-01-17 18:30:00,AWS_04,0,normal,none,0,0.0792660034768004
2026-01-17 18:45:00,AWS_04,0,normal,none,0,0.07115329761262035
2026-01-17 19:00:00,AWS_04,0,normal,none,0,0.0932731818284892
2026-01-17 19:15:00,AWS_04,0,normal,none,0,0.06315445278380138
2026-01-17 19:30:00,AWS_04,0,normal,none,0,0.09421710922091903
2026-01-17 19:45:00,AWS_04,0,normal,none,0,0.08264479151006038
2026-01-17 20:00:00,AWS_04,0,normal,none,0,0.06994358404729434
2026-01-17 20:15:00,AWS_04,0,normal,none,0,0.08752682884819984
2026-01-17 20:30:00,AWS_04,0,normal,none,0,0.07263045362734466
2026-01-17 20:45:00,AWS_04,0,normal,none,0,0.10452586343738951
2026-01-17 21:00:00,AWS_04,0,normal,none,0,0.051834708386219286
2026-01-17 21:15:00,AWS_04,0,normal,none,0,0.09892520804013849
2026-01-17 21:30:00,AWS_04,0,normal,none,0,0.0653869188254394
2026-01-17 21:45:00,AWS_04,0,normal,none,0,0.08814705665375777
2026-01-17 22:00:00,AWS_04,0,normal,none,0,0.10185611858300259
2026-01-17 22:15:00,AWS_04,0,normal,none,0,0.10203621371112831
2026-01-17 22:30:00,AWS_04,0,normal,none,0,0.0835760596467352
2026-01-17 22:45:00,AWS_04,0,normal,none,0,0.0980677014273813
2026-01-17 23:00:00,AWS_04,0,normal,none,0,0.09792490610143695
2026-01-17 23:15:00,AWS_04,0,normal,none,0,0.05292955203031696
2026-01-17 23:30:00,AWS_04,0,normal,none,0,0.08768503098035563
2026-01-17 23:45:00,AWS_04,0,normal,none,0,0.05506958487758007
2026-01-18 00:00:00,AWS_04,1,frozen_sensor,temperature,0,0.08552311115206696
2026-01-18 00:15:00,AWS_04,1,multivariate_inconsistency,humidity,1,-0.0020950116511797567
2026-01-18 00:30:00,AWS_04,1,multivariate_inconsistency,humidity,0,0.06413710766283393
2026-01-18 00:45:00,AWS_04,1,multivariate_inconsistency,humidity,0,0.07033404456579684
2026-01-18 01:00:00,AWS_04,1,multivariate_inconsistency,humidity,0,0.06842437508838456
2026-01-18 01:15:00,AWS_04,1,multivariate_inconsistency,humidity,0,0.07802080656834653
2026-01-18 01:30:00,AWS_04,1,multivariate_inconsistency,humidity,0,0.08218950687705678
2026-01-18 01:45:00,AWS_04,1,frozen_sensor,temperature,0,0.031580577471504
2026-01-18 02:00:00,AWS_04,1,frozen_sensor,temperature,0,0.09199649110341046
2026-01-18 02:15:00,AWS_04,1,frozen_sensor,temperature,0,0.08446594607895302
2026-01-18 02:30:00,AWS_04,1,frozen_sensor,temperature,0,0.084825793544834
2026-01-18 02:45:00,AWS_04,1,frozen_sensor,temperature,0,0.09077471233565731
2026-01-18 03:00:00,AWS_04,1,frozen_sensor,temperature,0,0.09523733210322338
2026-01-18 03:15:00,AWS_04,1,frozen_sensor,temperature,0,0.0817298396323593
2026-01-18 03:30:00,AWS_04,1,frozen_sensor,temperature,0,0.07482479777808076
2026-01-18 03:45:00,AWS_04,1,frozen_sensor,temperature,0,0.0907441407661847
2026-01-18 04:00:00,AWS_04,1,frozen_sensor,temperature,0,0.07970920763532025
2026-01-18 04:15:00,AWS_04,1,frozen_sensor,temperature,0,0.08031442141963696
2026-01-18 04:30:00,AWS_04,1,frozen_sensor,temperature,0,0.07306503901764705
2026-01-18 04:45:00,AWS_04,1,frozen_sensor,temperature,0,0.0321050857616233
2026-01-18 05:00:00,AWS_04,1,frozen_sensor,temperature,0,0.07915286925922899
2026-01-18 05:15:00,AWS_04,1,frozen_sensor,temperature,0,0.08490959697769823
2026-01-18 05:30:00,AWS_04,1,frozen_sensor,temperature,0,0.08764491983132822
2026-01-18 05:45:00,AWS_04,1,frozen_sensor,temperature,0,0.07215911694056071
2026-01-18 06:00:00,AWS_04,0,normal,none,0,0.04167760420022393
2026-01-18 06:15:00,AWS_04,0,normal,none,0,0.06602329021080494
2026-01-18 06:30:00,AWS_04,0,normal,none,0,0.07864599763704477
2026-01-18 06:45:00,AWS_04,0,normal,none,0,0.07637730941363002
2026-01-18 07:00:00,AWS_04,0,normal,none,0,0.08132163969807071
2026-01-18 07:15:00,AWS_04,0,normal,none,0,0.09135963191263757
2026-01-18 07:30:00,AWS_04,0,normal,none,0,0.09297709679292365
2026-01-18 07:45:00,AWS_04,0,normal,none,0,0.08818581930816416
2026-01-18 08:00:00,AWS_04,0,normal,none,0,0.09647158292127672
2026-01-18 08:15:00,AWS_04,0,normal,none,0,0.08871689686264683
2026-01-18 08:30:00,AWS_04,0,normal,none,0,0.07709071740209611
2026-01-18 08:45:00,AWS_04,0,normal,none,0,0.053052921843082634
2026-01-18 09:00:00,AWS_04,0,normal,none,0,0.05142601699487548
2026-01-18 09:15:00,AWS_04,0,normal,none,0,0.07940524985957326
2026-01-18 09:30:00,AWS_04,0,normal,none,0,0.09512625670952812
2026-01-18 09:45:00,AWS_04,0,normal,none,0,0.07439574520582837
2026-01-18 10:00:00,AWS_04,0,normal,none,0,0.08296606676789098
2026-01-18 10:15:00,AWS_04,0,normal,none,0,0.07483039980377115
2026-01-18 10:30:00,AWS_04,0,normal,none,0,0.08080111239315735
2026-01-18 10:45:00,AWS_04,0,normal,none,0,0.06287367011443157
2026-01-18 11:00:00,AWS_04,0,normal,none,0,0.07419840238735764
2026-01-18 11:15:00,AWS_04,0,normal,none,0,0.08140974496745174
2026-01-18 11:30:00,AWS_04,0,normal,none,0,0.0502083131979878
2026-01-18 11:45:00,AWS_04,0,normal,none,0,0.09432000979846855
2026-01-18 12:00:00,AWS_04,0,normal,none,0,0.07129845335571644
2026-01-18 12:15:00,AWS_04,0,normal,none,0,0.05954558506408103
2026-01-18 12:30:00,AWS_04,0,normal,none,0,0.09278387397785642
2026-01-18 12:45:00,AWS_04,0,normal,none,0,0.09358696615077317
2026-01-18 13:00:00,AWS_04,0,normal,none,0,0.08353315226603403
2026-01-18 13:15:00,AWS_04,0,normal,none,0,0.0896681345084594
2026-01-18 13:30:00,AWS_04,0,normal,none,0,0.08033354293227474
2026-01-18 13:45:00,AWS_04,0,normal,none,0,0.08556871861236748
2026-01-18 14:00:00,AWS_04,0,normal,none,0,0.07210555799054852
2026-01-18 14:15:00,AWS_04,0,normal,none,0,0.06300203089996342
2026-01-18 14:30:00,AWS_04,0,normal,none,0,0.083720397028194
2026-01-18 14:45:00,AWS_04,0,normal,none,0,0.09077777951455002
2026-01-18 15:00:00,AWS_04,0,normal,none,0,0.05468164904046152
2026-01-18 15:15:00,AWS_04,0,normal,none,0,0.0732801806810569
2026-01-18 15:30:00,AWS_04,0,normal,none,0,0.0763681237059477
2026-01-18 15:45:00,AWS_04,0,normal,none,0,0.0923958432738286
2026-01-18 16:00:00,AWS_04,0,normal,none,0,0.08301247309817189
2026-01-18 16:15:00,AWS_04,0,normal,none,0,0.07887019391556377
2026-01-18 16:30:00,AWS_04,0,normal,none,0,0.07310665578639242
2026-01-18 16:45:00,AWS_04,0,normal,none,0,0.09902667383932306
2026-01-18 17:00:00,AWS_04,0,normal,none,0,0.08030394535081914
2026-01-18 17:15:00,AWS_04,0,normal,none,0,0.08159665370951574
2026-01-18 17:30:00,AWS_04,0,normal,none,0,0.06206841935272367
2026-01-18 17:45:00,AWS_04,0,normal,none,0,0.07454923924197338
2026-01-18 18:00:00,AWS_04,0,normal,none,0,0.08202849103696025
2026-01-18 18:15:00,AWS_04,0,normal,none,0,0.09614598385831391
2026-01-18 18:30:00,AWS_04,0,normal,none,0,0.08350196470121324
2026-01-18 18:45:00,AWS_04,0,normal,none,0,0.07742039399341377
2026-01-18 19:00:00,AWS_04,0,normal,none,0,0.08533737098217503
2026-01-18 19:15:00,AWS_04,0,normal,none,0,0.036352510630990875
2026-01-18 19:30:00,AWS_04,0,normal,none,0,0.027731032403898737
2026-01-18 19:45:00,AWS_04,0,normal,none,0,0.088843811011669
2026-01-18 20:00:00,AWS_04,0,normal,none,0,0.06275341451417676
2026-01-18 20:15:00,AWS_04,0,normal,none,0,0.02858839453452311
2026-01-18 20:30:00,AWS_04,0,normal,none,0,0.08492121700823713
2026-01-18 20:45:00,AWS_04,0,normal,none,0,0.09880888648707237
2026-01-18 21:00:00,AWS_04,0,normal,none,0,0.09376978566080746
2026-01-18 21:15:00,AWS_04,0,normal,none,0,0.05703454474966485
2026-01-18 21:30:00,AWS_04,0,normal,none,0,0.10497139960149754
2026-01-18 21:45:00,AWS_04,0,normal,none,0,0.07621697785244808
2026-01-18 22:00:00,AWS_04,0,normal,none,0,0.05454141855647271
2026-01-18 22:15:00,AWS_04,0,normal,none,0,0.05571330832032445
2026-01-18 22:30:00,AWS_04,0,normal,none,0,0.07211089206278043
2026-01-18 22:45:00,AWS_04,0,normal,none,0,0.05037125682770621
2026-01-18 23:00:00,AWS_04,0,normal,none,0,0.051544376101323286
2026-01-18 23:15:00,AWS_04,0,normal,none,0,0.06899553476702153
2026-01-18 23:30:00,AWS_04,0,normal,none,0,0.0776922233312588
2026-01-18 23:45:00,AWS_04,0,normal,none,0,0.08166188453116341
2026-01-19 00:00:00,AWS_04,0,normal,none,0,0.08799256361935587
2026-01-19 00:15:00,AWS_04,1,missing_data,all,1,-0.12718639952089705
2026-01-19 00:30:00,AWS_04,1,missing_data,all,1,-0.034565222383333816
2026-01-19 00:45:00,AWS_04,1,missing_data,all,1,-0.034565222383333816
2026-01-19 01:00:00,AWS_04,1,missing_data,all,1,-0.03666833436804795
2026-01-19 01:15:00,AWS_04,1,missing_data,all,1,-0.04524988450248635
2026-01-19 01:30:00,AWS_04,1,missing_data,all,0,0.09934236221553705
2026-01-19 01:45:00,AWS_04,1,missing_data,all,0,0.09085466575837864
2026-01-19 02:00:00,AWS_04,1,missing_data,all,0,0.08486138744023292
2026-01-19 02:15:00,AWS_04,0,normal,none,0,0.06979726367230932
2026-01-19 02:30:00,AWS_04,0,normal,none,0,0.09745076475544018
2026-01-19 02:45:00,AWS_04,0,normal,none,0,0.0991512274943418
2026-01-19 03:00:00,AWS_04,0,normal,none,0,0.104542307313506
2026-01-19 03:15:00,AWS_04,0,normal,none,0,0.08389643789142476
2026-01-19 03:30:00,AWS_04,0,normal,none,0,0.09585395146264936
2026-01-19 03:45:00,AWS_04,0,normal,none,0,0.06797266751258702
2026-01-19 04:00:00,AWS_04,0,normal,none,0,0.0872464727095631
2026-01-19 04:15:00,AWS_04,0,normal,none,0,0.06629604064682165
2026-01-19 04:30:00,AWS_04,0,normal,none,0,0.06870289980870586
2026-01-19 04:45:00,AWS_04,0,normal,none,0,0.07600849096280626
2026-01-19 05:00:00,AWS_04,0,normal,none,0,0.02962144510965037
2026-01-19 05:15:00,AWS_04,0,normal,none,0,0.07390832948644105
2026-01-19 05:30:00,AWS_04,0,normal,none,0,0.07871166358953668
2026-01-19 05:45:00,AWS_04,0,normal,none,0,0.06470973443247746
2026-01-19 06:00:00,AWS_04,0,normal,none,0,0.0831173587939601
2026-01-19 06:15:00,AWS_04,0,normal,none,0,0.09339696484879123
2026-01-19 06:30:00,AWS_04,0,normal,none,0,0.09682222977366473
2026-01-19 06:45:00,AWS_04,0,normal,none,0,0.09797139432242025
2026-01-19 07:00:00,AWS_04,0,normal,none,0,0.09904440619961036
2026-01-19 07:15:00,AWS_04,0,normal,none,0,0.06389794572017626
2026-01-19 07:30:00,AWS_04,0,normal,none,0,0.09456054385117907
2026-01-19 07:45:00,AWS_04,0,normal,none,0,0.10487534654195751
2026-01-19 08:00:00,AWS_04,0,normal,none,0,0.10533779820888295
2026-01-19 08:15:00,AWS_04,0,normal,none,0,0.06347653324512459
2026-01-19 08:30:00,AWS_04,0,normal,none,0,0.10621962479463076
2026-01-19 08:45:00,AWS_04,0,normal,none,0,0.08320568448329696
2026-01-19 09:00:00,AWS_04,0,normal,none,0,0.08568261789554643
2026-01-19 09:15:00,AWS_04,0,normal,none,0,0.0830590920707201
2026-01-19 09:30:00,AWS_04,0,normal,none,0,0.08064915577364024
2026-01-19 09:45:00,AWS_04,0,normal,none,0,0.09534441218353551
2026-01-19 10:00:00,AWS_04,0,normal,none,0,0.09491429728450362
2026-01-19 10:15:00,AWS_04,0,normal,none,0,0.06879230430427158
2026-01-19 10:30:00,AWS_04,0,normal,none,0,0.08666742954813955
2026-01-19 10:45:00,AWS_04,0,normal,none,0,0.05803921529775313
2026-01-19 11:00:00,AWS_04,0,normal,none,0,0.06111319288087419
2026-01-19 11:15:00,AWS_04,0,normal,none,0,0.06845627831261902
2026-01-19 11:30:00,AWS_04,0,normal,none,0,0.08262810144136395
2026-01-19 11:45:00,AWS_04,0,normal,none,0,0.09708029953406999
2026-01-19 12:00:00,AWS_04,0,normal,none,0,0.09753463349530173
2026-01-19 12:15:00,AWS_04,0,normal,none,0,0.0901205183609659
2026-01-19 12:30:00,AWS_04,0,normal,none,0,0.09545341751285807
2026-01-19 12:45:00,AWS_04,0,normal,none,0,0.0919227342008388
2026-01-19 13:00:00,AWS_04,0,normal,none,0,0.09506138919315305
2026-01-19 13:15:00,AWS_04,0,normal,none,0,0.07837904603966023
2026-01-19 13:30:00,AWS_04,0,normal,none,0,0.09024965384236228
2026-01-19 13:45:00,AWS_04,0,normal,none,0,0.056940466537940215
2026-01-19 14:00:00,AWS_04,0,normal,none,0,0.08968921441206162
2026-01-19 14:15:00,AWS_04,0,normal,none,0,0.09431709959788753
2026-01-19 14:30:00,AWS_04,0,normal,none,0,0.1006731216625461
2026-01-19 14:45:00,AWS_04,0,normal,none,0,0.0903468856711575
2026-01-19 15:00:00,AWS_04,0,normal,none,0,0.08982759800173973
2026-01-19 15:15:00,AWS_04,0,normal,none,0,0.10012988500961639
2026-01-19 15:30:00,AWS_04,0,normal,none,0,0.064803418750355
2026-01-19 15:45:00,AWS_04,0,normal,none,0,0.08996176592262983
2026-01-19 16:00:00,AWS_04,0,normal,none,0,0.09612497472686654
2026-01-19 16:15:00,AWS_04,0,normal,none,0,0.10435508947556704
2026-01-19 16:30:00,AWS_04,0,normal,none,0,0.10082580033921462
2026-01-19 16:45:00,AWS_04,0,normal,none,0,0.10013929180429443
2026-01-19 17:00:00,AWS_04,0,normal,none,0,0.10560550579909639
2026-01-19 17:15:00,AWS_04,0,normal,none,0,0.09199866181843336
2026-01-19 17:30:00,AWS_04,0,normal,none,0,0.08968545339041162
2026-01-19 17:45:00,AWS_04,0,normal,none,0,0.09180677435087092
2026-01-19 18:00:00,AWS_04,0,normal,none,0,0.09243018355100346
2026-01-19 18:15:00,AWS_04,0,normal,none,0,0.09221077386724325
2026-01-19 18:30:00,AWS_04,0,normal,none,0,0.09202184089709459
2026-01-19 18:45:00,AWS_04,0,normal,none,0,0.08975812092308871
2026-01-19 19:00:00,AWS_04,0,normal,none,0,0.09911513970462205
2026-01-19 19:15:00,AWS_04,0,normal,none,0,0.10313104734129508
2026-01-19 19:30:00,AWS_04,0,normal,none,0,0.08810674595027124
2026-01-19 19:45:00,AWS_04,0,normal,none,0,0.07568438677761635
2026-01-19 20:00:00,AWS_04,0,normal,none,0,0.07974988834400015
2026-01-19 20:15:00,AWS_04,0,normal,none,0,0.05427039250893001
2026-01-19 20:30:00,AWS_04,0,normal,none,0,0.07675874310452868
2026-01-19 20:45:00,AWS_04,0,normal,none,0,0.09059451375110045
2026-01-19 21:00:00,AWS_04,0,normal,none,0,0.0731355925096841
2026-01-19 21:15:00,AWS_04,0,normal,none,0,0.04325954612934624
2026-01-19 21:30:00,AWS_04,0,normal,none,0,0.05957282416842541
2026-01-19 21:45:00,AWS_04,0,normal,none,0,0.07359009209944811
2026-01-19 22:00:00,AWS_04,0,normal,none,0,0.09487951612888118
2026-01-19 22:15:00,AWS_04,0,normal,none,0,0.087480855651417
2026-01-19 22:30:00,AWS_04,0,normal,none,0,0.06436200819121496
2026-01-19 22:45:00,AWS_04,0,normal,none,0,0.06034723316551899
2026-01-19 23:00:00,AWS_04,0,normal,none,0,0.10062216897163989
2026-01-19 23:15:00,AWS_04,0,normal,none,0,0.07917977217599637
2026-01-19 23:30:00,AWS_04,0,normal,none,0,0.07434470769198676
2026-01-19 23:45:00,AWS_04,0,normal,none,0,0.08304470895131294
2026-01-20 00:00:00,AWS_04,0,normal,none,0,0.07531820226118219
2026-01-20 00:15:00,AWS_04,0,normal,none,0,0.07144558841974602
2026-01-20 00:30:00,AWS_04,1,multivariate_inconsistency,humidity,1,-0.006892458990835015
2026-01-20 00:45:00,AWS_04,1,multivariate_inconsistency,humidity,0,0.016335043211457956
2026-01-20 01:00:00,AWS_04,1,multivariate_inconsistency,humidity,0,0.04239763125395324
2026-01-20 01:15:00,AWS_04,1,multivariate_inconsistency,humidity,0,0.0038550825546591616
2026-01-20 01:30:00,AWS_04,1,multivariate_inconsistency,humidity,0,0.042986983314519
2026-01-20 01:45:00,AWS_04,1,multivariate_inconsistency,humidity,0,0.026069197626550022
2026-01-20 02:00:00,AWS_04,0,normal,none,1,-0.010590363159132421
2026-01-20 02:15:00,AWS_04,0,normal,none,0,0.06584715988946604
2026-01-20 02:30:00,AWS_04,0,normal,none,0,0.04428290568706772
2026-01-20 02:45:00,AWS_04,0,normal,none,0,0.037209730468997226
2026-01-20 03:00:00,AWS_04,0,normal,none,0,0.06729723265611076
2026-01-20 03:15:00,AWS_04,0,normal,none,0,0.06256279525304809
2026-01-20 03:30:00,AWS_04,0,normal,none,0,0.0759296277337097
2026-01-20 03:45:00,AWS_04,0,normal,none,0,0.058153450564528864
2026-01-20 04:00:00,AWS_04,0,normal,none,0,0.04346725999100676
2026-01-20 04:15:00,AWS_04,0,normal,none,0,0.01858297112384555
2026-01-20 04:30:00,AWS_04,0,normal,none,0,0.025940083630556
2026-01-20 04:45:00,AWS_04,0,normal,none,0,0.07211693033774152
2026-01-20 05:00:00,AWS_04,0,normal,none,0,0.07556643107218097
2026-01-20 05:15:00,AWS_04,0,normal,none,0,0.08094683815225812
2026-01-20 05:30:00,AWS_04,0,normal,none,0,0.06834551211581308
2026-01-20 05:45:00,AWS_04,0,normal,none,0,0.05633553889311915
2026-01-20 06:00:00,AWS_04,0,normal,none,0,0.06533914828907311
2026-01-20 06:15:00,AWS_04,0,normal,none,0,0.07863728910506457
2026-01-20 06:30:00,AWS_04,0,normal,none,0,0.07656458180010872
2026-01-20 06:45:00,AWS_04,0,normal,none,0,0.07074589607000442
2026-01-20 07:00:00,AWS_04,0,normal,none,0,0.07069685516342605
2026-01-20 07:15:00,AWS_04,0,normal,none,0,0.06564380506462808
2026-01-20 07:30:00,AWS_04,0,normal,none,0,0.07883259743670129
2026-01-20 07:45:00,AWS_04,0,normal,none,0,0.07657078699932857
2026-01-20 08:00:00,AWS_04,0,normal,none,0,0.06591814396150802
2026-01-20 08:15:00,AWS_04,0,normal,none,0,0.051256741553338425
2026-01-20 08:30:00,AWS_04,0,normal,none,0,0.08111927144965275
2026-01-20 08:45:00,AWS_04,0,normal,none,0,0.08053023790003871
2026-01-20 09:00:00,AWS_04,0,normal,none,0,0.04380609366861854
2026-01-20 09:15:00,AWS_04,0,normal,none,0,0.054581560718873046
2026-01-20 09:30:00,AWS_04,0,normal,none,0,0.05101112221471721
2026-01-20 09:45:00,AWS_04,0,normal,none,0,0.08713408483464585
2026-01-20 10:00:00,AWS_04,0,normal,none,0,0.08013354306552295
2026-01-20 10:15:00,AWS_04,0,normal,none,0,0.09195795727313832
2026-01-20 10:30:00,AWS_04,0,normal,none,0,0.09177507966432136
2026-01-20 10:45:00,AWS_04,0,normal,none,0,0.07082492833082249
2026-01-20 11:00:00,AWS_04,0,normal,none,0,0.06403388900308232
2026-01-20 11:15:00,AWS_04,0,normal,none,0,0.09387041554242775
2026-01-20 11:30:00,AWS_04,0,normal,none,0,0.06858567665720144
2026-01-20 11:45:00,AWS_04,0,normal,none,0,0.060148815256118704
2026-01-20 12:00:00,AWS_04,0,normal,none,0,0.07011721673407706
2026-01-20 12:15:00,AWS_04,0,normal,none,0,0.0565842368867277
2026-01-20 12:30:00,AWS_04,0,normal,none,0,0.06569237235674413
2026-01-20 12:45:00,AWS_04,0,normal,none,0,0.08739256360532016
2026-01-20 13:00:00,AWS_04,0,normal,none,0,0.09799683804658971
2026-01-20 13:15:00,AWS_04,0,normal,none,0,0.0922779816947179
2026-01-20 13:30:00,AWS_04,0,normal,none,0,0.07765146755574859
2026-01-20 13:45:00,AWS_04,0,normal,none,0,0.07349240683842972
2026-01-20 14:00:00,AWS_04,0,normal,none,0,0.0656661052144965
2026-01-20 14:15:00,AWS_04,0,normal,none,0,0.08315261434902926
2026-01-20 14:30:00,AWS_04,0,normal,none,0,0.0862917485061988
2026-01-20 14:45:00,AWS_04,0,normal,none,0,0.09276927599500862
2026-01-20 15:00:00,AWS_04,0,normal,none,0,0.09788864368146755
2026-01-20 15:15:00,AWS_04,0,normal,none,0,0.09630548325321309
2026-01-20 15:30:00,AWS_04,0,normal,none,0,0.09493441552026921
2026-01-20 15:45:00,AWS_04,0,normal,none,0,0.08041065830190913
2026-01-20 16:00:00,AWS_04,0,normal,none,0,0.08645743112131243
2026-01-20 16:15:00,AWS_04,0,normal,none,0,0.08348170940174132
2026-01-20 16:30:00,AWS_04,0,normal,none,0,0.05908279797122262
2026-01-20 16:45:00,AWS_04,0,normal,none,0,0.0734171987495778
2026-01-20 17:00:00,AWS_04,0,normal,none,0,0.08572114239017681
2026-01-20 17:15:00,AWS_04,0,normal,none,0,0.10475717394161699
2026-01-20 17:30:00,AWS_04,0,normal,none,0,0.10359436342636485
2026-01-20 17:45:00,AWS_04,0,normal,none,0,0.03196320032909106
2026-01-20 18:00:00,AWS_04,0,normal,none,0,0.08495807037677883
2026-01-20 18:15:00,AWS_04,0,normal,none,0,0.06076928970850187
2026-01-20 18:30:00,AWS_04,0,normal,none,0,0.04882324360635493
2026-01-20 18:45:00,AWS_04,0,normal,none,0,0.040923499828053544
2026-01-20 19:00:00,AWS_04,0,normal,none,0,0.026857231700119666
2026-01-20 19:15:00,AWS_04,0,normal,none,0,0.06807878573923365
2026-01-20 19:30:00,AWS_04,0,normal,none,0,0.03540364210656599
2026-01-20 19:45:00,AWS_04,0,normal,none,0,0.0512092045934297
2026-01-20 20:00:00,AWS_04,0,normal,none,0,0.05559183290753983
2026-01-20 20:15:00,AWS_04,0,normal,none,0,0.07456301959669964
2026-01-20 20:30:00,AWS_04,0,normal,none,0,0.08659141291598049
2026-01-20 20:45:00,AWS_04,0,normal,none,0,0.059063467783722845
2026-01-20 21:00:00,AWS_04,0,normal,none,0,0.059216955651736125
2026-01-20 21:15:00,AWS_04,0,normal,none,0,0.07066432857135735
2026-01-20 21:30:00,AWS_04,0,normal,none,0,0.06842954456132216
2026-01-20 21:45:00,AWS_04,0,normal,none,0,0.06218834447892241
2026-01-20 22:00:00,AWS_04,0,normal,none,0,0.06711404441823349
2026-01-20 22:15:00,AWS_04,0,normal,none,0,0.08104375264761748
2026-01-20 22:30:00,AWS_04,0,normal,none,0,0.07281984122184004
2026-01-20 22:45:00,AWS_04,0,normal,none,0,0.042814665588375544
2026-01-20 23:00:00,AWS_04,0,normal,none,0,0.053208346742977475
2026-01-20 23:15:00,AWS_04,0,normal,none,0,0.07053412952909577
2026-01-20 23:30:00,AWS_04,0,normal,none,0,0.058382795876305627
2026-01-20 23:45:00,AWS_04,0,normal,none,0,0.06324814440255849
2026-01-21 00:00:00,AWS_04,0,normal,none,0,0.06083122704790217
2026-01-21 00:15:00,AWS_04,0,normal,none,0,0.020495912121566984
2026-01-21 00:30:00,AWS_04,1,frozen_sensor,temperature,0,0.04693968632271184
2026-01-21 00:45:00,AWS_04,1,missing_data,all,0,0.03904013480215662
2026-01-21 01:00:00,AWS_04,1,missing_data,all,0,0.04925529328388689
2026-01-21 01:15:00,AWS_04,1,missing_data,all,0,0.048412696408449585
2026-01-21 01:30:00,AWS_04,1,missing_data,all,0,0.056382281711302884
2026-01-21 01:45:00,AWS_04,1,missing_data,all,0,0.04408415736173854
2026-01-21 02:00:00,AWS_04,1,missing_data,all,0,0.042522792011007615
2026-01-21 02:15:00,AWS_04,1,missing_data,all,0,0.017446122405758935
2026-01-21 02:30:00,AWS_04,1,missing_data,all,0,0.042974235232530744
2026-01-21 02:45:00,AWS_04,1,frozen_sensor,temperature,0,0.015865570992678935
2026-01-21 03:00:00,AWS_04,1,frozen_sensor,temperature,0,0.04177195302483783
2026-01-21 03:15:00,AWS_04,1,frozen_sensor,temperature,0,0.042574696853228344
2026-01-21 03:30:00,AWS_04,1,frozen_sensor,temperature,0,0.05233510681318443
2026-01-21 03:45:00,AWS_04,1,frozen_sensor,temperature,0,0.045643291971026345
2026-01-21 04:00:00,AWS_04,1,frozen_sensor,temperature,0,0.03643014051166038
2026-01-21 04:15:00,AWS_04,1,frozen_sensor,temperature,0,0.04563778611827585
2026-01-21 04:30:00,AWS_04,1,frozen_sensor,temperature,0,0.034031235934643966
2026-01-21 04:45:00,AWS_04,1,frozen_sensor,temperature,0,0.0342209341196702
2026-01-21 05:00:00,AWS_04,1,frozen_sensor,temperature,0,0.0379866490503189
2026-01-21 05:15:00,AWS_04,1,frozen_sensor,temperature,1,-0.01017128225618158
2026-01-21 05:30:00,AWS_04,1,frozen_sensor,temperature,0,0.012535648560658696
2026-01-21 05:45:00,AWS_04,1,frozen_sensor,temperature,0,0.015346331542718472
2026-01-21 06:00:00,AWS_04,1,frozen_sensor,temperature,0,0.0330017238627377
2026-01-21 06:15:00,AWS_04,1,frozen_sensor,temperature,0,0.032117897202805
2026-01-21 06:30:00,AWS_04,0,normal,none,1,-0.02502774210104053
2026-01-21 06:45:00,AWS_04,0,normal,none,0,0.06256187085009102
2026-01-21 07:00:00,AWS_04,0,normal,none,0,0.0720132052038685
2026-01-21 07:15:00,AWS_04,0,normal,none,0,0.04724834111916154
2026-01-21 07:30:00,AWS_04,0,normal,none,0,0.05419684897938393
2026-01-21 07:45:00,AWS_04,0,normal,none,0,0.05573707862919364
2026-01-21 08:00:00,AWS_04,0,normal,none,0,0.04111849361409026
2026-01-21 08:15:00,AWS_04,0,normal,none,0,0.06589131669643866
2026-01-21 08:30:00,AWS_04,0,normal,none,0,0.04583025629513815
2026-01-21 08:45:00,AWS_04,0,normal,none,0,0.07010272299551645
2026-01-21 09:00:00,AWS_04,0,normal,none,0,0.05134976736712227
2026-01-21 09:15:00,AWS_04,0,normal,none,0,0.06623922021970041
2026-01-21 09:30:00,AWS_04,0,normal,none,0,0.06199019329361516
2026-01-21 09:45:00,AWS_04,0,normal,none,0,0.0574196578179616
2026-01-21 10:00:00,AWS_04,0,normal,none,0,0.05233668249600826
2026-01-21 10:15:00,AWS_04,0,normal,none,0,0.06897671305453068
2026-01-21 10:30:00,AWS_04,0,normal,none,0,0.07552357290674905
2026-01-21 10:45:00,AWS_04,0,normal,none,0,0.05012660655530404
2026-01-21 11:00:00,AWS_04,0,normal,none,0,0.0753483572436135
2026-01-21 11:15:00,AWS_04,0,normal,none,0,0.07406583834660785
2026-01-21 11:30:00,AWS_04,0,normal,none,0,0.066786066530714
2026-01-21 11:45:00,AWS_04,0,normal,none,0,0.06940614468417938
2026-01-21 12:00:00,AWS_04,0,normal,none,0,0.05970958379824676
2026-01-21 12:15:00,AWS_04,0,normal,none,0,0.011665481415508494
2026-01-21 12:30:00,AWS_04,0,normal,none,0,0.0826064722542676
2026-01-21 12:45:00,AWS_04,0,normal,none,0,0.0782579001234141
2026-01-21 13:00:00,AWS_04,0,normal,none,0,0.05899385837489429
2026-01-21 13:15:00,AWS_04,0,normal,none,0,0.03792822478364111
2026-01-21 13:30:00,AWS_04,0,normal,none,0,0.05965779392156978
2026-01-21 13:45:00,AWS_04,0,normal,none,0,0.06959841790562882
2026-01-21 14:00:00,AWS_04,0,normal,none,0,0.08391997341907853
2026-01-21 14:15:00,AWS_04,0,normal,none,0,0.07631973282090815
2026-01-21 14:30:00,AWS_04,0,normal,none,0,0.06858934163810704
2026-01-21 14:45:00,AWS_04,0,normal,none,0,0.07328501040445473
2026-01-21 15:00:00,AWS_04,0,normal,none,0,0.05954805166823818
2026-01-21 15:15:00,AWS_04,0,normal,none,0,0.0756290200238135
2026-01-21 15:30:00,AWS_04,0,normal,none,0,0.06031163598793238
2026-01-21 15:45:00,AWS_04,0,normal,none,0,0.0896990010815612
2026-01-21 16:00:00,AWS_04,0,normal,none,0,0.07025577109283815
2026-01-21 16:15:00,AWS_04,0,normal,none,0,0.07875451633873704
2026-01-21 16:30:00,AWS_04,0,normal,none,0,0.09044866992880612
2026-01-21 16:45:00,AWS_04,0,normal,none,0,0.08609128185667825
2026-01-21 17:00:00,AWS_04,0,normal,none,0,0.060730457779944014
2026-01-21 17:15:00,AWS_04,0,normal,none,0,0.07975146090236879
2026-01-21 17:30:00,AWS_04,0,normal,none,0,0.07749161178926045
2026-01-21 17:45:00,AWS_04,0,normal,none,0,0.055857128337433226
2026-01-21 18:00:00,AWS_04,0,normal,none,0,0.08853095733619387
2026-01-21 18:15:00,AWS_04,0,normal,none,0,0.05869592997327633
2026-01-21 18:30:00,AWS_04,0,normal,none,0,0.038952047319046335
2026-01-21 18:45:00,AWS_04,0,normal,none,0,0.0883681873140259
2026-01-21 19:00:00,AWS_04,0,normal,none,0,0.08097088468331581
2026-01-21 19:15:00,AWS_04,0,normal,none,0,0.09569210008959056
2026-01-21 19:30:00,AWS_04,0,normal,none,0,0.07248368376042669
2026-01-21 19:45:00,AWS_04,0,normal,none,0,0.08562280893448254
2026-01-21 20:00:00,AWS_04,0,normal,none,0,0.07827798918617213
2026-01-21 20:15:00,AWS_04,0,normal,none,0,0.07751165081087275
2026-01-21 20:30:00,AWS_04,0,normal,none,0,0.0366618018802336
2026-01-21 20:45:00,AWS_04,0,normal,none,0,0.05438454689313743
2026-01-21 21:00:00,AWS_04,0,normal,none,0,0.06387350453190083
2026-01-21 21:15:00,AWS_04,0,normal,none,0,0.04397671899701683
2026-01-21 21:30:00,AWS_04,0,normal,none,0,0.08195143362757712
2026-01-21 21:45:00,AWS_04,0,normal,none,0,0.06380060864914233
2026-01-21 22:00:00,AWS_04,0,normal,none,0,0.037189572542409954
2026-01-21 22:15:00,AWS_04,0,normal,none,0,0.05534891652281765
2026-01-21 22:30:00,AWS_04,0,normal,none,0,0.06330246975096487
2026-01-21 22:45:00,AWS_04,0,normal,none,0,0.06957692308585783
2026-01-21 23:00:00,AWS_04,0,normal,none,0,0.07410894372635524
2026-01-21 23:15:00,AWS_04,0,normal,none,0,0.06396146604231573
2026-01-21 23:30:00,AWS_04,0,normal,none,0,0.06172050910589799
2026-01-21 23:45:00,AWS_04,0,normal,none,0,0.024250407521074213
2026-01-22 00:00:00,AWS_04,0,normal,none,0,0.042497154611123245
2026-01-22 00:15:00,AWS_04,0,normal,none,0,0.05147546431942712
2026-01-22 00:30:00,AWS_04,1,multivariate_inconsistency,humidity,1,-0.03972907819139471
2026-01-22 00:45:00,AWS_04,1,multivariate_inconsistency,humidity,1,-0.13139823094791925
2026-01-22 01:00:00,AWS_04,1,multivariate_inconsistency,humidity,1,-0.0395938328793034
2026-01-22 01:15:00,AWS_04,1,multivariate_inconsistency,humidity,1,-0.0395938328793034
2026-01-22 01:30:00,AWS_04,1,multivariate_inconsistency,humidity,1,-0.0395938328793034
2026-01-22 01:45:00,AWS_04,1,multivariate_inconsistency,humidity,1,-0.0953297075963464
2026-01-22 02:00:00,AWS_04,0,normal,none,0,0.006734349631297154
2026-01-22 02:15:00,AWS_04,0,normal,none,0,0.042906865106689174
2026-01-22 02:30:00,AWS_04,0,normal,none,0,0.03601774316889372
2026-01-22 02:45:00,AWS_04,0,normal,none,0,0.04423726175386389
2026-01-22 03:00:00,AWS_04,0,normal,none,1,-0.003972510461790368
2026-01-22 03:15:00,AWS_04,0,normal,none,0,0.0031921922110622614
2026-01-22 03:30:00,AWS_04,0,normal,none,0,0.022653329479072615
2026-01-22 03:45:00,AWS_04,0,normal,none,0,0.012011282190931394
2026-01-22 04:00:00,AWS_04,0,normal,none,0,0.002968137449447794
2026-01-22 04:15:00,AWS_04,0,normal,none,0,0.035219211586798194
2026-01-22 04:30:00,AWS_04,0,normal,none,0,0.0015807333347875874
2026-01-22 04:45:00,AWS_04,0,normal,none,0,0.030233556646542037
2026-01-22 05:00:00,AWS_04,0,normal,none,0,0.03471161888505858
2026-01-22 05:15:00,AWS_04,0,normal,none,0,0.0066226780366880345
2026-01-22 05:30:00,AWS_04,0,normal,none,0,0.016122972722832363
2026-01-22 05:45:00,AWS_04,0,normal,none,0,0.027085925144538447
2026-01-22 06:00:00,AWS_04,0,normal,none,0,0.021477386531723708
2026-01-22 06:15:00,AWS_04,0,normal,none,0,0.02925362929529718
2026-01-22 06:30:00,AWS_04,0,normal,none,0,0.04124428491720389
2026-01-22 06:45:00,AWS_04,0,normal,none,0,0.02063289910870214
2026-01-22 07:00:00,AWS_04,0,normal,none,0,0.06834677172733716
2026-01-22 07:15:00,AWS_04,0,normal,none,0,0.049437325137636656
2026-01-22 07:30:00,AWS_04,0,normal,none,0,0.032805125210401354
2026-01-22 07:45:00,AWS_04,0,normal,none,0,0.06503376720036552
2026-01-22 08:00:00,AWS_04,0,normal,none,0,0.0661124715334504
2026-01-22 08:15:00,AWS_04,0,normal,none,0,0.0695297015956009
2026-01-22 08:30:00,AWS_04,0,normal,none,0,0.01791655438287587
2026-01-22 08:45:00,AWS_04,0,normal,none,0,0.06040979817629066
2026-01-22 09:00:00,AWS_04,0,normal,none,0,0.051408970159442235
2026-01-22 09:15:00,AWS_04,0,normal,none,0,0.07320792530773829
2026-01-22 09:30:00,AWS_04,0,normal,none,0,0.04551798196200174
2026-01-22 09:45:00,AWS_04,0,normal,none,0,0.06659298581930229
2026-01-22 10:00:00,AWS_04,0,normal,none,0,0.07169267768540644
2026-01-22 10:15:00,AWS_04,0,normal,none,0,0.0845562454594962
2026-01-22 10:30:00,AWS_04,0,normal,none,0,0.04092733565135431
2026-01-22 10:45:00,AWS_04,0,normal,none,0,0.057001528774278554
2026-01-22 11:00:00,AWS_04,0,normal,none,0,0.04287171895049746
2026-01-22 11:15:00,AWS_04,0,normal,none,0,0.06803418972364256
2026-01-22 11:30:00,AWS_04,0,normal,none,0,0.07856077615545948
2026-01-22 11:45:00,AWS_04,0,normal,none,0,0.08877821415453058
2026-01-22 12:00:00,AWS_04,0,normal,none,0,0.06846220929873531
2026-01-22 12:15:00,AWS_04,0,normal,none,0,0.04637663336155329
2026-01-22 12:30:00,AWS_04,0,normal,none,0,0.09598705056809398
2026-01-22 12:45:00,AWS_04,0,normal,none,0,0.08035350684584025
2026-01-22 13:00:00,AWS_04,0,normal,none,0,0.09049535640567175
2026-01-22 13:15:00,AWS_04,0,normal,none,0,0.0909841746309697
2026-01-22 13:30:00,AWS_04,0,normal,none,0,0.0924858418203317
2026-01-22 13:45:00,AWS_04,0,normal,none,0,0.09218504018771939
2026-01-22 14:00:00,AWS_04,0,normal,none,0,0.04382664036083206
2026-01-22 14:15:00,AWS_04,0,normal,none,0,0.0816791791167727
2026-01-22 14:30:00,AWS_04,0,normal,none,0,0.05604403831732563
2026-01-22 14:45:00,AWS_04,0,normal,none,0,0.05509236289134217
2026-01-22 15:00:00,AWS_04,0,normal,none,0,0.08948695886534663
2026-01-22 15:15:00,AWS_04,0,normal,none,0,0.07691826106012495
2026-01-22 15:30:00,AWS_04,0,normal,none,0,0.07637962484729821
2026-01-22 15:45:00,AWS_04,0,normal,none,0,0.08003371700796469
2026-01-22 16:00:00,AWS_04,0,normal,none,0,0.03870798299364431
2026-01-22 16:15:00,AWS_04,0,normal,none,0,0.06313709810411833
2026-01-22 16:30:00,AWS_04,0,normal,none,0,0.09043947617638975
2026-01-22 16:45:00,AWS_04,0,normal,none,0,0.06826004845969774
2026-01-22 17:00:00,AWS_04,0,normal,none,0,0.0780962950094829
2026-01-22 17:15:00,AWS_04,0,normal,none,0,0.09333576051267212
2026-01-22 17:30:00,AWS_04,0,normal,none,0,0.0714600422669111
2026-01-22 17:45:00,AWS_04,0,normal,none,0,0.054248119667485106
2026-01-22 18:00:00,AWS_04,0,normal,none,0,0.08080874560126289
2026-01-22 18:15:00,AWS_04,0,normal,none,0,0.08528744173195124
2026-01-22 18:30:00,AWS_04,0,normal,none,0,0.0679960286239712
2026-01-22 18:45:00,AWS_04,0,normal,none,0,0.09177269648127823
2026-01-22 19:00:00,AWS_04,0,normal,none,0,0.10232917130313618
2026-01-22 19:15:00,AWS_04,0,normal,none,0,0.07653040115927695
2026-01-22 19:30:00,AWS_04,0,normal,none,0,0.0786667461887417
2026-01-22 19:45:00,AWS_04,0,normal,none,0,0.04778174543397962
2026-01-22 20:00:00,AWS_04,0,normal,none,0,0.08448557357763731
2026-01-22 20:15:00,AWS_04,0,normal,none,0,0.04755061157813267
2026-01-22 20:30:00,AWS_04,0,normal,none,0,0.08763997934684936
2026-01-22 20:45:00,AWS_04,0,normal,none,0,0.06464953568467241
2026-01-22 21:00:00,AWS_04,0,normal,none,0,0.06705055140297156
2026-01-22 21:15:00,AWS_04,0,normal,none,0,0.06585607764467222
2026-01-22 21:30:00,AWS_04,0,normal,none,0,0.08115377979004174
2026-01-22 21:45:00,AWS_04,0,normal,none,0,0.04716691579604282
2026-01-22 22:00:00,AWS_04,0,normal,none,0,0.053816535969169965
2026-01-22 22:15:00,AWS_04,0,normal,none,0,0.07759284798111027
2026-01-22 22:30:00,AWS_04,0,normal,none,0,0.04884574102602135
2026-01-22 22:45:00,AWS_04,0,normal,none,0,0.06484785807238208
2026-01-22 23:00:00,AWS_04,0,normal,none,0,0.08092346866923833
2026-01-22 23:15:00,AWS_04,0,normal,none,0,0.0705649802349495
2026-01-22 23:30:00,AWS_04,0,normal,none,0,0.060484249006186486
2026-01-22 23:45:00,AWS_04,0,normal,none,0,0.0522781978718459
2026-01-23 00:00:00,AWS_04,0,normal,none,0,0.05715137902877521
2026-01-23 00:15:00,AWS_04,0,normal,none,0,0.06984476516794458
2026-01-23 00:30:00,AWS_04,0,normal,none,0,0.05088763977477756
2026-01-23 00:45:00,AWS_04,0,normal,none,0,0.0779459883649713
2026-01-23 01:00:00,AWS_04,1,missing_data,all,0,0.0470673485019214
2026-01-23 01:15:00,AWS_04,1,missing_data,all,0,0.06928213579847203
2026-01-23 01:30:00,AWS_04,1,missing_data,all,0,0.06856648356168893
2026-01-23 01:45:00,AWS_04,1,missing_data,all,0,0.06401202101604841
2026-01-23 02:00:00,AWS_04,1,missing_data,all,0,0.06317461374821215
2026-01-23 02:15:00,AWS_04,1,missing_data,all,0,0.0755408296064854
2026-01-23 02:30:00,AWS_04,1,missing_data,all,0,0.059868575767850984
2026-01-23 02:45:00,AWS_04,1,missing_data,all,0,0.08621502360905225
2026-01-23 03:00:00,AWS_04,0,normal,none,0,0.07943079242149825
2026-01-23 03:15:00,AWS_04,0,normal,none,0,0.061806265997834675
2026-01-23 03:30:00,AWS_04,0,normal,none,0,0.08362925298670448
2026-01-23 03:45:00,AWS_04,0,normal,none,0,0.06429389281188896
2026-01-23 04:00:00,AWS_04,0,normal,none,0,0.08183087544844536
2026-01-23 04:15:00,AWS_04,0,normal,none,0,0.06700344585574086
2026-01-23 04:30:00,AWS_04,0,normal,none,0,0.07549851655704337
2026-01-23 04:45:00,AWS_04,0,normal,none,0,0.07599616619555305
2026-01-23 05:00:00,AWS_04,0,normal,none,0,0.07343054945687871
2026-01-23 05:15:00,AWS_04,0,normal,none,0,0.05762943872322318
2026-01-23 05:30:00,AWS_04,0,normal,none,0,0.08099461595847596
2026-01-23 05:45:00,AWS_04,0,normal,none,0,0.08333561789150434
2026-01-23 06:00:00,AWS_04,0,normal,none,0,0.08421386983459805
2026-01-23 06:15:00,AWS_04,0,normal,none,0,0.0811004886903049
2026-01-23 06:30:00,AWS_04,0,normal,none,0,0.07629914854531306
2026-01-23 06:45:00,AWS_04,0,normal,none,0,0.06543416252570389
2026-01-23 07:00:00,AWS_04,0,normal,none,0,0.09326365687878369
2026-01-23 07:15:00,AWS_04,0,normal,none,0,0.07166980592469163
2026-01-23 07:30:00,AWS_04,0,normal,none,0,0.061051340906220275
2026-01-23 07:45:00,AWS_04,0,normal,none,0,0.07386108363373539
2026-01-23 08:00:00,AWS_04,0,normal,none,0,0.09297355734894591
2026-01-23 08:15:00,AWS_04,0,normal,none,0,0.06724287000077978
2026-01-23 08:30:00,AWS_04,0,normal,none,0,0.06156976060621844
2026-01-23 08:45:00,AWS_04,0,normal,none,0,0.06998203913093987
2026-01-23 09:00:00,AWS_04,0,normal,none,0,0.03516051784713292
2026-01-23 09:15:00,AWS_04,0,normal,none,0,0.04561189534571786
2026-01-23 09:30:00,AWS_04,0,normal,none,0,0.04916869225016074
2026-01-23 09:45:00,AWS_04,0,normal,none,0,0.07132228587126271
2026-01-23 10:00:00,AWS_04,0,normal,none,0,0.030422724266166434
2026-01-23 10:15:00,AWS_04,0,normal,none,0,0.06505211977539266
2026-01-23 10:30:00,AWS_04,0,normal,none,0,0.08050680252629389
2026-01-23 10:45:00,AWS_04,0,normal,none,0,0.09279764125456069
2026-01-23 11:00:00,AWS_04,0,normal,none,0,0.07255413438817526
2026-01-23 11:15:00,AWS_04,0,normal,none,0,0.04686473448169648
2026-01-23 11:30:00,AWS_04,0,normal,none,0,0.07699303265036272
2026-01-23 11:45:00,AWS_04,0,normal,none,0,0.0555554742386396
2026-01-23 12:00:00,AWS_04,0,normal,none,0,0.06242742197490864
2026-01-23 12:15:00,AWS_04,0,normal,none,0,0.07915641355671343
2026-01-23 12:30:00,AWS_04,0,normal,none,0,0.0647545126995494
2026-01-23 12:45:00,AWS_04,0,normal,none,0,0.052083980911858785
2026-01-23 13:00:00,AWS_04,0,normal,none,0,0.08294333548676364
2026-01-23 13:15:00,AWS_04,0,normal,none,0,0.08247791204720561
2026-01-23 13:30:00,AWS_04,0,normal,none,0,0.02254042999276329
2026-01-23 13:45:00,AWS_04,0,normal,none,0,0.03894902981378712
2026-01-23 14:00:00,AWS_04,0,normal,none,0,0.04829959817979401
2026-01-23 14:15:00,AWS_04,0,normal,none,0,0.02208922586569162
2026-01-23 14:30:00,AWS_04,0,normal,none,0,0.054387188695610766
2026-01-23 14:45:00,AWS_04,0,normal,none,0,0.04164810368991767
2026-01-23 15:00:00,AWS_04,0,normal,none,0,0.021212894373614954
2026-01-23 15:15:00,AWS_04,0,normal,none,0,0.06189419930386836
2026-01-23 15:30:00,AWS_04,0,normal,none,0,0.06282453077497763
2026-01-23 15:45:00,AWS_04,0,normal,none,0,0.02344263084611886
2026-01-23 16:00:00,AWS_04,0,normal,none,0,0.07024426939070716
2026-01-23 16:15:00,AWS_04,0,normal,none,0,0.03855210840339729
2026-01-23 16:30:00,AWS_04,0,normal,none,0,0.06801610570772687
2026-01-23 16:45:00,AWS_04,0,normal,none,0,0.0767900442369846
2026-01-23 17:00:00,AWS_04,0,normal,none,0,0.039641769540438965
2026-01-23 17:15:00,AWS_04,0,normal,none,0,0.04680569940761348
2026-01-23 17:30:00,AWS_04,0,normal,none,0,0.050844705899500686
2026-01-23 17:45:00,AWS_04,0,normal,none,0,0.07536037957258435
2026-01-23 18:00:00,AWS_04,0,normal,none,0,0.08594231973615446
2026-01-23 18:15:00,AWS_04,0,normal,none,0,0.06280193466905076
2026-01-23 18:30:00,AWS_04,0,normal,none,0,0.077297739387507
2026-01-23 18:45:00,AWS_04,0,normal,none,0,0.07116511781221707
2026-01-23 19:00:00,AWS_04,0,normal,none,0,0.05638789459130367
2026-01-23 19:15:00,AWS_04,0,normal,none,0,0.07029441001879844
2026-01-23 19:30:00,AWS_04,0,normal,none,0,0.07907729485186432
2026-01-23 19:45:00,AWS_04,0,normal,none,0,0.07293190055733412
2026-01-23 20:00:00,AWS_04,0,normal,none,0,0.04750703171662829
2026-01-23 20:15:00,AWS_04,0,normal,none,0,0.07788254562340563
2026-01-23 20:30:00,AWS_04,0,normal,none,0,0.07909576242748628
2026-01-23 20:45:00,AWS_04,0,normal,none,0,0.0789285127532845
2026-01-23 21:00:00,AWS_04,0,normal,none,0,0.034063690854281625
2026-01-23 21:15:00,AWS_04,0,normal,none,0,0.09048475277652207
2026-01-23 21:30:00,AWS_04,0,normal,none,0,0.08120445703982859
2026-01-23 21:45:00,AWS_04,0,normal,none,0,0.07365138714268338
2026-01-23 22:00:00,AWS_04,0,normal,none,0,0.09788646001939427
2026-01-23 22:15:00,AWS_04,0,normal,none,0,0.08673647172235788
2026-01-23 22:30:00,AWS_04,0,normal,none,0,0.07092817864671869
2026-01-23 22:45:00,AWS_04,0,normal,none,0,0.09136917914338583
2026-01-23 23:00:00,AWS_04,0,normal,none,0,0.08747609566408193
2026-01-23 23:15:00,AWS_04,0,normal,none,0,0.0736767843183656
2026-01-23 23:30:00,AWS_04,0,normal,none,0,0.09523448794686074
2026-01-23 23:45:00,AWS_04,0,normal,none,0,0.0633536973154773
2026-01-24 00:00:00,AWS_04,0,normal,none,0,0.056757947338152814
2026-01-24 00:15:00,AWS_04,0,normal,none,0,0.08412107227026333
2026-01-24 00:30:00,AWS_04,1,frozen_sensor,temperature,0,0.06082537049799358
2026-01-24 00:45:00,AWS_04,1,frozen_sensor,temperature,0,0.0919461721633748
2026-01-24 01:00:00,AWS_04,1,multivariate_inconsistency,humidity,0,0.013524614878355545
2026-01-24 01:15:00,AWS_04,1,multivariate_inconsistency,humidity,0,0.0627682571257544
2026-01-24 01:30:00,AWS_04,1,multivariate_inconsistency,humidity,0,0.06792186465504996
2026-01-24 01:45:00,AWS_04,1,multivariate_inconsistency,humidity,0,0.08135623047037843
2026-01-24 02:00:00,AWS_04,1,multivariate_inconsistency,humidity,0,0.07430142261688044
2026-01-24 02:15:00,AWS_04,1,multivariate_inconsistency,humidity,0,0.07742360990925179
2026-01-24 02:30:00,AWS_04,1,frozen_sensor,temperature,0,0.020442012893957084
2026-01-24 02:45:00,AWS_04,1,frozen_sensor,temperature,0,0.07953021024566531
2026-01-24 03:00:00,AWS_04,1,frozen_sensor,temperature,0,0.0992776973781484
2026-01-24 03:15:00,AWS_04,1,frozen_sensor,temperature,0,0.09478280439532039
2026-01-24 03:30:00,AWS_04,1,frozen_sensor,temperature,0,0.09763990505556758
2026-01-24 03:45:00,AWS_04,1,frozen_sensor,temperature,0,0.08682958252759576
2026-01-24 04:00:00,AWS_04,1,frozen_sensor,temperature,0,0.08130361859870744
2026-01-24 04:15:00,AWS_04,1,frozen_sensor,temperature,0,0.08970908552606999
2026-01-24 04:30:00,AWS_04,1,frozen_sensor,temperature,0,0.09028187312095409
2026-01-24 04:45:00,AWS_04,1,frozen_sensor,temperature,0,0.08310360133611044
2026-01-24 05:00:00,AWS_04,1,frozen_sensor,temperature,0,0.0921592099418792
2026-01-24 05:15:00,AWS_04,1,frozen_sensor,temperature,0,0.051841957477124
2026-01-24 05:30:00,AWS_04,1,frozen_sensor,temperature,0,0.08415514310208999
2026-01-24 05:45:00,AWS_04,1,frozen_sensor,temperature,0,0.08916882855126768
2026-01-24 06:00:00,AWS_04,1,frozen_sensor,temperature,0,0.08233112137394644
2026-01-24 06:15:00,AWS_04,1,frozen_sensor,temperature,0,0.05849147275197125
2026-01-24 06:30:00,AWS_04,0,normal,none,0,0.010271955553670997
2026-01-24 06:45:00,AWS_04,0,normal,none,0,0.08019379662367371
2026-01-24 07:00:00,AWS_04,0,normal,none,0,0.07272719738912514
2026-01-24 07:15:00,AWS_04,0,normal,none,0,0.08496048732672301
2026-01-24 07:30:00,AWS_04,0,normal,none,0,0.056524545864864106
2026-01-24 07:45:00,AWS_04,0,normal,none,0,0.09560577530500802
2026-01-24 08:00:00,AWS_04,0,normal,none,0,0.09085766480551433
2026-01-24 08:15:00,AWS_04,0,normal,none,0,0.09339012423118193
2026-01-24 08:30:00,AWS_04,0,normal,none,0,0.09261692224523882
2026-01-24 08:45:00,AWS_04,0,normal,none,0,0.07968584904855669
2026-01-24 09:00:00,AWS_04,0,normal,none,0,0.08335276740669012
2026-01-24 09:15:00,AWS_04,0,normal,none,0,0.08276513024100879
2026-01-24 09:30:00,AWS_04,0,normal,none,0,0.09690928635993912
2026-01-24 09:45:00,AWS_04,0,normal,none,0,0.07001280774523855
2026-01-24 10:00:00,AWS_04,0,normal,none,0,0.09186882338060331
2026-01-24 10:15:00,AWS_04,0,normal,none,0,0.06545574451079805
2026-01-24 10:30:00,AWS_04,0,normal,none,0,0.052116588551874954
2026-01-24 10:45:00,AWS_04,0,normal,none,0,0.08243325909190768
2026-01-24 11:00:00,AWS_04,0,normal,none,0,0.04560437780607152
2026-01-24 11:15:00,AWS_04,0,normal,none,0,0.05223873433677423
2026-01-24 11:30:00,AWS_04,0,normal,none,0,0.06608160954570985
2026-01-24 11:45:00,AWS_04,0,normal,none,0,0.09283381900397053
2026-01-24 12:00:00,AWS_04,0,normal,none,0,0.05624932039455033
2026-01-24 12:15:00,AWS_04,0,normal,none,0,0.08790140174427652
2026-01-24 12:30:00,AWS_04,0,normal,none,0,0.058101853079787324
2026-01-24 12:45:00,AWS_04,0,normal,none,0,0.07768546877733112
2026-01-24 13:00:00,AWS_04,0,normal,none,0,0.06593341079005027
2026-01-24 13:15:00,AWS_04,0,normal,none,0,0.05497406296081053
2026-01-24 13:30:00,AWS_04,0,normal,none,0,0.09286700337062065
2026-01-24 13:45:00,AWS_04,0,normal,none,0,0.08966371585238242
2026-01-24 14:00:00,AWS_04,0,normal,none,0,0.08906854994843871
2026-01-24 14:15:00,AWS_04,0,normal,none,0,0.08876299729507103
2026-01-24 14:30:00,AWS_04,0,normal,none,0,0.013219295274610743
2026-01-24 14:45:00,AWS_04,0,normal,none,0,0.06745459913162088
2026-01-24 15:00:00,AWS_04,0,normal,none,0,0.0908773232906977
2026-01-24 15:15:00,AWS_04,0,normal,none,0,0.08724233187695218
2026-01-24 15:30:00,AWS_04,0,normal,none,0,0.08825621217676649
2026-01-24 15:45:00,AWS_04,0,normal,none,0,0.06731683634384356
2026-01-24 16:00:00,AWS_04,0,normal,none,0,0.08822911928184901
2026-01-24 16:15:00,AWS_04,0,normal,none,0,0.07654186066549612
2026-01-24 16:30:00,AWS_04,0,normal,none,0,0.07641304891376893
2026-01-24 16:45:00,AWS_04,0,normal,none,0,0.08144893625100003
2026-01-24 17:00:00,AWS_04,0,normal,none,0,0.08059874762345631
2026-01-24 17:15:00,AWS_04,0,normal,none,0,0.03683448529683331
2026-01-24 17:30:00,AWS_04,0,normal,none,0,0.09678638213728918
2026-01-24 17:45:00,AWS_04,0,normal,none,0,0.08975027873049357
2026-01-24 18:00:00,AWS_04,0,normal,none,0,0.07374267104885113
2026-01-24 18:15:00,AWS_04,0,normal,none,0,0.09454690410304578
2026-01-24 18:30:00,AWS_04,0,normal,none,0,0.044078818061084934
2026-01-24 18:45:00,AWS_04,0,normal,none,0,0.08419395871873986
2026-01-24 19:00:00,AWS_04,0,normal,none,0,0.022775824617647933
2026-01-24 19:15:00,AWS_04,0,normal,none,0,0.08659331252943064
2026-01-24 19:30:00,AWS_04,0,normal,none,0,0.09175576663932983
2026-01-24 19:45:00,AWS_04,0,normal,none,0,0.09109475741381173
2026-01-24 20:00:00,AWS_04,0,normal,none,0,0.07051496298651871
2026-01-24 20:15:00,AWS_04,0,normal,none,0,0.07271715360490283
2026-01-24 20:30:00,AWS_04,0,normal,none,0,0.09083941190499673
2026-01-24 20:45:00,AWS_04,0,normal,none,0,0.09126520535616622
2026-01-24 21:00:00,AWS_04,0,normal,none,0,0.09453999832390775
2026-01-24 21:15:00,AWS_04,0,normal,none,0,0.06637143541558793
2026-01-24 21:30:00,AWS_04,0,normal,none,0,0.0547387790978896
2026-01-24 21:45:00,AWS_04,0,normal,none,0,0.061849072556863616
2026-01-24 22:00:00,AWS_04,0,normal,none,0,0.06440470534590431
2026-01-24 22:15:00,AWS_04,0,normal,none,0,0.07356822316802392
2026-01-24 22:30:00,AWS_04,0,normal,none,0,0.01519455436525563
2026-01-24 22:45:00,AWS_04,0,normal,none,0,0.08290734123905602
2026-01-24 23:00:00,AWS_04,0,normal,none,0,0.07052518761350207
2026-01-24 23:15:00,AWS_04,0,normal,none,0,0.04596951336237087
2026-01-24 23:30:00,AWS_04,0,normal,none,0,0.07789258328194493
2026-01-24 23:45:00,AWS_04,0,normal,none,0,0.07101088491509056
2026-01-25 00:00:00,AWS_04,0,normal,none,0,0.05442805779657839
2026-01-25 00:15:00,AWS_04,1,missing_data,all,0,0.06243091647183274
2026-01-25 00:30:00,AWS_04,1,missing_data,all,1,-0.13703613916573631
2026-01-25 00:45:00,AWS_04,1,missing_data,all,1,-0.0369516571402424
2026-01-25 01:00:00,AWS_04,1,missing_data,all,1,-0.03965445950741486
2026-01-25 01:15:00,AWS_04,1,missing_data,all,1,-0.03965445950741486
2026-01-25 01:30:00,AWS_04,1,missing_data,all,1,-0.065384587421364
2026-01-25 01:45:00,AWS_04,1,missing_data,all,0,0.07189596411910376
2026-01-25 02:00:00,AWS_04,1,missing_data,all,0,0.06924183671342093
2026-01-25 02:15:00,AWS_04,0,normal,none,0,0.07713355246544096
2026-01-25 02:30:00,AWS_04,0,normal,none,0,0.03639113490989554
2026-01-25 02:45:00,AWS_04,0,normal,none,0,0.03880078049539615
2026-01-25 03:00:00,AWS_04,0,normal,none,0,0.053261502607852285
2026-01-25 03:15:00,AWS_04,0,normal,none,0,0.06559659744508844
2026-01-25 03:30:00,AWS_04,0,normal,none,0,0.07218508858208988
2026-01-25 03:45:00,AWS_04,0,normal,none,0,0.06237017883172796
2026-01-25 04:00:00,AWS_04,0,normal,none,0,0.04078840082550106
2026-01-25 04:15:00,AWS_04,0,normal,none,0,0.07482483654139016
2026-01-25 04:30:00,AWS_04,0,normal,none,0,0.04841570137276385
2026-01-25 04:45:00,AWS_04,0,normal,none,0,0.06183581962213419
2026-01-25 05:00:00,AWS_04,0,normal,none,0,0.06239662995508577
2026-01-25 05:15:00,AWS_04,0,normal,none,0,0.033881062773653214
2026-01-25 05:30:00,AWS_04,0,normal,none,0,0.06699491500567067
2026-01-25 05:45:00,AWS_04,0,normal,none,0,0.058978399479720056
2026-01-25 06:00:00,AWS_04,0,normal,none,0,0.01935027789452648
2026-01-25 06:15:00,AWS_04,0,normal,none,0,0.06252747194721459
2026-01-25 06:30:00,AWS_04,0,normal,none,0,0.042279431296645464
2026-01-25 06:45:00,AWS_04,0,normal,none,0,0.03745921814240283
2026-01-25 07:00:00,AWS_04,0,normal,none,0,0.08211946718107532
2026-01-25 07:15:00,AWS_04,0,normal,none,0,0.06911068875921628
2026-01-25 07:30:00,AWS_04,0,normal,none,0,0.04165870181298126
2026-01-25 07:45:00,AWS_04,0,normal,none,0,0.04495912222386811
2026-01-25 08:00:00,AWS_04,0,normal,none,0,0.09959847150795975
2026-01-25 08:15:00,AWS_04,0,normal,none,0,0.04148629599995979
2026-01-25 08:30:00,AWS_04,0,normal,none,0,0.047405849498581065
2026-01-25 08:45:00,AWS_04,0,normal,none,0,0.08132336199895429
2026-01-25 09:00:00,AWS_04,0,normal,none,0,0.08989773272860213
2026-01-25 09:15:00,AWS_04,0,normal,none,0,0.0947521428494395
2026-01-25 09:30:00,AWS_04,0,normal,none,0,0.08473685762083594
2026-01-25 09:45:00,AWS_04,0,normal,none,0,0.09162494525430803
2026-01-25 10:00:00,AWS_04,0,normal,none,0,0.0862053129676228
2026-01-25 10:15:00,AWS_04,0,normal,none,0,0.0889215828978438
2026-01-25 10:30:00,AWS_04,0,normal,none,0,0.07326609118748151
2026-01-25 10:45:00,AWS_04,0,normal,none,0,0.08888481362150208
2026-01-25 11:00:00,AWS_04,0,normal,none,0,0.059538487749636826
2026-01-25 11:15:00,AWS_04,0,normal,none,0,0.060353738529887124
2026-01-25 11:30:00,AWS_04,0,normal,none,0,0.062088649320421074
2026-01-25 11:45:00,AWS_04,0,normal,none,0,0.0762072079145319
2026-01-25 12:00:00,AWS_04,0,normal,none,0,0.06424103740061893
2026-01-25 12:15:00,AWS_04,0,normal,none,0,0.07170768387580556
2026-01-25 12:30:00,AWS_04,0,normal,none,0,0.035204348972230015
2026-01-25 12:45:00,AWS_04,0,normal,none,0,0.07175345951508177
2026-01-25 13:00:00,AWS_04,0,normal,none,0,0.04627127481107807
2026-01-25 13:15:00,AWS_04,0,normal,none,0,0.07229981804759211
2026-01-25 13:30:00,AWS_04,0,normal,none,0,0.0675454334166492
2026-01-25 13:45:00,AWS_04,0,normal,none,0,0.08301998079987954
2026-01-25 14:00:00,AWS_04,0,normal,none,0,0.06711799261509638
2026-01-25 14:15:00,AWS_04,0,normal,none,0,0.030630824923283728
2026-01-25 14:30:00,AWS_04,0,normal,none,0,0.05784237347836174
2026-01-25 14:45:00,AWS_04,0,normal,none,0,0.08491294435847635
2026-01-25 15:00:00,AWS_04,0,normal,none,0,0.0891852825133776
2026-01-25 15:15:00,AWS_04,0,normal,none,0,0.071506070152287
2026-01-25 15:30:00,AWS_04,0,normal,none,0,0.09178005240670667
2026-01-25 15:45:00,AWS_04,0,normal,none,0,0.0707906877242781
2026-01-25 16:00:00,AWS_04,0,normal,none,0,0.07450169176513632
2026-01-25 16:15:00,AWS_04,0,normal,none,0,0.05690988984827605
2026-01-25 16:30:00,AWS_04,0,normal,none,0,0.08236872931253175
2026-01-25 16:45:00,AWS_04,0,normal,none,0,0.07252476226903637
2026-01-25 17:00:00,AWS_04,0,normal,none,0,0.042200714405215334
2026-01-25 17:15:00,AWS_04,0,normal,none,0,0.07546242603444658
2026-01-25 17:30:00,AWS_04,0,normal,none,0,0.06956970157779907
2026-01-25 17:45:00,AWS_04,0,normal,none,0,0.0550689249872115
2026-01-25 18:00:00,AWS_04,0,normal,none,0,0.07613303776083824
2026-01-25 18:15:00,AWS_04,0,normal,none,0,0.06096023201163908
2026-01-25 18:30:00,AWS_04,0,normal,none,0,0.06870589330197302
2026-01-25 18:45:00,AWS_04,0,normal,none,0,0.05047875665958984
2026-01-25 19:00:00,AWS_04,0,normal,none,0,0.0463013924491652
2026-01-25 19:15:00,AWS_04,0,normal,none,0,0.07830850498592518
2026-01-25 19:30:00,AWS_04,0,normal,none,0,0.08415197620925885
2026-01-25 19:45:00,AWS_04,0,normal,none,0,0.02524275552987676
2026-01-25 20:00:00,AWS_04,0,normal,none,0,0.05071562241393318
2026-01-25 20:15:00,AWS_04,0,normal,none,0,0.05107245437127467
2026-01-25 20:30:00,AWS_04,0,normal,none,0,0.07850447522719245
2026-01-25 20:45:00,AWS_04,0,normal,none,0,0.081555375318632
2026-01-25 21:00:00,AWS_04,0,normal,none,0,0.03947381826590912
2026-01-25 21:15:00,AWS_04,0,normal,none,0,0.04530071011664394
2026-01-25 21:30:00,AWS_04,0,normal,none,0,0.08619952754632237
2026-01-25 21:45:00,AWS_04,0,normal,none,0,0.04489885123698023
2026-01-25 22:00:00,AWS_04,0,normal,none,0,0.0659407145911502
2026-01-25 22:15:00,AWS_04,0,normal,none,0,0.06441425710549187
2026-01-25 22:30:00,AWS_04,0,normal,none,0,0.06577557060065703
2026-01-25 22:45:00,AWS_04,0,normal,none,0,0.05913247308631581
2026-01-25 23:00:00,AWS_04,0,normal,none,0,0.06493564726021583
2026-01-25 23:15:00,AWS_04,0,normal,none,0,0.04752469353499389
2026-01-25 23:30:00,AWS_04,0,normal,none,0,0.06932074722751647
2026-01-25 23:45:00,AWS_04,0,normal,none,0,0.058605833360979076
2026-01-26 00:00:00,AWS_04,0,normal,none,0,0.05208106648437594
2026-01-26 00:15:00,AWS_04,1,multivariate_inconsistency,humidity,1,-0.017889723776167932
2026-01-26 00:30:00,AWS_04,1,multivariate_inconsistency,humidity,0,0.011084659212856174
2026-01-26 00:45:00,AWS_04,1,multivariate_inconsistency,humidity,0,0.04545765659347578
2026-01-26 01:00:00,AWS_04,1,multivariate_inconsistency,humidity,0,0.05369682758757899
2026-01-26 01:15:00,AWS_04,1,multivariate_inconsistency,humidity,0,0.05755345421210889
2026-01-26 01:30:00,AWS_04,1,multivariate_inconsistency,humidity,0,0.04006095195537007
2026-01-26 01:45:00,AWS_04,0,normal,none,1,-2.710997967436679e-05
2026-01-26 02:00:00,AWS_04,0,normal,none,0,0.04615190019980486
2026-01-26 02:15:00,AWS_04,0,normal,none,0,0.04787656857158429
2026-01-26 02:30:00,AWS_04,0,normal,none,0,0.025523867584072324
2026-01-26 02:45:00,AWS_04,0,normal,none,0,0.056343773495212024
2026-01-26 03:00:00,AWS_04,0,normal,none,0,0.06204725285834084
2026-01-26 03:15:00,AWS_04,0,normal,none,0,0.03168637081297154
2026-01-26 03:30:00,AWS_04,0,normal,none,0,0.037603575695757896
2026-01-26 03:45:00,AWS_04,0,normal,none,0,0.062155011080496425
2026-01-26 04:00:00,AWS_04,0,normal,none,0,0.018703457465110374
2026-01-26 04:15:00,AWS_04,0,normal,none,0,0.043273754517521135
2026-01-26 04:30:00,AWS_04,0,normal,none,0,0.06149252555535123
2026-01-26 04:45:00,AWS_04,0,normal,none,0,0.03041559957889739
2026-01-26 05:00:00,AWS_04,0,normal,none,0,0.04325949877758106
2026-01-26 05:15:00,AWS_04,0,normal,none,0,0.04578076985903479
2026-01-26 05:30:00,AWS_04,0,normal,none,0,0.06410049114675564
2026-01-26 05:45:00,AWS_04,0,normal,none,0,0.056153353337860146
2026-01-26 06:00:00,AWS_04,0,normal,none,0,0.03494263541924647
2026-01-26 06:15:00,AWS_04,0,normal,none,0,0.05085161302544472
2026-01-26 06:30:00,AWS_04,0,normal,none,0,0.014345076848706007
2026-01-26 06:45:00,AWS_04,0,normal,none,0,0.024270151757782465
2026-01-26 07:00:00,AWS_04,0,normal,none,0,0.05074486828421515
2026-01-26 07:15:00,AWS_04,0,normal,none,0,0.03094781270124991
2026-01-26 07:30:00,AWS_04,0,normal,none,0,0.03513894126628081
2026-01-26 07:45:00,AWS_04,0,normal,none,0,0.04904399847963026
2026-01-26 08:00:00,AWS_04,0,normal,none,0,0.0553418524828283
2026-01-26 08:15:00,AWS_04,0,normal,none,0,0.046830052617068296
2026-01-26 08:30:00,AWS_04,0,normal,none,0,0.03092293735573126
2026-01-26 08:45:00,AWS_04,0,normal,none,0,0.07508948476521515
2026-01-26 09:00:00,AWS_04,0,normal,none,0,0.08351619500365315
2026-01-26 09:15:00,AWS_04,0,normal,none,0,0.07188010064028144
2026-01-26 09:30:00,AWS_04,0,normal,none,0,0.04888420811066441
2026-01-26 09:45:00,AWS_04,0,normal,none,0,0.06020361858427786
2026-01-26 10:00:00,AWS_04,0,normal,none,0,0.017978007142137598
2026-01-26 10:15:00,AWS_04,0,normal,none,0,0.040276281711883244
2026-01-26 10:30:00,AWS_04,0,normal,none,0,0.0509427805293291
2026-01-26 10:45:00,AWS_04,0,normal,none,0,0.036324948992852324
2026-01-26 11:00:00,AWS_04,0,normal,none,0,0.04157429843072924
2026-01-26 11:15:00,AWS_04,0,normal,none,0,0.07626758011629675
2026-01-26 11:30:00,AWS_04,0,normal,none,0,0.04682274924347796
2026-01-26 11:45:00,AWS_04,0,normal,none,0,0.08122998919837177
2026-01-26 12:00:00,AWS_04,0,normal,none,0,0.06839129135950978
2026-01-26 12:15:00,AWS_04,0,normal,none,0,0.07383987045581553
2026-01-26 12:30:00,AWS_04,0,normal,none,0,0.07111917825601932
2026-01-26 12:45:00,AWS_04,0,normal,none,0,0.04683156908913688
2026-01-26 13:00:00,AWS_04,0,normal,none,0,0.0725954058585579
2026-01-26 13:15:00,AWS_04,0,normal,none,0,0.04355616806308127
2026-01-26 13:30:00,AWS_04,0,normal,none,0,0.06355063995174498
2026-01-26 13:45:00,AWS_04,0,normal,none,0,0.03270038785302243
2026-01-26 14:00:00,AWS_04,0,normal,none,0,0.05901736149987874
2026-01-26 14:15:00,AWS_04,0,normal,none,0,0.06565611064887
2026-01-26 14:30:00,AWS_04,0,normal,none,0,0.06238348379484554
2026-01-26 14:45:00,AWS_04,0,normal,none,0,0.061221944172385134
2026-01-26 15:00:00,AWS_04,0,normal,none,0,0.08009507705793889
2026-01-26 15:15:00,AWS_04,0,normal,none,0,0.07168867134392454
2026-01-26 15:30:00,AWS_04,0,normal,none,0,0.07878611363596605
2026-01-26 15:45:00,AWS_04,0,normal,none,0,0.08586212388835557
2026-01-26 16:00:00,AWS_04,0,normal,none,0,0.04749584722444189
2026-01-26 16:15:00,AWS_04,0,normal,none,0,0.051108542326467554
2026-01-26 16:30:00,AWS_04,0,normal,none,0,0.05897855584788958
2026-01-26 16:45:00,AWS_04,0,normal,none,0,0.08310834179861959
2026-01-26 17:00:00,AWS_04,0,normal,none,0,0.08079078686109381
2026-01-26 17:15:00,AWS_04,0,normal,none,0,0.0370502625420418
2026-01-26 17:30:00,AWS_04,0,normal,none,0,0.025202868515325938
2026-01-26 17:45:00,AWS_04,0,normal,none,0,0.04600751620083576
2026-01-26 18:00:00,AWS_04,0,normal,none,0,0.08403577550628694
2026-01-26 18:15:00,AWS_04,0,normal,none,0,0.08042148157278489
2026-01-26 18:30:00,AWS_04,0,normal,none,0,0.05327475179432223
2026-01-26 18:45:00,AWS_04,0,normal,none,0,0.050062567437529515
2026-01-26 19:00:00,AWS_04,0,normal,none,0,0.07474897050367202
2026-01-26 19:15:00,AWS_04,0,normal,none,0,0.08654569679687119
2026-01-26 19:30:00,AWS_04,0,normal,none,0,0.08805657280844803
2026-01-26 19:45:00,AWS_04,0,normal,none,0,0.073898177904895
2026-01-26 20:00:00,AWS_04,0,normal,none,0,0.09684295149352523
2026-01-26 20:15:00,AWS_04,0,normal,none,0,0.09190160977645034
2026-01-26 20:30:00,AWS_04,0,normal,none,0,0.05560866485056032
2026-01-26 20:45:00,AWS_04,0,normal,none,0,0.05481800071480941
2026-01-26 21:00:00,AWS_04,0,normal,none,0,0.06427032884845385
2026-01-26 21:15:00,AWS_04,0,normal,none,0,0.048539823438112584
2026-01-26 21:30:00,AWS_04,0,normal,none,0,0.04922158339946803
2026-01-26 21:45:00,AWS_04,0,normal,none,0,0.08321977647734907
2026-01-26 22:00:00,AWS_04,0,normal,none,0,0.0820921061895048
2026-01-26 22:15:00,AWS_04,0,normal,none,0,0.05733076875080778
2026-01-26 22:30:00,AWS_04,0,normal,none,0,0.07431790213401751
2026-01-26 22:45:00,AWS_04,0,normal,none,0,0.04486915255646062
2026-01-26 23:00:00,AWS_04,0,normal,none,0,0.0552876848989573
2026-01-26 23:15:00,AWS_04,0,normal,none,0,0.059987157657537926
2026-01-26 23:30:00,AWS_04,0,normal,none,0,0.06366557898746183
2026-01-26 23:45:00,AWS_04,0,normal,none,0,0.06498246286171455
2026-01-27 00:00:00,AWS_04,0,normal,none,0,0.01526339071488958
2026-01-27 00:15:00,AWS_04,1,frozen_sensor,temperature,0,0.02970562041856084
2026-01-27 00:30:00,AWS_04,1,frozen_sensor,temperature,0,0.030113334876143094
2026-01-27 00:45:00,AWS_04,1,missing_data,all,0,0.04119241723103606
2026-01-27 01:00:00,AWS_04,1,missing_data,all,0,0.03345436492227216
2026-01-27 01:15:00,AWS_04,1,missing_data,all,1,-0.023323008616362828
2026-01-27 01:30:00,AWS_04,1,missing_data,all,0,0.053125631210553415
2026-01-27 01:45:00,AWS_04,1,missing_data,all,0,0.04488367255603121
2026-01-27 02:00:00,AWS_04,1,missing_data,all,0,0.051870562744444015
2026-01-27 02:15:00,AWS_04,1,missing_data,all,0,0.0536861826772741
2026-01-27 02:30:00,AWS_04,1,missing_data,all,0,0.03465127782743016
2026-01-27 02:45:00,AWS_04,1,frozen_sensor,temperature,0,0.011874442213567593
2026-01-27 03:00:00,AWS_04,1,frozen_sensor,temperature,1,-0.0007810111919563933
2026-01-27 03:15:00,AWS_04,1,frozen_sensor,temperature,0,0.050668244310501376
2026-01-27 03:30:00,AWS_04,1,frozen_sensor,temperature,0,0.05224003748767414
2026-01-27 03:45:00,AWS_04,1,frozen_sensor,temperature,0,0.06224144331046039
2026-01-27 04:00:00,AWS_04,1,frozen_sensor,temperature,0,0.0585678451873885
2026-01-27 04:15:00,AWS_04,1,frozen_sensor,temperature,0,0.048396306746789186
2026-01-27 04:30:00,AWS_04,1,frozen_sensor,temperature,0,0.05794888536165316
2026-01-27 04:45:00,AWS_04,1,frozen_sensor,temperature,0,0.0385623472531037
2026-01-27 05:00:00,AWS_04,1,frozen_sensor,temperature,0,0.041614794499146956
2026-01-27 05:15:00,AWS_04,1,frozen_sensor,temperature,0,0.052619383417064625
2026-01-27 05:30:00,AWS_04,1,frozen_sensor,temperature,0,0.04713629917508755
2026-01-27 05:45:00,AWS_04,1,frozen_sensor,temperature,0,0.042320130195676264
2026-01-27 06:00:00,AWS_04,1,frozen_sensor,temperature,0,0.05279907935065231
2026-01-27 06:15:00,AWS_04,0,normal,none,1,-0.005258616606473754
2026-01-27 06:30:00,AWS_04,0,normal,none,0,0.06790764648603675
2026-01-27 06:45:00,AWS_04,0,normal,none,0,0.07041336782556129
2026-01-27 07:00:00,AWS_04,0,normal,none,0,0.0712909192477123
2026-01-27 07:15:00,AWS_04,0,normal,none,0,0.08407951079884945
2026-01-27 07:30:00,AWS_04,0,normal,none,0,0.02069608993520633
2026-01-27 07:45:00,AWS_04,0,normal,none,0,0.03211191157481841
2026-01-27 08:00:00,AWS_04,0,normal,none,0,0.041668085923657894
2026-01-27 08:15:00,AWS_04,0,normal,none,0,0.036212000591017035
2026-01-27 08:30:00,AWS_04,0,normal,none,0,0.06286579359987504
2026-01-27 08:45:00,AWS_04,0,normal,none,0,0.07126805810099729
2026-01-27 09:00:00,AWS_04,0,normal,none,0,0.06474313589928815
2026-01-27 09:15:00,AWS_04,0,normal,none,0,0.054660573240821575
2026-01-27 09:30:00,AWS_04,0,normal,none,0,0.016755288950431324
2026-01-27 09:45:00,AWS_04,0,normal,none,0,0.0034853066860461857
2026-01-27 10:00:00,AWS_04,0,normal,none,0,0.03476548201719065
2026-01-27 10:15:00,AWS_04,0,normal,none,0,0.026685814160767984
2026-01-27 10:30:00,AWS_04,0,normal,none,0,0.07275785973037335
2026-01-27 10:45:00,AWS_04,0,normal,none,0,0.07801857704588488
2026-01-27 11:00:00,AWS_04,0,normal,none,0,0.059270136926529216
2026-01-27 11:15:00,AWS_04,0,normal,none,0,0.04946529223228552
2026-01-27 11:30:00,AWS_04,0,normal,none,0,0.06934587952791332
2026-01-27 11:45:00,AWS_04,0,normal,none,0,0.08035382207430347
2026-01-27 12:00:00,AWS_04,0,normal,none,0,0.06930556680954075
2026-01-27 12:15:00,AWS_04,0,normal,none,0,0.023038660797121135
2026-01-27 12:30:00,AWS_04,0,normal,none,0,0.04404008239721735
2026-01-27 12:45:00,AWS_04,0,normal,none,0,0.03355396458556903
2026-01-27 13:00:00,AWS_04,0,normal,none,0,0.013995399638942918
2026-01-27 13:15:00,AWS_04,0,normal,none,0,0.03401382694002375
2026-01-27 13:30:00,AWS_04,0,normal,none,0,0.07436226599551349
2026-01-27 13:45:00,AWS_04,0,normal,none,0,0.06063482118657215
2026-01-27 14:00:00,AWS_04,0,normal,none,0,0.07095032675137986
2026-01-27 14:15:00,AWS_04,0,normal,none,0,0.07915047821994986
2026-01-27 14:30:00,AWS_04,0,normal,none,0,0.047302109541232706
2026-01-27 14:45:00,AWS_04,0,normal,none,0,0.0607321403370461
2026-01-27 15:00:00,AWS_04,0,normal,none,0,0.054537149567951915
2026-01-27 15:15:00,AWS_04,0,normal,none,0,0.03841154396571034
2026-01-27 15:30:00,AWS_04,0,normal,none,0,0.0597071812425341
2026-01-27 15:45:00,AWS_04,0,normal,none,0,0.057582494404254836
2026-01-27 16:00:00,AWS_04,0,normal,none,0,0.052840561904059
2026-01-27 16:15:00,AWS_04,0,normal,none,0,0.04687497953204267
2026-01-27 16:30:00,AWS_04,0,normal,none,0,0.04151053133834803
2026-01-27 16:45:00,AWS_04,0,normal,none,0,0.008969036069592429
2026-01-27 17:00:00,AWS_04,0,normal,none,0,0.0423488661889706
2026-01-27 17:15:00,AWS_04,0,normal,none,0,0.06294438281557435
2026-01-27 17:30:00,AWS_04,0,normal,none,0,0.05402605667800775
2026-01-27 17:45:00,AWS_04,0,normal,none,0,0.0813841290221165
2026-01-27 18:00:00,AWS_04,0,normal,none,0,0.08098501607718062
2026-01-27 18:15:00,AWS_04,0,normal,none,0,0.06464117629498134
2026-01-27 18:30:00,AWS_04,0,normal,none,0,0.07986744653276279
2026-01-27 18:45:00,AWS_04,0,normal,none,0,0.04292103307812756
2026-01-27 19:00:00,AWS_04,0,normal,none,0,0.05855105184924991
2026-01-27 19:15:00,AWS_04,0,normal,none,0,0.04132363426326846
2026-01-27 19:30:00,AWS_04,0,normal,none,0,0.038959787152161196
2026-01-27 19:45:00,AWS_04,0,normal,none,0,0.07154178488628132
2026-01-27 20:00:00,AWS_04,0,normal,none,0,0.07777967549012588
2026-01-27 20:15:00,AWS_04,0,normal,none,0,0.07989702734393206
2026-01-27 20:30:00,AWS_04,0,normal,none,0,0.062065001354654425
2026-01-27 20:45:00,AWS_04,0,normal,none,0,0.030089402487735284
2026-01-27 21:00:00,AWS_04,0,normal,none,0,0.03196291580694077
2026-01-27 21:15:00,AWS_04,0,normal,none,0,0.07100573810289074
2026-01-27 21:30:00,AWS_04,0,normal,none,0,0.034099504248037205
2026-01-27 21:45:00,AWS_04,0,normal,none,0,0.06258812699646438
2026-01-27 22:00:00,AWS_04,0,normal,none,0,0.07745959918345302
2026-01-27 22:15:00,AWS_04,0,normal,none,0,0.07363491554396673
2026-01-27 22:30:00,AWS_04,0,normal,none,0,0.07718196597886379
2026-01-27 22:45:00,AWS_04,0,normal,none,0,0.0635137478272148
2026-01-27 23:00:00,AWS_04,0,normal,none,0,0.07586963693123738
2026-01-27 23:15:00,AWS_04,0,normal,none,0,0.07956526475639131
2026-01-27 23:30:00,AWS_04,0,normal,none,0,0.07092788205655864
2026-01-27 23:45:00,AWS_04,0,normal,none,0,0.07925596349007896
2026-01-28 00:00:00,AWS_04,0,normal,none,0,0.03426689400700078
2026-01-28 00:15:00,AWS_04,0,normal,none,0,0.04832654586119922
2026-01-28 00:30:00,AWS_04,1,multivariate_inconsistency,humidity,1,-0.14203650248667188
2026-01-28 00:45:00,AWS_04,1,multivariate_inconsistency,humidity,1,-0.05179230321434647
2026-01-28 01:00:00,AWS_04,1,multivariate_inconsistency,humidity,1,-0.05471250381338166
2026-01-28 01:15:00,AWS_04,1,multivariate_inconsistency,humidity,1,-0.05471250381338166
2026-01-28 01:30:00,AWS_04,1,multivariate_inconsistency,humidity,1,-0.08436519824075905
2026-01-28 01:45:00,AWS_04,1,multivariate_inconsistency,humidity,0,0.047559782088290814
2026-01-28 02:00:00,AWS_04,0,normal,none,1,-0.010054830730817699
2026-01-28 02:15:00,AWS_04,0,normal,none,0,0.05065028842570479
2026-01-28 02:30:00,AWS_04,0,normal,none,0,0.05046207810331382
2026-01-28 02:45:00,AWS_04,0,normal,none,0,0.05522131808373948
2026-01-28 03:00:00,AWS_04,0,normal,none,0,0.0515627265650736
2026-01-28 03:15:00,AWS_04,0,normal,none,0,0.0538664225742751
2026-01-28 03:30:00,AWS_04,0,normal,none,0,0.028312022292365735
2026-01-28 03:45:00,AWS_04,0,normal,none,0,0.001663317359725025
2026-01-28 04:00:00,AWS_04,0,normal,none,0,0.02040130060023526
2026-01-28 04:15:00,AWS_04,0,normal,none,0,0.04364269170827828
2026-01-28 04:30:00,AWS_04,0,normal,none,0,0.03456938893093098
2026-01-28 04:45:00,AWS_04,0,normal,none,0,0.022763322147927423
2026-01-28 05:00:00,AWS_04,0,normal,none,0,0.0251564745952928
2026-01-28 05:15:00,AWS_04,0,normal,none,0,0.04978574508240363
2026-01-28 05:30:00,AWS_04,0,normal,none,0,0.03691182920598446
2026-01-28 05:45:00,AWS_04,0,normal,none,0,0.03137344945680931
2026-01-28 06:00:00,AWS_04,0,normal,none,0,0.05627607951552577
2026-01-28 06:15:00,AWS_04,0,normal,none,0,0.05394459965494108
2026-01-28 06:30:00,AWS_04,0,normal,none,0,0.01394476582808346
2026-01-28 06:45:00,AWS_04,0,normal,none,0,0.06640883064806885
2026-01-28 07:00:00,AWS_04,0,normal,none,0,0.033448563851153135
2026-01-28 07:15:00,AWS_04,0,normal,none,0,0.012759043761170985
2026-01-28 07:30:00,AWS_04,0,normal,none,0,0.07030860906432668
2026-01-28 07:45:00,AWS_04,0,normal,none,0,0.05303402101651222
2026-01-28 08:00:00,AWS_04,0,normal,none,0,0.044555734450708595
2026-01-28 08:15:00,AWS_04,0,normal,none,0,0.0477567980386957
2026-01-28 08:30:00,AWS_04,0,normal,none,0,0.06380726581751056
2026-01-28 08:45:00,AWS_04,0,normal,none,0,0.055391467103257375
2026-01-28 09:00:00,AWS_04,0,normal,none,0,0.03392266833990254
2026-01-28 09:15:00,AWS_04,0,normal,none,0,0.030134718876674405
2026-01-28 09:30:00,AWS_04,0,normal,none,0,0.046674590246655545
2026-01-28 09:45:00,AWS_04,0,normal,none,0,0.05601716348678121
2026-01-28 10:00:00,AWS_04,0,normal,none,0,0.028762636878833403
2026-01-28 10:15:00,AWS_04,0,normal,none,0,0.017894393580220602
2026-01-28 10:30:00,AWS_04,0,normal,none,0,0.012075025424084451
2026-01-28 10:45:00,AWS_04,0,normal,none,0,0.06331800775777818
2026-01-28 11:00:00,AWS_04,0,normal,none,0,0.02869383492477473
2026-01-28 11:15:00,AWS_04,0,normal,none,0,0.06586183642943905
2026-01-28 11:30:00,AWS_04,0,normal,none,0,0.05482980577865981
2026-01-28 11:45:00,AWS_04,0,normal,none,0,0.0563774984189469
2026-01-28 12:00:00,AWS_04,0,normal,none,0,0.07582377700369242
2026-01-28 12:15:00,AWS_04,0,normal,none,0,0.03723691857849243
2026-01-28 12:30:00,AWS_04,0,normal,none,0,0.05766545134003764
2026-01-28 12:45:00,AWS_04,0,normal,none,0,0.06686332247598542
2026-01-28 13:00:00,AWS_04,0,normal,none,0,0.049656770007790896
2026-01-28 13:15:00,AWS_04,0,normal,none,0,0.06244198833055603
2026-01-28 13:30:00,AWS_04,0,normal,none,0,0.048216050600113025
2026-01-28 13:45:00,AWS_04,0,normal,none,0,0.05495953469795467
2026-01-28 14:00:00,AWS_04,0,normal,none,0,0.020039287543177853
2026-01-28 14:15:00,AWS_04,0,normal,none,0,0.06427543435956146
2026-01-28 14:30:00,AWS_04,0,normal,none,0,0.06173603976406178
2026-01-28 14:45:00,AWS_04,0,normal,none,0,0.05294410010859063
2026-01-28 15:00:00,AWS_04,0,normal,none,0,0.06158461067680088
2026-01-28 15:15:00,AWS_04,0,normal,none,0,0.0570768232675648
2026-01-28 15:30:00,AWS_04,0,normal,none,0,0.06196333915731911
2026-01-28 15:45:00,AWS_04,0,normal,none,0,0.03374226792796542
2026-01-28 16:00:00,AWS_04,0,normal,none,0,0.07148890730754098
2026-01-28 16:15:00,AWS_04,0,normal,none,0,0.06936787395390104
2026-01-28 16:30:00,AWS_04,0,normal,none,0,0.06814502808742257
2026-01-28 16:45:00,AWS_04,0,normal,none,0,0.07468980857527485
2026-01-28 17:00:00,AWS_04,0,normal,none,0,0.05431273666565389
2026-01-28 17:15:00,AWS_04,0,normal,none,0,0.045490386394206106
2026-01-28 17:30:00,AWS_04,0,normal,none,0,0.051031732948363384
2026-01-28 17:45:00,AWS_04,0,normal,none,0,0.06896530448796745
2026-01-28 18:00:00,AWS_04,0,normal,none,0,0.07105176697895865
2026-01-28 18:15:00,AWS_04,0,normal,none,0,0.06943639154384901
2026-01-28 18:30:00,AWS_04,0,normal,none,0,0.02108542690546733
2026-01-28 18:45:00,AWS_04,0,normal,none,0,0.06150293518392813
2026-01-28 19:00:00,AWS_04,0,normal,none,0,0.05921197340420359
2026-01-28 19:15:00,AWS_04,0,normal,none,0,0.059357566714667354
2026-01-28 19:30:00,AWS_04,0,normal,none,0,0.03221852024630534
2026-01-28 19:45:00,AWS_04,0,normal,none,0,0.0603612769736655
2026-01-28 20:00:00,AWS_04,0,normal,none,0,0.04759817457313831
2026-01-28 20:15:00,AWS_04,0,normal,none,0,0.01923642483100696
2026-01-28 20:30:00,AWS_04,0,normal,none,0,0.0366052184117307
2026-01-28 20:45:00,AWS_04,0,normal,none,0,0.05448266413715808
2026-01-28 21:00:00,AWS_04,0,normal,none,0,0.06458766190374443
2026-01-28 21:15:00,AWS_04,0,normal,none,0,0.0281377786195095
2026-01-28 21:30:00,AWS_04,0,normal,none,0,0.06917650365131234
2026-01-28 21:45:00,AWS_04,0,normal,none,0,0.046120021585707494
2026-01-28 22:00:00,AWS_04,0,normal,none,0,0.03663347392761018
2026-01-28 22:15:00,AWS_04,0,normal,none,0,0.0628104433777465
2026-01-28 22:30:00,AWS_04,0,normal,none,0,0.05922515810808171
2026-01-28 22:45:00,AWS_04,0,normal,none,0,0.00441161670343071
2026-01-28 23:00:00,AWS_04,0,normal,none,0,0.046422296773591
2026-01-28 23:15:00,AWS_04,0,normal,none,0,0.056813301584927034
2026-01-28 23:30:00,AWS_04,0,normal,none,0,0.04938804886569215
2026-01-28 23:45:00,AWS_04,0,normal,none,0,0.04465582898531861
2026-01-29 00:00:00,AWS_04,0,normal,none,0,0.04343504495978101
2026-01-29 00:15:00,AWS_04,0,normal,none,0,0.03659005413160854
2026-01-29 00:30:00,AWS_04,0,normal,none,0,0.02946770152746858
2026-01-29 00:45:00,AWS_04,0,normal,none,0,0.03150956940362848
2026-01-29 01:00:00,AWS_04,1,missing_data,all,0,0.017413648024306227
2026-01-29 01:15:00,AWS_04,1,missing_data,all,0,0.031707964798423305
2026-01-29 01:30:00,AWS_04,1,missing_data,all,0,0.005531441684298755
2026-01-29 01:45:00,AWS_04,1,missing_data,all,0,0.01589793297880615
2026-01-29 02:00:00,AWS_04,1,missing_data,all,1,-0.011948524905649127
2026-01-29 02:15:00,AWS_04,1,missing_data,all,1,-0.00912594584475368
2026-01-29 02:30:00,AWS_04,1,missing_data,all,0,0.021361655509316124
2026-01-29 02:45:00,AWS_04,1,missing_data,all,1,-0.027216434696635594
2026-01-29 03:00:00,AWS_04,0,normal,none,1,-0.027066158010722874
2026-01-29 03:15:00,AWS_04,0,normal,none,0,0.027919095852298348
2026-01-29 03:30:00,AWS_04,0,normal,none,0,0.0351782250451228
2026-01-29 03:45:00,AWS_04,0,normal,none,0,0.02612940841495892
2026-01-29 04:00:00,AWS_04,0,normal,none,0,0.004040290235994282
2026-01-29 04:15:00,AWS_04,0,normal,none,0,0.012618527745786534
2026-01-29 04:30:00,AWS_04,0,normal,none,0,0.031052939986373485
2026-01-29 04:45:00,AWS_04,0,normal,none,0,0.02844885336332359
2026-01-29 05:00:00,AWS_04,0,normal,none,0,0.03162449188118854
2026-01-29 05:15:00,AWS_04,0,normal,none,0,0.03256543154314384
2026-01-29 05:30:00,AWS_04,0,normal,none,0,0.03833489741365226
2026-01-29 05:45:00,AWS_04,0,normal,none,1,-0.0038768960629492755
2026-01-29 06:00:00,AWS_04,0,normal,none,0,0.0011937032526753155
2026-01-29 06:15:00,AWS_04,0,normal,none,0,0.047613576238525024
2026-01-29 06:30:00,AWS_04,0,normal,none,1,-0.0019142709701163163
2026-01-29 06:45:00,AWS_04,0,normal,none,0,0.025886705206740968
2026-01-29 07:00:00,AWS_04,0,normal,none,0,0.026150654972814547
2026-01-29 07:15:00,AWS_04,0,normal,none,0,0.03739472285133927
2026-01-29 07:30:00,AWS_04,0,normal,none,0,0.022463077226722916
2026-01-29 07:45:00,AWS_04,0,normal,none,0,0.013941400035610063
2026-01-29 08:00:00,AWS_04,0,normal,none,0,0.04704422497098126
2026-01-29 08:15:00,AWS_04,0,normal,none,0,0.024290508908384578
2026-01-29 08:30:00,AWS_04,0,normal,none,0,0.013750842214731662
2026-01-29 08:45:00,AWS_04,0,normal,none,0,0.05452236604451938
2026-01-29 09:00:00,AWS_04,0,normal,none,0,0.039978780719142404
2026-01-29 09:15:00,AWS_04,0,normal,none,0,0.05607231185700956
2026-01-29 09:30:00,AWS_04,0,normal,none,0,0.022745676574839502
2026-01-29 09:45:00,AWS_04,0,normal,none,0,0.034527801124094815
2026-01-29 10:00:00,AWS_04,0,normal,none,0,0.055875146952433175
2026-01-29 10:15:00,AWS_04,0,normal,none,0,0.029139981335698506
2026-01-29 10:30:00,AWS_04,0,normal,none,0,0.046768676963719
2026-01-29 10:45:00,AWS_04,0,normal,none,0,0.03633298329773749
2026-01-29 11:00:00,AWS_04,0,normal,none,0,0.04534400438985675
2026-01-29 11:15:00,AWS_04,0,normal,none,0,0.045135608029655994
2026-01-29 11:30:00,AWS_04,0,normal,none,0,0.017621721741065133
2026-01-29 11:45:00,AWS_04,0,normal,none,0,0.05489085267046273
2026-01-29 12:00:00,AWS_04,0,normal,none,0,0.04842654526075685
2026-01-29 12:15:00,AWS_04,0,normal,none,0,0.052685310349642855
2026-01-29 12:30:00,AWS_04,0,normal,none,0,0.01668743040657239
2026-01-29 12:45:00,AWS_04,0,normal,none,0,0.012172039534087964
2026-01-29 13:00:00,AWS_04,0,normal,none,1,-0.0028058317343867545
2026-01-29 13:15:00,AWS_04,0,normal,none,0,0.04872070095742176
2026-01-29 13:30:00,AWS_04,0,normal,none,0,0.025755708591476578
2026-01-29 13:45:00,AWS_04,0,normal,none,0,0.06389196774717787
2026-01-29 14:00:00,AWS_04,0,normal,none,0,0.05004434110672834
2026-01-29 14:15:00,AWS_04,0,normal,none,0,0.02790354201616463
2026-01-29 14:30:00,AWS_04,0,normal,none,0,0.03333752172313287
2026-01-29 14:45:00,AWS_04,0,normal,none,0,0.04400341263504315
2026-01-29 15:00:00,AWS_04,0,normal,none,0,0.05056256443714846
2026-01-29 15:15:00,AWS_04,0,normal,none,0,0.04931516859369134
2026-01-29 15:30:00,AWS_04,0,normal,none,0,0.028689483821772832
2026-01-29 15:45:00,AWS_04,0,normal,none,0,0.050130638638871516
2026-01-29 16:00:00,AWS_04,0,normal,none,0,0.05606301669139857
2026-01-29 16:15:00,AWS_04,0,normal,none,0,0.045156607841494334
2026-01-29 16:30:00,AWS_04,0,normal,none,0,0.05585382101592151
2026-01-29 16:45:00,AWS_04,0,normal,none,0,0.051565878973648005
2026-01-29 17:00:00,AWS_04,0,normal,none,0,0.04498044421286651
2026-01-29 17:15:00,AWS_04,0,normal,none,0,0.03628455020013932
2026-01-29 17:30:00,AWS_04,0,normal,none,0,0.02339270321777176
2026-01-29 17:45:00,AWS_04,0,normal,none,0,0.02632308036131803
2026-01-29 18:00:00,AWS_04,0,normal,none,0,0.05153030916928275
2026-01-29 18:15:00,AWS_04,0,normal,none,0,0.02546738686589123
2026-01-29 18:30:00,AWS_04,0,normal,none,0,0.02854300518669073
2026-01-29 18:45:00,AWS_04,0,normal,none,0,0.04428598249028437
2026-01-29 19:00:00,AWS_04,0,normal,none,0,0.04210801624069038
2026-01-29 19:15:00,AWS_04,0,normal,none,0,0.04964994761746916
2026-01-29 19:30:00,AWS_04,0,normal,none,0,0.04134169857209391
2026-01-29 19:45:00,AWS_04,0,normal,none,1,-0.019075129564763427
2026-01-29 20:00:00,AWS_04,0,normal,none,0,0.0378438663061198
2026-01-29 20:15:00,AWS_04,0,normal,none,0,0.047011559233025024
2026-01-29 20:30:00,AWS_04,0,normal,none,0,0.04471460612186551
2026-01-29 20:45:00,AWS_04,0,normal,none,0,0.05008526001802077
2026-01-29 21:00:00,AWS_04,0,normal,none,0,0.06261404845617768
2026-01-29 21:15:00,AWS_04,0,normal,none,0,0.05498869999493128
2026-01-29 21:30:00,AWS_04,0,normal,none,0,0.050845764894132395
2026-01-29 21:45:00,AWS_04,0,normal,none,0,0.047494494555304634
2026-01-29 22:00:00,AWS_04,0,normal,none,0,0.02698416940444992
2026-01-29 22:15:00,AWS_04,0,normal,none,0,0.02194353834386209
2026-01-29 22:30:00,AWS_04,0,normal,none,0,0.03171901055388304
2026-01-29 22:45:00,AWS_04,0,normal,none,0,0.054904231517490854
2026-01-29 23:00:00,AWS_04,0,normal,none,0,0.03823969017093154
2026-01-29 23:15:00,AWS_04,0,normal,none,0,0.012822572700334156
2026-01-29 23:30:00,AWS_04,0,normal,none,0,0.05433094826069512
2026-01-29 23:45:00,AWS_04,0,normal,none,0,0.04871764694212366
2026-01-30 00:00:00,AWS_04,0,normal,none,0,0.020366858115374753
2026-01-30 00:15:00,AWS_04,0,normal,none,1,-0.010346859334699143
2026-01-30 00:30:00,AWS_04,1,multivariate_inconsistency,humidity,1,-0.02496480835369863
2026-01-30 00:45:00,AWS_04,1,multivariate_inconsistency,humidity,0,0.018554456180888135
2026-01-30 01:00:00,AWS_04,1,multivariate_inconsistency,humidity,0,0.019235320025951186
2026-01-30 01:15:00,AWS_04,1,multivariate_inconsistency,humidity,0,0.029322386350787988
2026-01-30 01:30:00,AWS_04,1,multivariate_inconsistency,humidity,0,0.015975854768384923
2026-01-30 01:45:00,AWS_04,1,multivariate_inconsistency,humidity,0,0.022045054220563798
2026-01-30 02:00:00,AWS_04,0,normal,none,1,-0.026312650829099837
2026-01-30 02:15:00,AWS_04,0,normal,none,0,0.031372088591625436
2026-01-30 02:30:00,AWS_04,0,normal,none,0,0.012607710592026145
2026-01-30 02:45:00,AWS_04,0,normal,none,0,0.024035052494585263
2026-01-30 03:00:00,AWS_04,0,normal,none,0,0.016335128982704727
2026-01-30 03:15:00,AWS_04,0,normal,none,1,-0.012261212885734896
2026-01-30 03:30:00,AWS_04,0,normal,none,1,-0.014731216211822273
2026-01-30 03:45:00,AWS_04,0,normal,none,1,-0.0007795287825008712
2026-01-30 04:00:00,AWS_04,0,normal,none,0,8.984747440432539e-05
2026-01-30 04:15:00,AWS_04,0,normal,none,0,0.02519364572598992
2026-01-30 04:30:00,AWS_04,0,normal,none,0,0.019194271672669183
2026-01-30 04:45:00,AWS_04,0,normal,none,0,0.020547709555235105
2026-01-30 05:00:00,AWS_04,0,normal,none,1,-0.02475470360774157
2026-01-30 05:15:00,AWS_04,0,normal,none,0,0.004278822442769115
2026-01-30 05:30:00,AWS_04,0,normal,none,0,0.022861499514918115
2026-01-30 05:45:00,AWS_04,0,normal,none,0,0.02980218534073442
2026-01-30 06:00:00,AWS_04,0,normal,none,1,-0.012092684094644035
2026-01-30 06:15:00,AWS_04,0,normal,none,0,0.00422346858171041
2026-01-30 06:30:00,AWS_04,0,normal,none,0,0.022172377354780948
2026-01-30 06:45:00,AWS_04,0,normal,none,0,0.025139717765535585
2026-01-30 07:00:00,AWS_04,0,normal,none,0,0.02610417692243916
2026-01-30 07:15:00,AWS_04,0,normal,none,0,0.02833331526260152
2026-01-30 07:30:00,AWS_04,0,normal,none,0,0.021728257525786998
2026-01-30 07:45:00,AWS_04,0,normal,none,0,0.023064173756044526
2026-01-30 08:00:00,AWS_04,0,normal,none,0,0.027954197200323105
2026-01-30 08:15:00,AWS_04,0,normal,none,1,-0.019677615682787808
2026-01-30 08:30:00,AWS_04,0,normal,none,0,0.010379065484221184
2026-01-30 08:45:00,AWS_04,0,normal,none,0,0.0199515539163293
2026-01-30 09:00:00,AWS_04,0,normal,none,0,0.009640606870688795
2026-01-30 09:15:00,AWS_04,0,normal,none,0,0.026714445471122672
2026-01-30 09:30:00,AWS_04,0,normal,none,0,0.020555405339138688
2026-01-30 09:45:00,AWS_04,0,normal,none,0,0.03164031365029951
2026-01-30 10:00:00,AWS_04,0,normal,none,0,0.02314186306770527
2026-01-30 10:15:00,AWS_04,0,normal,none,0,0.01265210748074097
2026-01-30 10:30:00,AWS_04,0,normal,none,1,-0.005339745028342335
2026-01-30 10:45:00,AWS_04,0,normal,none,0,0.023646306320620702
2026-01-30 11:00:00,AWS_04,0,normal,none,0,0.013486092794000148
2026-01-30 11:15:00,AWS_04,0,normal,none,0,0.015988552839808268
2026-01-30 11:30:00,AWS_04,0,normal,none,0,0.00972387604872682
2026-01-30 11:45:00,AWS_04,0,normal,none,0,0.023064120379336583
2026-01-30 12:00:00,AWS_04,0,normal,none,0,0.022664151409090505
2026-01-30 12:15:00,AWS_04,0,normal,none,0,0.01686512896186565
2026-01-30 12:30:00,AWS_04,0,normal,none,1,-0.0007946773845748378
2026-01-30 12:45:00,AWS_04,0,normal,none,1,-0.004187761953122315
2026-01-30 13:00:00,AWS_04,0,normal,none,1,-0.0009184676698946737
2026-01-30 13:15:00,AWS_04,0,normal,none,0,0.034116456744312185
2026-01-30 13:30:00,AWS_04,0,normal,none,0,0.029074972848153302
2026-01-30 13:45:00,AWS_04,0,normal,none,0,0.007486619893309565
2026-01-30 14:00:00,AWS_04,0,normal,none,0,0.0024013248498858664
2026-01-30 14:15:00,AWS_04,0,normal,none,0,0.023305961514625384
2026-01-30 14:30:00,AWS_04,0,normal,none,1,-0.019586760522340207
2026-01-30 14:45:00,AWS_04,0,normal,none,0,0.017413071354199672
2026-01-30 15:00:00,AWS_04,0,normal,none,0,0.023030133620488002
2026-01-30 15:15:00,AWS_04,0,normal,none,0,0.014982459616401655
2026-01-30 15:30:00,AWS_04,0,normal,none,0,0.004269232152167346
2026-01-30 15:45:00,AWS_04,0,normal,none,0,0.03897416393295794
2026-01-30 16:00:00,AWS_04,0,normal,none,0,0.036634157229034625
2026-01-30 16:15:00,AWS_04,0,normal,none,1,-0.005032568981022334
2026-01-30 16:30:00,AWS_04,0,normal,none,0,0.017930065736300738
2026-01-30 16:45:00,AWS_04,0,normal,none,0,0.0322886863677152
2026-01-30 17:00:00,AWS_04,0,normal,none,0,0.03129421833678048
2026-01-30 17:15:00,AWS_04,0,normal,none,0,0.030535192164307334
2026-01-30 17:30:00,AWS_04,0,normal,none,0,0.03130636217107996
2026-01-30 17:45:00,AWS_04,0,normal,none,0,0.029809440169841994
2026-01-30 18:00:00,AWS_04,0,normal,none,0,0.025029184964969198
2026-01-30 18:15:00,AWS_04,0,normal,none,0,0.0015421459108840851
2026-01-30 18:30:00,AWS_04,0,normal,none,0,0.028043873273821074
2026-01-30 18:45:00,AWS_04,0,normal,none,0,0.030375219492834726
2026-01-30 19:00:00,AWS_04,0,normal,none,0,0.003846035031683681
2026-01-30 19:15:00,AWS_04,0,normal,none,0,0.021501952511204014
2026-01-30 19:30:00,AWS_04,0,normal,none,1,-0.0036759048543554274
2026-01-30 19:45:00,AWS_04,0,normal,none,1,-0.017919216731776433
2026-01-30 20:00:00,AWS_04,0,normal,none,0,0.025825316870720316
2026-01-30 20:15:00,AWS_04,0,normal,none,0,0.042428809857652294
2026-01-30 20:30:00,AWS_04,0,normal,none,0,0.03950951941220504
2026-01-30 20:45:00,AWS_04,0,normal,none,0,0.001689835195881062
2026-01-30 21:00:00,AWS_04,0,normal,none,0,0.0056898975896684245
2026-01-30 21:15:00,AWS_04,0,normal,none,0,0.02927698223663644
2026-01-30 21:30:00,AWS_04,0,normal,none,0,0.011898516755288191
2026-01-30 21:45:00,AWS_04,0,normal,none,0,0.029396865069500677
2026-01-30 22:00:00,AWS_04,1,missing_data,all,0,0.036639342889620896
2026-01-30 22:15:00,AWS_04,1,missing_data,all,0,0.025474289669563
2026-01-30 22:30:00,AWS_04,1,missing_data,all,0,0.022969019297750415
2026-01-30 22:45:00,AWS_04,1,missing_data,all,0,0.035105523249742254
2026-01-30 23:00:00,AWS_04,1,missing_data,all,1,-0.1504975063087084
2026-01-30 23:15:00,AWS_04,1,missing_data,all,1,-0.07018190122089618
2026-01-30 23:30:00,AWS_04,1,missing_data,all,1,-0.07018190122089618
2026-01-30 23:45:00,AWS_04,1,missing_data,all,1,-0.07018190122089618
2026-01-01 00:15:00,AWS_05,0,normal,none,0,0.06763273568559697
2026-01-01 00:30:00,AWS_05,0,normal,none,0,0.06620654395302789
2026-01-01 00:45:00,AWS_05,0,normal,none,0,0.04368302034633187
2026-01-01 01:00:00,AWS_05,0,normal,none,0,0.067735513719196
2026-01-01 01:15:00,AWS_05,0,normal,none,0,0.05701402174705189
2026-01-01 01:30:00,AWS_05,0,normal,none,0,0.04128995211801678
2026-01-01 01:45:00,AWS_05,0,normal,none,0,0.05218990734382484
2026-01-01 02:00:00,AWS_05,0,normal,none,0,0.06421943766770866
2026-01-01 02:15:00,AWS_05,0,normal,none,0,0.05755177987416832
2026-01-01 02:30:00,AWS_05,0,normal,none,0,0.05019233486880703
2026-01-01 02:45:00,AWS_05,0,normal,none,0,0.06307250143852294
2026-01-01 03:00:00,AWS_05,0,normal,none,0,0.05785447278972139
2026-01-01 03:15:00,AWS_05,0,normal,none,0,0.0655223034789203
2026-01-01 03:30:00,AWS_05,0,normal,none,0,0.009155901113527931
2026-01-01 03:45:00,AWS_05,0,normal,none,0,0.04615185451242321
2026-01-01 04:00:00,AWS_05,0,normal,none,0,0.06292546376776498
2026-01-01 04:15:00,AWS_05,0,normal,none,0,0.058538337107260974
2026-01-01 04:30:00,AWS_05,0,normal,none,0,0.015975431339961266
2026-01-01 04:45:00,AWS_05,0,normal,none,1,-0.006034533378871609
2026-01-01 05:00:00,AWS_05,0,normal,none,0,0.06017505547063817
2026-01-01 05:15:00,AWS_05,0,normal,none,0,0.0695205015862892
2026-01-01 05:30:00,AWS_05,0,normal,none,0,0.06996898237596094
2026-01-01 05:45:00,AWS_05,0,normal,none,0,0.06711509364011337
2026-01-01 06:00:00,AWS_05,0,normal,none,0,0.06852033803114421
2026-01-01 06:15:00,AWS_05,0,normal,none,0,0.05392752544215279
2026-01-01 06:30:00,AWS_05,0,normal,none,0,0.06621392623582523
2026-01-01 06:45:00,AWS_05,0,normal,none,0,0.07641919664107372
2026-01-01 07:00:00,AWS_05,0,normal,none,0,0.06892856170093792
2026-01-01 07:15:00,AWS_05,0,normal,none,0,0.0458169592850215
2026-01-01 07:30:00,AWS_05,0,normal,none,0,0.0718845470365389
2026-01-01 07:45:00,AWS_05,0,normal,none,0,0.06666599525217443
2026-01-01 08:00:00,AWS_05,0,normal,none,0,0.07084256980595877
2026-01-01 08:15:00,AWS_05,0,normal,none,0,0.0801012419620194
2026-01-01 08:30:00,AWS_05,0,normal,none,0,0.06613074699674287
2026-01-01 08:45:00,AWS_05,0,normal,none,0,0.07618255503556337
2026-01-01 09:00:00,AWS_05,0,normal,none,0,0.06717760037096265
2026-01-01 09:15:00,AWS_05,0,normal,none,0,0.05390839741263903
2026-01-01 09:30:00,AWS_05,0,normal,none,0,0.06679138701703874
2026-01-01 09:45:00,AWS_05,0,normal,none,0,0.0466561511116359
2026-01-01 10:00:00,AWS_05,0,normal,none,0,0.06359276741317132
2026-01-01 10:15:00,AWS_05,0,normal,none,0,0.07042013481041293
2026-01-01 10:30:00,AWS_05,0,normal,none,0,0.07584180493097686
2026-01-01 10:45:00,AWS_05,0,normal,none,0,0.05341401897159065
2026-01-01 11:00:00,AWS_05,0,normal,none,0,0.0655490150126386
2026-01-01 11:15:00,AWS_05,0,normal,none,0,0.07149749091305307
2026-01-01 11:30:00,AWS_05,0,normal,none,0,0.06788681815349362
2026-01-01 11:45:00,AWS_05,0,normal,none,0,0.07492935970719738
2026-01-01 12:00:00,AWS_05,0,normal,none,0,0.028045749928845898
2026-01-01 12:15:00,AWS_05,0,normal,none,0,0.05176318132355767
2026-01-01 12:30:00,AWS_05,0,normal,none,0,0.04908430474797376
2026-01-01 12:45:00,AWS_05,0,normal,none,0,0.07198839868423551
2026-01-01 13:00:00,AWS_05,0,normal,none,0,0.04713460107532741
2026-01-01 13:15:00,AWS_05,0,normal,none,1,-0.006865843027457741
2026-01-01 13:30:00,AWS_05,0,normal,none,0,0.05472986647216782
2026-01-01 13:45:00,AWS_05,0,normal,none,0,0.07451473358898175
2026-01-01 14:00:00,AWS_05,0,normal,none,0,0.04851455088724288
2026-01-01 14:15:00,AWS_05,0,normal,none,0,0.008166766876639864
2026-01-01 14:30:00,AWS_05,0,normal,none,0,0.034957463466154026
2026-01-01 14:45:00,AWS_05,0,normal,none,0,0.062364875191917524
2026-01-01 15:00:00,AWS_05,0,normal,none,0,0.06486000771252581
2026-01-01 15:15:00,AWS_05,0,normal,none,0,0.05885236883338246
2026-01-01 15:30:00,AWS_05,0,normal,none,0,0.07233190832800224
2026-01-01 15:45:00,AWS_05,0,normal,none,0,0.05853850825753726
2026-01-01 16:00:00,AWS_05,0,normal,none,0,0.06645168320562056
2026-01-01 16:15:00,AWS_05,0,normal,none,0,0.04953573848973447
2026-01-01 16:30:00,AWS_05,0,normal,none,0,0.07296537132133202
2026-01-01 16:45:00,AWS_05,0,normal,none,0,0.07834655055298961
2026-01-01 17:00:00,AWS_05,0,normal,none,0,0.06841327424584676
2026-01-01 17:15:00,AWS_05,0,normal,none,0,0.05234821856206584
2026-01-01 17:30:00,AWS_05,0,normal,none,0,0.05886661080972089
2026-01-01 17:45:00,AWS_05,0,normal,none,0,0.06915341260599978
2026-01-01 18:00:00,AWS_05,0,normal,none,0,0.066395497495851
2026-01-01 18:15:00,AWS_05,0,normal,none,0,0.057124831838879786
2026-01-01 18:30:00,AWS_05,0,normal,none,1,-6.572048204533942e-05
2026-01-01 18:45:00,AWS_05,0,normal,none,0,0.033722399940749326
2026-01-01 19:00:00,AWS_05,0,normal,none,0,0.05948510533086293
2026-01-01 19:15:00,AWS_05,0,normal,none,0,0.04292280094705614
2026-01-01 19:30:00,AWS_05,0,normal,none,0,0.07032745851732991
2026-01-01 19:45:00,AWS_05,0,normal,none,0,0.07054927296014019
2026-01-01 20:00:00,AWS_05,0,normal,none,0,0.0710580556530841
2026-01-01 20:15:00,AWS_05,0,normal,none,0,0.07608855459356556
2026-01-01 20:30:00,AWS_05,0,normal,none,0,0.05436942267258721
2026-01-01 20:45:00,AWS_05,0,normal,none,0,0.052934105897099126
2026-01-01 21:00:00,AWS_05,0,normal,none,0,0.064158552781095
2026-01-01 21:15:00,AWS_05,0,normal,none,0,0.07936604473606446
2026-01-01 21:30:00,AWS_05,0,normal,none,0,0.06982704765079562
2026-01-01 21:45:00,AWS_05,0,normal,none,0,0.07729705881158083
2026-01-01 22:00:00,AWS_05,0,normal,none,0,0.07973359919884088
2026-01-01 22:15:00,AWS_05,0,normal,none,0,0.05472514431696157
2026-01-01 22:30:00,AWS_05,0,normal,none,0,0.020328593886826063
2026-01-01 22:45:00,AWS_05,0,normal,none,0,0.05842687395842605
2026-01-01 23:00:00,AWS_05,0,normal,none,0,0.06911289915323887
2026-01-01 23:15:00,AWS_05,0,normal,none,0,0.043956635234987385
2026-01-01 23:30:00,AWS_05,0,normal,none,0,0.07088060092697407
2026-01-01 23:45:00,AWS_05,0,normal,none,0,0.03442730435327279
2026-01-02 00:00:00,AWS_05,0,normal,none,0,0.053478021170428325
2026-01-02 00:15:00,AWS_05,0,normal,none,0,0.03145990314363489
2026-01-02 00:30:00,AWS_05,0,normal,none,0,0.06883094399616385
2026-01-02 00:45:00,AWS_05,0,normal,none,0,0.060046609342978396
2026-01-02 01:00:00,AWS_05,1,temperature_spike,temperature,1,-0.02264717483022416
2026-01-02 01:15:00,AWS_05,0,normal,none,0,0.021439557334606008
2026-01-02 01:30:00,AWS_05,0,normal,none,0,0.05691182373586373
2026-01-02 01:45:00,AWS_05,0,normal,none,0,0.04691623261858846
2026-01-02 02:00:00,AWS_05,0,normal,none,0,0.05211401389070314
2026-01-02 02:15:00,AWS_05,0,normal,none,0,0.07750952748865675
2026-01-02 02:30:00,AWS_05,0,normal,none,0,0.06500762239565377
2026-01-02 02:45:00,AWS_05,0,normal,none,0,0.07683503722268109
2026-01-02 03:00:00,AWS_05,0,normal,none,0,0.07533819683539955
2026-01-02 03:15:00,AWS_05,0,normal,none,0,0.09127005259384269
2026-01-02 03:30:00,AWS_05,0,normal,none,0,0.07106527864387557
2026-01-02 03:45:00,AWS_05,0,normal,none,0,0.07326674476078299
2026-01-02 04:00:00,AWS_05,0,normal,none,0,0.05197516846635303
2026-01-02 04:15:00,AWS_05,0,normal,none,0,0.0835458459599191
2026-01-02 04:30:00,AWS_05,0,normal,none,0,0.07352500671930517
2026-01-02 04:45:00,AWS_05,0,normal,none,0,0.07497832319229558
2026-01-02 05:00:00,AWS_05,0,normal,none,0,0.07760588272138397
2026-01-02 05:15:00,AWS_05,0,normal,none,0,0.024374289482915756
2026-01-02 05:30:00,AWS_05,0,normal,none,0,0.08269623946487598
2026-01-02 05:45:00,AWS_05,0,normal,none,0,0.09534510422616244
2026-01-02 06:00:00,AWS_05,0,normal,none,0,0.07622536461473484
2026-01-02 06:15:00,AWS_05,0,normal,none,0,0.06648039666706557
2026-01-02 06:30:00,AWS_05,0,normal,none,0,0.08605068914622505
2026-01-02 06:45:00,AWS_05,0,normal,none,0,0.08813803933694841
2026-01-02 07:00:00,AWS_05,0,normal,none,0,0.07836457048602374
2026-01-02 07:15:00,AWS_05,0,normal,none,0,0.07266624048722126
2026-01-02 07:30:00,AWS_05,0,normal,none,0,0.06846240382183844
2026-01-02 07:45:00,AWS_05,0,normal,none,0,0.0675535984135393
2026-01-02 08:00:00,AWS_05,0,normal,none,0,0.09210139356147762
2026-01-02 08:15:00,AWS_05,0,normal,none,0,0.07116072547861058
2026-01-02 08:30:00,AWS_05,0,normal,none,0,0.07737576170975352
2026-01-02 08:45:00,AWS_05,0,normal,none,0,0.08754972378329995
2026-01-02 09:00:00,AWS_05,0,normal,none,0,0.0876493027679332
2026-01-02 09:15:00,AWS_05,0,normal,none,0,0.09263802810170185
2026-01-02 09:30:00,AWS_05,0,normal,none,0,0.04532386430738211
2026-01-02 09:45:00,AWS_05,0,normal,none,0,0.018890877464038835
2026-01-02 10:00:00,AWS_05,0,normal,none,0,0.0690356068900424
2026-01-02 10:15:00,AWS_05,0,normal,none,0,0.08184051167773543
2026-01-02 10:30:00,AWS_05,0,normal,none,0,0.029156524005891193
2026-01-02 10:45:00,AWS_05,0,normal,none,0,0.058263803670251246
2026-01-02 11:00:00,AWS_05,0,normal,none,0,0.06633391196899951
2026-01-02 11:15:00,AWS_05,0,normal,none,0,0.06209053589572011
2026-01-02 11:30:00,AWS_05,0,normal,none,0,0.05756802286616225
2026-01-02 11:45:00,AWS_05,0,normal,none,0,0.0457337210889327
2026-01-02 12:00:00,AWS_05,0,normal,none,0,0.07390353553649537
2026-01-02 12:15:00,AWS_05,0,normal,none,0,0.024673103011557007
2026-01-02 12:30:00,AWS_05,0,normal,none,0,0.043771002985139806
2026-01-02 12:45:00,AWS_05,0,normal,none,0,0.057318438385308035
2026-01-02 13:00:00,AWS_05,0,normal,none,0,0.04637664683633247
2026-01-02 13:15:00,AWS_05,0,normal,none,0,0.05128116020875695
2026-01-02 13:30:00,AWS_05,0,normal,none,1,-0.028434517156093686
2026-01-02 13:45:00,AWS_05,0,normal,none,0,0.019661419527238988
2026-01-02 14:00:00,AWS_05,0,normal,none,0,0.06748983084605453
2026-01-02 14:15:00,AWS_05,0,normal,none,0,0.046898711154879646
2026-01-02 14:30:00,AWS_05,0,normal,none,0,0.06209914142851625
2026-01-02 14:45:00,AWS_05,0,normal,none,0,0.04527110919718558
2026-01-02 15:00:00,AWS_05,0,normal,none,0,0.07333192733096583
2026-01-02 15:15:00,AWS_05,0,normal,none,0,0.031975330288992354
2026-01-02 15:30:00,AWS_05,0,normal,none,0,0.050225245736566615
2026-01-02 15:45:00,AWS_05,0,normal,none,0,0.05845940213266443
2026-01-02 16:00:00,AWS_05,0,normal,none,0,0.058726529179407294
2026-01-02 16:15:00,AWS_05,0,normal,none,0,0.061220534676782346
2026-01-02 16:30:00,AWS_05,0,normal,none,0,0.07847672971374003
2026-01-02 16:45:00,AWS_05,0,normal,none,0,0.06058485356698712
2026-01-02 17:00:00,AWS_05,0,normal,none,0,0.06387875310460445
2026-01-02 17:15:00,AWS_05,0,normal,none,0,0.057114734723917315
2026-01-02 17:30:00,AWS_05,0,normal,none,0,0.0658629323909426
2026-01-02 17:45:00,AWS_05,0,normal,none,0,0.035164725853471746
2026-01-02 18:00:00,AWS_05,0,normal,none,0,0.02171526890075648
2026-01-02 18:15:00,AWS_05,0,normal,none,0,0.06236675935001029
2026-01-02 18:30:00,AWS_05,0,normal,none,0,0.056991698203812224
2026-01-02 18:45:00,AWS_05,0,normal,none,0,0.07168711305214576
2026-01-02 19:00:00,AWS_05,0,normal,none,0,0.025853457449733774
2026-01-02 19:15:00,AWS_05,0,normal,none,0,0.05446497833065628
2026-01-02 19:30:00,AWS_05,0,normal,none,0,0.0619876438848605
2026-01-02 19:45:00,AWS_05,0,normal,none,0,0.07297773989679013
2026-01-02 20:00:00,AWS_05,0,normal,none,0,0.06865155086987934
2026-01-02 20:15:00,AWS_05,0,normal,none,0,0.06701760589360017
2026-01-02 20:30:00,AWS_05,0,normal,none,0,0.04199721814347812
2026-01-02 20:45:00,AWS_05,0,normal,none,0,0.0823652304655299
2026-01-02 21:00:00,AWS_05,0,normal,none,0,0.08424663323177867
2026-01-02 21:15:00,AWS_05,0,normal,none,0,0.09204246835463514
2026-01-02 21:30:00,AWS_05,0,normal,none,0,0.07692955506354038
2026-01-02 21:45:00,AWS_05,0,normal,none,0,0.07778496658135697
2026-01-02 22:00:00,AWS_05,0,normal,none,0,0.0817812636520251
2026-01-02 22:15:00,AWS_05,0,normal,none,0,0.05073223773956159
2026-01-02 22:30:00,AWS_05,0,normal,none,0,0.08516076654154553
2026-01-02 22:45:00,AWS_05,0,normal,none,0,0.06917611763516929
2026-01-02 23:00:00,AWS_05,0,normal,none,0,0.03768611052563453
2026-01-02 23:15:00,AWS_05,0,normal,none,0,0.07471026936873715
2026-01-02 23:30:00,AWS_05,0,normal,none,0,0.08931572873168409
2026-01-02 23:45:00,AWS_05,0,normal,none,0,0.0802364840179397
2026-01-03 00:00:00,AWS_05,0,normal,none,0,0.05910672165015474
2026-01-03 00:15:00,AWS_05,0,normal,none,0,0.08730430514647186
2026-01-03 00:30:00,AWS_05,0,normal,none,0,0.08350394507911718
2026-01-03 00:45:00,AWS_05,0,normal,none,0,0.07127298872901844
2026-01-03 01:00:00,AWS_05,0,normal,none,0,0.05525823687473741
2026-01-03 01:15:00,AWS_05,0,normal,none,0,0.08886156598775852
2026-01-03 01:30:00,AWS_05,0,normal,none,0,0.08106687881231578
2026-01-03 01:45:00,AWS_05,0,normal,none,0,0.06611563478832727
2026-01-03 02:00:00,AWS_05,0,normal,none,0,0.016179487686198923
2026-01-03 02:15:00,AWS_05,0,normal,none,0,0.08638099853900355
2026-01-03 02:30:00,AWS_05,0,normal,none,0,0.08310110066523052
2026-01-03 02:45:00,AWS_05,0,normal,none,0,0.06471317148838102
2026-01-03 03:00:00,AWS_05,0,normal,none,0,0.06632456713095963
2026-01-03 03:15:00,AWS_05,0,normal,none,0,0.04375042560876963
2026-01-03 03:30:00,AWS_05,0,normal,none,0,0.07723001780574268
2026-01-03 03:45:00,AWS_05,0,normal,none,0,0.06119380106160671
2026-01-03 04:00:00,AWS_05,0,normal,none,0,0.05331012287453324
2026-01-03 04:15:00,AWS_05,0,normal,none,0,0.05811942960842664
2026-01-03 04:30:00,AWS_05,0,normal,none,0,0.08544134608684811
2026-01-03 04:45:00,AWS_05,0,normal,none,0,0.06490375396093262
2026-01-03 05:00:00,AWS_05,0,normal,none,0,0.04132626730161726
2026-01-03 05:15:00,AWS_05,0,normal,none,0,0.04045344926007777
2026-01-03 05:30:00,AWS_05,0,normal,none,0,0.06237650018892549
2026-01-03 05:45:00,AWS_05,0,normal,none,0,0.08717713987367293
2026-01-03 06:00:00,AWS_05,0,normal,none,0,0.06806281803950881
2026-01-03 06:15:00,AWS_05,0,normal,none,0,0.07501038099659457
2026-01-03 06:30:00,AWS_05,0,normal,none,0,0.005064759163816768
2026-01-03 06:45:00,AWS_05,0,normal,none,0,0.08055097625056057
2026-01-03 07:00:00,AWS_05,0,normal,none,0,0.0831699394037792
2026-01-03 07:15:00,AWS_05,0,normal,none,0,0.07958006875408291
2026-01-03 07:30:00,AWS_05,0,normal,none,0,0.09685987205219537
2026-01-03 07:45:00,AWS_05,0,normal,none,0,0.09326113228990629
2026-01-03 08:00:00,AWS_05,0,normal,none,0,0.0755042161753926
2026-01-03 08:15:00,AWS_05,0,normal,none,0,0.07557350525848888
2026-01-03 08:30:00,AWS_05,0,normal,none,0,0.09156574354462199
2026-01-03 08:45:00,AWS_05,0,normal,none,0,0.04830679921212222
2026-01-03 09:00:00,AWS_05,0,normal,none,0,0.08782904951645731
2026-01-03 09:15:00,AWS_05,0,normal,none,0,0.05734690867822034
2026-01-03 09:30:00,AWS_05,0,normal,none,0,0.08289008036641538
2026-01-03 09:45:00,AWS_05,0,normal,none,0,0.051961998807978194
2026-01-03 10:00:00,AWS_05,0,normal,none,0,0.09298788649148138
2026-01-03 10:15:00,AWS_05,0,normal,none,0,0.08391975545308505
2026-01-03 10:30:00,AWS_05,0,normal,none,0,0.09000513922310194
2026-01-03 10:45:00,AWS_05,0,normal,none,0,0.06751564397955528
2026-01-03 11:00:00,AWS_05,0,normal,none,0,0.07649035996445819
2026-01-03 11:15:00,AWS_05,0,normal,none,0,0.0827469601748726
2026-01-03 11:30:00,AWS_05,0,normal,none,0,0.07598637641579237
2026-01-03 11:45:00,AWS_05,0,normal,none,0,0.08330679775907968
2026-01-03 12:00:00,AWS_05,0,normal,none,0,0.05069674874468871
2026-01-03 12:15:00,AWS_05,0,normal,none,0,0.05714106981721567
2026-01-03 12:30:00,AWS_05,0,normal,none,0,0.0601040279757411
2026-01-03 12:45:00,AWS_05,0,normal,none,0,0.054908905539472364
2026-01-03 13:00:00,AWS_05,0,normal,none,0,0.04448974019613039
2026-01-03 13:15:00,AWS_05,0,normal,none,0,0.07981064744488203
2026-01-03 13:30:00,AWS_05,0,normal,none,0,0.08577288305961778
2026-01-03 13:45:00,AWS_05,0,normal,none,0,0.0596010600765054
2026-01-03 14:00:00,AWS_05,0,normal,none,0,0.055658974671888906
2026-01-03 14:15:00,AWS_05,0,normal,none,0,0.08306171519234379
2026-01-03 14:30:00,AWS_05,0,normal,none,0,0.021832891619934514
2026-01-03 14:45:00,AWS_05,0,normal,none,0,0.07941054702875194
2026-01-03 15:00:00,AWS_05,0,normal,none,0,0.08584373717645727
2026-01-03 15:15:00,AWS_05,0,normal,none,0,0.05869662427867284
2026-01-03 15:30:00,AWS_05,0,normal,none,0,0.07880916917718372
2026-01-03 15:45:00,AWS_05,0,normal,none,0,0.07991212430224304
2026-01-03 16:00:00,AWS_05,0,normal,none,0,0.07449254121510951
2026-01-03 16:15:00,AWS_05,0,normal,none,0,0.08204139423134976
2026-01-03 16:30:00,AWS_05,0,normal,none,0,0.08904287304204112
2026-01-03 16:45:00,AWS_05,0,normal,none,0,0.049747552448394905
2026-01-03 17:00:00,AWS_05,0,normal,none,0,0.0576225452453169
2026-01-03 17:15:00,AWS_05,0,normal,none,0,0.07332816528945629
2026-01-03 17:30:00,AWS_05,0,normal,none,0,0.0565560384092052
2026-01-03 17:45:00,AWS_05,0,normal,none,0,0.08538598323384661
2026-01-03 18:00:00,AWS_05,0,normal,none,0,0.090187972395117
2026-01-03 18:15:00,AWS_05,0,normal,none,0,0.06980204212334368
2026-01-03 18:30:00,AWS_05,0,normal,none,0,0.08872879835134695
2026-01-03 18:45:00,AWS_05,0,normal,none,0,0.06829879364204577
2026-01-03 19:00:00,AWS_05,0,normal,none,0,0.07246861060433024
2026-01-03 19:15:00,AWS_05,0,normal,none,0,0.07380170683655962
2026-01-03 19:30:00,AWS_05,0,normal,none,0,0.07876546452104954
2026-01-03 19:45:00,AWS_05,0,normal,none,0,0.07990777523656756
2026-01-03 20:00:00,AWS_05,0,normal,none,0,0.0651477196295911
2026-01-03 20:15:00,AWS_05,0,normal,none,0,0.06891715388822633
2026-01-03 20:30:00,AWS_05,0,normal,none,0,0.08648798057925922
2026-01-03 20:45:00,AWS_05,0,normal,none,0,0.09366172796752437
2026-01-03 21:00:00,AWS_05,0,normal,none,0,0.07849629427929744
2026-01-03 21:15:00,AWS_05,0,normal,none,0,0.056226137328046155
2026-01-03 21:30:00,AWS_05,0,normal,none,0,0.03315642253861484
2026-01-03 21:45:00,AWS_05,0,normal,none,0,0.05545396828528287
2026-01-03 22:00:00,AWS_05,0,normal,none,0,0.03886730602797561
2026-01-03 22:15:00,AWS_05,0,normal,none,0,0.05077971125997327
2026-01-03 22:30:00,AWS_05,0,normal,none,0,0.05937558681875249
2026-01-03 22:45:00,AWS_05,0,normal,none,0,0.06656584942577382
2026-01-03 23:00:00,AWS_05,0,normal,none,0,0.0454832733863233
2026-01-03 23:15:00,AWS_05,0,normal,none,0,0.05674207539126602
2026-01-03 23:30:00,AWS_05,0,normal,none,0,0.06020722664339667
2026-01-03 23:45:00,AWS_05,0,normal,none,0,0.04156605883891218
2026-01-04 00:00:00,AWS_05,0,normal,none,0,0.041869343678079374
2026-01-04 00:15:00,AWS_05,0,normal,none,0,0.061679062007169216
2026-01-04 00:30:00,AWS_05,1,temperature_drop,temperature,0,0.03730520648799185
2026-01-04 00:45:00,AWS_05,0,normal,none,0,0.028540694257717214
2026-01-04 01:00:00,AWS_05,0,normal,none,0,0.0751789343115083
2026-01-04 01:15:00,AWS_05,0,normal,none,0,0.04056820830671104
2026-01-04 01:30:00,AWS_05,0,normal,none,0,0.06459050693988455
2026-01-04 01:45:00,AWS_05,0,normal,none,0,0.07151959183635548
2026-01-04 02:00:00,AWS_05,0,normal,none,0,0.07968264602596281
2026-01-04 02:15:00,AWS_05,0,normal,none,0,0.04479730118331571
2026-01-04 02:30:00,AWS_05,0,normal,none,0,0.07535643303739203
2026-01-04 02:45:00,AWS_05,0,normal,none,0,0.05629987862975827
2026-01-04 03:00:00,AWS_05,0,normal,none,0,0.0648246756742254
2026-01-04 03:15:00,AWS_05,0,normal,none,0,0.04002833915938453
2026-01-04 03:30:00,AWS_05,0,normal,none,0,0.07757061991966269
2026-01-04 03:45:00,AWS_05,0,normal,none,0,0.0757118503917148
2026-01-04 04:00:00,AWS_05,0,normal,none,0,0.07826838691296284
2026-01-04 04:15:00,AWS_05,0,normal,none,0,0.06903125818809558
2026-01-04 04:30:00,AWS_05,0,normal,none,0,0.048864204352011
2026-01-04 04:45:00,AWS_05,0,normal,none,0,0.0756100804636693
2026-01-04 05:00:00,AWS_05,0,normal,none,0,0.09159319655488912
2026-01-04 05:15:00,AWS_05,0,normal,none,0,0.07942370584645503
2026-01-04 05:30:00,AWS_05,0,normal,none,0,0.08444897530074974
2026-01-04 05:45:00,AWS_05,0,normal,none,0,0.09319348859298343
2026-01-04 06:00:00,AWS_05,0,normal,none,0,0.08466850530666825
2026-01-04 06:15:00,AWS_05,0,normal,none,0,0.07755817922271274
2026-01-04 06:30:00,AWS_05,0,normal,none,0,0.09244581054407286
2026-01-04 06:45:00,AWS_05,0,normal,none,0,0.08939376042007247
2026-01-04 07:00:00,AWS_05,0,normal,none,0,0.06770585226871395
2026-01-04 07:15:00,AWS_05,0,normal,none,0,0.08451642000639792
2026-01-04 07:30:00,AWS_05,0,normal,none,0,0.08720127781055004
2026-01-04 07:45:00,AWS_05,0,normal,none,0,0.07076904915513238
2026-01-04 08:00:00,AWS_05,0,normal,none,0,0.08294854426333592
2026-01-04 08:15:00,AWS_05,0,normal,none,0,0.09721039242202117
2026-01-04 08:30:00,AWS_05,0,normal,none,0,0.08916936524712377
2026-01-04 08:45:00,AWS_05,0,normal,none,0,0.05221671228615027
2026-01-04 09:00:00,AWS_05,0,normal,none,0,0.02792237681337617
2026-01-04 09:15:00,AWS_05,0,normal,none,0,0.0690656063028014
2026-01-04 09:30:00,AWS_05,0,normal,none,0,0.019573077444636322
2026-01-04 09:45:00,AWS_05,0,normal,none,0,0.043446886024131826
2026-01-04 10:00:00,AWS_05,0,normal,none,0,0.10015507385463385
2026-01-04 10:15:00,AWS_05,0,normal,none,0,0.0944907607812569
2026-01-04 10:30:00,AWS_05,0,normal,none,0,0.06395172205234362
2026-01-04 10:45:00,AWS_05,0,normal,none,0,0.08798487245108355
2026-01-04 11:00:00,AWS_05,0,normal,none,0,0.040736146153058095
2026-01-04 11:15:00,AWS_05,0,normal,none,0,0.03150588742662874
2026-01-04 11:30:00,AWS_05,0,normal,none,0,0.08640865032924733
2026-01-04 11:45:00,AWS_05,0,normal,none,0,0.07802669733737605
2026-01-04 12:00:00,AWS_05,0,normal,none,0,0.08792606631000566
2026-01-04 12:15:00,AWS_05,0,normal,none,0,0.0846112198316904
2026-01-04 12:30:00,AWS_05,0,normal,none,0,0.08926260521269691
2026-01-04 12:45:00,AWS_05,0,normal,none,0,0.06526933745274072
2026-01-04 13:00:00,AWS_05,0,normal,none,0,0.091942566938366
2026-01-04 13:15:00,AWS_05,0,normal,none,0,0.07402332689560953
2026-01-04 13:30:00,AWS_05,0,normal,none,0,0.08241358088172479
2026-01-04 13:45:00,AWS_05,0,normal,none,0,0.09437187559364496
2026-01-04 14:00:00,AWS_05,0,normal,none,0,0.06557570751747627
2026-01-04 14:15:00,AWS_05,0,normal,none,0,0.08928177637995571
2026-01-04 14:30:00,AWS_05,0,normal,none,0,0.04763972262059779
2026-01-04 14:45:00,AWS_05,0,normal,none,0,0.06720769297456142
2026-01-04 15:00:00,AWS_05,0,normal,none,0,0.08050888765423547
2026-01-04 15:15:00,AWS_05,0,normal,none,0,0.07223915940414471
2026-01-04 15:30:00,AWS_05,0,normal,none,0,0.07597334198102185
2026-01-04 15:45:00,AWS_05,0,normal,none,0,0.08764823650584536
2026-01-04 16:00:00,AWS_05,0,normal,none,0,0.0933563384745516
2026-01-04 16:15:00,AWS_05,0,normal,none,0,0.08309330396910947
2026-01-04 16:30:00,AWS_05,0,normal,none,0,0.03935382981069846
2026-01-04 16:45:00,AWS_05,0,normal,none,0,0.05914460250653081
2026-01-04 17:00:00,AWS_05,0,normal,none,0,0.07106752454042642
2026-01-04 17:15:00,AWS_05,0,normal,none,0,0.08989971901662541
2026-01-04 17:30:00,AWS_05,0,normal,none,0,0.0691436836336824
2026-01-04 17:45:00,AWS_05,0,normal,none,0,0.08314479257656832
2026-01-04 18:00:00,AWS_05,0,normal,none,0,0.09592412018503899
2026-01-04 18:15:00,AWS_05,0,normal,none,0,0.09132979558041171
2026-01-04 18:30:00,AWS_05,0,normal,none,0,0.07799104417255132
2026-01-04 18:45:00,AWS_05,0,normal,none,0,0.03454506671927249
2026-01-04 19:00:00,AWS_05,0,normal,none,0,0.08812563265081091
2026-01-04 19:15:00,AWS_05,0,normal,none,0,0.09167042830798894
2026-01-04 19:30:00,AWS_05,0,normal,none,0,0.09480494463049838
2026-01-04 19:45:00,AWS_05,0,normal,none,0,0.05861996071515091
2026-01-04 20:00:00,AWS_05,0,normal,none,0,0.07781782574194501
2026-01-04 20:15:00,AWS_05,0,normal,none,0,0.06936746694401003
2026-01-04 20:30:00,AWS_05,0,normal,none,0,0.07885574517833849
2026-01-04 20:45:00,AWS_05,0,normal,none,0,0.06918883209403426
2026-01-04 21:00:00,AWS_05,0,normal,none,0,0.09229356067468902
2026-01-04 21:15:00,AWS_05,0,normal,none,0,0.09476479371581675
2026-01-04 21:30:00,AWS_05,0,normal,none,0,0.10661444291858102
2026-01-04 21:45:00,AWS_05,0,normal,none,0,0.03889745431230096
2026-01-04 22:00:00,AWS_05,0,normal,none,0,0.025677469100968908
2026-01-04 22:15:00,AWS_05,0,normal,none,0,0.04507756062397794
2026-01-04 22:30:00,AWS_05,0,normal,none,0,0.07815533387588786
2026-01-04 22:45:00,AWS_05,0,normal,none,0,0.08447463527786375
2026-01-04 23:00:00,AWS_05,0,normal,none,0,0.04885432613760943
2026-01-04 23:15:00,AWS_05,0,normal,none,0,0.07049283421325092
2026-01-04 23:30:00,AWS_05,0,normal,none,0,0.05231271295354978
2026-01-04 23:45:00,AWS_05,0,normal,none,0,0.008765563938586518
2026-01-05 00:00:00,AWS_05,0,normal,none,0,0.053400724117661724
2026-01-05 00:15:00,AWS_05,0,normal,none,0,0.06799172563160616
2026-01-05 00:30:00,AWS_05,0,normal,none,0,0.08059425586152352
2026-01-05 00:45:00,AWS_05,0,normal,none,0,0.06917162158202661
2026-01-05 01:00:00,AWS_05,0,normal,none,0,0.07898278126977232
2026-01-05 01:15:00,AWS_05,0,normal,none,0,0.08282587418085713
2026-01-05 01:30:00,AWS_05,0,normal,none,0,0.05497793120620592
2026-01-05 01:45:00,AWS_05,0,normal,none,0,0.07705558627690512
2026-01-05 02:00:00,AWS_05,0,normal,none,0,0.06303762716336675
2026-01-05 02:15:00,AWS_05,0,normal,none,0,0.08417264039887379
2026-01-05 02:30:00,AWS_05,0,normal,none,0,0.07809963449870927
2026-01-05 02:45:00,AWS_05,0,normal,none,0,0.03258283222693703
2026-01-05 03:00:00,AWS_05,0,normal,none,0,0.06600881671770864
2026-01-05 03:15:00,AWS_05,0,normal,none,0,0.04667245492737404
2026-01-05 03:30:00,AWS_05,0,normal,none,0,0.06022076187102593
2026-01-05 03:45:00,AWS_05,0,normal,none,0,0.0751976203417124
2026-01-05 04:00:00,AWS_05,0,normal,none,0,0.08350221125087187
2026-01-05 04:15:00,AWS_05,0,normal,none,0,0.06818959824102694
2026-01-05 04:30:00,AWS_05,0,normal,none,0,0.06902731122098477
2026-01-05 04:45:00,AWS_05,0,normal,none,0,0.08076530538349352
2026-01-05 05:00:00,AWS_05,0,normal,none,0,0.07841653318015018
2026-01-05 05:15:00,AWS_05,0,normal,none,0,0.08445399067596987
2026-01-05 05:30:00,AWS_05,0,normal,none,0,0.07493306660621407
2026-01-05 05:45:00,AWS_05,0,normal,none,0,0.0713202878820795
2026-01-05 06:00:00,AWS_05,0,normal,none,0,0.07947081436379294
2026-01-05 06:15:00,AWS_05,0,normal,none,0,0.06182860701270876
2026-01-05 06:30:00,AWS_05,0,normal,none,0,0.05463309136604472
2026-01-05 06:45:00,AWS_05,0,normal,none,0,0.0840257028517406
2026-01-05 07:00:00,AWS_05,0,normal,none,0,0.06445000039069354
2026-01-05 07:15:00,AWS_05,0,normal,none,0,0.07389355182318158
2026-01-05 07:30:00,AWS_05,0,normal,none,0,0.05119963641307712
2026-01-05 07:45:00,AWS_05,0,normal,none,0,0.07748024151062893
2026-01-05 08:00:00,AWS_05,0,normal,none,0,0.062206660737751995
2026-01-05 08:15:00,AWS_05,0,normal,none,0,0.06354739861637704
2026-01-05 08:30:00,AWS_05,0,normal,none,0,0.07318011644554318
2026-01-05 08:45:00,AWS_05,0,normal,none,0,0.0778764831576978
2026-01-05 09:00:00,AWS_05,0,normal,none,0,0.07606519783416749
2026-01-05 09:15:00,AWS_05,0,normal,none,0,0.06335000443015765
2026-01-05 09:30:00,AWS_05,0,normal,none,0,0.09126420844388516
2026-01-05 09:45:00,AWS_05,0,normal,none,0,0.07271637746024928
2026-01-05 10:00:00,AWS_05,0,normal,none,0,0.08193556144805214
2026-01-05 10:15:00,AWS_05,0,normal,none,0,0.08213265761269423
2026-01-05 10:30:00,AWS_05,0,normal,none,0,0.023324432593376576
2026-01-05 10:45:00,AWS_05,0,normal,none,0,0.0013071922298165672
2026-01-05 11:00:00,AWS_05,0,normal,none,0,0.08507796176465882
2026-01-05 11:15:00,AWS_05,0,normal,none,0,0.04816515677609445
2026-01-05 11:30:00,AWS_05,0,normal,none,0,0.045074787252607385
2026-01-05 11:45:00,AWS_05,0,normal,none,0,0.09306698888309989
2026-01-05 12:00:00,AWS_05,0,normal,none,0,0.09152683668512213
2026-01-05 12:15:00,AWS_05,0,normal,none,0,0.09137367925259238
2026-01-05 12:30:00,AWS_05,0,normal,none,0,0.08321450768292132
2026-01-05 12:45:00,AWS_05,0,normal,none,0,0.08585753679975838
2026-01-05 13:00:00,AWS_05,0,normal,none,0,0.05136953073232986
2026-01-05 13:15:00,AWS_05,0,normal,none,0,0.014059751041094581
2026-01-05 13:30:00,AWS_05,0,normal,none,0,0.06160844056154724
2026-01-05 13:45:00,AWS_05,0,normal,none,0,0.06987860171787957
2026-01-05 14:00:00,AWS_05,0,normal,none,0,0.07029633372333755
2026-01-05 14:15:00,AWS_05,0,normal,none,0,0.07203750728549307
2026-01-05 14:30:00,AWS_05,0,normal,none,0,0.06272473183058314
2026-01-05 14:45:00,AWS_05,0,normal,none,0,0.0653330974935889
2026-01-05 15:00:00,AWS_05,0,normal,none,0,0.04336632874104818
2026-01-05 15:15:00,AWS_05,0,normal,none,0,0.07164302333200079
2026-01-05 15:30:00,AWS_05,0,normal,none,0,0.07512476854590228
2026-01-05 15:45:00,AWS_05,0,normal,none,0,0.055674898908461556
2026-01-05 16:00:00,AWS_05,0,normal,none,0,0.05088061753466849
2026-01-05 16:15:00,AWS_05,0,normal,none,0,0.05249264239126783
2026-01-05 16:30:00,AWS_05,0,normal,none,0,0.0512914734321982
2026-01-05 16:45:00,AWS_05,0,normal,none,0,0.07394659570638201
2026-01-05 17:00:00,AWS_05,0,normal,none,0,0.07466568893210385
2026-01-05 17:15:00,AWS_05,0,normal,none,0,0.07803120921544426
2026-01-05 17:30:00,AWS_05,0,normal,none,0,0.07027814134066901
2026-01-05 17:45:00,AWS_05,0,normal,none,0,0.03730283868332096
2026-01-05 18:00:00,AWS_05,0,normal,none,0,0.05398918851576284
2026-01-05 18:15:00,AWS_05,0,normal,none,0,0.04131709062325073
2026-01-05 18:30:00,AWS_05,0,normal,none,0,0.06581525031544805
2026-01-05 18:45:00,AWS_05,0,normal,none,0,0.05593240582747694
2026-01-05 19:00:00,AWS_05,0,normal,none,0,0.06429388140661968
2026-01-05 19:15:00,AWS_05,0,normal,none,0,0.06723679950264005
2026-01-05 19:30:00,AWS_05,0,normal,none,0,0.06660608794808431
2026-01-05 19:45:00,AWS_05,0,normal,none,0,0.03784228974128867
2026-01-05 20:00:00,AWS_05,0,normal,none,0,0.03512930904712941
2026-01-05 20:15:00,AWS_05,0,normal,none,0,0.06589924329470265
2026-01-05 20:30:00,AWS_05,0,normal,none,0,0.056579457571987624
2026-01-05 20:45:00,AWS_05,0,normal,none,0,0.07063058559329222
2026-01-05 21:00:00,AWS_05,0,normal,none,0,0.046016828700267576
2026-01-05 21:15:00,AWS_05,0,normal,none,0,0.08616923180393654
2026-01-05 21:30:00,AWS_05,0,normal,none,0,0.0873498340597419
2026-01-05 21:45:00,AWS_05,0,normal,none,0,0.08392633346469647
2026-01-05 22:00:00,AWS_05,0,normal,none,0,0.05819199924637086
2026-01-05 22:15:00,AWS_05,0,normal,none,0,0.053206119287646514
2026-01-05 22:30:00,AWS_05,0,normal,none,0,0.07899094437907406
2026-01-05 22:45:00,AWS_05,0,normal,none,0,0.09612637361224935
2026-01-05 23:00:00,AWS_05,0,normal,none,0,0.07856887566466364
2026-01-05 23:15:00,AWS_05,0,normal,none,0,0.08484436589734712
2026-01-05 23:30:00,AWS_05,0,normal,none,0,0.07217812799834933
2026-01-05 23:45:00,AWS_05,0,normal,none,0,0.06987357277010264
2026-01-06 00:00:00,AWS_05,0,normal,none,0,0.0864789049982791
2026-01-06 00:15:00,AWS_05,0,normal,none,0,0.08089631684922688
2026-01-06 00:30:00,AWS_05,0,normal,none,0,0.0679468011488214
2026-01-06 00:45:00,AWS_05,1,frozen_sensor,temperature,0,0.09169457199242081
2026-01-06 01:00:00,AWS_05,1,frozen_sensor,temperature,0,0.08850547197553926
2026-01-06 01:15:00,AWS_05,1,frozen_sensor,temperature,0,0.0939733987560073
2026-01-06 01:30:00,AWS_05,1,frozen_sensor,temperature,0,0.06298021530755099
2026-01-06 01:45:00,AWS_05,1,frozen_sensor,temperature,0,0.07554040771586396
2026-01-06 02:00:00,AWS_05,1,frozen_sensor,temperature,0,0.06432045847374834
2026-01-06 02:15:00,AWS_05,1,frozen_sensor,temperature,0,0.08674842747393563
2026-01-06 02:30:00,AWS_05,1,frozen_sensor,temperature,0,0.08298945258933005
2026-01-06 02:45:00,AWS_05,1,frozen_sensor,temperature,0,0.08766596744277383
2026-01-06 03:00:00,AWS_05,1,frozen_sensor,temperature,0,0.08841682227566311
2026-01-06 03:15:00,AWS_05,1,frozen_sensor,temperature,0,0.08386593164669831
2026-01-06 03:30:00,AWS_05,1,frozen_sensor,temperature,0,0.09272441635574513
2026-01-06 03:45:00,AWS_05,1,frozen_sensor,temperature,0,0.1001675868004005
2026-01-06 04:00:00,AWS_05,1,frozen_sensor,temperature,0,0.09267717624089533
2026-01-06 04:15:00,AWS_05,1,frozen_sensor,temperature,0,0.07975348573462976
2026-01-06 04:30:00,AWS_05,1,frozen_sensor,temperature,0,0.08569538430587131
2026-01-06 04:45:00,AWS_05,1,frozen_sensor,temperature,0,0.08645582860137696
2026-01-06 05:00:00,AWS_05,1,frozen_sensor,temperature,0,0.07975479963618942
2026-01-06 05:15:00,AWS_05,1,frozen_sensor,temperature,0,0.09234613955314142
2026-01-06 05:30:00,AWS_05,1,frozen_sensor,temperature,0,0.09595880558175929
2026-01-06 05:45:00,AWS_05,1,frozen_sensor,temperature,0,0.056759043171073165
2026-01-06 06:00:00,AWS_05,1,frozen_sensor,temperature,0,0.07063548330981317
2026-01-06 06:15:00,AWS_05,1,frozen_sensor,temperature,0,0.08027413259038585
2026-01-06 06:30:00,AWS_05,1,frozen_sensor,temperature,0,0.06883647487836447
2026-01-06 06:45:00,AWS_05,0,normal,none,0,0.02147391487682082
2026-01-06 07:00:00,AWS_05,0,normal,none,0,0.057155597937857794
2026-01-06 07:15:00,AWS_05,0,normal,none,0,0.04221672169298363
2026-01-06 07:30:00,AWS_05,0,normal,none,0,0.0653616240448816
2026-01-06 07:45:00,AWS_05,0,normal,none,0,0.034863335224145975
2026-01-06 08:00:00,AWS_05,0,normal,none,0,0.04513613968798169
2026-01-06 08:15:00,AWS_05,0,normal,none,0,0.05446314572377475
2026-01-06 08:30:00,AWS_05,0,normal,none,0,0.0355769051343795
2026-01-06 08:45:00,AWS_05,0,normal,none,0,0.006612048902805756
2026-01-06 09:00:00,AWS_05,0,normal,none,0,0.012650756860623558
2026-01-06 09:15:00,AWS_05,0,normal,none,0,0.03747586467506081
2026-01-06 09:30:00,AWS_05,0,normal,none,0,0.025115461762526103
2026-01-06 09:45:00,AWS_05,0,normal,none,0,0.05847245485503505
2026-01-06 10:00:00,AWS_05,0,normal,none,0,0.052486125571235775
2026-01-06 10:15:00,AWS_05,0,normal,none,0,0.031180731129625605
2026-01-06 10:30:00,AWS_05,0,normal,none,0,0.04319831146902153
2026-01-06 10:45:00,AWS_05,0,normal,none,0,0.04641015879235466
2026-01-06 11:00:00,AWS_05,0,normal,none,0,0.04685957052944967
2026-01-06 11:15:00,AWS_05,0,normal,none,0,0.041862885973646624
2026-01-06 11:30:00,AWS_05,0,normal,none,0,0.0449272367247886
2026-01-06 11:45:00,AWS_05,0,normal,none,0,0.0014530626509927647
2026-01-06 12:00:00,AWS_05,0,normal,none,0,0.0333349057641934
2026-01-06 12:15:00,AWS_05,0,normal,none,0,0.02998068780792773
2026-01-06 12:30:00,AWS_05,0,normal,none,0,0.024249011983503266
2026-01-06 12:45:00,AWS_05,0,normal,none,0,0.023689751152176308
2026-01-06 13:00:00,AWS_05,0,normal,none,0,0.034155715751966964
2026-01-06 13:15:00,AWS_05,0,normal,none,0,0.020505874578630845
2026-01-06 13:30:00,AWS_05,0,normal,none,0,0.026234701625372114
2026-01-06 13:45:00,AWS_05,0,normal,none,0,0.04260971921346668
2026-01-06 14:00:00,AWS_05,0,normal,none,0,0.030390963663794457
2026-01-06 14:15:00,AWS_05,0,normal,none,0,0.005417415030784523
2026-01-06 14:30:00,AWS_05,0,normal,none,0,0.02129256406301583
2026-01-06 14:45:00,AWS_05,0,normal,none,0,0.03692081279985093
2026-01-06 15:00:00,AWS_05,0,normal,none,0,0.057594124384876155
2026-01-06 15:15:00,AWS_05,0,normal,none,0,0.02548195611510584
2026-01-06 15:30:00,AWS_05,0,normal,none,0,0.07224539608294706
2026-01-06 15:45:00,AWS_05,0,normal,none,0,0.07194510025621237
2026-01-06 16:00:00,AWS_05,0,normal,none,0,0.06926083584997222
2026-01-06 16:15:00,AWS_05,0,normal,none,0,0.04709674622108995
2026-01-06 16:30:00,AWS_05,0,normal,none,0,0.05714994999518391
2026-01-06 16:45:00,AWS_05,0,normal,none,0,0.06627378017872682
2026-01-06 17:00:00,AWS_05,0,normal,none,0,0.045543121397941144
2026-01-06 17:15:00,AWS_05,0,normal,none,0,0.018000172011765514
2026-01-06 17:30:00,AWS_05,0,normal,none,0,0.0710676413253506
2026-01-06 17:45:00,AWS_05,0,normal,none,0,0.06454344975267123
2026-01-06 18:00:00,AWS_05,0,normal,none,0,0.06854418851597976
2026-01-06 18:15:00,AWS_05,0,normal,none,0,0.056377771168307333
2026-01-06 18:30:00,AWS_05,0,normal,none,0,0.055092648597431626
2026-01-06 18:45:00,AWS_05,0,normal,none,0,0.03342751841890712
2026-01-06 19:00:00,AWS_05,0,normal,none,0,0.0868952659244559
2026-01-06 19:15:00,AWS_05,0,normal,none,0,0.0882108952803543
2026-01-06 19:30:00,AWS_05,0,normal,none,0,0.07635251076586158
2026-01-06 19:45:00,AWS_05,0,normal,none,0,0.08282394470824567
2026-01-06 20:00:00,AWS_05,0,normal,none,0,0.07384671208497218
2026-01-06 20:15:00,AWS_05,0,normal,none,0,0.08262973408438806
2026-01-06 20:30:00,AWS_05,0,normal,none,0,0.05840499633494628
2026-01-06 20:45:00,AWS_05,0,normal,none,0,0.06219806327743166
2026-01-06 21:00:00,AWS_05,0,normal,none,0,0.08995682244462166
2026-01-06 21:15:00,AWS_05,0,normal,none,0,0.050019360894968
2026-01-06 21:30:00,AWS_05,0,normal,none,0,0.07769036679073438
2026-01-06 21:45:00,AWS_05,0,normal,none,0,0.07179753107204295
2026-01-06 22:00:00,AWS_05,0,normal,none,0,0.06269907722773366
2026-01-06 22:15:00,AWS_05,0,normal,none,0,0.06820602366912154
2026-01-06 22:30:00,AWS_05,0,normal,none,0,0.08231052078795503
2026-01-06 22:45:00,AWS_05,0,normal,none,0,0.07851087873711293
2026-01-06 23:00:00,AWS_05,0,normal,none,0,0.06400054967873137
2026-01-06 23:15:00,AWS_05,0,normal,none,0,0.07552849608275924
2026-01-06 23:30:00,AWS_05,0,normal,none,0,0.05979227823444366
2026-01-06 23:45:00,AWS_05,0,normal,none,0,0.07368394048770571
2026-01-07 00:00:00,AWS_05,0,normal,none,0,0.08642703604788138
2026-01-07 00:15:00,AWS_05,0,normal,none,0,0.08054721856822011
2026-01-07 00:30:00,AWS_05,0,normal,none,0,0.032915206853403545
2026-01-07 00:45:00,AWS_05,0,normal,none,0,0.06213363847372316
2026-01-07 01:00:00,AWS_05,0,normal,none,0,0.05705952337620074
2026-01-07 01:15:00,AWS_05,0,normal,none,0,0.08654007009183151
2026-01-07 01:30:00,AWS_05,0,normal,none,0,0.08787109707396962
2026-01-07 01:45:00,AWS_05,0,normal,none,0,0.08344582841426879
2026-01-07 02:00:00,AWS_05,0,normal,none,0,0.08897355142184149
2026-01-07 02:15:00,AWS_05,0,normal,none,0,0.018666727331798527
2026-01-07 02:30:00,AWS_05,0,normal,none,0,0.06733097790535442
2026-01-07 02:45:00,AWS_05,0,normal,none,0,0.08632001831372771
2026-01-07 03:00:00,AWS_05,0,normal,none,0,0.09022417321721954
2026-01-07 03:15:00,AWS_05,0,normal,none,0,0.0845092727101095
2026-01-07 03:30:00,AWS_05,0,normal,none,0,0.072982464869845
2026-01-07 03:45:00,AWS_05,0,normal,none,0,0.07909358814314899
2026-01-07 04:00:00,AWS_05,0,normal,none,0,0.040418085561958805
2026-01-07 04:15:00,AWS_05,0,normal,none,0,0.08877432283206121
2026-01-07 04:30:00,AWS_05,0,normal,none,0,0.07603801459978271
2026-01-07 04:45:00,AWS_05,0,normal,none,0,0.08247814213692661
2026-01-07 05:00:00,AWS_05,0,normal,none,0,0.07994392819202983
2026-01-07 05:15:00,AWS_05,0,normal,none,0,0.09558274185855276
2026-01-07 05:30:00,AWS_05,0,normal,none,0,0.08391517807550702
2026-01-07 05:45:00,AWS_05,0,normal,none,0,0.07578478421580698
2026-01-07 06:00:00,AWS_05,0,normal,none,0,0.09364845788989695
2026-01-07 06:15:00,AWS_05,0,normal,none,0,0.04932551035261401
2026-01-07 06:30:00,AWS_05,0,normal,none,0,0.06582958822601798
2026-01-07 06:45:00,AWS_05,0,normal,none,0,0.07541338453714119
2026-01-07 07:00:00,AWS_05,0,normal,none,0,0.05101671305119826
2026-01-07 07:15:00,AWS_05,0,normal,none,0,0.06350619806485586
2026-01-07 07:30:00,AWS_05,0,normal,none,0,0.1036605375350641
2026-01-07 07:45:00,AWS_05,0,normal,none,0,0.08911023751062586
2026-01-07 08:00:00,AWS_05,0,normal,none,0,0.058825397647719824
2026-01-07 08:15:00,AWS_05,0,normal,none,0,0.07798566539249407
2026-01-07 08:30:00,AWS_05,0,normal,none,0,0.04750740873754189
2026-01-07 08:45:00,AWS_05,0,normal,none,0,0.08123536032684442
2026-01-07 09:00:00,AWS_05,0,normal,none,0,0.07430494200941123
2026-01-07 09:15:00,AWS_05,0,normal,none,0,0.09584080783881405
2026-01-07 09:30:00,AWS_05,0,normal,none,0,0.10411796679303192
2026-01-07 09:45:00,AWS_05,0,normal,none,0,0.04118594392865038
2026-01-07 10:00:00,AWS_05,0,normal,none,0,0.08407300807034468
2026-01-07 10:15:00,AWS_05,0,normal,none,0,0.05831497522278706
2026-01-07 10:30:00,AWS_05,0,normal,none,0,0.07461730701086589
2026-01-07 10:45:00,AWS_05,0,normal,none,0,0.09115959430079684
2026-01-07 11:00:00,AWS_05,0,normal,none,0,0.06853378609981697
2026-01-07 11:15:00,AWS_05,0,normal,none,0,0.05172646374841777
2026-01-07 11:30:00,AWS_05,0,normal,none,0,0.0802664864159825
2026-01-07 11:45:00,AWS_05,0,normal,none,0,0.08196252505872931
2026-01-07 12:00:00,AWS_05,0,normal,none,0,0.07498797119126316
2026-01-07 12:15:00,AWS_05,0,normal,none,0,0.06919053697690508
2026-01-07 12:30:00,AWS_05,0,normal,none,0,0.05900127066567529
2026-01-07 12:45:00,AWS_05,0,normal,none,0,0.06577141619181337
2026-01-07 13:00:00,AWS_05,0,normal,none,0,0.07853057207835118
2026-01-07 13:15:00,AWS_05,0,normal,none,0,0.07168078068865452
2026-01-07 13:30:00,AWS_05,0,normal,none,0,0.04242718486133523
2026-01-07 13:45:00,AWS_05,0,normal,none,0,0.08088964240934127
2026-01-07 14:00:00,AWS_05,0,normal,none,0,0.0769162850082532
2026-01-07 14:15:00,AWS_05,0,normal,none,0,0.05936912761312424
2026-01-07 14:30:00,AWS_05,0,normal,none,0,0.05681736296998957
2026-01-07 14:45:00,AWS_05,0,normal,none,0,0.0759072874826403
2026-01-07 15:00:00,AWS_05,0,normal,none,0,0.08660593743153222
2026-01-07 15:15:00,AWS_05,0,normal,none,0,0.0917214299384504
2026-01-07 15:30:00,AWS_05,0,normal,none,0,0.06675985418593106
2026-01-07 15:45:00,AWS_05,0,normal,none,0,0.01905100962122297
2026-01-07 16:00:00,AWS_05,0,normal,none,0,0.03263676499236701
2026-01-07 16:15:00,AWS_05,0,normal,none,0,0.04425608678137505
2026-01-07 16:30:00,AWS_05,0,normal,none,0,0.08285348288967559
2026-01-07 16:45:00,AWS_05,0,normal,none,0,0.07369463334497567
2026-01-07 17:00:00,AWS_05,0,normal,none,0,0.05468924926734009
2026-01-07 17:15:00,AWS_05,0,normal,none,0,0.06857893261100256
2026-01-07 17:30:00,AWS_05,0,normal,none,0,0.06596854776215505
2026-01-07 17:45:00,AWS_05,0,normal,none,0,0.07672948777416227
2026-01-07 18:00:00,AWS_05,0,normal,none,0,0.058517199203564296
2026-01-07 18:15:00,AWS_05,0,normal,none,0,0.08972813275142494
2026-01-07 18:30:00,AWS_05,0,normal,none,0,0.05485222549144475
2026-01-07 18:45:00,AWS_05,0,normal,none,0,0.09018834411240295
2026-01-07 19:00:00,AWS_05,0,normal,none,0,0.09185009940340438
2026-01-07 19:15:00,AWS_05,0,normal,none,0,0.08234724401349464
2026-01-07 19:30:00,AWS_05,0,normal,none,0,0.06294417795745477
2026-01-07 19:45:00,AWS_05,0,normal,none,0,0.06609788977418196
2026-01-07 20:00:00,AWS_05,0,normal,none,0,0.09086038135487817
2026-01-07 20:15:00,AWS_05,0,normal,none,0,0.09420132044666646
2026-01-07 20:30:00,AWS_05,0,normal,none,0,0.08114857075299453
2026-01-07 20:45:00,AWS_05,0,normal,none,0,0.03809635092747343
2026-01-07 21:00:00,AWS_05,0,normal,none,0,0.09276756593538571
2026-01-07 21:15:00,AWS_05,0,normal,none,0,0.05691566212109295
2026-01-07 21:30:00,AWS_05,0,normal,none,0,0.09352342726883217
2026-01-07 21:45:00,AWS_05,0,normal,none,0,0.024401325893168457
2026-01-07 22:00:00,AWS_05,0,normal,none,0,0.08324444543512655
2026-01-07 22:15:00,AWS_05,0,normal,none,0,0.07758667757552684
2026-01-07 22:30:00,AWS_05,0,normal,none,0,0.05698862375251845
2026-01-07 22:45:00,AWS_05,0,normal,none,0,0.01458966478787993
2026-01-07 23:00:00,AWS_05,0,normal,none,0,0.05547825898394232
2026-01-07 23:15:00,AWS_05,0,normal,none,0,0.06916399535244688
2026-01-07 23:30:00,AWS_05,0,normal,none,0,0.07565889179591645
2026-01-07 23:45:00,AWS_05,0,normal,none,0,0.07347181387504464
2026-01-08 00:00:00,AWS_05,0,normal,none,0,0.0751864988936416
2026-01-08 00:15:00,AWS_05,0,normal,none,0,0.0695335047454706
2026-01-08 00:30:00,AWS_05,0,normal,none,0,0.0647506294929131
2026-01-08 00:45:00,AWS_05,0,normal,none,0,0.05072246054135643
2026-01-08 01:00:00,AWS_05,1,temperature_drop,temperature,0,0.0174430737499508
2026-01-08 01:15:00,AWS_05,0,normal,none,0,0.019994604377980618
2026-01-08 01:30:00,AWS_05,0,normal,none,0,0.06440757438793865
2026-01-08 01:45:00,AWS_05,0,normal,none,0,0.04983747312067588
2026-01-08 02:00:00,AWS_05,0,normal,none,0,0.04356353580404149
2026-01-08 02:15:00,AWS_05,0,normal,none,0,0.022498350302654013
2026-01-08 02:30:00,AWS_05,0,normal,none,0,0.057727874404222335
2026-01-08 02:45:00,AWS_05,0,normal,none,0,0.03220286754738144
2026-01-08 03:00:00,AWS_05,0,normal,none,0,0.03280495055635879
2026-01-08 03:15:00,AWS_05,0,normal,none,0,0.027854534057987546
2026-01-08 03:30:00,AWS_05,0,normal,none,0,0.0070971359356248875
2026-01-08 03:45:00,AWS_05,0,normal,none,0,0.022363976853187806
2026-01-08 04:00:00,AWS_05,0,normal,none,0,0.05070669640059566
2026-01-08 04:15:00,AWS_05,0,normal,none,0,0.0594636819905589
2026-01-08 04:30:00,AWS_05,0,normal,none,0,0.058232242510355525
2026-01-08 04:45:00,AWS_05,0,normal,none,0,0.03904200020811721
2026-01-08 05:00:00,AWS_05,0,normal,none,0,0.042034877689532735
2026-01-08 05:15:00,AWS_05,0,normal,none,0,0.058251021434644945
2026-01-08 05:30:00,AWS_05,0,normal,none,0,0.04961687027201456
2026-01-08 05:45:00,AWS_05,0,normal,none,0,0.044967451367561084
2026-01-08 06:00:00,AWS_05,0,normal,none,0,0.030540515402782686
2026-01-08 06:15:00,AWS_05,0,normal,none,0,0.06271778663536293
2026-01-08 06:30:00,AWS_05,0,normal,none,0,0.013924337792407537
2026-01-08 06:45:00,AWS_05,0,normal,none,0,0.04070604121997745
2026-01-08 07:00:00,AWS_05,0,normal,none,0,0.0633223664031975
2026-01-08 07:15:00,AWS_05,0,normal,none,0,0.05595810489578951
2026-01-08 07:30:00,AWS_05,0,normal,none,0,0.05534908059206173
2026-01-08 07:45:00,AWS_05,0,normal,none,0,0.05193572020692111
2026-01-08 08:00:00,AWS_05,0,normal,none,0,0.048742441902903555
2026-01-08 08:15:00,AWS_05,0,normal,none,0,0.06371479924536211
2026-01-08 08:30:00,AWS_05,0,normal,none,0,0.023876902052270776
2026-01-08 08:45:00,AWS_05,0,normal,none,0,0.01983135868499586
2026-01-08 09:00:00,AWS_05,0,normal,none,0,0.009987268117927939
2026-01-08 09:15:00,AWS_05,0,normal,none,0,0.04602277421919665
2026-01-08 09:30:00,AWS_05,0,normal,none,0,0.03363939725497678
2026-01-08 09:45:00,AWS_05,0,normal,none,0,0.0420263667684998
2026-01-08 10:00:00,AWS_05,0,normal,none,0,0.04028698097611727
2026-01-08 10:15:00,AWS_05,0,normal,none,0,0.039509763998471614
2026-01-08 10:30:00,AWS_05,0,normal,none,0,0.05017358575058095
2026-01-08 10:45:00,AWS_05,0,normal,none,0,0.004384992483746908
2026-01-08 11:00:00,AWS_05,0,normal,none,0,0.05315084687882832
2026-01-08 11:15:00,AWS_05,0,normal,none,0,0.05065716056913777
2026-01-08 11:30:00,AWS_05,0,normal,none,0,0.05799158759776474
2026-01-08 11:45:00,AWS_05,0,normal,none,0,0.07456478865138871
2026-01-08 12:00:00,AWS_05,0,normal,none,0,0.06184983343278416
2026-01-08 12:15:00,AWS_05,0,normal,none,0,0.06152054020779607
2026-01-08 12:30:00,AWS_05,0,normal,none,0,0.02454023230998359
2026-01-08 12:45:00,AWS_05,0,normal,none,0,0.06602905616184174
2026-01-08 13:00:00,AWS_05,0,normal,none,0,0.06547486446965278
2026-01-08 13:15:00,AWS_05,0,normal,none,0,0.05596281947039333
2026-01-08 13:30:00,AWS_05,0,normal,none,0,0.06792747186789927
2026-01-08 13:45:00,AWS_05,0,normal,none,0,0.04593936955004452
2026-01-08 14:00:00,AWS_05,0,normal,none,0,0.041415398432588346
2026-01-08 14:15:00,AWS_05,0,normal,none,0,0.03510231647327766
2026-01-08 14:30:00,AWS_05,0,normal,none,0,0.06641501874665123
2026-01-08 14:45:00,AWS_05,0,normal,none,0,0.0806284415861428
2026-01-08 15:00:00,AWS_05,0,normal,none,0,0.08288492459331559
2026-01-08 15:15:00,AWS_05,0,normal,none,0,0.06926070098114884
2026-01-08 15:30:00,AWS_05,0,normal,none,0,0.07268274249604156
2026-01-08 15:45:00,AWS_05,0,normal,none,0,0.051316171070764194
2026-01-08 16:00:00,AWS_05,0,normal,none,0,0.07036706423459305
2026-01-08 16:15:00,AWS_05,0,normal,none,0,0.07152525628776663
2026-01-08 16:30:00,AWS_05,0,normal,none,0,0.06531480682193791
2026-01-08 16:45:00,AWS_05,0,normal,none,0,0.08013740588160767
2026-01-08 17:00:00,AWS_05,0,normal,none,0,0.07153996849787209
2026-01-08 17:15:00,AWS_05,0,normal,none,0,0.08199057054707137
2026-01-08 17:30:00,AWS_05,0,normal,none,0,0.08966553687647433
2026-01-08 17:45:00,AWS_05,0,normal,none,0,0.08442749164627478
2026-01-08 18:00:00,AWS_05,0,normal,none,0,0.07127334235245575
2026-01-08 18:15:00,AWS_05,0,normal,none,0,0.03754260859581415
2026-01-08 18:30:00,AWS_05,0,normal,none,0,0.08994713981526387
2026-01-08 18:45:00,AWS_05,0,normal,none,0,0.04091011719982329
2026-01-08 19:00:00,AWS_05,0,normal,none,0,0.08270448699418131
2026-01-08 19:15:00,AWS_05,0,normal,none,0,0.07416008190218815
2026-01-08 19:30:00,AWS_05,0,normal,none,0,0.08700184937521194
2026-01-08 19:45:00,AWS_05,0,normal,none,0,0.050098206422938496
2026-01-08 20:00:00,AWS_05,0,normal,none,0,0.09322238080804268
2026-01-08 20:15:00,AWS_05,0,normal,none,0,0.044931605194837854
2026-01-08 20:30:00,AWS_05,0,normal,none,0,0.06623486126340611
2026-01-08 20:45:00,AWS_05,0,normal,none,0,0.0609765844458256
2026-01-08 21:00:00,AWS_05,0,normal,none,0,0.06483033969786306
2026-01-08 21:15:00,AWS_05,0,normal,none,0,0.0787607707000943
2026-01-08 21:30:00,AWS_05,0,normal,none,0,0.09414616596521247
2026-01-08 21:45:00,AWS_05,0,normal,none,0,0.07993714228497573
2026-01-08 22:00:00,AWS_05,0,normal,none,0,0.04956854520963094
2026-01-08 22:15:00,AWS_05,0,normal,none,0,0.055913977070147225
2026-01-08 22:30:00,AWS_05,0,normal,none,0,0.04188787605641986
2026-01-08 22:45:00,AWS_05,0,normal,none,0,0.0902910035039669
2026-01-08 23:00:00,AWS_05,0,normal,none,0,0.0759662052084768
2026-01-08 23:15:00,AWS_05,0,normal,none,0,0.08287233911012176
2026-01-08 23:30:00,AWS_05,0,normal,none,0,0.08648690313899032
2026-01-08 23:45:00,AWS_05,0,normal,none,0,0.07933805108913922
2026-01-09 00:00:00,AWS_05,1,calibration_drift,temperature,0,0.07876342629860833
2026-01-09 00:15:00,AWS_05,1,calibration_drift,temperature,0,0.07022143476027592
2026-01-09 00:30:00,AWS_05,1,calibration_drift,temperature,0,0.06571564862038315
2026-01-09 00:45:00,AWS_05,1,calibration_drift,temperature,0,0.0643979105880148
2026-01-09 01:00:00,AWS_05,1,calibration_drift,temperature,0,0.06827861094322407
2026-01-09 01:15:00,AWS_05,1,calibration_drift,temperature,0,0.08065370279936407
2026-01-09 01:30:00,AWS_05,1,calibration_drift,temperature,0,0.07676359213639145
2026-01-09 01:45:00,AWS_05,1,calibration_drift,temperature,0,0.07461366898744176
2026-01-09 02:00:00,AWS_05,1,calibration_drift,temperature,0,0.044885347014764876
2026-01-09 02:15:00,AWS_05,1,calibration_drift,temperature,0,0.07995862892156391
2026-01-09 02:30:00,AWS_05,1,calibration_drift,temperature,0,0.07799798599703062
2026-01-09 02:45:00,AWS_05,1,calibration_drift,temperature,0,0.07293066738209653
2026-01-09 03:00:00,AWS_05,1,calibration_drift,temperature,0,0.07729128589801992
2026-01-09 03:15:00,AWS_05,1,calibration_drift,temperature,0,0.08128645081293417
2026-01-09 03:30:00,AWS_05,1,calibration_drift,temperature,0,0.04358424251207871
2026-01-09 03:45:00,AWS_05,1,calibration_drift,temperature,0,0.07704669403906467
2026-01-09 04:00:00,AWS_05,1,calibration_drift,temperature,0,0.07713627801947531
2026-01-09 04:15:00,AWS_05,1,calibration_drift,temperature,0,0.06444541861650027
2026-01-09 04:30:00,AWS_05,1,calibration_drift,temperature,0,0.07274886373683587
2026-01-09 04:45:00,AWS_05,1,calibration_drift,temperature,0,0.04673827470116643
2026-01-09 05:00:00,AWS_05,1,calibration_drift,temperature,0,0.07209670942207946
2026-01-09 05:15:00,AWS_05,1,calibration_drift,temperature,0,0.07478969152717746
2026-01-09 05:30:00,AWS_05,1,calibration_drift,temperature,0,0.06028934367081207
2026-01-09 05:45:00,AWS_05,1,calibration_drift,temperature,0,0.027980949473092043
2026-01-09 06:00:00,AWS_05,1,calibration_drift,temperature,0,0.05095396416350961
2026-01-09 06:15:00,AWS_05,1,calibration_drift,temperature,0,0.04197543876781096
2026-01-09 06:30:00,AWS_05,1,calibration_drift,temperature,0,0.07518060649269759
2026-01-09 06:45:00,AWS_05,1,calibration_drift,temperature,0,0.0335039244930635
2026-01-09 07:00:00,AWS_05,1,calibration_drift,temperature,0,0.00897646498601512
2026-01-09 07:15:00,AWS_05,1,calibration_drift,temperature,0,0.08270720367399842
2026-01-09 07:30:00,AWS_05,1,calibration_drift,temperature,0,0.0326680622401857
2026-01-09 07:45:00,AWS_05,1,calibration_drift,temperature,0,0.050715306018271344
2026-01-09 08:00:00,AWS_05,1,calibration_drift,temperature,0,0.07676553532844765
2026-01-09 08:15:00,AWS_05,1,calibration_drift,temperature,0,0.0393044863643317
2026-01-09 08:30:00,AWS_05,1,calibration_drift,temperature,0,0.06142182203431501
2026-01-09 08:45:00,AWS_05,1,calibration_drift,temperature,0,0.05563830019976762
2026-01-09 09:00:00,AWS_05,1,calibration_drift,temperature,0,0.07426088443947132
2026-01-09 09:15:00,AWS_05,1,calibration_drift,temperature,0,0.071724560962241
2026-01-09 09:30:00,AWS_05,1,calibration_drift,temperature,0,0.04399378202441495
2026-01-09 09:45:00,AWS_05,1,calibration_drift,temperature,0,0.09114968484582331
2026-01-09 10:00:00,AWS_05,1,calibration_drift,temperature,0,0.045322523451378105
2026-01-09 10:15:00,AWS_05,1,calibration_drift,temperature,0,0.08145550391753476
2026-01-09 10:30:00,AWS_05,1,calibration_drift,temperature,0,0.04841062312689437
2026-01-09 10:45:00,AWS_05,1,calibration_drift,temperature,0,0.04812726409379253
2026-01-09 11:00:00,AWS_05,1,calibration_drift,temperature,0,0.07711836640225816
2026-01-09 11:15:00,AWS_05,1,calibration_drift,temperature,0,0.07852931192103285
2026-01-09 11:30:00,AWS_05,1,calibration_drift,temperature,0,0.059260974906311714
2026-01-09 11:45:00,AWS_05,1,calibration_drift,temperature,0,0.08119667927190782
2026-01-09 12:00:00,AWS_05,1,calibration_drift,temperature,0,0.07704917802447303
2026-01-09 12:15:00,AWS_05,1,calibration_drift,temperature,0,0.08230078630428483
2026-01-09 12:30:00,AWS_05,1,calibration_drift,temperature,0,0.05804240951242401
2026-01-09 12:45:00,AWS_05,1,calibration_drift,temperature,0,0.012911083583265759
2026-01-09 13:00:00,AWS_05,1,calibration_drift,temperature,0,0.07371687398159049
2026-01-09 13:15:00,AWS_05,1,calibration_drift,temperature,0,0.08237014494143602
2026-01-09 13:30:00,AWS_05,1,calibration_drift,temperature,0,0.08185244245814322
2026-01-09 13:45:00,AWS_05,1,calibration_drift,temperature,0,0.0519658023353215
2026-01-09 14:00:00,AWS_05,1,calibration_drift,temperature,0,0.07828852207834525
2026-01-09 14:15:00,AWS_05,1,calibration_drift,temperature,0,0.07450764801688026
2026-01-09 14:30:00,AWS_05,1,calibration_drift,temperature,0,0.02749336031292604
2026-01-09 14:45:00,AWS_05,1,calibration_drift,temperature,0,0.0356201160287557
2026-01-09 15:00:00,AWS_05,1,calibration_drift,temperature,0,0.07954707040395304
2026-01-09 15:15:00,AWS_05,1,calibration_drift,temperature,0,0.04981414817056751
2026-01-09 15:30:00,AWS_05,1,calibration_drift,temperature,0,0.08948670034117034
2026-01-09 15:45:00,AWS_05,1,calibration_drift,temperature,0,0.08046426778507493
2026-01-09 16:00:00,AWS_05,1,calibration_drift,temperature,0,0.07683978325365382
2026-01-09 16:15:00,AWS_05,1,calibration_drift,temperature,0,0.06469361863464917
2026-01-09 16:30:00,AWS_05,1,calibration_drift,temperature,0,0.09226963243694952
2026-01-09 16:45:00,AWS_05,1,calibration_drift,temperature,0,0.04664302188248415
2026-01-09 17:00:00,AWS_05,1,calibration_drift,temperature,0,0.05834649607275566
2026-01-09 17:15:00,AWS_05,1,calibration_drift,temperature,0,0.05922662711959198
2026-01-09 17:30:00,AWS_05,1,calibration_drift,temperature,0,0.06037430460570575
2026-01-09 17:45:00,AWS_05,1,calibration_drift,temperature,0,0.06803340168201039
2026-01-09 18:00:00,AWS_05,1,calibration_drift,temperature,0,0.07288296408573602
2026-01-09 18:15:00,AWS_05,1,calibration_drift,temperature,0,0.059317552976515864
2026-01-09 18:30:00,AWS_05,1,calibration_drift,temperature,0,0.04900004388070889
2026-01-09 18:45:00,AWS_05,1,calibration_drift,temperature,0,0.020470853400248457
2026-01-09 19:00:00,AWS_05,1,calibration_drift,temperature,0,0.057022137259033046
2026-01-09 19:15:00,AWS_05,1,calibration_drift,temperature,0,0.06127613404046495
2026-01-09 19:30:00,AWS_05,1,calibration_drift,temperature,0,0.08345068609808659
2026-01-09 19:45:00,AWS_05,1,calibration_drift,temperature,0,0.08247751598247166
2026-01-09 20:00:00,AWS_05,1,calibration_drift,temperature,0,0.09360280292358486
2026-01-09 20:15:00,AWS_05,1,calibration_drift,temperature,0,0.08723278904432347
2026-01-09 20:30:00,AWS_05,1,calibration_drift,temperature,0,0.04749533925301075
2026-01-09 20:45:00,AWS_05,1,calibration_drift,temperature,0,0.08943233321761229
2026-01-09 21:00:00,AWS_05,1,calibration_drift,temperature,0,0.05296507626807995
2026-01-09 21:15:00,AWS_05,1,calibration_drift,temperature,0,0.07203840339754586
2026-01-09 21:30:00,AWS_05,1,calibration_drift,temperature,0,0.08077565860515123
2026-01-09 21:45:00,AWS_05,1,calibration_drift,temperature,0,0.06171659801595131
2026-01-09 22:00:00,AWS_05,1,calibration_drift,temperature,0,0.07467582851710391
2026-01-09 22:15:00,AWS_05,1,calibration_drift,temperature,0,0.07416537107836235
2026-01-09 22:30:00,AWS_05,1,calibration_drift,temperature,0,0.04239009843276642
2026-01-09 22:45:00,AWS_05,1,calibration_drift,temperature,0,0.04638895654865827
2026-01-09 23:00:00,AWS_05,1,calibration_drift,temperature,0,0.08549620528867846
2026-01-09 23:15:00,AWS_05,1,calibration_drift,temperature,0,0.07628396787044128
2026-01-09 23:30:00,AWS_05,1,calibration_drift,temperature,0,0.06387457355192105
2026-01-09 23:45:00,AWS_05,1,calibration_drift,temperature,0,0.0796858196934786
2026-01-10 00:00:00,AWS_05,0,normal,none,1,-0.01440575873810479
2026-01-10 00:15:00,AWS_05,0,normal,none,0,0.01031491605444601
2026-01-10 00:30:00,AWS_05,0,normal,none,0,0.030868068831728213
2026-01-10 00:45:00,AWS_05,0,normal,none,0,0.04636786235280932
2026-01-10 01:00:00,AWS_05,0,normal,none,0,0.04604083176015328
2026-01-10 01:15:00,AWS_05,0,normal,none,0,0.05527272684662554
2026-01-10 01:30:00,AWS_05,1,temperature_drop,temperature,0,0.027928909165661042
2026-01-10 01:45:00,AWS_05,0,normal,none,0,0.015327184693567641
2026-01-10 02:00:00,AWS_05,0,normal,none,0,0.05797923876046962
2026-01-10 02:15:00,AWS_05,0,normal,none,0,0.04864570521494149
2026-01-10 02:30:00,AWS_05,0,normal,none,0,0.0140253887020787
2026-01-10 02:45:00,AWS_05,0,normal,none,0,0.02954028448699675
2026-01-10 03:00:00,AWS_05,0,normal,none,0,0.03272571008669001
2026-01-10 03:15:00,AWS_05,0,normal,none,0,0.04161094782028396
2026-01-10 03:30:00,AWS_05,0,normal,none,0,0.05814823147740039
2026-01-10 03:45:00,AWS_05,0,normal,none,0,0.04479938537573647
2026-01-10 04:00:00,AWS_05,0,normal,none,0,0.0006856286078353868
2026-01-10 04:15:00,AWS_05,0,normal,none,0,0.030885264666011714
2026-01-10 04:30:00,AWS_05,0,normal,none,0,0.03810528737095187
2026-01-10 04:45:00,AWS_05,0,normal,none,0,0.02904906535522478
2026-01-10 05:00:00,AWS_05,0,normal,none,0,0.02713774421010917
2026-01-10 05:15:00,AWS_05,0,normal,none,0,0.045824137632083484
2026-01-10 05:30:00,AWS_05,0,normal,none,0,0.05847344393168635
2026-01-10 05:45:00,AWS_05,0,normal,none,0,0.05960452469567057
2026-01-10 06:00:00,AWS_05,0,normal,none,0,0.05430483481534493
2026-01-10 06:15:00,AWS_05,0,normal,none,0,0.05220574207940748
2026-01-10 06:30:00,AWS_05,0,normal,none,0,0.04621787646967701
2026-01-10 06:45:00,AWS_05,0,normal,none,0,0.05645220917555588
2026-01-10 07:00:00,AWS_05,0,normal,none,0,0.02504322547012372
2026-01-10 07:15:00,AWS_05,0,normal,none,0,0.04924189576081617
2026-01-10 07:30:00,AWS_05,0,normal,none,0,0.012865113454090138
2026-01-10 07:45:00,AWS_05,0,normal,none,0,0.009058642162095065
2026-01-10 08:00:00,AWS_05,0,normal,none,0,0.052712236605080454
2026-01-10 08:15:00,AWS_05,0,normal,none,0,0.0600265518089535
2026-01-10 08:30:00,AWS_05,0,normal,none,0,0.056008830922875896
2026-01-10 08:45:00,AWS_05,0,normal,none,0,0.08611503961395589
2026-01-10 09:00:00,AWS_05,0,normal,none,0,0.0776205191399797
2026-01-10 09:15:00,AWS_05,0,normal,none,0,0.020370830705559895
2026-01-10 09:30:00,AWS_05,0,normal,none,0,0.07872536740254482
2026-01-10 09:45:00,AWS_05,0,normal,none,0,0.08038879621565997
2026-01-10 10:00:00,AWS_05,0,normal,none,0,0.0909743090150461
2026-01-10 10:15:00,AWS_05,0,normal,none,0,0.06418572265433864
2026-01-10 10:30:00,AWS_05,0,normal,none,0,0.0864428793199346
2026-01-10 10:45:00,AWS_05,0,normal,none,0,0.05835528995209577
2026-01-10 11:00:00,AWS_05,0,normal,none,0,0.06297473122776126
2026-01-10 11:15:00,AWS_05,0,normal,none,0,0.0772247366567802
2026-01-10 11:30:00,AWS_05,0,normal,none,0,0.10256048163092524
2026-01-10 11:45:00,AWS_05,0,normal,none,0,0.07893649614468556
2026-01-10 12:00:00,AWS_05,0,normal,none,0,0.08314547833048663
2026-01-10 12:15:00,AWS_05,0,normal,none,0,0.09882107595335754
2026-01-10 12:30:00,AWS_05,0,normal,none,0,0.07767991835090976
2026-01-10 12:45:00,AWS_05,0,normal,none,0,0.09648979403921443
2026-01-10 13:00:00,AWS_05,0,normal,none,0,0.08599098994290205
2026-01-10 13:15:00,AWS_05,0,normal,none,0,0.09470858275154503
2026-01-10 13:30:00,AWS_05,0,normal,none,0,0.021969374485652837
2026-01-10 13:45:00,AWS_05,0,normal,none,0,0.0542723488691913
2026-01-10 14:00:00,AWS_05,0,normal,none,0,0.09643442473931357
2026-01-10 14:15:00,AWS_05,0,normal,none,0,0.10038569304944867
2026-01-10 14:30:00,AWS_05,0,normal,none,0,0.04317289801237989
2026-01-10 14:45:00,AWS_05,0,normal,none,0,0.08991501883086367
2026-01-10 15:00:00,AWS_05,0,normal,none,0,0.04260765190188032
2026-01-10 15:15:00,AWS_05,0,normal,none,0,0.06288591939242044
2026-01-10 15:30:00,AWS_05,0,normal,none,0,0.09939848641517596
2026-01-10 15:45:00,AWS_05,0,normal,none,0,0.1099481985880234
2026-01-10 16:00:00,AWS_05,0,normal,none,0,0.1050756317446987
2026-01-10 16:15:00,AWS_05,0,normal,none,0,0.08363928969158252
2026-01-10 16:30:00,AWS_05,0,normal,none,0,0.06903003459726514
2026-01-10 16:45:00,AWS_05,0,normal,none,0,0.06930343338652317
2026-01-10 17:00:00,AWS_05,0,normal,none,0,0.07063338323863655
2026-01-10 17:15:00,AWS_05,0,normal,none,0,0.07817652130052777
2026-01-10 17:30:00,AWS_05,0,normal,none,0,0.06789250728859453
2026-01-10 17:45:00,AWS_05,0,normal,none,0,0.06886521249010868
2026-01-10 18:00:00,AWS_05,0,normal,none,0,0.08196054233251038
2026-01-10 18:15:00,AWS_05,0,normal,none,0,0.09316028160174744
2026-01-10 18:30:00,AWS_05,0,normal,none,0,0.07777266171348085
2026-01-10 18:45:00,AWS_05,0,normal,none,0,0.09088786556860107
2026-01-10 19:00:00,AWS_05,0,normal,none,0,0.11298057388055288
2026-01-10 19:15:00,AWS_05,0,normal,none,0,0.112323467940452
2026-01-10 19:30:00,AWS_05,0,normal,none,0,0.09630182544974325
2026-01-10 19:45:00,AWS_05,0,normal,none,0,0.11096680865852127
2026-01-10 20:00:00,AWS_05,0,normal,none,0,0.1070424544275334
2026-01-10 20:15:00,AWS_05,0,normal,none,0,0.11589632714403941
2026-01-10 20:30:00,AWS_05,0,normal,none,0,0.10031047787188507
2026-01-10 20:45:00,AWS_05,0,normal,none,0,0.10348077606112699
2026-01-10 21:00:00,AWS_05,0,normal,none,0,0.10084938350249611
2026-01-10 21:15:00,AWS_05,0,normal,none,0,0.11381425206373663
2026-01-10 21:30:00,AWS_05,0,normal,none,0,0.10452444317950288
2026-01-10 21:45:00,AWS_05,0,normal,none,0,0.0888234536939394
2026-01-10 22:00:00,AWS_05,0,normal,none,0,0.08111402026266068
2026-01-10 22:15:00,AWS_05,0,normal,none,0,0.07887945566280746
2026-01-10 22:30:00,AWS_05,0,normal,none,0,0.08965887602349232
2026-01-10 22:45:00,AWS_05,0,normal,none,0,0.1040010466686408
2026-01-10 23:00:00,AWS_05,0,normal,none,0,0.04310529768803539
2026-01-10 23:15:00,AWS_05,0,normal,none,0,0.0790894710362165
2026-01-10 23:30:00,AWS_05,0,normal,none,0,0.06706214304106656
2026-01-10 23:45:00,AWS_05,0,normal,none,0,0.08044601231431903
2026-01-11 00:00:00,AWS_05,1,calibration_drift,temperature,0,0.027336629985155958
2026-01-11 00:15:00,AWS_05,1,calibration_drift,temperature,0,0.07169384755013924
2026-01-11 00:30:00,AWS_05,1,calibration_drift,temperature,0,0.07906715743078552
2026-01-11 00:45:00,AWS_05,1,calibration_drift,temperature,0,0.06321030062548688
2026-01-11 01:00:00,AWS_05,1,calibration_drift,temperature,0,0.08400777114389613
2026-01-11 01:15:00,AWS_05,1,calibration_drift,temperature,0,0.06547758997019859
2026-01-11 01:30:00,AWS_05,1,calibration_drift,temperature,0,0.049705044460744696
2026-01-11 01:45:00,AWS_05,1,calibration_drift,temperature,0,0.03782908169891275
2026-01-11 02:00:00,AWS_05,1,calibration_drift,temperature,0,0.07201715445804119
2026-01-11 02:15:00,AWS_05,1,calibration_drift,temperature,0,0.03675716753696856
2026-01-11 02:30:00,AWS_05,1,calibration_drift,temperature,0,0.07035534604689792
2026-01-11 02:45:00,AWS_05,1,calibration_drift,temperature,0,0.0778109705863006
2026-01-11 03:00:00,AWS_05,1,calibration_drift,temperature,0,0.045610916975294735
2026-01-11 03:15:00,AWS_05,1,calibration_drift,temperature,0,0.06287741054884194
2026-01-11 03:30:00,AWS_05,1,calibration_drift,temperature,0,0.01909745838157162
2026-01-11 03:45:00,AWS_05,1,calibration_drift,temperature,0,0.07530444294843847
2026-01-11 04:00:00,AWS_05,1,calibration_drift,temperature,0,0.06318818346300831
2026-01-11 04:15:00,AWS_05,1,calibration_drift,temperature,0,0.07841476718996143
2026-01-11 04:30:00,AWS_05,1,calibration_drift,temperature,0,0.0829471394045534
2026-01-11 04:45:00,AWS_05,1,calibration_drift,temperature,0,0.05273540480792871
2026-01-11 05:00:00,AWS_05,1,calibration_drift,temperature,0,0.027062870670121253
2026-01-11 05:15:00,AWS_05,1,calibration_drift,temperature,0,0.05859222073846676
2026-01-11 05:30:00,AWS_05,1,calibration_drift,temperature,0,0.06631274114467905
2026-01-11 05:45:00,AWS_05,1,calibration_drift,temperature,0,0.07915430332860257
2026-01-11 06:00:00,AWS_05,1,calibration_drift,temperature,0,0.0776229014868195
2026-01-11 06:15:00,AWS_05,1,calibration_drift,temperature,0,0.057575578657233006
2026-01-11 06:30:00,AWS_05,1,calibration_drift,temperature,0,0.08241559615002958
2026-01-11 06:45:00,AWS_05,1,calibration_drift,temperature,0,0.08683263821155146
2026-01-11 07:00:00,AWS_05,1,calibration_drift,temperature,0,0.056847118500618465
2026-01-11 07:15:00,AWS_05,1,calibration_drift,temperature,0,0.06373549722613764
2026-01-11 07:30:00,AWS_05,1,calibration_drift,temperature,0,0.06223620292980736
2026-01-11 07:45:00,AWS_05,1,calibration_drift,temperature,0,0.10297978882450598
2026-01-11 08:00:00,AWS_05,1,calibration_drift,temperature,0,0.07415636349324878
2026-01-11 08:15:00,AWS_05,1,calibration_drift,temperature,0,0.10304079445292752
2026-01-11 08:30:00,AWS_05,1,calibration_drift,temperature,0,0.08673014077378133
2026-01-11 08:45:00,AWS_05,1,calibration_drift,temperature,0,0.09264599829620712
2026-01-11 09:00:00,AWS_05,1,calibration_drift,temperature,0,0.07035537734357761
2026-01-11 09:15:00,AWS_05,1,calibration_drift,temperature,0,0.10085212160355772
2026-01-11 09:30:00,AWS_05,1,calibration_drift,temperature,0,0.08445951742422358
2026-01-11 09:45:00,AWS_05,1,calibration_drift,temperature,0,0.09637724658435748
2026-01-11 10:00:00,AWS_05,1,calibration_drift,temperature,0,0.0871759552281498
2026-01-11 10:15:00,AWS_05,1,calibration_drift,temperature,0,0.09800874240274604
2026-01-11 10:30:00,AWS_05,1,calibration_drift,temperature,0,0.1001468485257464
2026-01-11 10:45:00,AWS_05,1,calibration_drift,temperature,0,0.08258022962525047
2026-01-11 11:00:00,AWS_05,1,calibration_drift,temperature,0,0.10112521956272963
2026-01-11 11:15:00,AWS_05,1,calibration_drift,temperature,0,0.09449486316187955
2026-01-11 11:30:00,AWS_05,1,calibration_drift,temperature,0,0.08991330866651198
2026-01-11 11:45:00,AWS_05,1,calibration_drift,temperature,0,0.07697701622971259
2026-01-11 12:00:00,AWS_05,1,calibration_drift,temperature,0,0.09739523521959037
2026-01-11 12:15:00,AWS_05,1,calibration_drift,temperature,0,0.06377710486346044
2026-01-11 12:30:00,AWS_05,1,calibration_drift,temperature,0,0.033079363651589366
2026-01-11 12:45:00,AWS_05,1,calibration_drift,temperature,0,0.09536695681036289
2026-01-11 13:00:00,AWS_05,1,calibration_drift,temperature,0,0.05849340423333327
2026-01-11 13:15:00,AWS_05,1,calibration_drift,temperature,0,0.1027806396843105
2026-01-11 13:30:00,AWS_05,1,calibration_drift,temperature,0,0.07975810879136747
2026-01-11 13:45:00,AWS_05,1,calibration_drift,temperature,0,0.1057277588386461
2026-01-11 14:00:00,AWS_05,1,calibration_drift,temperature,0,0.09068216067916429
2026-01-11 14:15:00,AWS_05,1,calibration_drift,temperature,0,0.10114421280856711
2026-01-11 14:30:00,AWS_05,1,calibration_drift,temperature,0,0.10718596613038395
2026-01-11 14:45:00,AWS_05,1,calibration_drift,temperature,0,0.11306325240822301
2026-01-11 15:00:00,AWS_05,1,calibration_drift,temperature,0,0.07915827266916109
2026-01-11 15:15:00,AWS_05,1,calibration_drift,temperature,0,0.11434159093153207
2026-01-11 15:30:00,AWS_05,1,calibration_drift,temperature,0,0.091904276423806
2026-01-11 15:45:00,AWS_05,1,calibration_drift,temperature,0,0.10489391489366134
2026-01-11 16:00:00,AWS_05,1,calibration_drift,temperature,0,0.07185099178673904
2026-01-11 16:15:00,AWS_05,1,calibration_drift,temperature,0,0.11652538216302316
2026-01-11 16:30:00,AWS_05,1,calibration_drift,temperature,0,0.11405512489690095
2026-01-11 16:45:00,AWS_05,1,calibration_drift,temperature,0,0.10263676077034434
2026-01-11 17:00:00,AWS_05,1,calibration_drift,temperature,0,0.10088030749492133
2026-01-11 17:15:00,AWS_05,1,calibration_drift,temperature,0,0.08756506468889402
2026-01-11 17:30:00,AWS_05,1,calibration_drift,temperature,0,0.10935937115087868
2026-01-11 17:45:00,AWS_05,1,calibration_drift,temperature,0,0.11356559935828708
2026-01-11 18:00:00,AWS_05,1,calibration_drift,temperature,0,0.11055424619066712
2026-01-11 18:15:00,AWS_05,1,calibration_drift,temperature,0,0.1016016921857203
2026-01-11 18:30:00,AWS_05,1,calibration_drift,temperature,0,0.11188864677444921
2026-01-11 18:45:00,AWS_05,1,calibration_drift,temperature,0,0.11314790222533888
2026-01-11 19:00:00,AWS_05,1,calibration_drift,temperature,0,0.10184780992826226
2026-01-11 19:15:00,AWS_05,1,calibration_drift,temperature,0,0.024432200430518525
2026-01-11 19:30:00,AWS_05,1,calibration_drift,temperature,0,0.09060896186428852
2026-01-11 19:45:00,AWS_05,1,calibration_drift,temperature,0,0.1034417901589606
2026-01-11 20:00:00,AWS_05,1,calibration_drift,temperature,0,0.09967754816152258
2026-01-11 20:15:00,AWS_05,1,calibration_drift,temperature,0,0.11009600636992234
2026-01-11 20:30:00,AWS_05,1,calibration_drift,temperature,0,0.10370933425109385
2026-01-11 20:45:00,AWS_05,1,calibration_drift,temperature,0,0.08780789527892385
2026-01-11 21:00:00,AWS_05,1,calibration_drift,temperature,0,0.08627391438909737
2026-01-11 21:15:00,AWS_05,1,calibration_drift,temperature,0,0.11224412805067835
2026-01-11 21:30:00,AWS_05,1,calibration_drift,temperature,0,0.09687802409052443
2026-01-11 21:45:00,AWS_05,1,calibration_drift,temperature,0,0.08973925215181044
2026-01-11 22:00:00,AWS_05,1,calibration_drift,temperature,0,0.08497766700115517
2026-01-11 22:15:00,AWS_05,1,calibration_drift,temperature,0,0.10118204950938658
2026-01-11 22:30:00,AWS_05,1,calibration_drift,temperature,0,0.10201121784798184
2026-01-11 22:45:00,AWS_05,1,calibration_drift,temperature,0,0.10238617022775093
2026-01-11 23:00:00,AWS_05,1,calibration_drift,temperature,0,0.10785118918878595
2026-01-11 23:15:00,AWS_05,1,calibration_drift,temperature,0,0.10192608005482007
2026-01-11 23:30:00,AWS_05,1,calibration_drift,temperature,0,0.10527726961498551
2026-01-11 23:45:00,AWS_05,1,calibration_drift,temperature,0,0.10887367608280091
2026-01-12 00:00:00,AWS_05,0,normal,none,0,0.0459710696521779
2026-01-12 00:15:00,AWS_05,0,normal,none,0,0.09225740817505473
2026-01-12 00:30:00,AWS_05,0,normal,none,0,0.09574564726160462
2026-01-12 00:45:00,AWS_05,0,normal,none,0,0.09245962890902026
2026-01-12 01:00:00,AWS_05,1,temperature_drop,temperature,0,0.03810017145695799
2026-01-12 01:15:00,AWS_05,1,frozen_sensor,temperature,0,0.04741322185732133
2026-01-12 01:30:00,AWS_05,1,frozen_sensor,temperature,0,0.09724326660186877
2026-01-12 01:45:00,AWS_05,1,frozen_sensor,temperature,0,0.05471211490146649
2026-01-12 02:00:00,AWS_05,1,frozen_sensor,temperature,0,0.07919688190784935
2026-01-12 02:15:00,AWS_05,1,frozen_sensor,temperature,0,0.08571229293664645
2026-01-12 02:30:00,AWS_05,1,frozen_sensor,temperature,0,0.031414115117520014
2026-01-12 02:45:00,AWS_05,1,frozen_sensor,temperature,0,0.07992030636018843
2026-01-12 03:00:00,AWS_05,1,frozen_sensor,temperature,0,0.08580233270492471
2026-01-12 03:15:00,AWS_05,1,frozen_sensor,temperature,0,0.060739718857603486
2026-01-12 03:30:00,AWS_05,1,frozen_sensor,temperature,0,0.07859674671426531
2026-01-12 03:45:00,AWS_05,1,frozen_sensor,temperature,0,0.07410163403003334
2026-01-12 04:00:00,AWS_05,1,frozen_sensor,temperature,0,0.08761963475851464
2026-01-12 04:15:00,AWS_05,1,frozen_sensor,temperature,0,0.08429741607397362
2026-01-12 04:30:00,AWS_05,1,frozen_sensor,temperature,0,0.09191170414855493
2026-01-12 04:45:00,AWS_05,1,frozen_sensor,temperature,0,0.08290463064363518
2026-01-12 05:00:00,AWS_05,1,frozen_sensor,temperature,0,0.07516599480242941
2026-01-12 05:15:00,AWS_05,1,frozen_sensor,temperature,0,0.0737373011552323
2026-01-12 05:30:00,AWS_05,1,frozen_sensor,temperature,0,0.0681751686063658
2026-01-12 05:45:00,AWS_05,1,frozen_sensor,temperature,0,0.07876751803863974
2026-01-12 06:00:00,AWS_05,1,frozen_sensor,temperature,0,0.08092202875721316
2026-01-12 06:15:00,AWS_05,1,frozen_sensor,temperature,0,0.08551029633998924
2026-01-12 06:30:00,AWS_05,1,frozen_sensor,temperature,0,0.07387123054245326
2026-01-12 06:45:00,AWS_05,1,frozen_sensor,temperature,0,0.07613303878255373
2026-01-12 07:00:00,AWS_05,1,frozen_sensor,temperature,0,0.050136104931602754
2026-01-12 07:15:00,AWS_05,0,normal,none,0,0.031931777049054255
2026-01-12 07:30:00,AWS_05,0,normal,none,0,0.10298532484291134
2026-01-12 07:45:00,AWS_05,0,normal,none,0,0.08766358044184286
2026-01-12 08:00:00,AWS_05,0,normal,none,0,0.06805221820643786
2026-01-12 08:15:00,AWS_05,0,normal,none,0,0.05714062044155915
2026-01-12 08:30:00,AWS_05,0,normal,none,0,0.08181565102385852
2026-01-12 08:45:00,AWS_05,0,normal,none,0,0.0673767178353823
2026-01-12 09:00:00,AWS_05,0,normal,none,0,0.09536224127050519
2026-01-12 09:15:00,AWS_05,0,normal,none,0,0.07784902009134564
2026-01-12 09:30:00,AWS_05,0,normal,none,0,0.046162996582351346
2026-01-12 09:45:00,AWS_05,0,normal,none,0,0.07971862703506682
2026-01-12 10:00:00,AWS_05,0,normal,none,0,0.06791114685899058
2026-01-12 10:15:00,AWS_05,0,normal,none,0,0.09798327150618613
2026-01-12 10:30:00,AWS_05,0,normal,none,0,0.08853468280463084
2026-01-12 10:45:00,AWS_05,0,normal,none,0,0.0924536955617542
2026-01-12 11:00:00,AWS_05,0,normal,none,0,0.10190689766032612
2026-01-12 11:15:00,AWS_05,0,normal,none,0,0.05992294556307404
2026-01-12 11:30:00,AWS_05,0,normal,none,0,0.08340462271934224
2026-01-12 11:45:00,AWS_05,0,normal,none,0,0.0685475294638373
2026-01-12 12:00:00,AWS_05,0,normal,none,0,0.08998167253580441
2026-01-12 12:15:00,AWS_05,0,normal,none,0,0.1081372322812037
2026-01-12 12:30:00,AWS_05,0,normal,none,0,0.08298320786814378
2026-01-12 12:45:00,AWS_05,0,normal,none,0,0.08072455224283337
2026-01-12 13:00:00,AWS_05,0,normal,none,0,0.10386011075425561
2026-01-12 13:15:00,AWS_05,0,normal,none,0,0.08214410458991683
2026-01-12 13:30:00,AWS_05,0,normal,none,0,0.06981612847470853
2026-01-12 13:45:00,AWS_05,0,normal,none,0,0.10213059655225454
2026-01-12 14:00:00,AWS_05,0,normal,none,0,0.08216433858716216
2026-01-12 14:15:00,AWS_05,0,normal,none,0,0.08360307702395597
2026-01-12 14:30:00,AWS_05,0,normal,none,0,0.08169975457962014
2026-01-12 14:45:00,AWS_05,0,normal,none,0,0.08886332814948972
2026-01-12 15:00:00,AWS_05,0,normal,none,0,0.10949398727573978
2026-01-12 15:15:00,AWS_05,0,normal,none,0,0.08472104891169197
2026-01-12 15:30:00,AWS_05,0,normal,none,0,0.09149478063551786
2026-01-12 15:45:00,AWS_05,0,normal,none,0,0.09824715440881598
2026-01-12 16:00:00,AWS_05,0,normal,none,0,0.09754104511103695
2026-01-12 16:15:00,AWS_05,0,normal,none,0,0.0744396156806516
2026-01-12 16:30:00,AWS_05,0,normal,none,0,0.10947410561479581
2026-01-12 16:45:00,AWS_05,0,normal,none,0,0.1021112078281386
2026-01-12 17:00:00,AWS_05,0,normal,none,0,0.09947602683578288
2026-01-12 17:15:00,AWS_05,0,normal,none,0,0.09390570058812336
2026-01-12 17:30:00,AWS_05,0,normal,none,0,0.09577579829355487
2026-01-12 17:45:00,AWS_05,0,normal,none,0,0.06893576047466804
2026-01-12 18:00:00,AWS_05,0,normal,none,0,0.03562479018578579
2026-01-12 18:15:00,AWS_05,0,normal,none,0,0.10296863274890977
2026-01-12 18:30:00,AWS_05,0,normal,none,0,0.09820675435921838
2026-01-12 18:45:00,AWS_05,0,normal,none,0,0.10208250173159589
2026-01-12 19:00:00,AWS_05,0,normal,none,0,0.08594106319447808
2026-01-12 19:15:00,AWS_05,0,normal,none,0,0.10699405969737602
2026-01-12 19:30:00,AWS_05,0,normal,none,0,0.08841158806843907
2026-01-12 19:45:00,AWS_05,0,normal,none,0,0.07137159189606646
2026-01-12 20:00:00,AWS_05,0,normal,none,0,0.10296361360284056
2026-01-12 20:15:00,AWS_05,0,normal,none,0,0.10042197485398818
2026-01-12 20:30:00,AWS_05,0,normal,none,0,0.1161860099336407
2026-01-12 20:45:00,AWS_05,0,normal,none,0,0.07986822181396075
2026-01-12 21:00:00,AWS_05,0,normal,none,0,0.10019310345774712
2026-01-12 21:15:00,AWS_05,0,normal,none,0,0.10266267995437961
2026-01-12 21:30:00,AWS_05,0,normal,none,0,0.040375811440326426
2026-01-12 21:45:00,AWS_05,0,normal,none,0,0.09616200066660019
2026-01-12 22:00:00,AWS_05,0,normal,none,0,0.10202924396782637
2026-01-12 22:15:00,AWS_05,0,normal,none,0,0.10142504823976406
2026-01-12 22:30:00,AWS_05,0,normal,none,0,0.11507977487679871
2026-01-12 22:45:00,AWS_05,0,normal,none,0,0.06929246085920998
2026-01-12 23:00:00,AWS_05,0,normal,none,0,0.08499811328139129
2026-01-12 23:15:00,AWS_05,0,normal,none,0,0.08918320512636224
2026-01-12 23:30:00,AWS_05,0,normal,none,0,0.09760157906865313
2026-01-12 23:45:00,AWS_05,0,normal,none,0,0.09819367888720765
2026-01-13 00:00:00,AWS_05,0,normal,none,0,0.09839954133238199
2026-01-13 00:15:00,AWS_05,0,normal,none,0,0.06358625229383236
2026-01-13 00:30:00,AWS_05,0,normal,none,0,0.07133093738843632
2026-01-13 00:45:00,AWS_05,0,normal,none,0,0.09308838259645152
2026-01-13 01:00:00,AWS_05,0,normal,none,0,0.0984366627034105
2026-01-13 01:15:00,AWS_05,1,power_failure,all,1,-0.12546229391309704
2026-01-13 01:30:00,AWS_05,1,power_failure,all,1,-0.03581136358676262
2026-01-13 01:45:00,AWS_05,1,power_failure,all,1,-0.03581136358676262
2026-01-13 02:00:00,AWS_05,1,power_failure,all,1,-0.03401165052092636
2026-01-13 02:15:00,AWS_05,0,normal,none,1,-0.050550606882694304
2026-01-13 02:30:00,AWS_05,0,normal,none,0,0.03150555590799198
2026-01-13 02:45:00,AWS_05,0,normal,none,0,0.0774986369672811
2026-01-13 03:00:00,AWS_05,0,normal,none,0,0.075496790908471
2026-01-13 03:15:00,AWS_05,0,normal,none,0,0.04585668941984933
2026-01-13 03:30:00,AWS_05,0,normal,none,0,0.06805933824207294
2026-01-13 03:45:00,AWS_05,0,normal,none,0,0.09063441968850205
2026-01-13 04:00:00,AWS_05,0,normal,none,0,0.06332010100768282
2026-01-13 04:15:00,AWS_05,0,normal,none,0,0.10724768328821288
2026-01-13 04:30:00,AWS_05,0,normal,none,0,0.062403542137600854
2026-01-13 04:45:00,AWS_05,0,normal,none,0,0.04592389828678767
2026-01-13 05:00:00,AWS_05,0,normal,none,0,0.09402082919970922
2026-01-13 05:15:00,AWS_05,0,normal,none,0,0.09526951094261643
2026-01-13 05:30:00,AWS_05,0,normal,none,0,0.08377185942105031
2026-01-13 05:45:00,AWS_05,0,normal,none,0,0.09674138482273709
2026-01-13 06:00:00,AWS_05,0,normal,none,0,0.07866310091786238
2026-01-13 06:15:00,AWS_05,0,normal,none,0,0.09466275034320804
2026-01-13 06:30:00,AWS_05,0,normal,none,0,0.0869067704795321
2026-01-13 06:45:00,AWS_05,0,normal,none,0,0.09579955684326152
2026-01-13 07:00:00,AWS_05,0,normal,none,0,0.08429278788542555
2026-01-13 07:15:00,AWS_05,0,normal,none,0,0.10954080298624053
2026-01-13 07:30:00,AWS_05,0,normal,none,0,0.10193726679585807
2026-01-13 07:45:00,AWS_05,0,normal,none,0,0.07965590287574847
2026-01-13 08:00:00,AWS_05,0,normal,none,0,0.06733095930621197
2026-01-13 08:15:00,AWS_05,0,normal,none,0,0.08897094976399933
2026-01-13 08:30:00,AWS_05,0,normal,none,0,0.08457531737826335
2026-01-13 08:45:00,AWS_05,0,normal,none,0,0.06450126052556654
2026-01-13 09:00:00,AWS_05,0,normal,none,0,0.08295931595351258
2026-01-13 09:15:00,AWS_05,0,normal,none,0,0.09204674405909691
2026-01-13 09:30:00,AWS_05,0,normal,none,0,0.10026346022150734
2026-01-13 09:45:00,AWS_05,0,normal,none,0,0.10936261030950695
2026-01-13 10:00:00,AWS_05,0,normal,none,0,0.0978862160597242
2026-01-13 10:15:00,AWS_05,0,normal,none,0,0.09897831439219851
2026-01-13 10:30:00,AWS_05,0,normal,none,0,0.055691202073296475
2026-01-13 10:45:00,AWS_05,0,normal,none,0,0.054465143942091176
2026-01-13 11:00:00,AWS_05,0,normal,none,0,0.06918321315303527
2026-01-13 11:15:00,AWS_05,0,normal,none,0,0.08363555784753213
2026-01-13 11:30:00,AWS_05,0,normal,none,0,0.09120565770273548
2026-01-13 11:45:00,AWS_05,0,normal,none,0,0.08564049653972311
2026-01-13 12:00:00,AWS_05,0,normal,none,0,0.07440142067842648
2026-01-13 12:15:00,AWS_05,0,normal,none,0,0.0915353910966431
2026-01-13 12:30:00,AWS_05,0,normal,none,0,0.051005013977858005
2026-01-13 12:45:00,AWS_05,0,normal,none,0,0.08006447680255546
2026-01-13 13:00:00,AWS_05,0,normal,none,0,0.04719537065363444
2026-01-13 13:15:00,AWS_05,0,normal,none,0,0.10178287280174819
2026-01-13 13:30:00,AWS_05,0,normal,none,0,0.055779498328662525
2026-01-13 13:45:00,AWS_05,0,normal,none,0,0.09112725201198968
2026-01-13 14:00:00,AWS_05,0,normal,none,0,0.10819268738506677
2026-01-13 14:15:00,AWS_05,0,normal,none,0,0.10663696796279054
2026-01-13 14:30:00,AWS_05,0,normal,none,0,0.08781998559588255
2026-01-13 14:45:00,AWS_05,0,normal,none,0,0.05906907497971742
2026-01-13 15:00:00,AWS_05,0,normal,none,0,0.09264964462470893
2026-01-13 15:15:00,AWS_05,0,normal,none,0,0.08780870974958982
2026-01-13 15:30:00,AWS_05,0,normal,none,0,0.07583626211611988
2026-01-13 15:45:00,AWS_05,0,normal,none,0,0.07393531505973833
2026-01-13 16:00:00,AWS_05,0,normal,none,0,0.1046390818572831
2026-01-13 16:15:00,AWS_05,0,normal,none,0,0.0878886965365559
2026-01-13 16:30:00,AWS_05,0,normal,none,0,0.08917824398590152
2026-01-13 16:45:00,AWS_05,0,normal,none,0,0.10498670513949904
2026-01-13 17:00:00,AWS_05,0,normal,none,0,0.10597862846655826
2026-01-13 17:15:00,AWS_05,0,normal,none,0,0.08919000570637842
2026-01-13 17:30:00,AWS_05,0,normal,none,0,0.09362597533027589
2026-01-13 17:45:00,AWS_05,0,normal,none,0,0.10588927353628447
2026-01-13 18:00:00,AWS_05,0,normal,none,0,0.06463144518485892
2026-01-13 18:15:00,AWS_05,0,normal,none,0,0.05862602376107401
2026-01-13 18:30:00,AWS_05,0,normal,none,0,0.08404561659844473
2026-01-13 18:45:00,AWS_05,0,normal,none,0,0.10698136295518984
2026-01-13 19:00:00,AWS_05,0,normal,none,0,0.10972084990118192
2026-01-13 19:15:00,AWS_05,0,normal,none,0,0.1058904323070406
2026-01-13 19:30:00,AWS_05,0,normal,none,0,0.10010280164646074
2026-01-13 19:45:00,AWS_05,0,normal,none,0,0.08182951059631582
2026-01-13 20:00:00,AWS_05,0,normal,none,0,0.1100852615994018
2026-01-13 20:15:00,AWS_05,0,normal,none,0,0.08636058142060665
2026-01-13 20:30:00,AWS_05,0,normal,none,0,0.06460542603363423
2026-01-13 20:45:00,AWS_05,0,normal,none,0,0.10753881867374032
2026-01-13 21:00:00,AWS_05,0,normal,none,0,0.09666065118316314
2026-01-13 21:15:00,AWS_05,0,normal,none,0,0.10645773797401564
2026-01-13 21:30:00,AWS_05,0,normal,none,0,0.10242824753574975
2026-01-13 21:45:00,AWS_05,0,normal,none,0,0.11482769756404027
2026-01-13 22:00:00,AWS_05,0,normal,none,0,0.10805517951481874
2026-01-13 22:15:00,AWS_05,0,normal,none,0,0.06450099657964109
2026-01-13 22:30:00,AWS_05,0,normal,none,0,0.10051419245720311
2026-01-13 22:45:00,AWS_05,0,normal,none,0,0.0917326485108898
2026-01-13 23:00:00,AWS_05,0,normal,none,0,0.07864586816482366
2026-01-13 23:15:00,AWS_05,0,normal,none,0,0.1049790653337685
2026-01-13 23:30:00,AWS_05,0,normal,none,0,0.10230270729471191
2026-01-13 23:45:00,AWS_05,0,normal,none,0,0.09198099493827627
2026-01-14 00:00:00,AWS_05,0,normal,none,0,0.09305298336264695
2026-01-14 00:15:00,AWS_05,0,normal,none,0,0.10060665389201462
2026-01-14 00:30:00,AWS_05,0,normal,none,0,0.0672756213202294
2026-01-14 00:45:00,AWS_05,0,normal,none,0,0.10743173428804847
2026-01-14 01:00:00,AWS_05,1,temperature_drop,temperature,0,0.0027568219020055462
2026-01-14 01:15:00,AWS_05,0,normal,none,0,0.016194997587997584
2026-01-14 01:30:00,AWS_05,0,normal,none,0,0.08977965580092334
2026-01-14 01:45:00,AWS_05,1,temperature_spike,temperature,1,-0.002364219853376759
2026-01-14 02:00:00,AWS_05,0,normal,none,0,0.053358328155909907
2026-01-14 02:15:00,AWS_05,0,normal,none,0,0.05279246928198733
2026-01-14 02:30:00,AWS_05,0,normal,none,0,0.09848244400134426
2026-01-14 02:45:00,AWS_05,0,normal,none,0,0.09251345174618492
2026-01-14 03:00:00,AWS_05,0,normal,none,0,0.09274765511962035
2026-01-14 03:15:00,AWS_05,0,normal,none,0,0.10022528705185518
2026-01-14 03:30:00,AWS_05,0,normal,none,0,0.10197310504820584
2026-01-14 03:45:00,AWS_05,0,normal,none,0,0.10342890530739424
2026-01-14 04:00:00,AWS_05,0,normal,none,0,0.10643695321176855
2026-01-14 04:15:00,AWS_05,0,normal,none,0,0.109312265761075
2026-01-14 04:30:00,AWS_05,0,normal,none,0,0.10416052846076862
2026-01-14 04:45:00,AWS_05,0,normal,none,0,0.10879429504032506
2026-01-14 05:00:00,AWS_05,0,normal,none,0,0.10193384473131434
2026-01-14 05:15:00,AWS_05,0,normal,none,0,0.08866164886330985
2026-01-14 05:30:00,AWS_05,0,normal,none,0,0.06677098430986828
2026-01-14 05:45:00,AWS_05,0,normal,none,0,0.09155341695073116
2026-01-14 06:00:00,AWS_05,0,normal,none,0,0.09806717002504833
2026-01-14 06:15:00,AWS_05,0,normal,none,0,0.09898986283981764
2026-01-14 06:30:00,AWS_05,0,normal,none,0,0.10423832862801863
2026-01-14 06:45:00,AWS_05,0,normal,none,0,0.10266696349091015
2026-01-14 07:00:00,AWS_05,0,normal,none,0,0.10692579046129491
2026-01-14 07:15:00,AWS_05,0,normal,none,0,0.1109024377009799
2026-01-14 07:30:00,AWS_05,0,normal,none,0,0.06043608350383478
2026-01-14 07:45:00,AWS_05,0,normal,none,0,0.06138073359146873
2026-01-14 08:00:00,AWS_05,0,normal,none,0,0.09468606368987453
2026-01-14 08:15:00,AWS_05,0,normal,none,0,0.10034720518764118
2026-01-14 08:30:00,AWS_05,0,normal,none,0,0.058560306838024934
2026-01-14 08:45:00,AWS_05,0,normal,none,0,0.07349235695548861
2026-01-14 09:00:00,AWS_05,0,normal,none,0,0.09364290773012135
2026-01-14 09:15:00,AWS_05,0,normal,none,0,0.0873969142336698
2026-01-14 09:30:00,AWS_05,0,normal,none,0,0.06802916850023422
2026-01-14 09:45:00,AWS_05,0,normal,none,0,0.045820674917214865
2026-01-14 10:00:00,AWS_05,0,normal,none,0,0.06704741514001483
2026-01-14 10:15:00,AWS_05,0,normal,none,0,0.09671250411188093
2026-01-14 10:30:00,AWS_05,0,normal,none,0,0.07344468182715475
2026-01-14 10:45:00,AWS_05,0,normal,none,0,0.0629866151078588
2026-01-14 11:00:00,AWS_05,0,normal,none,0,0.09622870567397884
2026-01-14 11:15:00,AWS_05,0,normal,none,0,0.06199764240018857
2026-01-14 11:30:00,AWS_05,0,normal,none,0,0.08866719398402212
2026-01-14 11:45:00,AWS_05,0,normal,none,0,0.0700206981919334
2026-01-14 12:00:00,AWS_05,0,normal,none,0,0.05932676171396917
2026-01-14 12:15:00,AWS_05,0,normal,none,0,0.09908609574743771
2026-01-14 12:30:00,AWS_05,0,normal,none,0,0.0824560155993162
2026-01-14 12:45:00,AWS_05,0,normal,none,0,0.08962532094256914
2026-01-14 13:00:00,AWS_05,0,normal,none,0,0.06906578311073408
2026-01-14 13:15:00,AWS_05,0,normal,none,0,0.03053470344617437
2026-01-14 13:30:00,AWS_05,0,normal,none,0,0.10148995596287558
2026-01-14 13:45:00,AWS_05,0,normal,none,0,0.10307696381185166
2026-01-14 14:00:00,AWS_05,0,normal,none,0,0.10244308478117353
2026-01-14 14:15:00,AWS_05,0,normal,none,0,0.11087997612905592
2026-01-14 14:30:00,AWS_05,0,normal,none,0,0.0950129240650025
2026-01-14 14:45:00,AWS_05,0,normal,none,0,0.1057578244516878
2026-01-14 15:00:00,AWS_05,0,normal,none,0,0.09241029219577879
2026-01-14 15:15:00,AWS_05,0,normal,none,0,0.06511116912106796
2026-01-14 15:30:00,AWS_05,0,normal,none,0,0.11476150920613348
2026-01-14 15:45:00,AWS_05,0,normal,none,0,0.10622764763501791
2026-01-14 16:00:00,AWS_05,0,normal,none,0,0.10410688125440426
2026-01-14 16:15:00,AWS_05,0,normal,none,0,0.07584198080872123
2026-01-14 16:30:00,AWS_05,0,normal,none,0,0.10711957542145084
2026-01-14 16:45:00,AWS_05,0,normal,none,0,0.0980701554782133
2026-01-14 17:00:00,AWS_05,0,normal,none,0,0.11439735625080333
2026-01-14 17:15:00,AWS_05,0,normal,none,0,0.11479382491281326
2026-01-14 17:30:00,AWS_05,0,normal,none,0,0.07943698917384329
2026-01-14 17:45:00,AWS_05,0,normal,none,0,0.09196932282001685
2026-01-14 18:00:00,AWS_05,0,normal,none,0,0.109292641863596
2026-01-14 18:15:00,AWS_05,0,normal,none,0,0.10282481645226643
2026-01-14 18:30:00,AWS_05,0,normal,none,0,0.10746155600180851
2026-01-14 18:45:00,AWS_05,0,normal,none,0,0.05617293072704166
2026-01-14 19:00:00,AWS_05,0,normal,none,0,0.09672026825960744
2026-01-14 19:15:00,AWS_05,0,normal,none,0,0.1078780866194019
2026-01-14 19:30:00,AWS_05,0,normal,none,0,0.11017923517903733
2026-01-14 19:45:00,AWS_05,0,normal,none,0,0.06453187948355493
2026-01-14 20:00:00,AWS_05,0,normal,none,0,0.07248928254438403
2026-01-14 20:15:00,AWS_05,0,normal,none,0,0.0818542376028103
2026-01-14 20:30:00,AWS_05,0,normal,none,0,0.06217847620115752
2026-01-14 20:45:00,AWS_05,0,normal,none,0,0.10767474453814924
2026-01-14 21:00:00,AWS_05,0,normal,none,0,0.061989097508610036
2026-01-14 21:15:00,AWS_05,0,normal,none,0,0.11134804844060758
2026-01-14 21:30:00,AWS_05,0,normal,none,0,0.1017076262222611
2026-01-14 21:45:00,AWS_05,0,normal,none,0,0.09342949565430592
2026-01-14 22:00:00,AWS_05,0,normal,none,0,0.088284908124309
2026-01-14 22:15:00,AWS_05,0,normal,none,0,0.09393775496255968
2026-01-14 22:30:00,AWS_05,0,normal,none,0,0.0472828412909555
2026-01-14 22:45:00,AWS_05,0,normal,none,0,0.0285061883795088
2026-01-14 23:00:00,AWS_05,0,normal,none,0,0.08884655426585064
2026-01-14 23:15:00,AWS_05,0,normal,none,0,0.07449410343613888
2026-01-14 23:30:00,AWS_05,0,normal,none,0,0.1043990257842709
2026-01-14 23:45:00,AWS_05,0,normal,none,0,0.0860245066543937
2026-01-15 00:00:00,AWS_05,1,frozen_sensor,temperature,0,0.07206764050936221
2026-01-15 00:15:00,AWS_05,1,frozen_sensor,temperature,0,0.08014447766529087
2026-01-15 00:30:00,AWS_05,1,frozen_sensor,temperature,0,0.055994697393417614
2026-01-15 00:45:00,AWS_05,1,frozen_sensor,temperature,0,0.08433321724633669
2026-01-15 01:00:00,AWS_05,1,frozen_sensor,temperature,0,0.07661900838400582
2026-01-15 01:15:00,AWS_05,1,frozen_sensor,temperature,0,0.08287178517774818
2026-01-15 01:30:00,AWS_05,1,frozen_sensor,temperature,0,0.01181472630787661
2026-01-15 01:45:00,AWS_05,1,frozen_sensor,temperature,0,0.06640756512102736
2026-01-15 02:00:00,AWS_05,1,frozen_sensor,temperature,0,0.06661442425569336
2026-01-15 02:15:00,AWS_05,1,frozen_sensor,temperature,0,0.07781477838343531
2026-01-15 02:30:00,AWS_05,1,frozen_sensor,temperature,0,0.03898818381116376
2026-01-15 02:45:00,AWS_05,1,frozen_sensor,temperature,0,0.07261548460366668
2026-01-15 03:00:00,AWS_05,1,frozen_sensor,temperature,0,0.07291716229938233
2026-01-15 03:15:00,AWS_05,1,frozen_sensor,temperature,0,0.06482450529248229
2026-01-15 03:30:00,AWS_05,1,frozen_sensor,temperature,0,0.05158862848860535
2026-01-15 03:45:00,AWS_05,1,frozen_sensor,temperature,0,0.035867870745008745
2026-01-15 04:00:00,AWS_05,1,frozen_sensor,temperature,0,0.06444186397156398
2026-01-15 04:15:00,AWS_05,1,frozen_sensor,temperature,1,-0.021598991778311705
2026-01-15 04:30:00,AWS_05,1,frozen_sensor,temperature,0,0.034184451012665096
2026-01-15 04:45:00,AWS_05,1,frozen_sensor,temperature,0,0.0532411625363689
2026-01-15 05:00:00,AWS_05,1,frozen_sensor,temperature,0,0.06252409391667119
2026-01-15 05:15:00,AWS_05,1,frozen_sensor,temperature,0,0.0603550127723374
2026-01-15 05:30:00,AWS_05,1,frozen_sensor,temperature,0,0.07548990471121653
2026-01-15 05:45:00,AWS_05,1,frozen_sensor,temperature,0,0.07483693525308155
2026-01-15 06:00:00,AWS_05,0,normal,none,0,0.05574929925321881
2026-01-15 06:15:00,AWS_05,0,normal,none,0,0.041240487962379335
2026-01-15 06:30:00,AWS_05,0,normal,none,0,0.07391866551781728
2026-01-15 06:45:00,AWS_05,0,normal,none,0,0.09685256485484439
2026-01-15 07:00:00,AWS_05,0,normal,none,0,0.03625664553034791
2026-01-15 07:15:00,AWS_05,0,normal,none,0,0.06611601118343224
2026-01-15 07:30:00,AWS_05,0,normal,none,0,0.03733327529338881
2026-01-15 07:45:00,AWS_05,0,normal,none,0,0.09681686966394815
2026-01-15 08:00:00,AWS_05,0,normal,none,0,0.07968299618554398
2026-01-15 08:15:00,AWS_05,0,normal,none,0,0.08962008301858226
2026-01-15 08:30:00,AWS_05,0,normal,none,0,0.08836154823903442
2026-01-15 08:45:00,AWS_05,0,normal,none,0,0.0602315824031493
2026-01-15 09:00:00,AWS_05,0,normal,none,0,0.07812059715555886
2026-01-15 09:15:00,AWS_05,0,normal,none,0,0.06944080182949691
2026-01-15 09:30:00,AWS_05,0,normal,none,0,0.09622407416571188
2026-01-15 09:45:00,AWS_05,0,normal,none,0,0.09757964681054038
2026-01-15 10:00:00,AWS_05,0,normal,none,0,0.03828219797910559
2026-01-15 10:15:00,AWS_05,0,normal,none,0,0.041935937673954204
2026-01-15 10:30:00,AWS_05,0,normal,none,0,0.08681809351056097
2026-01-15 10:45:00,AWS_05,0,normal,none,0,0.08988176873747555
2026-01-15 11:00:00,AWS_05,0,normal,none,0,0.08648633550970947
2026-01-15 11:15:00,AWS_05,0,normal,none,0,0.03640039845104037
2026-01-15 11:30:00,AWS_05,0,normal,none,0,0.075647860924561
2026-01-15 11:45:00,AWS_05,0,normal,none,0,0.08652413666224334
2026-01-15 12:00:00,AWS_05,0,normal,none,0,0.05613827199187693
2026-01-15 12:15:00,AWS_05,0,normal,none,0,0.07569046074104124
2026-01-15 12:30:00,AWS_05,0,normal,none,0,0.08791638941445279
2026-01-15 12:45:00,AWS_05,0,normal,none,0,0.049377144056400535
2026-01-15 13:00:00,AWS_05,0,normal,none,0,0.05360564005419266
2026-01-15 13:15:00,AWS_05,0,normal,none,0,0.09831541330062998
2026-01-15 13:30:00,AWS_05,0,normal,none,0,0.09909494266316093
2026-01-15 13:45:00,AWS_05,0,normal,none,0,0.09026255805573224
2026-01-15 14:00:00,AWS_05,0,normal,none,0,0.08932463327115042
2026-01-15 14:15:00,AWS_05,0,normal,none,0,0.09231507939646566
2026-01-15 14:30:00,AWS_05,0,normal,none,0,0.11026794877312979
2026-01-15 14:45:00,AWS_05,0,normal,none,0,0.06986981740496379
2026-01-15 15:00:00,AWS_05,0,normal,none,0,0.09934524345285972
2026-01-15 15:15:00,AWS_05,0,normal,none,0,0.09781451701626664
2026-01-15 15:30:00,AWS_05,0,normal,none,0,0.07251042092491133
2026-01-15 15:45:00,AWS_05,0,normal,none,0,0.10311624872677078
2026-01-15 16:00:00,AWS_05,0,normal,none,0,0.09294811471911801
2026-01-15 16:15:00,AWS_05,0,normal,none,0,0.05077447520285394
2026-01-15 16:30:00,AWS_05,0,normal,none,0,0.09206595995845251
2026-01-15 16:45:00,AWS_05,0,normal,none,0,0.10011933234645914
2026-01-15 17:00:00,AWS_05,0,normal,none,0,0.10207350320151226
2026-01-15 17:15:00,AWS_05,0,normal,none,0,0.1070487549617351
2026-01-15 17:30:00,AWS_05,0,normal,none,0,0.10073709437444639
2026-01-15 17:45:00,AWS_05,0,normal,none,0,0.0930844830777468
2026-01-15 18:00:00,AWS_05,0,normal,none,0,0.041843515696853184
2026-01-15 18:15:00,AWS_05,0,normal,none,0,0.07967639328605602
2026-01-15 18:30:00,AWS_05,0,normal,none,0,0.0843188134771618
2026-01-15 18:45:00,AWS_05,0,normal,none,0,0.10881723699248114
2026-01-15 19:00:00,AWS_05,0,normal,none,0,0.08042553936659497
2026-01-15 19:15:00,AWS_05,0,normal,none,0,0.10667373714765543
2026-01-15 19:30:00,AWS_05,0,normal,none,0,0.055953002745546876
2026-01-15 19:45:00,AWS_05,0,normal,none,0,0.061014763205039735
2026-01-15 20:00:00,AWS_05,0,normal,none,0,0.08554593525420529
2026-01-15 20:15:00,AWS_05,0,normal,none,0,0.11380560174484061
2026-01-15 20:30:00,AWS_05,0,normal,none,0,0.0948012400551203
2026-01-15 20:45:00,AWS_05,0,normal,none,0,0.0997954495008111
2026-01-15 21:00:00,AWS_05,0,normal,none,0,0.0957741057915018
2026-01-15 21:15:00,AWS_05,0,normal,none,0,0.11097365392267677
2026-01-15 21:30:00,AWS_05,0,normal,none,0,0.09273911483757274
2026-01-15 21:45:00,AWS_05,0,normal,none,0,0.08577463976462762
2026-01-15 22:00:00,AWS_05,0,normal,none,0,0.06811252094545955
2026-01-15 22:15:00,AWS_05,0,normal,none,0,0.09167692537102207
2026-01-15 22:30:00,AWS_05,0,normal,none,0,0.10812675962572643
2026-01-15 22:45:00,AWS_05,0,normal,none,0,0.07211290321085118
2026-01-15 23:00:00,AWS_05,0,normal,none,0,0.08558819385721511
2026-01-15 23:15:00,AWS_05,0,normal,none,0,0.05647766585658176
2026-01-15 23:30:00,AWS_05,0,normal,none,0,0.09694676965788063
2026-01-15 23:45:00,AWS_05,0,normal,none,0,0.10101177787286925
2026-01-16 00:00:00,AWS_05,1,power_failure,all,1,-0.12312380128843281
2026-01-16 00:15:00,AWS_05,1,power_failure,all,1,-0.030276477472433116
2026-01-16 00:30:00,AWS_05,1,multivariate_inconsistency,humidity,1,-0.0778922751246538
2026-01-16 00:45:00,AWS_05,1,multivariate_inconsistency,humidity,1,-0.030276477472433116
2026-01-16 01:00:00,AWS_05,1,multivariate_inconsistency,humidity,1,-0.07492045572120154
2026-01-16 01:15:00,AWS_05,1,multivariate_inconsistency,humidity,1,-0.02221211776644405
2026-01-16 01:30:00,AWS_05,1,multivariate_inconsistency,humidity,1,-0.019641431646013063
2026-01-16 01:45:00,AWS_05,1,multivariate_inconsistency,humidity,0,0.014369223764223338
2026-01-16 02:00:00,AWS_05,0,normal,none,0,0.03489921457580647
2026-01-16 02:15:00,AWS_05,0,normal,none,0,0.052037849192273944
2026-01-16 02:30:00,AWS_05,0,normal,none,0,0.07074527541335851
2026-01-16 02:45:00,AWS_05,0,normal,none,0,0.04923493140546242
2026-01-16 03:00:00,AWS_05,0,normal,none,0,0.06314981230278904
2026-01-16 03:15:00,AWS_05,0,normal,none,0,0.07385596775965392
2026-01-16 03:30:00,AWS_05,0,normal,none,0,0.03995289536658009
2026-01-16 03:45:00,AWS_05,0,normal,none,0,0.046400241349961235
2026-01-16 04:00:00,AWS_05,0,normal,none,0,0.07254487636266271
2026-01-16 04:15:00,AWS_05,0,normal,none,0,0.06886676536929492
2026-01-16 04:30:00,AWS_05,0,normal,none,0,0.058859679222301675
2026-01-16 04:45:00,AWS_05,0,normal,none,0,0.06990107588209887
2026-01-16 05:00:00,AWS_05,0,normal,none,0,0.05160985557317155
2026-01-16 05:15:00,AWS_05,0,normal,none,0,0.04775109843642633
2026-01-16 05:30:00,AWS_05,0,normal,none,0,0.04800233866364523
2026-01-16 05:45:00,AWS_05,0,normal,none,0,0.04647820211294351
2026-01-16 06:00:00,AWS_05,0,normal,none,0,0.07347927457754111
2026-01-16 06:15:00,AWS_05,0,normal,none,0,0.07458443355687155
2026-01-16 06:30:00,AWS_05,0,normal,none,0,0.05386042724944312
2026-01-16 06:45:00,AWS_05,0,normal,none,0,0.06506077703250052
2026-01-16 07:00:00,AWS_05,0,normal,none,0,0.046272881753327555
2026-01-16 07:15:00,AWS_05,0,normal,none,0,0.08585270507397375
2026-01-16 07:30:00,AWS_05,0,normal,none,0,0.051821635994019066
2026-01-16 07:45:00,AWS_05,0,normal,none,0,0.052191950280842
2026-01-16 08:00:00,AWS_05,0,normal,none,0,0.07509894144018298
2026-01-16 08:15:00,AWS_05,0,normal,none,0,0.05738752222006077
2026-01-16 08:30:00,AWS_05,0,normal,none,0,0.07993083188911243
2026-01-16 08:45:00,AWS_05,0,normal,none,0,0.08135709007465797
2026-01-16 09:00:00,AWS_05,0,normal,none,0,0.06368862452543494
2026-01-16 09:15:00,AWS_05,0,normal,none,0,0.046406159607940256
2026-01-16 09:30:00,AWS_05,0,normal,none,0,0.026703618783737615
2026-01-16 09:45:00,AWS_05,0,normal,none,0,0.06363750796676254
2026-01-16 10:00:00,AWS_05,0,normal,none,0,0.0680328344410015
2026-01-16 10:15:00,AWS_05,0,normal,none,0,0.06910366585423666
2026-01-16 10:30:00,AWS_05,0,normal,none,0,0.07281495815975148
2026-01-16 10:45:00,AWS_05,0,normal,none,0,0.07508845774835232
2026-01-16 11:00:00,AWS_05,0,normal,none,0,0.03186406809200715
2026-01-16 11:15:00,AWS_05,0,normal,none,0,0.05983035903077455
2026-01-16 11:30:00,AWS_05,0,normal,none,0,0.042030641526985324
2026-01-16 11:45:00,AWS_05,0,normal,none,0,0.05852152790637871
2026-01-16 12:00:00,AWS_05,0,normal,none,0,0.050545499367231794
2026-01-16 12:15:00,AWS_05,0,normal,none,0,0.06024942885076817
2026-01-16 12:30:00,AWS_05,0,normal,none,0,0.0788803430506379
2026-01-16 12:45:00,AWS_05,0,normal,none,0,0.08434034819875091
2026-01-16 13:00:00,AWS_05,0,normal,none,0,0.08639063977531491
2026-01-16 13:15:00,AWS_05,0,normal,none,0,0.08805166298340267
2026-01-16 13:30:00,AWS_05,0,normal,none,0,0.08409470526730328
2026-01-16 13:45:00,AWS_05,0,normal,none,0,0.08672518802980445
2026-01-16 14:00:00,AWS_05,0,normal,none,0,0.08311594791727028
2026-01-16 14:15:00,AWS_05,0,normal,none,0,0.0848117303400488
2026-01-16 14:30:00,AWS_05,0,normal,none,0,0.0684137697370838
2026-01-16 14:45:00,AWS_05,0,normal,none,0,0.06864605418231057
2026-01-16 15:00:00,AWS_05,0,normal,none,0,0.04734151460271718
2026-01-16 15:15:00,AWS_05,0,normal,none,0,0.09011705313071822
2026-01-16 15:30:00,AWS_05,0,normal,none,0,0.07264038135249884
2026-01-16 15:45:00,AWS_05,0,normal,none,0,0.09484547183815101
2026-01-16 16:00:00,AWS_05,0,normal,none,0,0.10127507527479912
2026-01-16 16:15:00,AWS_05,0,normal,none,0,0.08865845974209768
2026-01-16 16:30:00,AWS_05,0,normal,none,0,0.06490899228430935
2026-01-16 16:45:00,AWS_05,0,normal,none,0,0.08732244582230364
2026-01-16 17:00:00,AWS_05,0,normal,none,0,0.07905967400661051
2026-01-16 17:15:00,AWS_05,0,normal,none,0,0.0729942211826366
2026-01-16 17:30:00,AWS_05,0,normal,none,0,0.09248981004695167
2026-01-16 17:45:00,AWS_05,0,normal,none,0,0.10231044788459348
2026-01-16 18:00:00,AWS_05,0,normal,none,0,0.09980834632393953
2026-01-16 18:15:00,AWS_05,0,normal,none,0,0.09168695243789027
2026-01-16 18:30:00,AWS_05,0,normal,none,0,0.09621292154235023
2026-01-16 18:45:00,AWS_05,0,normal,none,0,0.0706250766639907
2026-01-16 19:00:00,AWS_05,0,normal,none,0,0.07333468336318283
2026-01-16 19:15:00,AWS_05,0,normal,none,0,0.08903089235104189
2026-01-16 19:30:00,AWS_05,0,normal,none,0,0.10682828919989229
2026-01-16 19:45:00,AWS_05,0,normal,none,0,0.06323929432750242
2026-01-16 20:00:00,AWS_05,0,normal,none,0,0.05679226967496315
2026-01-16 20:15:00,AWS_05,0,normal,none,0,0.10733039582489728
2026-01-16 20:30:00,AWS_05,0,normal,none,0,0.1009244929085309
2026-01-16 20:45:00,AWS_05,0,normal,none,0,0.05733876444980868
2026-01-16 21:00:00,AWS_05,0,normal,none,0,0.08509040330989431
2026-01-16 21:15:00,AWS_05,0,normal,none,0,0.10708010934728235
2026-01-16 21:30:00,AWS_05,0,normal,none,0,0.07586413504027689
2026-01-16 21:45:00,AWS_05,0,normal,none,0,0.03027651754152072
2026-01-16 22:00:00,AWS_05,0,normal,none,0,0.07209548785759717
2026-01-16 22:15:00,AWS_05,0,normal,none,0,0.08300851743768972
2026-01-16 22:30:00,AWS_05,0,normal,none,0,0.05559904204625943
2026-01-16 22:45:00,AWS_05,0,normal,none,0,0.07147389337773774
2026-01-16 23:00:00,AWS_05,0,normal,none,0,0.09789624126837759
2026-01-16 23:15:00,AWS_05,0,normal,none,0,0.09065061595452478
2026-01-16 23:30:00,AWS_05,0,normal,none,0,0.0565949809393011
2026-01-16 23:45:00,AWS_05,0,normal,none,0,0.07084623489738551
2026-01-17 00:00:00,AWS_05,0,normal,none,0,0.07672224908506348
2026-01-17 00:15:00,AWS_05,0,normal,none,0,0.08978096156505544
2026-01-17 00:30:00,AWS_05,0,normal,none,0,0.08959147824212438
2026-01-17 00:45:00,AWS_05,0,normal,none,0,0.04160538297954641
2026-01-17 01:00:00,AWS_05,0,normal,none,0,0.08074284133678877
2026-01-17 01:15:00,AWS_05,0,normal,none,0,0.048939158159847396
2026-01-17 01:30:00,AWS_05,0,normal,none,0,0.07254993321664521
2026-01-17 01:45:00,AWS_05,0,normal,none,0,0.03332183921369747
2026-01-17 02:00:00,AWS_05,0,normal,none,0,0.06217433919881188
2026-01-17 02:15:00,AWS_05,0,normal,none,0,0.047233943655102584
2026-01-17 02:30:00,AWS_05,0,normal,none,0,0.07123457274043515
2026-01-17 02:45:00,AWS_05,0,normal,none,0,0.05830202800171003
2026-01-17 03:00:00,AWS_05,0,normal,none,0,0.07970232162853247
2026-01-17 03:15:00,AWS_05,0,normal,none,0,0.07642428139854296
2026-01-17 03:30:00,AWS_05,0,normal,none,0,0.056960846055682524
2026-01-17 03:45:00,AWS_05,0,normal,none,0,0.09213255778534685
2026-01-17 04:00:00,AWS_05,0,normal,none,0,0.06932579748942641
2026-01-17 04:15:00,AWS_05,0,normal,none,0,0.07113913828506713
2026-01-17 04:30:00,AWS_05,0,normal,none,0,0.061890319197514976
2026-01-17 04:45:00,AWS_05,0,normal,none,0,0.07698800156476776
2026-01-17 05:00:00,AWS_05,0,normal,none,0,0.02697814945774335
2026-01-17 05:15:00,AWS_05,0,normal,none,0,0.04238445266945157
2026-01-17 05:30:00,AWS_05,0,normal,none,0,0.08019808718861376
2026-01-17 05:45:00,AWS_05,0,normal,none,0,0.047606636385690515
2026-01-17 06:00:00,AWS_05,0,normal,none,0,0.03572249048731613
2026-01-17 06:15:00,AWS_05,0,normal,none,0,0.09793844695232251
2026-01-17 06:30:00,AWS_05,0,normal,none,0,0.08030204199235114
2026-01-17 06:45:00,AWS_05,0,normal,none,0,0.05875958723300562
2026-01-17 07:00:00,AWS_05,0,normal,none,0,0.08274823593641145
2026-01-17 07:15:00,AWS_05,0,normal,none,0,0.07875328466892212
2026-01-17 07:30:00,AWS_05,0,normal,none,0,0.09379648034813365
2026-01-17 07:45:00,AWS_05,0,normal,none,0,0.09124522941482582
2026-01-17 08:00:00,AWS_05,0,normal,none,0,0.08596184910015364
2026-01-17 08:15:00,AWS_05,0,normal,none,0,0.0790220196799919
2026-01-17 08:30:00,AWS_05,0,normal,none,0,0.08852938005665462
2026-01-17 08:45:00,AWS_05,0,normal,none,0,0.06727306453542314
2026-01-17 09:00:00,AWS_05,0,normal,none,0,0.03512517030801665
2026-01-17 09:15:00,AWS_05,0,normal,none,0,0.09340178233170299
2026-01-17 09:30:00,AWS_05,0,normal,none,0,0.09155885573320321
2026-01-17 09:45:00,AWS_05,0,normal,none,0,0.10314716349799291
2026-01-17 10:00:00,AWS_05,0,normal,none,0,0.09137040871574742
2026-01-17 10:15:00,AWS_05,0,normal,none,0,0.07166353457593216
2026-01-17 10:30:00,AWS_05,0,normal,none,0,0.08517100662788862
2026-01-17 10:45:00,AWS_05,0,normal,none,0,0.07689351686031448
2026-01-17 11:00:00,AWS_05,0,normal,none,0,0.06076403678927422
2026-01-17 11:15:00,AWS_05,0,normal,none,0,0.0773450214642567
2026-01-17 11:30:00,AWS_05,0,normal,none,0,0.03776271757797556
2026-01-17 11:45:00,AWS_05,0,normal,none,0,0.07877156706005028
2026-01-17 12:00:00,AWS_05,0,normal,none,0,0.09241942669419839
2026-01-17 12:15:00,AWS_05,0,normal,none,0,0.08112681722194154
2026-01-17 12:30:00,AWS_05,0,normal,none,0,0.06912250708298462
2026-01-17 12:45:00,AWS_05,0,normal,none,0,0.06942621120581643
2026-01-17 13:00:00,AWS_05,0,normal,none,0,0.08537213970273949
2026-01-17 13:15:00,AWS_05,0,normal,none,0,0.09194150148899616
2026-01-17 13:30:00,AWS_05,0,normal,none,0,0.07958332525846817
2026-01-17 13:45:00,AWS_05,0,normal,none,0,0.07921677286126394
2026-01-17 14:00:00,AWS_05,0,normal,none,0,0.06555477004869531
2026-01-17 14:15:00,AWS_05,0,normal,none,0,0.06029046512838093
2026-01-17 14:30:00,AWS_05,0,normal,none,0,0.08373429633917612
2026-01-17 14:45:00,AWS_05,0,normal,none,0,0.08424904468611372
2026-01-17 15:00:00,AWS_05,0,normal,none,0,0.07266505439381776
2026-01-17 15:15:00,AWS_05,0,normal,none,0,0.05633180451601488
2026-01-17 15:30:00,AWS_05,0,normal,none,0,0.060586710365494734
2026-01-17 15:45:00,AWS_05,0,normal,none,0,0.09720142044031999
2026-01-17 16:00:00,AWS_05,0,normal,none,0,0.07554901970528793
2026-01-17 16:15:00,AWS_05,0,normal,none,0,0.1000343411910401
2026-01-17 16:30:00,AWS_05,0,normal,none,0,0.061193634323669754
2026-01-17 16:45:00,AWS_05,0,normal,none,0,0.09163947779150505
2026-01-17 17:00:00,AWS_05,0,normal,none,0,0.09237481752371146
2026-01-17 17:15:00,AWS_05,0,normal,none,0,0.08649420768896421
2026-01-17 17:30:00,AWS_05,0,normal,none,0,0.08784200520921676
2026-01-17 17:45:00,AWS_05,0,normal,none,0,0.07614079045757677
2026-01-17 18:00:00,AWS_05,0,normal,none,0,0.05573173025715761
2026-01-17 18:15:00,AWS_05,0,normal,none,0,0.0912451676206576
2026-01-17 18:30:00,AWS_05,0,normal,none,0,0.07394538689260788
2026-01-17 18:45:00,AWS_05,0,normal,none,0,0.040750755035555586
2026-01-17 19:00:00,AWS_05,0,normal,none,0,0.044659622534901744
2026-01-17 19:15:00,AWS_05,0,normal,none,0,0.0650784621436018
2026-01-17 19:30:00,AWS_05,0,normal,none,0,0.07279689917514759
2026-01-17 19:45:00,AWS_05,0,normal,none,0,0.05919854475661496
2026-01-17 20:00:00,AWS_05,0,normal,none,0,0.08706812364119904
2026-01-17 20:15:00,AWS_05,0,normal,none,0,0.05362506724754673
2026-01-17 20:30:00,AWS_05,0,normal,none,0,0.06426510775208638
2026-01-17 20:45:00,AWS_05,0,normal,none,0,0.06519667418805924
2026-01-17 21:00:00,AWS_05,0,normal,none,0,0.09854155697378136
2026-01-17 21:15:00,AWS_05,0,normal,none,0,0.05677963492958593
2026-01-17 21:30:00,AWS_05,0,normal,none,0,0.06867880990046443
2026-01-17 21:45:00,AWS_05,0,normal,none,0,0.042325105107499095
2026-01-17 22:00:00,AWS_05,0,normal,none,0,0.055274324777805584
2026-01-17 22:15:00,AWS_05,0,normal,none,0,0.06297216054571741
2026-01-17 22:30:00,AWS_05,0,normal,none,0,0.07010713433495591
2026-01-17 22:45:00,AWS_05,0,normal,none,0,0.061758867246238414
2026-01-17 23:00:00,AWS_05,0,normal,none,0,0.07392068664916457
2026-01-17 23:15:00,AWS_05,0,normal,none,0,0.0731469033132423
2026-01-17 23:30:00,AWS_05,0,normal,none,0,0.05555608861364031
2026-01-17 23:45:00,AWS_05,0,normal,none,1,-0.011706224556336076
2026-01-18 00:00:00,AWS_05,0,normal,none,0,0.04591053313592508
2026-01-18 00:15:00,AWS_05,1,multivariate_inconsistency,humidity,1,-0.03314210408445073
2026-01-18 00:30:00,AWS_05,1,multivariate_inconsistency,humidity,0,0.02240068923594285
2026-01-18 00:45:00,AWS_05,1,multivariate_inconsistency,humidity,0,0.022486209908890165
2026-01-18 01:00:00,AWS_05,1,multivariate_inconsistency,humidity,0,5.226056040563698e-05
2026-01-18 01:15:00,AWS_05,1,multivariate_inconsistency,humidity,0,0.025736555404038963
2026-01-18 01:30:00,AWS_05,1,multivariate_inconsistency,humidity,0,0.03552514482031566
2026-01-18 01:45:00,AWS_05,1,frozen_sensor,temperature,1,-0.01086310930568335
2026-01-18 02:00:00,AWS_05,1,frozen_sensor,temperature,0,0.05292198749729182
2026-01-18 02:15:00,AWS_05,1,frozen_sensor,temperature,0,0.05119566812919546
2026-01-18 02:30:00,AWS_05,1,frozen_sensor,temperature,0,0.050327110955507515
2026-01-18 02:45:00,AWS_05,1,frozen_sensor,temperature,0,0.053686270405664815
2026-01-18 03:00:00,AWS_05,1,frozen_sensor,temperature,0,0.029258289095810075
2026-01-18 03:15:00,AWS_05,1,frozen_sensor,temperature,0,0.024871739706635254
2026-01-18 03:30:00,AWS_05,1,frozen_sensor,temperature,0,0.05749856174859713
2026-01-18 03:45:00,AWS_05,1,frozen_sensor,temperature,0,0.058774701142611574
2026-01-18 04:00:00,AWS_05,1,frozen_sensor,temperature,0,0.05477147671900445
2026-01-18 04:15:00,AWS_05,1,frozen_sensor,temperature,0,0.013023421788249223
2026-01-18 04:30:00,AWS_05,1,frozen_sensor,temperature,0,0.013026922005403896
2026-01-18 04:45:00,AWS_05,1,frozen_sensor,temperature,0,0.04576621583767437
2026-01-18 05:00:00,AWS_05,1,frozen_sensor,temperature,0,0.057448076129331005
2026-01-18 05:15:00,AWS_05,1,frozen_sensor,temperature,0,0.04320062568771921
2026-01-18 05:30:00,AWS_05,1,frozen_sensor,temperature,0,0.044037997966537956
2026-01-18 05:45:00,AWS_05,1,frozen_sensor,temperature,0,0.04356031195435284
2026-01-18 06:00:00,AWS_05,1,frozen_sensor,temperature,0,0.034527394622303254
2026-01-18 06:15:00,AWS_05,1,frozen_sensor,temperature,0,0.03866336824368499
2026-01-18 06:30:00,AWS_05,1,frozen_sensor,temperature,0,0.04342875319177586
2026-01-18 06:45:00,AWS_05,1,frozen_sensor,temperature,0,0.03286655324257881
2026-01-18 07:00:00,AWS_05,0,normal,none,0,0.011926661081747558
2026-01-18 07:15:00,AWS_05,0,normal,none,0,0.0629590883764014
2026-01-18 07:30:00,AWS_05,0,normal,none,0,0.04866477083273335
2026-01-18 07:45:00,AWS_05,0,normal,none,0,0.06699217501435928
2026-01-18 08:00:00,AWS_05,0,normal,none,0,0.06021687144647575
2026-01-18 08:15:00,AWS_05,0,normal,none,0,0.07310803380113934
2026-01-18 08:30:00,AWS_05,0,normal,none,0,0.0672444833710022
2026-01-18 08:45:00,AWS_05,0,normal,none,0,0.07669986104044485
2026-01-18 09:00:00,AWS_05,0,normal,none,0,0.06819707257649887
2026-01-18 09:15:00,AWS_05,0,normal,none,0,0.07850542966310536
2026-01-18 09:30:00,AWS_05,0,normal,none,0,0.07449584408367788
2026-01-18 09:45:00,AWS_05,0,normal,none,0,0.08716360472232426
2026-01-18 10:00:00,AWS_05,0,normal,none,0,0.0899804602333163
2026-01-18 10:15:00,AWS_05,0,normal,none,0,0.07460018153130993
2026-01-18 10:30:00,AWS_05,0,normal,none,0,0.036904416217833136
2026-01-18 10:45:00,AWS_05,0,normal,none,0,0.041608071874458696
2026-01-18 11:00:00,AWS_05,0,normal,none,0,0.09236145782739463
2026-01-18 11:15:00,AWS_05,0,normal,none,0,0.10220786254227687
2026-01-18 11:30:00,AWS_05,0,normal,none,0,0.10718694581426247
2026-01-18 11:45:00,AWS_05,0,normal,none,0,0.09837915655104212
2026-01-18 12:00:00,AWS_05,0,normal,none,0,0.10385504533188583
2026-01-18 12:15:00,AWS_05,0,normal,none,0,0.09085916389388965
2026-01-18 12:30:00,AWS_05,0,normal,none,0,0.10158482372525868
2026-01-18 12:45:00,AWS_05,0,normal,none,0,0.08972587874612548
2026-01-18 13:00:00,AWS_05,0,normal,none,0,0.0815868912249268
2026-01-18 13:15:00,AWS_05,0,normal,none,0,0.0876514887876908
2026-01-18 13:30:00,AWS_05,0,normal,none,0,0.10786411863400946
2026-01-18 13:45:00,AWS_05,0,normal,none,0,0.08842375065201846
2026-01-18 14:00:00,AWS_05,0,normal,none,0,0.04732102255423898
2026-01-18 14:15:00,AWS_05,0,normal,none,0,0.06867363311752883
2026-01-18 14:30:00,AWS_05,0,normal,none,0,0.05985564650909969
2026-01-18 14:45:00,AWS_05,0,normal,none,0,0.09721557470421921
2026-01-18 15:00:00,AWS_05,0,normal,none,0,0.08018069968904246
2026-01-18 15:15:00,AWS_05,0,normal,none,0,0.06201014587128495
2026-01-18 15:30:00,AWS_05,0,normal,none,0,0.10016147800345648
2026-01-18 15:45:00,AWS_05,0,normal,none,0,0.099911591778927
2026-01-18 16:00:00,AWS_05,0,normal,none,0,0.08114565843292249
2026-01-18 16:15:00,AWS_05,0,normal,none,0,0.08856720681419145
2026-01-18 16:30:00,AWS_05,0,normal,none,0,0.07329682272670163
2026-01-18 16:45:00,AWS_05,0,normal,none,0,0.09877301743142808
2026-01-18 17:00:00,AWS_05,0,normal,none,0,0.0811918074418781
2026-01-18 17:15:00,AWS_05,0,normal,none,0,0.07902133778198478
2026-01-18 17:30:00,AWS_05,0,normal,none,0,0.07087734953813102
2026-01-18 17:45:00,AWS_05,0,normal,none,0,0.06922115362832187
2026-01-18 18:00:00,AWS_05,0,normal,none,0,0.10495037016698627
2026-01-18 18:15:00,AWS_05,0,normal,none,0,0.08114637882064574
2026-01-18 18:30:00,AWS_05,0,normal,none,0,0.09606767878903477
2026-01-18 18:45:00,AWS_05,0,normal,none,0,0.06484878534978661
2026-01-18 19:00:00,AWS_05,0,normal,none,0,0.09656878422627607
2026-01-18 19:15:00,AWS_05,0,normal,none,0,0.10655743925558142
2026-01-18 19:30:00,AWS_05,0,normal,none,0,0.08400261784410462
2026-01-18 19:45:00,AWS_05,0,normal,none,0,0.043087067475790386
2026-01-18 20:00:00,AWS_05,0,normal,none,0,0.09397381467788435
2026-01-18 20:15:00,AWS_05,0,normal,none,0,0.09434195419787744
2026-01-18 20:30:00,AWS_05,0,normal,none,0,0.08195544196993582
2026-01-18 20:45:00,AWS_05,0,normal,none,0,0.04827121183344574
2026-01-18 21:00:00,AWS_05,0,normal,none,0,0.07478590956862385
2026-01-18 21:15:00,AWS_05,0,normal,none,0,0.10133929891931509
2026-01-18 21:30:00,AWS_05,0,normal,none,0,0.073812865250165
2026-01-18 21:45:00,AWS_05,0,normal,none,0,0.0250229981550395
2026-01-18 22:00:00,AWS_05,0,normal,none,0,0.07988767019591025
2026-01-18 22:15:00,AWS_05,0,normal,none,0,0.06474522858363652
2026-01-18 22:30:00,AWS_05,0,normal,none,0,0.08411138877498359
2026-01-18 22:45:00,AWS_05,0,normal,none,0,0.07757871098089819
2026-01-18 23:00:00,AWS_05,0,normal,none,0,0.05656496229185509
2026-01-18 23:15:00,AWS_05,0,normal,none,0,0.034109020956805125
2026-01-18 23:30:00,AWS_05,0,normal,none,0,0.07590800935429243
2026-01-18 23:45:00,AWS_05,0,normal,none,0,0.06654816726685575
2026-01-19 00:00:00,AWS_05,0,normal,none,0,0.06157168374604005
2026-01-19 00:15:00,AWS_05,0,normal,none,0,0.04366772556973941
2026-01-19 00:30:00,AWS_05,1,power_failure,all,1,-0.12718639952089705
2026-01-19 00:45:00,AWS_05,1,power_failure,all,1,-0.034565222383333816
2026-01-19 01:00:00,AWS_05,1,missing_data,all,1,-0.03666833436804795
2026-01-19 01:15:00,AWS_05,1,missing_data,all,1,-0.03666833436804795
2026-01-19 01:30:00,AWS_05,1,missing_data,all,1,-0.07791535309163722
2026-01-19 01:45:00,AWS_05,1,missing_data,all,0,0.04609287967571085
2026-01-19 02:00:00,AWS_05,1,missing_data,all,0,0.047889295226627326
2026-01-19 02:15:00,AWS_05,1,missing_data,all,0,0.04737572058251471
2026-01-19 02:30:00,AWS_05,1,missing_data,all,0,0.025933905717553496
2026-01-19 02:45:00,AWS_05,1,missing_data,all,0,0.052248342111396895
2026-01-19 03:00:00,AWS_05,0,normal,none,0,0.053325733169104106
2026-01-19 03:15:00,AWS_05,0,normal,none,0,0.030906301238668776
2026-01-19 03:30:00,AWS_05,0,normal,none,0,0.0376658348347253
2026-01-19 03:45:00,AWS_05,0,normal,none,0,0.02057165388342752
2026-01-19 04:00:00,AWS_05,0,normal,none,0,0.036816006439221116
2026-01-19 04:15:00,AWS_05,0,normal,none,0,0.04871177376208846
2026-01-19 04:30:00,AWS_05,0,normal,none,0,0.036710857701253485
2026-01-19 04:45:00,AWS_05,0,normal,none,0,0.02805684955947052
2026-01-19 05:00:00,AWS_05,0,normal,none,0,0.06917104196560292
2026-01-19 05:15:00,AWS_05,0,normal,none,0,0.06182757680732226
2026-01-19 05:30:00,AWS_05,0,normal,none,0,0.06256487718830306
2026-01-19 05:45:00,AWS_05,0,normal,none,0,0.06990961357465014
2026-01-19 06:00:00,AWS_05,0,normal,none,0,0.06351303073666686
2026-01-19 06:15:00,AWS_05,0,normal,none,0,0.02001185968191621
2026-01-19 06:30:00,AWS_05,0,normal,none,0,0.014390863769095263
2026-01-19 06:45:00,AWS_05,0,normal,none,0,0.03540965596527623
2026-01-19 07:00:00,AWS_05,0,normal,none,0,0.06552314460642256
2026-01-19 07:15:00,AWS_05,0,normal,none,0,0.0762867749382351
2026-01-19 07:30:00,AWS_05,0,normal,none,0,0.0745620861885139
2026-01-19 07:45:00,AWS_05,0,normal,none,0,0.08653114175273602
2026-01-19 08:00:00,AWS_05,0,normal,none,0,0.09711350585928585
2026-01-19 08:15:00,AWS_05,0,normal,none,0,0.0943837535666529
2026-01-19 08:30:00,AWS_05,0,normal,none,0,0.05489611940411537
2026-01-19 08:45:00,AWS_05,0,normal,none,0,0.09532861051959762
2026-01-19 09:00:00,AWS_05,0,normal,none,0,0.09725494562848391
2026-01-19 09:15:00,AWS_05,0,normal,none,0,0.09156223707394223
2026-01-19 09:30:00,AWS_05,0,normal,none,0,0.059379708425998656
2026-01-19 09:45:00,AWS_05,0,normal,none,0,0.07797022361142147
2026-01-19 10:00:00,AWS_05,0,normal,none,0,0.07959409622085573
2026-01-19 10:15:00,AWS_05,0,normal,none,0,0.06088630826823904
2026-01-19 10:30:00,AWS_05,0,normal,none,0,0.08632647236441487
2026-01-19 10:45:00,AWS_05,0,normal,none,0,0.09540914030241898
2026-01-19 11:00:00,AWS_05,0,normal,none,0,0.09207095600899984
2026-01-19 11:15:00,AWS_05,0,normal,none,0,0.09659513844016637
2026-01-19 11:30:00,AWS_05,0,normal,none,0,0.09272162396445982
2026-01-19 11:45:00,AWS_05,0,normal,none,0,0.06986347389752817
2026-01-19 12:00:00,AWS_05,0,normal,none,0,0.09434083618846073
2026-01-19 12:15:00,AWS_05,0,normal,none,0,0.09457351131371922
2026-01-19 12:30:00,AWS_05,0,normal,none,0,0.07347053174622648
2026-01-19 12:45:00,AWS_05,0,normal,none,0,0.09765215378033265
2026-01-19 13:00:00,AWS_05,0,normal,none,0,0.10827708064251668
2026-01-19 13:15:00,AWS_05,0,normal,none,0,0.07424855520208623
2026-01-19 13:30:00,AWS_05,0,normal,none,0,0.07970513609096613
2026-01-19 13:45:00,AWS_05,0,normal,none,0,0.07951781054742613
2026-01-19 14:00:00,AWS_05,0,normal,none,0,0.09482601960401449
2026-01-19 14:15:00,AWS_05,0,normal,none,0,0.09453518038014952
2026-01-19 14:30:00,AWS_05,0,normal,none,0,0.08479505681042249
2026-01-19 14:45:00,AWS_05,0,normal,none,0,0.10536816981754887
2026-01-19 15:00:00,AWS_05,0,normal,none,0,0.09257482659136956
2026-01-19 15:15:00,AWS_05,0,normal,none,0,0.03706804011016662
2026-01-19 15:30:00,AWS_05,0,normal,none,0,0.07299328627414453
2026-01-19 15:45:00,AWS_05,0,normal,none,0,0.09487134487863841
2026-01-19 16:00:00,AWS_05,0,normal,none,0,0.1038443601603708
2026-01-19 16:15:00,AWS_05,0,normal,none,0,0.07326337795790044
2026-01-19 16:30:00,AWS_05,0,normal,none,0,0.07477538165115072
2026-01-19 16:45:00,AWS_05,0,normal,none,0,0.04004835342369495
2026-01-19 17:00:00,AWS_05,0,normal,none,0,0.07313194938464262
2026-01-19 17:15:00,AWS_05,0,normal,none,0,0.07914140671688441
2026-01-19 17:30:00,AWS_05,0,normal,none,0,0.07134745862335684
2026-01-19 17:45:00,AWS_05,0,normal,none,0,0.059799892993661785
2026-01-19 18:00:00,AWS_05,0,normal,none,0,0.07348704636724235
2026-01-19 18:15:00,AWS_05,0,normal,none,0,0.0874313937247756
2026-01-19 18:30:00,AWS_05,0,normal,none,0,0.07848493691408331
2026-01-19 18:45:00,AWS_05,0,normal,none,0,0.0602809175359324
2026-01-19 19:00:00,AWS_05,0,normal,none,0,0.046498315645582045
2026-01-19 19:15:00,AWS_05,0,normal,none,0,0.08234426035912673
2026-01-19 19:30:00,AWS_05,0,normal,none,0,0.07836550517257779
2026-01-19 19:45:00,AWS_05,0,normal,none,0,0.09797358429550662
2026-01-19 20:00:00,AWS_05,0,normal,none,0,0.1028320336435109
2026-01-19 20:15:00,AWS_05,0,normal,none,0,0.11027950642929124
2026-01-19 20:30:00,AWS_05,0,normal,none,0,0.09969356389954598
2026-01-19 20:45:00,AWS_05,0,normal,none,0,0.11279166740281565
2026-01-19 21:00:00,AWS_05,0,normal,none,0,0.1125134425762207
2026-01-19 21:15:00,AWS_05,0,normal,none,0,0.058240399364631656
2026-01-19 21:30:00,AWS_05,0,normal,none,0,0.10165752171743903
2026-01-19 21:45:00,AWS_05,0,normal,none,0,0.07793368572303888
2026-01-19 22:00:00,AWS_05,0,normal,none,0,0.08542358818016238
2026-01-19 22:15:00,AWS_05,0,normal,none,0,0.084507042601841
2026-01-19 22:30:00,AWS_05,0,normal,none,0,0.07742945322695777
2026-01-19 22:45:00,AWS_05,0,normal,none,0,0.07596331165826653
2026-01-19 23:00:00,AWS_05,0,normal,none,0,0.09298719446417542
2026-01-19 23:15:00,AWS_05,0,normal,none,0,0.0625387004132425
2026-01-19 23:30:00,AWS_05,0,normal,none,0,0.05255813567843254
2026-01-19 23:45:00,AWS_05,0,normal,none,0,0.060988734369120334
2026-01-20 00:00:00,AWS_05,0,normal,none,0,0.07381340399183173
2026-01-20 00:15:00,AWS_05,0,normal,none,0,0.06422426324128261
2026-01-20 00:30:00,AWS_05,0,normal,none,0,0.07209188421364965
2026-01-20 00:45:00,AWS_05,0,normal,none,0,0.08526190013226781
2026-01-20 01:00:00,AWS_05,0,normal,none,0,0.06502112409883087
2026-01-20 01:15:00,AWS_05,1,multivariate_inconsistency,humidity,1,-0.0057048951574469875
2026-01-20 01:30:00,AWS_05,1,multivariate_inconsistency,humidity,0,0.05006976290790349
2026-01-20 01:45:00,AWS_05,1,multivariate_inconsistency,humidity,0,0.05188275967912598
2026-01-20 02:00:00,AWS_05,1,multivariate_inconsistency,humidity,0,0.05897368054888086
2026-01-20 02:15:00,AWS_05,1,multivariate_inconsistency,humidity,0,0.054315412970102284
2026-01-20 02:30:00,AWS_05,1,multivariate_inconsistency,humidity,0,0.052559737439757226
2026-01-20 02:45:00,AWS_05,0,normal,none,0,0.019184642217799586
2026-01-20 03:00:00,AWS_05,0,normal,none,0,0.07830342174952032
2026-01-20 03:15:00,AWS_05,0,normal,none,0,0.08279055492850346
2026-01-20 03:30:00,AWS_05,0,normal,none,0,0.10675636937979088
2026-01-20 03:45:00,AWS_05,0,normal,none,0,0.1003867524786729
2026-01-20 04:00:00,AWS_05,0,normal,none,0,0.097532811743062
2026-01-20 04:15:00,AWS_05,0,normal,none,0,0.05729086311498732
2026-01-20 04:30:00,AWS_05,0,normal,none,0,0.09516540149496644
2026-01-20 04:45:00,AWS_05,0,normal,none,0,0.08733645656009997
2026-01-20 05:00:00,AWS_05,0,normal,none,0,0.09964023941744893
2026-01-20 05:15:00,AWS_05,0,normal,none,0,0.0869060057622551
2026-01-20 05:30:00,AWS_05,0,normal,none,0,0.0878978891767827
2026-01-20 05:45:00,AWS_05,0,normal,none,0,0.1001354402007909
2026-01-20 06:00:00,AWS_05,0,normal,none,0,0.09665141720311532
2026-01-20 06:15:00,AWS_05,0,normal,none,0,0.10244229885327161
2026-01-20 06:30:00,AWS_05,0,normal,none,0,0.10011417584450527
2026-01-20 06:45:00,AWS_05,0,normal,none,0,0.07629466702481447
2026-01-20 07:00:00,AWS_05,0,normal,none,0,0.05384071044444577
2026-01-20 07:15:00,AWS_05,0,normal,none,0,0.08606589440328127
2026-01-20 07:30:00,AWS_05,0,normal,none,0,0.10677443974201212
2026-01-20 07:45:00,AWS_05,0,normal,none,0,0.07138538975609143
2026-01-20 08:00:00,AWS_05,0,normal,none,0,0.07635510069569357
2026-01-20 08:15:00,AWS_05,0,normal,none,0,0.07086869812485769
2026-01-20 08:30:00,AWS_05,0,normal,none,0,0.10269805010687622
2026-01-20 08:45:00,AWS_05,0,normal,none,0,0.08521033810640671
2026-01-20 09:00:00,AWS_05,0,normal,none,0,0.057436003506679045
2026-01-20 09:15:00,AWS_05,0,normal,none,0,0.05857930368368586
2026-01-20 09:30:00,AWS_05,0,normal,none,0,0.08024579053335784
2026-01-20 09:45:00,AWS_05,0,normal,none,0,0.08935884696428903
2026-01-20 10:00:00,AWS_05,0,normal,none,0,0.07974977782330755
2026-01-20 10:15:00,AWS_05,0,normal,none,0,0.09397962688254019
2026-01-20 10:30:00,AWS_05,0,normal,none,0,0.0712186057985369
2026-01-20 10:45:00,AWS_05,0,normal,none,0,0.07740725856405173
2026-01-20 11:00:00,AWS_05,0,normal,none,1,-0.0032225058377820526
2026-01-20 11:15:00,AWS_05,0,normal,none,0,0.04722097530663405
2026-01-20 11:30:00,AWS_05,0,normal,none,0,0.09561496993355417
2026-01-20 11:45:00,AWS_05,0,normal,none,0,0.0740810051371465
2026-01-20 12:00:00,AWS_05,0,normal,none,0,0.08269910436859929
2026-01-20 12:15:00,AWS_05,0,normal,none,0,0.08825743834828548
2026-01-20 12:30:00,AWS_05,0,normal,none,0,0.07944752869389315
2026-01-20 12:45:00,AWS_05,0,normal,none,0,0.047637688284921986
2026-01-20 13:00:00,AWS_05,0,normal,none,0,0.05258344256012937
2026-01-20 13:15:00,AWS_05,0,normal,none,0,0.09124295693476281
2026-01-20 13:30:00,AWS_05,0,normal,none,0,0.07669413272338232
2026-01-20 13:45:00,AWS_05,0,normal,none,0,0.05765232303522999
2026-01-20 14:00:00,AWS_05,0,normal,none,0,0.07530693570804087
2026-01-20 14:15:00,AWS_05,0,normal,none,0,0.049769874397274816
2026-01-20 14:30:00,AWS_05,0,normal,none,0,0.056852769636931366
2026-01-20 14:45:00,AWS_05,0,normal,none,0,0.08997343572921007
2026-01-20 15:00:00,AWS_05,0,normal,none,0,0.08660025681743816
2026-01-20 15:15:00,AWS_05,0,normal,none,0,0.09176535272673536
2026-01-20 15:30:00,AWS_05,0,normal,none,0,0.09253289858709518
2026-01-20 15:45:00,AWS_05,0,normal,none,0,0.09760996195304966
2026-01-20 16:00:00,AWS_05,0,normal,none,0,0.07694043315422405
2026-01-20 16:15:00,AWS_05,0,normal,none,0,0.08445361797688261
2026-01-20 16:30:00,AWS_05,0,normal,none,0,0.07131489896999105
2026-01-20 16:45:00,AWS_05,0,normal,none,0,0.05730520557431462
2026-01-20 17:00:00,AWS_05,0,normal,none,0,0.10323645892929045
2026-01-20 17:15:00,AWS_05,0,normal,none,0,0.0942208645357453
2026-01-20 17:30:00,AWS_05,0,normal,none,0,0.08201383525938194
2026-01-20 17:45:00,AWS_05,0,normal,none,0,0.10432348274401337
2026-01-20 18:00:00,AWS_05,0,normal,none,0,0.08592269384244511
2026-01-20 18:15:00,AWS_05,0,normal,none,0,0.1038938966262854
2026-01-20 18:30:00,AWS_05,0,normal,none,0,0.06589322109715257
2026-01-20 18:45:00,AWS_05,0,normal,none,0,0.06490688064549238
2026-01-20 19:00:00,AWS_05,0,normal,none,0,0.08860085235470166
2026-01-20 19:15:00,AWS_05,0,normal,none,0,0.07535083281128502
2026-01-20 19:30:00,AWS_05,0,normal,none,0,0.0814013486447765
2026-01-20 19:45:00,AWS_05,0,normal,none,0,0.07482480614987053
2026-01-20 20:00:00,AWS_05,0,normal,none,0,0.10060622074100989
2026-01-20 20:15:00,AWS_05,0,normal,none,0,0.07624368404648174
2026-01-20 20:30:00,AWS_05,0,normal,none,0,0.10237461947789472
2026-01-20 20:45:00,AWS_05,0,normal,none,0,0.10853865358604059
2026-01-20 21:00:00,AWS_05,0,normal,none,0,0.08753708809720911
2026-01-20 21:15:00,AWS_05,0,normal,none,0,0.11090511345090431
2026-01-20 21:30:00,AWS_05,0,normal,none,0,0.07396858483073421
2026-01-20 21:45:00,AWS_05,0,normal,none,0,0.08108529833311123
2026-01-20 22:00:00,AWS_05,0,normal,none,0,0.07481529253083458
2026-01-20 22:15:00,AWS_05,0,normal,none,0,0.10625811046698125
2026-01-20 22:30:00,AWS_05,0,normal,none,0,0.09005224996684713
2026-01-20 22:45:00,AWS_05,0,normal,none,0,0.03956074866087189
2026-01-20 23:00:00,AWS_05,0,normal,none,0,0.07695643962422832
2026-01-20 23:15:00,AWS_05,0,normal,none,0,0.10736890449552888
2026-01-20 23:30:00,AWS_05,0,normal,none,0,0.09987521454589021
2026-01-20 23:45:00,AWS_05,0,normal,none,0,0.09383133667601873
2026-01-21 00:00:00,AWS_05,0,normal,none,0,0.0463852432738977
2026-01-21 00:15:00,AWS_05,1,missing_data,all,0,0.08614546993725763
2026-01-21 00:30:00,AWS_05,1,missing_data,all,0,0.04312337168967906
2026-01-21 00:45:00,AWS_05,1,missing_data,all,0,0.07016130938294335
2026-01-21 01:00:00,AWS_05,1,missing_data,all,0,0.0383144139502436
2026-01-21 01:15:00,AWS_05,1,missing_data,all,0,0.06835587755868539
2026-01-21 01:30:00,AWS_05,1,missing_data,all,0,0.07911274445268512
2026-01-21 01:45:00,AWS_05,1,missing_data,all,0,0.09063561506811946
2026-01-21 02:00:00,AWS_05,1,missing_data,all,0,0.05933497194070436
2026-01-21 02:15:00,AWS_05,1,frozen_sensor,temperature,0,0.07866641046689193
2026-01-21 02:30:00,AWS_05,1,frozen_sensor,temperature,0,0.04058707301940523
2026-01-21 02:45:00,AWS_05,1,frozen_sensor,temperature,0,0.08413238735885364
2026-01-21 03:00:00,AWS_05,1,frozen_sensor,temperature,0,0.09580591581728037
2026-01-21 03:15:00,AWS_05,1,frozen_sensor,temperature,0,0.07636404866806956
2026-01-21 03:30:00,AWS_05,1,frozen_sensor,temperature,0,0.05717174248036294
2026-01-21 03:45:00,AWS_05,1,frozen_sensor,temperature,0,0.05184791970071101
2026-01-21 04:00:00,AWS_05,1,frozen_sensor,temperature,0,0.08028827241020597
2026-01-21 04:15:00,AWS_05,1,frozen_sensor,temperature,0,0.05137311572460457
2026-01-21 04:30:00,AWS_05,1,frozen_sensor,temperature,0,0.0560441612576596
2026-01-21 04:45:00,AWS_05,1,frozen_sensor,temperature,0,0.06411252712702814
2026-01-21 05:00:00,AWS_05,1,frozen_sensor,temperature,0,0.061652051728109336
2026-01-21 05:15:00,AWS_05,1,frozen_sensor,temperature,0,0.06132361442793455
2026-01-21 05:30:00,AWS_05,1,frozen_sensor,temperature,0,0.06838708890574441
2026-01-21 05:45:00,AWS_05,1,frozen_sensor,temperature,0,0.025024719709666132
2026-01-21 06:00:00,AWS_05,1,frozen_sensor,temperature,0,0.05837656411249931
2026-01-21 06:15:00,AWS_05,1,frozen_sensor,temperature,0,0.06247456522258049
2026-01-21 06:30:00,AWS_05,1,frozen_sensor,temperature,0,0.04125932814567401
2026-01-21 06:45:00,AWS_05,1,frozen_sensor,temperature,0,0.06685335897691996
2026-01-21 07:00:00,AWS_05,0,normal,none,0,0.031186536542421095
2026-01-21 07:15:00,AWS_05,0,normal,none,0,0.06588679722601315
2026-01-21 07:30:00,AWS_05,0,normal,none,0,0.06229942994812804
2026-01-21 07:45:00,AWS_05,0,normal,none,0,0.08643028291785126
2026-01-21 08:00:00,AWS_05,0,normal,none,0,0.07054723056849138
2026-01-21 08:15:00,AWS_05,0,normal,none,0,0.08864658064094522
2026-01-21 08:30:00,AWS_05,0,normal,none,0,0.08791377035928832
2026-01-21 08:45:00,AWS_05,0,normal,none,0,0.06121232447021557
2026-01-21 09:00:00,AWS_05,0,normal,none,0,0.09159005402127757
2026-01-21 09:15:00,AWS_05,0,normal,none,0,0.082366209013087
2026-01-21 09:30:00,AWS_05,0,normal,none,0,0.09334164653822258
2026-01-21 09:45:00,AWS_05,0,normal,none,0,0.08829930648968337
2026-01-21 10:00:00,AWS_05,0,normal,none,0,0.08866531065528743
2026-01-21 10:15:00,AWS_05,0,normal,none,0,0.08460993597304811
2026-01-21 10:30:00,AWS_05,0,normal,none,0,0.039749771652517585
2026-01-21 10:45:00,AWS_05,0,normal,none,0,0.0867484880423336
2026-01-21 11:00:00,AWS_05,0,normal,none,0,0.04260629717247777
2026-01-21 11:15:00,AWS_05,0,normal,none,0,0.05162009349126112
2026-01-21 11:30:00,AWS_05,0,normal,none,0,0.0809949768142102
2026-01-21 11:45:00,AWS_05,0,normal,none,0,0.08317880794487609
2026-01-21 12:00:00,AWS_05,0,normal,none,0,0.09219602256017762
2026-01-21 12:15:00,AWS_05,0,normal,none,0,0.04290387507184967
2026-01-21 12:30:00,AWS_05,0,normal,none,0,0.04930800278228398
2026-01-21 12:45:00,AWS_05,0,normal,none,0,0.08125756116765609
2026-01-21 13:00:00,AWS_05,0,normal,none,0,0.0711830706375125
2026-01-21 13:15:00,AWS_05,0,normal,none,0,0.08074569769982431
2026-01-21 13:30:00,AWS_05,0,normal,none,0,0.0678983330166687
2026-01-21 13:45:00,AWS_05,0,normal,none,0,0.04206489792751533
2026-01-21 14:00:00,AWS_05,0,normal,none,0,0.08024029417361483
2026-01-21 14:15:00,AWS_05,0,normal,none,0,0.09087604507931035
2026-01-21 14:30:00,AWS_05,0,normal,none,0,0.08332262152128966
2026-01-21 14:45:00,AWS_05,0,normal,none,0,0.07565227672512725
2026-01-21 15:00:00,AWS_05,0,normal,none,0,0.06755546459837142
2026-01-21 15:15:00,AWS_05,0,normal,none,0,0.09087590631605769
2026-01-21 15:30:00,AWS_05,0,normal,none,0,0.08809320191653597
2026-01-21 15:45:00,AWS_05,0,normal,none,0,0.06094467636844625
2026-01-21 16:00:00,AWS_05,0,normal,none,0,0.07480585214716107
2026-01-21 16:15:00,AWS_05,0,normal,none,0,0.09028688764709991
2026-01-21 16:30:00,AWS_05,0,normal,none,0,0.08362559254978275
2026-01-21 16:45:00,AWS_05,0,normal,none,0,0.08847853324081323
2026-01-21 17:00:00,AWS_05,0,normal,none,0,0.10179724649221139
2026-01-21 17:15:00,AWS_05,0,normal,none,0,0.06611361762349721
2026-01-21 17:30:00,AWS_05,0,normal,none,0,0.0783438297987642
2026-01-21 17:45:00,AWS_05,0,normal,none,0,0.09471713982096341
2026-01-21 18:00:00,AWS_05,0,normal,none,0,0.0835872735441302
2026-01-21 18:15:00,AWS_05,0,normal,none,0,0.04379036414579218
2026-01-21 18:30:00,AWS_05,0,normal,none,0,0.06685703892953915
2026-01-21 18:45:00,AWS_05,0,normal,none,0,0.0991694593449925
2026-01-21 19:00:00,AWS_05,0,normal,none,0,0.09050705717236796
2026-01-21 19:15:00,AWS_05,0,normal,none,0,0.062422987459576695
2026-01-21 19:30:00,AWS_05,0,normal,none,0,0.08430332627395298
2026-01-21 19:45:00,AWS_05,0,normal,none,0,0.0899889368384505
2026-01-21 20:00:00,AWS_05,0,normal,none,0,0.09008542024140342
2026-01-21 20:15:00,AWS_05,0,normal,none,0,0.07728333998537185
2026-01-21 20:30:00,AWS_05,0,normal,none,0,0.08675004003229964
2026-01-21 20:45:00,AWS_05,0,normal,none,0,0.10868654170428832
2026-01-21 21:00:00,AWS_05,0,normal,none,0,0.05962181063446742
2026-01-21 21:15:00,AWS_05,0,normal,none,0,0.0725304887922546
2026-01-21 21:30:00,AWS_05,0,normal,none,0,0.0521438388768759
2026-01-21 21:45:00,AWS_05,0,normal,none,0,0.06921265820537026
2026-01-21 22:00:00,AWS_05,0,normal,none,0,0.10221890131015898
2026-01-21 22:15:00,AWS_05,0,normal,none,0,0.06328213578266406
2026-01-21 22:30:00,AWS_05,0,normal,none,0,0.06178611458546596
2026-01-21 22:45:00,AWS_05,0,normal,none,0,0.09581729381990245
2026-01-21 23:00:00,AWS_05,0,normal,none,0,0.05889802569049857
2026-01-21 23:15:00,AWS_05,0,normal,none,0,0.07831828560922582
2026-01-21 23:30:00,AWS_05,0,normal,none,0,0.0823198043230074
2026-01-21 23:45:00,AWS_05,0,normal,none,0,0.09611452233137396
2026-01-22 00:00:00,AWS_05,0,normal,none,0,0.06372478528228209
2026-01-22 00:15:00,AWS_05,0,normal,none,0,0.08934136532015308
2026-01-22 00:30:00,AWS_05,0,normal,none,0,0.0842580446728301
2026-01-22 00:45:00,AWS_05,0,normal,none,0,0.06983628373812228
2026-01-22 01:00:00,AWS_05,1,power_failure,all,1,-0.13050766040718553
2026-01-22 01:15:00,AWS_05,1,multivariate_inconsistency,humidity,1,-0.07938074378072235
2026-01-22 01:30:00,AWS_05,1,multivariate_inconsistency,humidity,1,-0.0395938328793034
2026-01-22 01:45:00,AWS_05,1,multivariate_inconsistency,humidity,1,-0.0395938328793034
2026-01-22 02:00:00,AWS_05,1,multivariate_inconsistency,humidity,1,-0.06893178721993876
2026-01-22 02:15:00,AWS_05,1,multivariate_inconsistency,humidity,0,0.07636521825513759
2026-01-22 02:30:00,AWS_05,1,multivariate_inconsistency,humidity,0,0.06353717209909726
2026-01-22 02:45:00,AWS_05,0,normal,none,0,0.03598371196442862
2026-01-22 03:00:00,AWS_05,0,normal,none,0,0.09549152426332647
2026-01-22 03:15:00,AWS_05,0,normal,none,0,0.09794692409032302
2026-01-22 03:30:00,AWS_05,0,normal,none,0,0.09174103764345587
2026-01-22 03:45:00,AWS_05,0,normal,none,0,0.07400318134708889
2026-01-22 04:00:00,AWS_05,0,normal,none,0,0.09027886970846555
2026-01-22 04:15:00,AWS_05,0,normal,none,0,0.06281314794429865
2026-01-22 04:30:00,AWS_05,0,normal,none,0,0.048781591978324323
2026-01-22 04:45:00,AWS_05,0,normal,none,0,0.082744527451384
2026-01-22 05:00:00,AWS_05,0,normal,none,0,0.08854446389851806
2026-01-22 05:15:00,AWS_05,0,normal,none,0,0.08692369701406777
2026-01-22 05:30:00,AWS_05,0,normal,none,0,0.07377892704356787
2026-01-22 05:45:00,AWS_05,0,normal,none,0,0.08450811929000451
2026-01-22 06:00:00,AWS_05,0,normal,none,0,0.035450618796739164
2026-01-22 06:15:00,AWS_05,0,normal,none,0,0.09392834997234134
2026-01-22 06:30:00,AWS_05,0,normal,none,0,0.08246859321071232
2026-01-22 06:45:00,AWS_05,0,normal,none,0,0.0630775723588724
2026-01-22 07:00:00,AWS_05,0,normal,none,0,0.05420114306430285
2026-01-22 07:15:00,AWS_05,0,normal,none,0,0.04567180111613445
2026-01-22 07:30:00,AWS_05,0,normal,none,0,0.08922181379531985
2026-01-22 07:45:00,AWS_05,0,normal,none,0,0.07692551097691291
2026-01-22 08:00:00,AWS_05,0,normal,none,0,0.08552411188886777
2026-01-22 08:15:00,AWS_05,0,normal,none,0,0.10386647350352113
2026-01-22 08:30:00,AWS_05,0,normal,none,0,0.10234499228096983
2026-01-22 08:45:00,AWS_05,0,normal,none,0,0.07932949369164577
2026-01-22 09:00:00,AWS_05,0,normal,none,0,0.09906335187980164
2026-01-22 09:15:00,AWS_05,0,normal,none,0,0.08997185024914894
2026-01-22 09:30:00,AWS_05,0,normal,none,0,0.060493697353506015
2026-01-22 09:45:00,AWS_05,0,normal,none,0,0.08118709949430569
2026-01-22 10:00:00,AWS_05,0,normal,none,0,0.09702747934380179
2026-01-22 10:15:00,AWS_05,0,normal,none,0,0.08391048195891482
2026-01-22 10:30:00,AWS_05,0,normal,none,0,0.09327192873735501
2026-01-22 10:45:00,AWS_05,0,normal,none,0,0.09664084829691516
2026-01-22 11:00:00,AWS_05,0,normal,none,0,0.09262799538994931
2026-01-22 11:15:00,AWS_05,0,normal,none,0,0.09078011415056098
2026-01-22 11:30:00,AWS_05,0,normal,none,0,0.03488078302618425
2026-01-22 11:45:00,AWS_05,0,normal,none,0,0.08167088014635798
2026-01-22 12:00:00,AWS_05,0,normal,none,0,0.07433901770365675
2026-01-22 12:15:00,AWS_05,0,normal,none,0,0.07268088828009445
2026-01-22 12:30:00,AWS_05,0,normal,none,0,0.08906420895584455
2026-01-22 12:45:00,AWS_05,0,normal,none,0,0.07624726020116651
2026-01-22 13:00:00,AWS_05,0,normal,none,0,0.0892074180723475
2026-01-22 13:15:00,AWS_05,0,normal,none,0,0.06265629960840724
2026-01-22 13:30:00,AWS_05,0,normal,none,0,0.07585686872035269
2026-01-22 13:45:00,AWS_05,0,normal,none,0,0.09595499665812895
2026-01-22 14:00:00,AWS_05,0,normal,none,0,0.09608065076361649
2026-01-22 14:15:00,AWS_05,0,normal,none,0,0.09678647707040461
2026-01-22 14:30:00,AWS_05,0,normal,none,0,0.09458149804905641
2026-01-22 14:45:00,AWS_05,0,normal,none,0,0.09122166255888914
2026-01-22 15:00:00,AWS_05,0,normal,none,0,0.07753663336336192
2026-01-22 15:15:00,AWS_05,0,normal,none,0,0.09246480102495669
2026-01-22 15:30:00,AWS_05,0,normal,none,0,0.08287741846485275
2026-01-22 15:45:00,AWS_05,0,normal,none,0,0.09200352684048835
2026-01-22 16:00:00,AWS_05,0,normal,none,0,0.0687428282587581
2026-01-22 16:15:00,AWS_05,0,normal,none,0,0.06270786911296883
2026-01-22 16:30:00,AWS_05,0,normal,none,0,0.07351560463613244
2026-01-22 16:45:00,AWS_05,0,normal,none,0,0.0635237337787608
2026-01-22 17:00:00,AWS_05,0,normal,none,0,0.01946718205142639
2026-01-22 17:15:00,AWS_05,0,normal,none,0,0.08469524534270229
2026-01-22 17:30:00,AWS_05,0,normal,none,0,0.08538448947635169
2026-01-22 17:45:00,AWS_05,0,normal,none,0,0.05383592772797363
2026-01-22 18:00:00,AWS_05,0,normal,none,0,0.07824987021836194
2026-01-22 18:15:00,AWS_05,0,normal,none,0,0.07896428064616162
2026-01-22 18:30:00,AWS_05,0,normal,none,0,0.06802494495151118
2026-01-22 18:45:00,AWS_05,0,normal,none,0,0.06519596176394116
2026-01-22 19:00:00,AWS_05,0,normal,none,0,0.08942819237744848
2026-01-22 19:15:00,AWS_05,0,normal,none,0,0.06278823130420186
2026-01-22 19:30:00,AWS_05,0,normal,none,0,0.07039350992796817
2026-01-22 19:45:00,AWS_05,0,normal,none,0,0.09960639779891561
2026-01-22 20:00:00,AWS_05,0,normal,none,0,0.08374211013475469
2026-01-22 20:15:00,AWS_05,0,normal,none,0,0.0856439754046926
2026-01-22 20:30:00,AWS_05,0,normal,none,0,0.08087924287961379
2026-01-22 20:45:00,AWS_05,0,normal,none,0,0.061148933845922626
2026-01-22 21:00:00,AWS_05,0,normal,none,0,0.09218713700198716
2026-01-22 21:15:00,AWS_05,0,normal,none,0,0.10095435395711538
2026-01-22 21:30:00,AWS_05,0,normal,none,0,0.08775022576115199
2026-01-22 21:45:00,AWS_05,0,normal,none,0,0.08880757770732539
2026-01-22 22:00:00,AWS_05,0,normal,none,0,0.10242198507242256
2026-01-22 22:15:00,AWS_05,0,normal,none,0,0.06911651527475737
2026-01-22 22:30:00,AWS_05,0,normal,none,0,0.07794825000854899
2026-01-22 22:45:00,AWS_05,0,normal,none,0,0.03958118711600045
2026-01-22 23:00:00,AWS_05,0,normal,none,0,0.04993064769563843
2026-01-22 23:15:00,AWS_05,0,normal,none,0,0.07311368462948509
2026-01-22 23:30:00,AWS_05,0,normal,none,0,0.09352146116652693
2026-01-22 23:45:00,AWS_05,0,normal,none,0,0.059707899353768856
2026-01-23 00:00:00,AWS_05,0,normal,none,0,0.06011559401813987
2026-01-23 00:15:00,AWS_05,0,normal,none,0,0.02638095672480134
2026-01-23 00:30:00,AWS_05,1,missing_data,all,0,0.05357572479385392
2026-01-23 00:45:00,AWS_05,1,missing_data,all,0,0.09273940205753761
2026-01-23 01:00:00,AWS_05,1,missing_data,all,0,0.09111829651479059
2026-01-23 01:15:00,AWS_05,1,missing_data,all,0,0.07806160840308812
2026-01-23 01:30:00,AWS_05,1,missing_data,all,0,0.08972168359142052
2026-01-23 01:45:00,AWS_05,1,missing_data,all,0,0.0250005691279781
2026-01-23 02:00:00,AWS_05,1,missing_data,all,0,0.03467038800371902
2026-01-23 02:15:00,AWS_05,1,missing_data,all,0,0.07250896485185665
2026-01-23 02:30:00,AWS_05,0,normal,none,0,0.0817809597419808
2026-01-23 02:45:00,AWS_05,0,normal,none,0,0.06283366611312158
2026-01-23 03:00:00,AWS_05,0,normal,none,0,0.08438157994875511
2026-01-23 03:15:00,AWS_05,0,normal,none,0,0.08744474743372443
2026-01-23 03:30:00,AWS_05,0,normal,none,0,0.0966713163483442
2026-01-23 03:45:00,AWS_05,0,normal,none,0,0.09763059152743064
2026-01-23 04:00:00,AWS_05,0,normal,none,0,0.05970035948590391
2026-01-23 04:15:00,AWS_05,0,normal,none,1,-0.02840601636077289
2026-01-23 04:30:00,AWS_05,0,normal,none,0,0.055764107768228655
2026-01-23 04:45:00,AWS_05,0,normal,none,0,0.07655195357736044
2026-01-23 05:00:00,AWS_05,0,normal,none,0,0.05785269833324069
2026-01-23 05:15:00,AWS_05,0,normal,none,0,0.08221315153178832
2026-01-23 05:30:00,AWS_05,0,normal,none,0,0.048361381094962685
2026-01-23 05:45:00,AWS_05,0,normal,none,0,0.05389610972415587
2026-01-23 06:00:00,AWS_05,0,normal,none,0,0.08879692501952513
2026-01-23 06:15:00,AWS_05,0,normal,none,0,0.08930199781748938
2026-01-23 06:30:00,AWS_05,0,normal,none,0,0.09706579078774363
2026-01-23 06:45:00,AWS_05,0,normal,none,0,0.0849750232019329
2026-01-23 07:00:00,AWS_05,0,normal,none,0,0.08284120908379089
2026-01-23 07:15:00,AWS_05,0,normal,none,0,0.057108032426315625
2026-01-23 07:30:00,AWS_05,0,normal,none,0,0.09198737589069594
2026-01-23 07:45:00,AWS_05,0,normal,none,0,0.0956115554035934
2026-01-23 08:00:00,AWS_05,0,normal,none,0,0.09659552733238375
2026-01-23 08:15:00,AWS_05,0,normal,none,0,0.07555162756915312
2026-01-23 08:30:00,AWS_05,0,normal,none,0,0.041996860486243626
2026-01-23 08:45:00,AWS_05,0,normal,none,0,0.08607039656727278
2026-01-23 09:00:00,AWS_05,0,normal,none,0,0.061392386021141276
2026-01-23 09:15:00,AWS_05,0,normal,none,0,0.08852074558573991
2026-01-23 09:30:00,AWS_05,0,normal,none,0,0.10321821118100821
2026-01-23 09:45:00,AWS_05,0,normal,none,0,0.06563046558941471
2026-01-23 10:00:00,AWS_05,0,normal,none,0,0.046030025721282786
2026-01-23 10:15:00,AWS_05,0,normal,none,0,0.09291278942392117
2026-01-23 10:30:00,AWS_05,0,normal,none,0,0.058070050760307135
2026-01-23 10:45:00,AWS_05,0,normal,none,0,0.0614185992007622
2026-01-23 11:00:00,AWS_05,0,normal,none,0,0.0745563349897802
2026-01-23 11:15:00,AWS_05,0,normal,none,0,0.023018793729113862
2026-01-23 11:30:00,AWS_05,0,normal,none,0,0.07892491596043111
2026-01-23 11:45:00,AWS_05,0,normal,none,0,0.05937452573443858
2026-01-23 12:00:00,AWS_05,0,normal,none,0,0.07584355804204468
2026-01-23 12:15:00,AWS_05,0,normal,none,0,0.08335818145137502
2026-01-23 12:30:00,AWS_05,0,normal,none,0,0.07726053431462715
2026-01-23 12:45:00,AWS_05,0,normal,none,0,0.06634899197397481
2026-01-23 13:00:00,AWS_05,0,normal,none,0,0.0664223485897279
2026-01-23 13:15:00,AWS_05,0,normal,none,0,0.0899508397796524
2026-01-23 13:30:00,AWS_05,0,normal,none,0,0.04727955227673741
2026-01-23 13:45:00,AWS_05,0,normal,none,0,0.09000380401291869
2026-01-23 14:00:00,AWS_05,0,normal,none,0,0.09073099203799506
2026-01-23 14:15:00,AWS_05,0,normal,none,0,0.07596164693891683
2026-01-23 14:30:00,AWS_05,0,normal,none,0,0.08615060181774092
2026-01-23 14:45:00,AWS_05,0,normal,none,0,0.027713857684793952
2026-01-23 15:00:00,AWS_05,0,normal,none,0,0.08887892537661202
2026-01-23 15:15:00,AWS_05,0,normal,none,0,0.08567520008198881
2026-01-23 15:30:00,AWS_05,0,normal,none,0,0.08212513046582387
2026-01-23 15:45:00,AWS_05,0,normal,none,0,0.08646934553283603
2026-01-23 16:00:00,AWS_05,0,normal,none,0,0.04674618795741714
2026-01-23 16:15:00,AWS_05,0,normal,none,0,0.04663845997813909
2026-01-23 16:30:00,AWS_05,0,normal,none,0,0.07974779450001407
2026-01-23 16:45:00,AWS_05,0,normal,none,0,0.085142025932328
2026-01-23 17:00:00,AWS_05,0,normal,none,0,0.08066509673475541
2026-01-23 17:15:00,AWS_05,0,normal,none,0,0.08267996600071198
2026-01-23 17:30:00,AWS_05,0,normal,none,0,0.08666694950028431
2026-01-23 17:45:00,AWS_05,0,normal,none,0,0.05640582591455451
2026-01-23 18:00:00,AWS_05,0,normal,none,0,0.07175702050075661
2026-01-23 18:15:00,AWS_05,0,normal,none,0,0.0773788794343091
2026-01-23 18:30:00,AWS_05,0,normal,none,0,0.07768722427548586
2026-01-23 18:45:00,AWS_05,0,normal,none,0,0.07074180779315326
2026-01-23 19:00:00,AWS_05,0,normal,none,0,0.09073856316792434
2026-01-23 19:15:00,AWS_05,0,normal,none,0,0.07131567596251515
2026-01-23 19:30:00,AWS_05,0,normal,none,0,0.06442847448402578
2026-01-23 19:45:00,AWS_05,0,normal,none,0,0.08649060784025636
2026-01-23 20:00:00,AWS_05,0,normal,none,0,0.08505719601070677
2026-01-23 20:15:00,AWS_05,0,normal,none,0,0.09063430820402585
2026-01-23 20:30:00,AWS_05,0,normal,none,0,0.09446019281137746
2026-01-23 20:45:00,AWS_05,0,normal,none,0,0.07895943807629763
2026-01-23 21:00:00,AWS_05,0,normal,none,0,0.08537570752860518
2026-01-23 21:15:00,AWS_05,0,normal,none,0,0.09670854947063329
2026-01-23 21:30:00,AWS_05,0,normal,none,0,0.09138532212256995
2026-01-23 21:45:00,AWS_05,0,normal,none,0,0.06287191568462691
2026-01-23 22:00:00,AWS_05,0,normal,none,0,0.07952420988998204
2026-01-23 22:15:00,AWS_05,0,normal,none,0,0.04381179497790322
2026-01-23 22:30:00,AWS_05,0,normal,none,0,0.09887490237133584
2026-01-23 22:45:00,AWS_05,0,normal,none,0,0.10067468358092752
2026-01-23 23:00:00,AWS_05,0,normal,none,0,0.09510638486007505
2026-01-23 23:15:00,AWS_05,0,normal,none,0,0.10143279605142569
2026-01-23 23:30:00,AWS_05,0,normal,none,0,0.06325372075150965
2026-01-23 23:45:00,AWS_05,0,normal,none,0,0.08105352579045899
2026-01-24 00:00:00,AWS_05,0,normal,none,0,0.09817300474722807
2026-01-24 00:15:00,AWS_05,0,normal,none,0,0.09623386376924287
2026-01-24 00:30:00,AWS_05,1,multivariate_inconsistency,humidity,0,0.002375186797099027
2026-01-24 00:45:00,AWS_05,1,multivariate_inconsistency,humidity,0,0.058812496017498606
2026-01-24 01:00:00,AWS_05,1,multivariate_inconsistency,humidity,0,0.05657666519502541
2026-01-24 01:15:00,AWS_05,1,multivariate_inconsistency,humidity,0,0.08063544727196825
2026-01-24 01:30:00,AWS_05,1,multivariate_inconsistency,humidity,0,0.06288477929335301
2026-01-24 01:45:00,AWS_05,1,multivariate_inconsistency,humidity,0,0.05557337868502471
2026-01-24 02:00:00,AWS_05,1,frozen_sensor,temperature,0,0.0338984422302262
2026-01-24 02:15:00,AWS_05,1,frozen_sensor,temperature,0,0.09383746798717402
2026-01-24 02:30:00,AWS_05,1,frozen_sensor,temperature,0,0.08315417685975485
2026-01-24 02:45:00,AWS_05,1,frozen_sensor,temperature,0,0.09738393445964116
2026-01-24 03:00:00,AWS_05,1,frozen_sensor,temperature,0,0.0884881820443415
2026-01-24 03:15:00,AWS_05,1,frozen_sensor,temperature,0,0.08535289062337587
2026-01-24 03:30:00,AWS_05,1,frozen_sensor,temperature,0,0.09787516645756422
2026-01-24 03:45:00,AWS_05,1,frozen_sensor,temperature,0,0.07812971148582482
2026-01-24 04:00:00,AWS_05,1,frozen_sensor,temperature,0,0.04110930244363631
2026-01-24 04:15:00,AWS_05,1,frozen_sensor,temperature,0,0.08513168452078079
2026-01-24 04:30:00,AWS_05,1,frozen_sensor,temperature,0,0.05604627965858899
2026-01-24 04:45:00,AWS_05,1,frozen_sensor,temperature,0,0.07827117151671054
2026-01-24 05:00:00,AWS_05,1,frozen_sensor,temperature,0,0.07950221888216191
2026-01-24 05:15:00,AWS_05,1,frozen_sensor,temperature,0,0.0895705301835244
2026-01-24 05:30:00,AWS_05,1,frozen_sensor,temperature,0,0.08650074375003891
2026-01-24 05:45:00,AWS_05,1,frozen_sensor,temperature,0,0.07490176524560227
2026-01-24 06:00:00,AWS_05,1,frozen_sensor,temperature,0,0.056246529391843325
2026-01-24 06:15:00,AWS_05,1,frozen_sensor,temperature,0,0.06668880708530134
2026-01-24 06:30:00,AWS_05,1,frozen_sensor,temperature,0,0.0709585118922399
2026-01-24 06:45:00,AWS_05,0,normal,none,0,0.040796367796877564
2026-01-24 07:00:00,AWS_05,0,normal,none,0,0.08328809899140882
2026-01-24 07:15:00,AWS_05,0,normal,none,0,0.08788221988343259
2026-01-24 07:30:00,AWS_05,0,normal,none,0,0.07097699725508116
2026-01-24 07:45:00,AWS_05,0,normal,none,0,0.08009091979001765
2026-01-24 08:00:00,AWS_05,0,normal,none,0,0.07425171129284669
2026-01-24 08:15:00,AWS_05,0,normal,none,0,0.06579355688154476
2026-01-24 08:30:00,AWS_05,0,normal,none,0,0.08297666201587317
2026-01-24 08:45:00,AWS_05,0,normal,none,0,0.06650546402704027
2026-01-24 09:00:00,AWS_05,0,normal,none,0,0.08929094676131272
2026-01-24 09:15:00,AWS_05,0,normal,none,0,0.07582685180336002
2026-01-24 09:30:00,AWS_05,0,normal,none,0,0.040171271435253564
2026-01-24 09:45:00,AWS_05,0,normal,none,0,0.04662664679142392
2026-01-24 10:00:00,AWS_05,0,normal,none,0,0.07245751160255948
2026-01-24 10:15:00,AWS_05,0,normal,none,0,0.0106605540111252
2026-01-24 10:30:00,AWS_05,0,normal,none,0,0.04252477685642575
2026-01-24 10:45:00,AWS_05,0,normal,none,0,0.061959851256413956
2026-01-24 11:00:00,AWS_05,0,normal,none,0,0.08543112737698583
2026-01-24 11:15:00,AWS_05,0,normal,none,0,0.08830340860323943
2026-01-24 11:30:00,AWS_05,0,normal,none,0,0.040447220365419145
2026-01-24 11:45:00,AWS_05,0,normal,none,0,0.06676689365317856
2026-01-24 12:00:00,AWS_05,0,normal,none,0,0.0490963095945931
2026-01-24 12:15:00,AWS_05,0,normal,none,1,-0.016716057131294204
2026-01-24 12:30:00,AWS_05,0,normal,none,0,0.08470958140658091
2026-01-24 12:45:00,AWS_05,0,normal,none,0,0.06219190663143165
2026-01-24 13:00:00,AWS_05,0,normal,none,0,0.06580144894978113
2026-01-24 13:15:00,AWS_05,0,normal,none,0,0.07726771623439554
2026-01-24 13:30:00,AWS_05,0,normal,none,0,0.05569895150485532
2026-01-24 13:45:00,AWS_05,0,normal,none,0,0.051849296573638404
2026-01-24 14:00:00,AWS_05,0,normal,none,0,0.022503802181679022
2026-01-24 14:15:00,AWS_05,0,normal,none,0,0.06582709297828954
2026-01-24 14:30:00,AWS_05,0,normal,none,0,0.062280911521779725
2026-01-24 14:45:00,AWS_05,0,normal,none,0,0.0467039408878932
2026-01-24 15:00:00,AWS_05,0,normal,none,0,0.059563773479932525
2026-01-24 15:15:00,AWS_05,0,normal,none,0,0.07629337465867814
2026-01-24 15:30:00,AWS_05,0,normal,none,0,0.005627596528316903
2026-01-24 15:45:00,AWS_05,0,normal,none,0,0.04300102058134048
2026-01-24 16:00:00,AWS_05,0,normal,none,0,0.06986583957754905
2026-01-24 16:15:00,AWS_05,0,normal,none,0,0.06288637543421777
2026-01-24 16:30:00,AWS_05,0,normal,none,0,0.06447771176877082
2026-01-24 16:45:00,AWS_05,0,normal,none,0,0.07341378577495339
2026-01-24 17:00:00,AWS_05,0,normal,none,0,0.060552078453738
2026-01-24 17:15:00,AWS_05,0,normal,none,0,0.05755495761261753
2026-01-24 17:30:00,AWS_05,0,normal,none,0,0.07923735585081709
2026-01-24 17:45:00,AWS_05,0,normal,none,0,0.07161544949809873
2026-01-24 18:00:00,AWS_05,0,normal,none,0,0.07520875858109238
2026-01-24 18:15:00,AWS_05,0,normal,none,0,0.07460134993243406
2026-01-24 18:30:00,AWS_05,0,normal,none,0,0.06744550897201101
2026-01-24 18:45:00,AWS_05,0,normal,none,0,0.0565414109785331
2026-01-24 19:00:00,AWS_05,0,normal,none,0,0.0723595207319902
2026-01-24 19:15:00,AWS_05,0,normal,none,0,0.07664442385285464
2026-01-24 19:30:00,AWS_05,0,normal,none,0,0.09278371926158008
2026-01-24 19:45:00,AWS_05,0,normal,none,0,0.04397319998197691
2026-01-24 20:00:00,AWS_05,0,normal,none,0,0.020841352863443463
2026-01-24 20:15:00,AWS_05,0,normal,none,0,0.09226699998885529
2026-01-24 20:30:00,AWS_05,0,normal,none,0,0.10098304959942961
2026-01-24 20:45:00,AWS_05,0,normal,none,0,0.06615802454305308
2026-01-24 21:00:00,AWS_05,0,normal,none,0,0.07957219387014447
2026-01-24 21:15:00,AWS_05,0,normal,none,0,0.03560609952725535
2026-01-24 21:30:00,AWS_05,0,normal,none,0,0.09085312335881746
2026-01-24 21:45:00,AWS_05,0,normal,none,0,0.10275271332490782
2026-01-24 22:00:00,AWS_05,0,normal,none,0,0.07768655550019443
2026-01-24 22:15:00,AWS_05,0,normal,none,0,0.07124733445895454
2026-01-24 22:30:00,AWS_05,0,normal,none,0,0.0701663861451185
2026-01-24 22:45:00,AWS_05,0,normal,none,0,0.04500898739767867
2026-01-24 23:00:00,AWS_05,0,normal,none,0,0.07633364705983803
2026-01-24 23:15:00,AWS_05,0,normal,none,0,0.10082380906434724
2026-01-24 23:30:00,AWS_05,0,normal,none,0,0.09380493848370208
2026-01-24 23:45:00,AWS_05,0,normal,none,0,0.07348225090027966
2026-01-25 00:00:00,AWS_05,0,normal,none,0,0.07453641344917533
2026-01-25 00:15:00,AWS_05,0,normal,none,0,0.08244885726391499
2026-01-25 00:30:00,AWS_05,1,power_failure,all,1,-0.13703613916573631
2026-01-25 00:45:00,AWS_05,1,missing_data,all,1,-0.0369516571402424
2026-01-25 01:00:00,AWS_05,1,missing_data,all,1,-0.03965445950741486
2026-01-25 01:15:00,AWS_05,1,missing_data,all,1,-0.03965445950741486
2026-01-25 01:30:00,AWS_05,1,missing_data,all,1,-0.061875281108106694
2026-01-25 01:45:00,AWS_05,1,missing_data,all,0,0.0829049940572319
2026-01-25 02:00:00,AWS_05,1,missing_data,all,0,0.08346153079563612
2026-01-25 02:15:00,AWS_05,1,missing_data,all,0,0.0878542814164971
2026-01-25 02:30:00,AWS_05,1,missing_data,all,0,0.027843681687004795
2026-01-25 02:45:00,AWS_05,0,normal,none,0,0.049368913879880294
2026-01-25 03:00:00,AWS_05,0,normal,none,0,0.08513213177145423
2026-01-25 03:15:00,AWS_05,0,normal,none,0,0.08320046735607561
2026-01-25 03:30:00,AWS_05,0,normal,none,0,0.06692663145496619
2026-01-25 03:45:00,AWS_05,0,normal,none,0,0.07832402553025858
2026-01-25 04:00:00,AWS_05,0,normal,none,0,0.0666484361985617
2026-01-25 04:15:00,AWS_05,0,normal,none,0,0.058299720632173646
2026-01-25 04:30:00,AWS_05,0,normal,none,0,0.03330559349835094
2026-01-25 04:45:00,AWS_05,0,normal,none,0,0.0517607248448298
2026-01-25 05:00:00,AWS_05,0,normal,none,0,0.039105197435993166
2026-01-25 05:15:00,AWS_05,0,normal,none,0,0.0664610165258665
2026-01-25 05:30:00,AWS_05,0,normal,none,0,0.07086202578389428
2026-01-25 05:45:00,AWS_05,0,normal,none,0,0.07904882492206017
2026-01-25 06:00:00,AWS_05,0,normal,none,0,0.07147532624014141
2026-01-25 06:15:00,AWS_05,0,normal,none,0,0.0668841346002722
2026-01-25 06:30:00,AWS_05,0,normal,none,0,0.025631247432295723
2026-01-25 06:45:00,AWS_05,0,normal,none,0,0.06896453371536798
2026-01-25 07:00:00,AWS_05,0,normal,none,0,0.06049215949206249
2026-01-25 07:15:00,AWS_05,0,normal,none,0,0.04905709670290126
2026-01-25 07:30:00,AWS_05,0,normal,none,0,0.08354187038692273
2026-01-25 07:45:00,AWS_05,0,normal,none,0,0.04773012402573873
2026-01-25 08:00:00,AWS_05,0,normal,none,0,0.07850564400152699
2026-01-25 08:15:00,AWS_05,0,normal,none,0,0.04996582890353318
2026-01-25 08:30:00,AWS_05,0,normal,none,0,0.07280330087401066
2026-01-25 08:45:00,AWS_05,0,normal,none,0,0.04196379447297305
2026-01-25 09:00:00,AWS_05,0,normal,none,0,0.03455631302548068
2026-01-25 09:15:00,AWS_05,0,normal,none,0,0.08616245883982837
2026-01-25 09:30:00,AWS_05,0,normal,none,0,0.0644470256845629
2026-01-25 09:45:00,AWS_05,0,normal,none,0,0.07520967256174277
2026-01-25 10:00:00,AWS_05,0,normal,none,0,0.08029629315371833
2026-01-25 10:15:00,AWS_05,0,normal,none,0,0.09891054258279391
2026-01-25 10:30:00,AWS_05,0,normal,none,0,0.07892095846284786
2026-01-25 10:45:00,AWS_05,0,normal,none,0,0.0918290792428525
2026-01-25 11:00:00,AWS_05,0,normal,none,0,0.08764786841135819
2026-01-25 11:15:00,AWS_05,0,normal,none,0,0.10244820637503704
2026-01-25 11:30:00,AWS_05,0,normal,none,0,0.04722914855350602
2026-01-25 11:45:00,AWS_05,0,normal,none,0,0.026700932320758985
2026-01-25 12:00:00,AWS_05,0,normal,none,0,0.04990409674852342
2026-01-25 12:15:00,AWS_05,0,normal,none,0,0.08189350772857773
2026-01-25 12:30:00,AWS_05,0,normal,none,0,0.04196558571218667
2026-01-25 12:45:00,AWS_05,0,normal,none,0,0.09109989759872694
2026-01-25 13:00:00,AWS_05,0,normal,none,0,0.044158299316427674
2026-01-25 13:15:00,AWS_05,0,normal,none,0,0.08694360807193946
2026-01-25 13:30:00,AWS_05,0,normal,none,0,0.03096294674910549
2026-01-25 13:45:00,AWS_05,0,normal,none,0,0.0454384335889918
2026-01-25 14:00:00,AWS_05,0,normal,none,0,0.08803894537734042
2026-01-25 14:15:00,AWS_05,0,normal,none,0,0.08105750149912677
2026-01-25 14:30:00,AWS_05,0,normal,none,0,0.09158078567239908
2026-01-25 14:45:00,AWS_05,0,normal,none,0,0.07370134369419495
2026-01-25 15:00:00,AWS_05,0,normal,none,0,0.0899921079441024
2026-01-25 15:15:00,AWS_05,0,normal,none,0,0.07500913649961272
2026-01-25 15:30:00,AWS_05,0,normal,none,0,0.09491422597627708
2026-01-25 15:45:00,AWS_05,0,normal,none,0,0.09360798365966366
2026-01-25 16:00:00,AWS_05,0,normal,none,0,0.07494752488110618
2026-01-25 16:15:00,AWS_05,0,normal,none,0,0.09311484129877884
2026-01-25 16:30:00,AWS_05,0,normal,none,0,0.08288224883214224
2026-01-25 16:45:00,AWS_05,0,normal,none,0,0.08085191381566864
2026-01-25 17:00:00,AWS_05,0,normal,none,0,0.07318640465314641
2026-01-25 17:15:00,AWS_05,0,normal,none,0,0.044796621436804074
2026-01-25 17:30:00,AWS_05,0,normal,none,0,0.057807601758515126
2026-01-25 17:45:00,AWS_05,0,normal,none,0,0.05532519205735531
2026-01-25 18:00:00,AWS_05,0,normal,none,0,0.06569690239611947
2026-01-25 18:15:00,AWS_05,0,normal,none,0,0.07772977239434148
2026-01-25 18:30:00,AWS_05,0,normal,none,0,0.07543736439648702
2026-01-25 18:45:00,AWS_05,0,normal,none,0,0.058817297948983716
2026-01-25 19:00:00,AWS_05,0,normal,none,0,0.030771356082921808
2026-01-25 19:15:00,AWS_05,0,normal,none,0,0.06117760106456571
2026-01-25 19:30:00,AWS_05,0,normal,none,0,0.0696559313127616
2026-01-25 19:45:00,AWS_05,0,normal,none,0,0.039873455423309445
2026-01-25 20:00:00,AWS_05,0,normal,none,0,0.09446440146693746
2026-01-25 20:15:00,AWS_05,0,normal,none,0,0.04608504325594731
2026-01-25 20:30:00,AWS_05,0,normal,none,0,0.10051920538635767
2026-01-25 20:45:00,AWS_05,0,normal,none,0,0.08819078408161796
2026-01-25 21:00:00,AWS_05,0,normal,none,0,0.07901158886849047
2026-01-25 21:15:00,AWS_05,0,normal,none,0,0.10047139044824999
2026-01-25 21:30:00,AWS_05,0,normal,none,0,0.10891287186702958
2026-01-25 21:45:00,AWS_05,0,normal,none,0,0.07991174435820225
2026-01-25 22:00:00,AWS_05,0,normal,none,0,0.0884988773767636
2026-01-25 22:15:00,AWS_05,0,normal,none,0,0.05178165167647725
2026-01-25 22:30:00,AWS_05,0,normal,none,0,0.08035173886455804
2026-01-25 22:45:00,AWS_05,0,normal,none,0,0.08324247940404023
2026-01-25 23:00:00,AWS_05,0,normal,none,0,0.08715857145492867
2026-01-25 23:15:00,AWS_05,0,normal,none,0,0.06547927803432174
2026-01-25 23:30:00,AWS_05,0,normal,none,0,0.043561145097830045
2026-01-25 23:45:00,AWS_05,0,normal,none,0,0.06856223761474667
2026-01-26 00:00:00,AWS_05,0,normal,none,0,0.012884014066629645
2026-01-26 00:15:00,AWS_05,0,normal,none,0,0.07030570084266541
2026-01-26 00:30:00,AWS_05,0,normal,none,0,0.05503018685549954
2026-01-26 00:45:00,AWS_05,0,normal,none,0,0.06960096870977317
2026-01-26 01:00:00,AWS_05,1,multivariate_inconsistency,humidity,1,-0.010746238457324142
2026-01-26 01:15:00,AWS_05,1,multivariate_inconsistency,humidity,0,0.04797447127954624
2026-01-26 01:30:00,AWS_05,1,multivariate_inconsistency,humidity,0,0.04095428461217654
2026-01-26 01:45:00,AWS_05,1,multivariate_inconsistency,humidity,0,0.044733781441904985
2026-01-26 02:00:00,AWS_05,1,multivariate_inconsistency,humidity,0,0.040380908022033535
2026-01-26 02:15:00,AWS_05,1,multivariate_inconsistency,humidity,0,0.05649330393499341
2026-01-26 02:30:00,AWS_05,0,normal,none,0,0.02031065812919597
2026-01-26 02:45:00,AWS_05,0,normal,none,0,0.04818041734594469
2026-01-26 03:00:00,AWS_05,0,normal,none,0,0.05272168501260449
2026-01-26 03:15:00,AWS_05,0,normal,none,0,0.06592173603773177
2026-01-26 03:30:00,AWS_05,0,normal,none,0,0.0404520539235429
2026-01-26 03:45:00,AWS_05,0,normal,none,0,0.07471461095025472
2026-01-26 04:00:00,AWS_05,0,normal,none,0,0.0617001935827165
2026-01-26 04:15:00,AWS_05,0,normal,none,0,0.06011397458248485
2026-01-26 04:30:00,AWS_05,0,normal,none,0,0.04348988506784457
2026-01-26 04:45:00,AWS_05,0,normal,none,0,0.05400394805327946
2026-01-26 05:00:00,AWS_05,0,normal,none,0,0.03683519783330702
2026-01-26 05:15:00,AWS_05,0,normal,none,0,0.05512804135911781
2026-01-26 05:30:00,AWS_05,0,normal,none,0,0.07397348076508453
2026-01-26 05:45:00,AWS_05,0,normal,none,0,0.08370547730700995
2026-01-26 06:00:00,AWS_05,0,normal,none,0,0.04286636502017682
2026-01-26 06:15:00,AWS_05,0,normal,none,0,0.07211458588475456
2026-01-26 06:30:00,AWS_05,0,normal,none,0,0.055716965754103565
2026-01-26 06:45:00,AWS_05,0,normal,none,0,0.06860758781754839
2026-01-26 07:00:00,AWS_05,0,normal,none,0,0.05895584433645096
2026-01-26 07:15:00,AWS_05,0,normal,none,0,0.08334679936380929
2026-01-26 07:30:00,AWS_05,0,normal,none,0,0.07016438678728859
2026-01-26 07:45:00,AWS_05,0,normal,none,0,0.029458170431762132
2026-01-26 08:00:00,AWS_05,0,normal,none,0,0.07946192689197384
2026-01-26 08:15:00,AWS_05,0,normal,none,0,0.09028011445943362
2026-01-26 08:30:00,AWS_05,0,normal,none,0,0.07147636355777365
2026-01-26 08:45:00,AWS_05,0,normal,none,0,0.08392035121270375
2026-01-26 09:00:00,AWS_05,0,normal,none,0,0.04516500484717523
2026-01-26 09:15:00,AWS_05,0,normal,none,0,0.027263770944179422
2026-01-26 09:30:00,AWS_05,0,normal,none,0,0.07322842239950567
2026-01-26 09:45:00,AWS_05,0,normal,none,0,0.061171574667610695
2026-01-26 10:00:00,AWS_05,0,normal,none,0,0.08942078124067471
2026-01-26 10:15:00,AWS_05,0,normal,none,0,0.08051064961532772
2026-01-26 10:30:00,AWS_05,0,normal,none,0,0.07883318950369383
2026-01-26 10:45:00,AWS_05,0,normal,none,0,0.0813091978798165
2026-01-26 11:00:00,AWS_05,0,normal,none,0,0.06161005186317181
2026-01-26 11:15:00,AWS_05,0,normal,none,0,0.07668295173461709
2026-01-26 11:30:00,AWS_05,0,normal,none,0,0.06519861319814751
2026-01-26 11:45:00,AWS_05,0,normal,none,0,0.08738653399437607
2026-01-26 12:00:00,AWS_05,0,normal,none,0,0.06153484191835257
2026-01-26 12:15:00,AWS_05,0,normal,none,0,0.07114699230232713
2026-01-26 12:30:00,AWS_05,0,normal,none,0,0.08315067512590024
2026-01-26 12:45:00,AWS_05,0,normal,none,0,0.0829934882820787
2026-01-26 13:00:00,AWS_05,0,normal,none,0,0.08687672951776182
2026-01-26 13:15:00,AWS_05,0,normal,none,0,0.08047224277779391
2026-01-26 13:30:00,AWS_05,0,normal,none,0,0.08968184448954863
2026-01-26 13:45:00,AWS_05,0,normal,none,0,0.08479491672187384
2026-01-26 14:00:00,AWS_05,0,normal,none,0,0.07540801992044593
2026-01-26 14:15:00,AWS_05,0,normal,none,0,0.0462454336483934
2026-01-26 14:30:00,AWS_05,0,normal,none,0,0.06643052271714311
2026-01-26 14:45:00,AWS_05,0,normal,none,0,0.04081822981373184
2026-01-26 15:00:00,AWS_05,0,normal,none,0,0.07727793423349566
2026-01-26 15:15:00,AWS_05,0,normal,none,0,0.07131222623274458
2026-01-26 15:30:00,AWS_05,0,normal,none,0,0.06094925241236682
2026-01-26 15:45:00,AWS_05,0,normal,none,0,0.07534156392437358
2026-01-26 16:00:00,AWS_05,0,normal,none,0,0.07195161762015401
2026-01-26 16:15:00,AWS_05,0,normal,none,0,0.06772842188264705
2026-01-26 16:30:00,AWS_05,0,normal,none,0,0.07577542572166401
2026-01-26 16:45:00,AWS_05,0,normal,none,0,0.04652483254428952
2026-01-26 17:00:00,AWS_05,0,normal,none,0,0.07907206390414068
2026-01-26 17:15:00,AWS_05,0,normal,none,0,0.08578701181175624
2026-01-26 17:30:00,AWS_05,0,normal,none,0,0.05682572131949798
2026-01-26 17:45:00,AWS_05,0,normal,none,0,0.07067185588397296
2026-01-26 18:00:00,AWS_05,0,normal,none,0,0.05460836074840075
2026-01-26 18:15:00,AWS_05,0,normal,none,0,0.05892386713989467
2026-01-26 18:30:00,AWS_05,0,normal,none,0,0.0537307688265774
2026-01-26 18:45:00,AWS_05,0,normal,none,0,0.05368946605721725
2026-01-26 19:00:00,AWS_05,0,normal,none,0,0.0818280063925313
2026-01-26 19:15:00,AWS_05,0,normal,none,0,0.06192868135402885
2026-01-26 19:30:00,AWS_05,0,normal,none,0,0.06432242390445819
2026-01-26 19:45:00,AWS_05,0,normal,none,0,0.0436856039714808
2026-01-26 20:00:00,AWS_05,0,normal,none,0,0.07091677737062513
2026-01-26 20:15:00,AWS_05,0,normal,none,0,0.07257657585488048
2026-01-26 20:30:00,AWS_05,0,normal,none,0,0.07559200600896587
2026-01-26 20:45:00,AWS_05,0,normal,none,0,0.066808994718769
2026-01-26 21:00:00,AWS_05,0,normal,none,0,0.07725744217857378
2026-01-26 21:15:00,AWS_05,0,normal,none,0,0.06831743158340148
2026-01-26 21:30:00,AWS_05,0,normal,none,0,0.07749183161965861
2026-01-26 21:45:00,AWS_05,0,normal,none,0,0.05671709774608874
2026-01-26 22:00:00,AWS_05,0,normal,none,0,0.03117584745378732
2026-01-26 22:15:00,AWS_05,0,normal,none,0,0.06665978432542857
2026-01-26 22:30:00,AWS_05,0,normal,none,0,0.06062045342835598
2026-01-26 22:45:00,AWS_05,0,normal,none,0,0.03139148550459292
2026-01-26 23:00:00,AWS_05,0,normal,none,0,0.04648960966696569
2026-01-26 23:15:00,AWS_05,0,normal,none,0,0.05576771889393589
2026-01-26 23:30:00,AWS_05,0,normal,none,0,0.06640188575143419
2026-01-26 23:45:00,AWS_05,0,normal,none,0,0.021687107770197223
2026-01-27 00:00:00,AWS_05,1,frozen_sensor,temperature,0,0.027316358221204595
2026-01-27 00:15:00,AWS_05,1,frozen_sensor,temperature,0,0.020377480747939325
2026-01-27 00:30:00,AWS_05,1,frozen_sensor,temperature,0,0.016925134681512022
2026-01-27 00:45:00,AWS_05,1,missing_data,all,0,0.04900903371872012
2026-01-27 01:00:00,AWS_05,1,missing_data,all,0,0.024537839006092743
2026-01-27 01:15:00,AWS_05,1,missing_data,all,0,0.03419349652999715
2026-01-27 01:30:00,AWS_05,1,missing_data,all,0,0.007587509681803661
2026-01-27 01:45:00,AWS_05,1,missing_data,all,1,-0.01298555234398191
2026-01-27 02:00:00,AWS_05,1,missing_data,all,0,0.019260376517520883
2026-01-27 02:15:00,AWS_05,1,missing_data,all,0,0.047763925526919104
2026-01-27 02:30:00,AWS_05,1,missing_data,all,0,0.01046318149558334
2026-01-27 02:45:00,AWS_05,1,frozen_sensor,temperature,0,0.04445135306680492
2026-01-27 03:00:00,AWS_05,1,frozen_sensor,temperature,0,0.04520899710828652
2026-01-27 03:15:00,AWS_05,1,frozen_sensor,temperature,0,0.055310090449799565
2026-01-27 03:30:00,AWS_05,1,frozen_sensor,temperature,0,0.0485031169510185
2026-01-27 03:45:00,AWS_05,1,frozen_sensor,temperature,0,0.04166748324863567
2026-01-27 04:00:00,AWS_05,1,frozen_sensor,temperature,0,0.00693053749177841
2026-01-27 04:15:00,AWS_05,1,frozen_sensor,temperature,0,0.03944125016655409
2026-01-27 04:30:00,AWS_05,1,frozen_sensor,temperature,0,0.024486242548383164
2026-01-27 04:45:00,AWS_05,1,frozen_sensor,temperature,0,0.00946354582903397
2026-01-27 05:00:00,AWS_05,1,frozen_sensor,temperature,0,0.003483773975558546
2026-01-27 05:15:00,AWS_05,1,frozen_sensor,temperature,0,0.031180913401384402
2026-01-27 05:30:00,AWS_05,1,frozen_sensor,temperature,0,0.04509179841958677
2026-01-27 05:45:00,AWS_05,1,frozen_sensor,temperature,0,0.04527188446565056
2026-01-27 06:00:00,AWS_05,0,normal,none,0,0.013542767869900385
2026-01-27 06:15:00,AWS_05,0,normal,none,0,0.05894947927170752
2026-01-27 06:30:00,AWS_05,0,normal,none,0,0.024529974752203643
2026-01-27 06:45:00,AWS_05,0,normal,none,0,0.04726307180003464
2026-01-27 07:00:00,AWS_05,0,normal,none,0,0.04970974082388058
2026-01-27 07:15:00,AWS_05,0,normal,none,0,0.06498653646624142
2026-01-27 07:30:00,AWS_05,0,normal,none,0,0.07173802327757939
2026-01-27 07:45:00,AWS_05,0,normal,none,0,0.052793307775134246
2026-01-27 08:00:00,AWS_05,0,normal,none,0,0.061740041600065854
2026-01-27 08:15:00,AWS_05,0,normal,none,0,0.06521358736975869
2026-01-27 08:30:00,AWS_05,0,normal,none,0,0.0631876317107668
2026-01-27 08:45:00,AWS_05,0,normal,none,0,0.02818821225457757
2026-01-27 09:00:00,AWS_05,0,normal,none,0,0.07572631921371825
2026-01-27 09:15:00,AWS_05,0,normal,none,0,0.08418049256832216
2026-01-27 09:30:00,AWS_05,0,normal,none,0,0.0735484791351001
2026-01-27 09:45:00,AWS_05,0,normal,none,0,0.08098422030425678
2026-01-27 10:00:00,AWS_05,0,normal,none,0,0.043678977134382846
2026-01-27 10:15:00,AWS_05,0,normal,none,0,0.07172712938514136
2026-01-27 10:30:00,AWS_05,0,normal,none,0,0.08441733779064964
2026-01-27 10:45:00,AWS_05,0,normal,none,0,0.060672507830185685
2026-01-27 11:00:00,AWS_05,0,normal,none,0,0.059225314400919715
2026-01-27 11:15:00,AWS_05,0,normal,none,0,0.061470219338622734
2026-01-27 11:30:00,AWS_05,0,normal,none,0,0.06368471726049812
2026-01-27 11:45:00,AWS_05,0,normal,none,0,0.0812110482638374
2026-01-27 12:00:00,AWS_05,0,normal,none,0,0.08327867289097862
2026-01-27 12:15:00,AWS_05,0,normal,none,0,0.07292655263308667
2026-01-27 12:30:00,AWS_05,0,normal,none,0,0.06211190667151584
2026-01-27 12:45:00,AWS_05,0,normal,none,0,0.0656361240260529
2026-01-27 13:00:00,AWS_05,0,normal,none,0,0.06806751592379529
2026-01-27 13:15:00,AWS_05,0,normal,none,0,0.08390445770064514
2026-01-27 13:30:00,AWS_05,0,normal,none,0,0.08134690770274955
2026-01-27 13:45:00,AWS_05,0,normal,none,0,0.07060383592898994
2026-01-27 14:00:00,AWS_05,0,normal,none,0,0.06344576948308261
2026-01-27 14:15:00,AWS_05,0,normal,none,0,0.046389898512463446
2026-01-27 14:30:00,AWS_05,0,normal,none,0,0.02561907929043039
2026-01-27 14:45:00,AWS_05,0,normal,none,0,0.07101957311472695
2026-01-27 15:00:00,AWS_05,0,normal,none,0,0.04257962951530325
2026-01-27 15:15:00,AWS_05,0,normal,none,0,0.061636582979570476
2026-01-27 15:30:00,AWS_05,0,normal,none,0,0.039999304427456916
2026-01-27 15:45:00,AWS_05,0,normal,none,0,0.05037551644063942
2026-01-27 16:00:00,AWS_05,0,normal,none,0,0.0641709627883345
2026-01-27 16:15:00,AWS_05,0,normal,none,0,0.07825567943050482
2026-01-27 16:30:00,AWS_05,0,normal,none,0,0.08232590902347181
2026-01-27 16:45:00,AWS_05,0,normal,none,0,0.06972950443797293
2026-01-27 17:00:00,AWS_05,0,normal,none,0,0.02769297646247637
2026-01-27 17:15:00,AWS_05,0,normal,none,0,0.03329913415307051
2026-01-27 17:30:00,AWS_05,0,normal,none,0,0.07083617469291009
2026-01-27 17:45:00,AWS_05,0,normal,none,0,0.07836160660177777
2026-01-27 18:00:00,AWS_05,0,normal,none,0,0.06870545449717141
2026-01-27 18:15:00,AWS_05,0,normal,none,0,0.04967165107165672
2026-01-27 18:30:00,AWS_05,0,normal,none,0,0.054943756677722444
2026-01-27 18:45:00,AWS_05,0,normal,none,0,0.060305003073272245
2026-01-27 19:00:00,AWS_05,0,normal,none,0,0.05997693701921769
2026-01-27 19:15:00,AWS_05,0,normal,none,0,0.051302446511304
2026-01-27 19:30:00,AWS_05,0,normal,none,0,0.04859482495127343
2026-01-27 19:45:00,AWS_05,0,normal,none,0,0.07414147718864267
2026-01-27 20:00:00,AWS_05,0,normal,none,0,0.0822829519357075
2026-01-27 20:15:00,AWS_05,0,normal,none,0,0.07567212643714288
2026-01-27 20:30:00,AWS_05,0,normal,none,0,0.040028306164548
2026-01-27 20:45:00,AWS_05,0,normal,none,0,0.067768884856787
2026-01-27 21:00:00,AWS_05,0,normal,none,0,0.07338965880788278
2026-01-27 21:15:00,AWS_05,0,normal,none,0,0.07206476310289567
2026-01-27 21:30:00,AWS_05,0,normal,none,0,0.07295464109737865
2026-01-27 21:45:00,AWS_05,0,normal,none,0,0.08436459165001253
2026-01-27 22:00:00,AWS_05,0,normal,none,0,0.010070748945238073
2026-01-27 22:15:00,AWS_05,0,normal,none,0,0.05608387443814894
2026-01-27 22:30:00,AWS_05,0,normal,none,0,0.00597878879467284
2026-01-27 22:45:00,AWS_05,0,normal,none,0,0.012763497474673091
2026-01-27 23:00:00,AWS_05,0,normal,none,0,0.05485573829798346
2026-01-27 23:15:00,AWS_05,0,normal,none,0,0.0674436883786304
2026-01-27 23:30:00,AWS_05,0,normal,none,0,0.0665400494818546
2026-01-27 23:45:00,AWS_05,0,normal,none,0,0.059229992811989485
2026-01-28 00:00:00,AWS_05,1,power_failure,all,1,-0.14203650248667188
2026-01-28 00:15:00,AWS_05,1,power_failure,all,1,-0.05179230321434647
2026-01-28 00:30:00,AWS_05,1,power_failure,all,1,-0.05179230321434647
2026-01-28 00:45:00,AWS_05,1,power_failure,all,1,-0.05179230321434647
2026-01-28 01:00:00,AWS_05,1,multivariate_inconsistency,humidity,1,-0.09260891184708353
2026-01-28 01:15:00,AWS_05,1,multivariate_inconsistency,humidity,0,0.0337180761057585
2026-01-28 01:30:00,AWS_05,1,multivariate_inconsistency,humidity,0,0.03699039193146192
2026-01-28 01:45:00,AWS_05,1,multivariate_inconsistency,humidity,0,0.041017172078344655
2026-01-28 02:00:00,AWS_05,1,multivariate_inconsistency,humidity,0,0.02959393294409829
2026-01-28 02:15:00,AWS_05,1,multivariate_inconsistency,humidity,1,-0.00863698557592596
2026-01-28 02:30:00,AWS_05,0,normal,none,1,-0.024124787818488702
2026-01-28 02:45:00,AWS_05,0,normal,none,0,0.033030887951173704
2026-01-28 03:00:00,AWS_05,0,normal,none,0,0.0162808077525054
2026-01-28 03:15:00,AWS_05,0,normal,none,0,0.021715768888592835
2026-01-28 03:30:00,AWS_05,0,normal,none,0,0.04118046091195171
2026-01-28 03:45:00,AWS_05,0,normal,none,0,0.017996895238355903
2026-01-28 04:00:00,AWS_05,0,normal,none,0,0.03367353935557593
2026-01-28 04:15:00,AWS_05,0,normal,none,0,0.0013221096212181482
2026-01-28 04:30:00,AWS_05,0,normal,none,0,0.001873941481178698
2026-01-28 04:45:00,AWS_05,0,normal,none,1,-0.015146961071399345
2026-01-28 05:00:00,AWS_05,0,normal,none,1,-0.0009968849399890622
2026-01-28 05:15:00,AWS_05,0,normal,none,0,0.007723314375078449
2026-01-28 05:30:00,AWS_05,0,normal,none,0,0.021600276037509802
2026-01-28 05:45:00,AWS_05,0,normal,none,0,0.010022105640600465
2026-01-28 06:00:00,AWS_05,0,normal,none,0,0.018141682325941377
2026-01-28 06:15:00,AWS_05,0,normal,none,0,0.009899324028250223
2026-01-28 06:30:00,AWS_05,0,normal,none,0,0.03923181583135671
2026-01-28 06:45:00,AWS_05,0,normal,none,0,0.029207881214176723
2026-01-28 07:00:00,AWS_05,0,normal,none,0,0.00753308590519064
2026-01-28 07:15:00,AWS_05,0,normal,none,1,-0.03142307208609507
2026-01-28 07:30:00,AWS_05,0,normal,none,0,0.03408122877845887
2026-01-28 07:45:00,AWS_05,0,normal,none,0,0.03078271148432732
2026-01-28 08:00:00,AWS_05,0,normal,none,0,0.029595510134276082
2026-01-28 08:15:00,AWS_05,0,normal,none,0,0.04139763010529052
2026-01-28 08:30:00,AWS_05,0,normal,none,0,0.04034368279728284
2026-01-28 08:45:00,AWS_05,0,normal,none,0,0.04385959587935517
2026-01-28 09:00:00,AWS_05,0,normal,none,0,0.005041483417480119
2026-01-28 09:15:00,AWS_05,0,normal,none,1,-0.007748806026247168
2026-01-28 09:30:00,AWS_05,0,normal,none,0,0.034933542748234236
2026-01-28 09:45:00,AWS_05,0,normal,none,0,0.03577681471532146
2026-01-28 10:00:00,AWS_05,0,normal,none,0,0.030221470318090526
2026-01-28 10:15:00,AWS_05,0,normal,none,0,0.026597221424802586
2026-01-28 10:30:00,AWS_05,0,normal,none,0,0.03536474552244118
2026-01-28 10:45:00,AWS_05,0,normal,none,0,0.0375089104369879
2026-01-28 11:00:00,AWS_05,0,normal,none,0,0.04527906779993396
2026-01-28 11:15:00,AWS_05,0,normal,none,0,0.044784483073893266
2026-01-28 11:30:00,AWS_05,0,normal,none,0,0.042854286479791726
2026-01-28 11:45:00,AWS_05,0,normal,none,0,0.0038213908670429175
2026-01-28 12:00:00,AWS_05,0,normal,none,0,0.02561758611668752
2026-01-28 12:15:00,AWS_05,0,normal,none,0,0.03698762150059087
2026-01-28 12:30:00,AWS_05,0,normal,none,0,0.007300820208687608
2026-01-28 12:45:00,AWS_05,0,normal,none,0,0.047973740756162675
2026-01-28 13:00:00,AWS_05,0,normal,none,0,0.02544646376784121
2026-01-28 13:15:00,AWS_05,0,normal,none,0,0.021669427276337472
2026-01-28 13:30:00,AWS_05,0,normal,none,0,0.024512585595544256
2026-01-28 13:45:00,AWS_05,0,normal,none,0,0.026820887953316386
2026-01-28 14:00:00,AWS_05,0,normal,none,0,0.046028003177150834
2026-01-28 14:15:00,AWS_05,0,normal,none,0,0.03347273996397593
2026-01-28 14:30:00,AWS_05,0,normal,none,0,0.05494661229602682
2026-01-28 14:45:00,AWS_05,0,normal,none,0,0.04257873970852488
2026-01-28 15:00:00,AWS_05,0,normal,none,0,0.0508490318672013
2026-01-28 15:15:00,AWS_05,0,normal,none,0,0.017355692556074387
2026-01-28 15:30:00,AWS_05,0,normal,none,0,0.05534793318756187
2026-01-28 15:45:00,AWS_05,0,normal,none,0,0.05852587965666617
2026-01-28 16:00:00,AWS_05,0,normal,none,0,0.053735977253531464
2026-01-28 16:15:00,AWS_05,0,normal,none,0,0.03379167075864298
2026-01-28 16:30:00,AWS_05,0,normal,none,0,0.047116680758071405
2026-01-28 16:45:00,AWS_05,0,normal,none,0,0.0017711589727013033
2026-01-28 17:00:00,AWS_05,0,normal,none,0,0.018048684376106183
2026-01-28 17:15:00,AWS_05,0,normal,none,0,0.025965535214933833
2026-01-28 17:30:00,AWS_05,0,normal,none,0,0.03545489785112399
2026-01-28 17:45:00,AWS_05,0,normal,none,0,0.0352195350517327
2026-01-28 18:00:00,AWS_05,0,normal,none,0,0.05731471697737561
2026-01-28 18:15:00,AWS_05,0,normal,none,0,0.034793737667313196
2026-01-28 18:30:00,AWS_05,0,normal,none,0,0.027648349777953607
2026-01-28 18:45:00,AWS_05,0,normal,none,0,0.019014861999742894
2026-01-28 19:00:00,AWS_05,0,normal,none,0,0.036781595453155846
2026-01-28 19:15:00,AWS_05,0,normal,none,0,0.05187778983013408
2026-01-28 19:30:00,AWS_05,0,normal,none,0,0.048028838490397074
2026-01-28 19:45:00,AWS_05,0,normal,none,0,0.016831334177853097
2026-01-28 20:00:00,AWS_05,0,normal,none,0,0.04471550665237345
2026-01-28 20:15:00,AWS_05,0,normal,none,0,0.04487480688017853
2026-01-28 20:30:00,AWS_05,0,normal,none,0,0.0022808734323216395
2026-01-28 20:45:00,AWS_05,0,normal,none,1,-0.01151171183259514
2026-01-28 21:00:00,AWS_05,0,normal,none,0,0.01059150792804664
2026-01-28 21:15:00,AWS_05,0,normal,none,0,0.050648575760118164
2026-01-28 21:30:00,AWS_05,0,normal,none,0,0.04261140104404648
2026-01-28 21:45:00,AWS_05,0,normal,none,0,0.05270943626042762
2026-01-28 22:00:00,AWS_05,0,normal,none,0,0.044467271100461
2026-01-28 22:15:00,AWS_05,0,normal,none,0,0.04137390446704181
2026-01-28 22:30:00,AWS_05,0,normal,none,0,0.037882520343573645
2026-01-28 22:45:00,AWS_05,0,normal,none,1,-0.0010644562167300142
2026-01-28 23:00:00,AWS_05,0,normal,none,0,0.020634531434588266
2026-01-28 23:15:00,AWS_05,0,normal,none,0,0.04085330514754415
2026-01-28 23:30:00,AWS_05,0,normal,none,0,0.021491229925283295
2026-01-28 23:45:00,AWS_05,0,normal,none,0,0.026999838875904514
2026-01-29 00:00:00,AWS_05,1,missing_data,all,0,0.0014426630550470332
2026-01-29 00:15:00,AWS_05,1,missing_data,all,0,0.005273639456402246
2026-01-29 00:30:00,AWS_05,1,missing_data,all,0,0.005052755915306628
2026-01-29 00:45:00,AWS_05,1,missing_data,all,1,-0.0013456253699763998
2026-01-29 01:00:00,AWS_05,1,missing_data,all,1,-0.0025554267184462187
2026-01-29 01:15:00,AWS_05,1,missing_data,all,0,0.006319870710267184
2026-01-29 01:30:00,AWS_05,1,missing_data,all,0,0.0007023105525320039
2026-01-29 01:45:00,AWS_05,1,missing_data,all,0,0.010773473818271428
2026-01-29 02:00:00,AWS_05,0,normal,none,0,0.01955319997535221
2026-01-29 02:15:00,AWS_05,0,normal,none,0,0.004265413892011849
2026-01-29 02:30:00,AWS_05,0,normal,none,0,0.019245487251019933
2026-01-29 02:45:00,AWS_05,0,normal,none,0,0.02169953882589415
2026-01-29 03:00:00,AWS_05,0,normal,none,0,0.019448028474800205
2026-01-29 03:15:00,AWS_05,0,normal,none,1,-0.008795961534688757
2026-01-29 03:30:00,AWS_05,0,normal,none,0,0.011215903597218246
2026-01-29 03:45:00,AWS_05,0,normal,none,0,0.027982597090673744
2026-01-29 04:00:00,AWS_05,0,normal,none,0,0.021351947921042336
2026-01-29 04:15:00,AWS_05,0,normal,none,0,0.019317914539020875
2026-01-29 04:30:00,AWS_05,0,normal,none,0,0.026969719149171678
2026-01-29 04:45:00,AWS_05,0,normal,none,0,0.03209849342169757
2026-01-29 05:00:00,AWS_05,0,normal,none,0,0.02941241573884712
2026-01-29 05:15:00,AWS_05,0,normal,none,0,0.0059354867196294014
2026-01-29 05:30:00,AWS_05,0,normal,none,0,0.048894372238470596
2026-01-29 05:45:00,AWS_05,0,normal,none,0,0.04944020527638415
2026-01-29 06:00:00,AWS_05,0,normal,none,0,0.027615972438517655
2026-01-29 06:15:00,AWS_05,0,normal,none,1,-0.006959426055877738
2026-01-29 06:30:00,AWS_05,0,normal,none,0,0.05317763663606362
2026-01-29 06:45:00,AWS_05,0,normal,none,0,0.05023858651525248
2026-01-29 07:00:00,AWS_05,0,normal,none,0,0.05817851807534402
2026-01-29 07:15:00,AWS_05,0,normal,none,0,0.06757352236606107
2026-01-29 07:30:00,AWS_05,0,normal,none,0,0.035109255241796644
2026-01-29 07:45:00,AWS_05,0,normal,none,0,0.06614207408809575
2026-01-29 08:00:00,AWS_05,0,normal,none,0,0.004033525304540708
2026-01-29 08:15:00,AWS_05,0,normal,none,0,0.0466770824265369
2026-01-29 08:30:00,AWS_05,0,normal,none,0,0.06804388172999104
2026-01-29 08:45:00,AWS_05,0,normal,none,0,0.009743947224787441
2026-01-29 09:00:00,AWS_05,0,normal,none,0,0.05642943427678576
2026-01-29 09:15:00,AWS_05,0,normal,none,0,0.01063126965910155
2026-01-29 09:30:00,AWS_05,0,normal,none,0,0.002095685554697635
2026-01-29 09:45:00,AWS_05,0,normal,none,0,0.05417140309576873
2026-01-29 10:00:00,AWS_05,0,normal,none,0,0.01874796783698096
2026-01-29 10:15:00,AWS_05,0,normal,none,0,0.05612578184470801
2026-01-29 10:30:00,AWS_05,0,normal,none,0,0.042315404080218166
2026-01-29 10:45:00,AWS_05,0,normal,none,0,0.05302796096789142
2026-01-29 11:00:00,AWS_05,0,normal,none,0,0.06022920830502482
2026-01-29 11:15:00,AWS_05,0,normal,none,0,0.02842298566230983
2026-01-29 11:30:00,AWS_05,0,normal,none,0,0.05376989225685713
2026-01-29 11:45:00,AWS_05,0,normal,none,0,0.043165597292994407
2026-01-29 12:00:00,AWS_05,0,normal,none,0,0.05375642050331997
2026-01-29 12:15:00,AWS_05,0,normal,none,0,0.020535938837732415
2026-01-29 12:30:00,AWS_05,0,normal,none,0,0.045053414385885615
2026-01-29 12:45:00,AWS_05,0,normal,none,0,0.043966178776117415
2026-01-29 13:00:00,AWS_05,0,normal,none,0,0.018299323367371167
2026-01-29 13:15:00,AWS_05,0,normal,none,0,0.06290377007430403
2026-01-29 13:30:00,AWS_05,0,normal,none,0,0.03213226975257255
2026-01-29 13:45:00,AWS_05,0,normal,none,0,0.061983496877627275
2026-01-29 14:00:00,AWS_05,0,normal,none,0,0.05648952203801261
2026-01-29 14:15:00,AWS_05,0,normal,none,0,0.05470389822776511
2026-01-29 14:30:00,AWS_05,0,normal,none,0,0.04742237339710775
2026-01-29 14:45:00,AWS_05,0,normal,none,0,0.06076773297919502
2026-01-29 15:00:00,AWS_05,0,normal,none,0,0.06041844839586019
2026-01-29 15:15:00,AWS_05,0,normal,none,0,0.040160555417265265
2026-01-29 15:30:00,AWS_05,0,normal,none,0,0.029571276652211154
2026-01-29 15:45:00,AWS_05,0,normal,none,0,0.011671504718393289
2026-01-29 16:00:00,AWS_05,0,normal,none,0,0.057003612365144285
2026-01-29 16:15:00,AWS_05,0,normal,none,0,0.05692540620563641
2026-01-29 16:30:00,AWS_05,0,normal,none,0,0.05355916055987636
2026-01-29 16:45:00,AWS_05,0,normal,none,0,0.05879664860968031
2026-01-29 17:00:00,AWS_05,0,normal,none,0,0.057594352277596406
2026-01-29 17:15:00,AWS_05,0,normal,none,0,0.02459046437359924
2026-01-29 17:30:00,AWS_05,0,normal,none,0,0.05510738223888356
2026-01-29 17:45:00,AWS_05,0,normal,none,0,0.04354932137029599
2026-01-29 18:00:00,AWS_05,0,normal,none,0,0.04095121427061332
2026-01-29 18:15:00,AWS_05,0,normal,none,0,0.060221847669861994
2026-01-29 18:30:00,AWS_05,0,normal,none,0,0.04790698991095488
2026-01-29 18:45:00,AWS_05,0,normal,none,0,0.041807750458421
2026-01-29 19:00:00,AWS_05,0,normal,none,1,-0.003929040388928606
2026-01-29 19:15:00,AWS_05,0,normal,none,0,0.03848578131236147
2026-01-29 19:30:00,AWS_05,0,normal,none,0,0.04947975661841297
2026-01-29 19:45:00,AWS_05,0,normal,none,0,0.05492336420495003
2026-01-29 20:00:00,AWS_05,0,normal,none,0,0.039627025830865414
2026-01-29 20:15:00,AWS_05,0,normal,none,0,0.025161779671518003
2026-01-29 20:30:00,AWS_05,0,normal,none,0,0.04668221452312504
2026-01-29 20:45:00,AWS_05,0,normal,none,0,0.05328104378593257
2026-01-29 21:00:00,AWS_05,0,normal,none,0,0.05576292789022025
2026-01-29 21:15:00,AWS_05,0,normal,none,0,0.050307852323064395
2026-01-29 21:30:00,AWS_05,0,normal,none,0,0.05040347482070445
2026-01-29 21:45:00,AWS_05,0,normal,none,0,0.052613697145006855
2026-01-29 22:00:00,AWS_05,0,normal,none,0,0.028035628086379383
2026-01-29 22:15:00,AWS_05,0,normal,none,0,0.022247251886275854
2026-01-29 22:30:00,AWS_05,0,normal,none,0,0.04071549054202683
2026-01-29 22:45:00,AWS_05,0,normal,none,0,0.036758883797974984
2026-01-29 23:00:00,AWS_05,0,normal,none,0,0.008814729034158364
2026-01-29 23:15:00,AWS_05,0,normal,none,0,0.036412644359892
2026-01-29 23:30:00,AWS_05,0,normal,none,0,0.017833036371150968
2026-01-29 23:45:00,AWS_05,0,normal,none,0,0.035209682294034206
2026-01-30 00:00:00,AWS_05,0,normal,none,0,0.019514375757079483
2026-01-30 00:15:00,AWS_05,0,normal,none,0,0.028751950369539814
2026-01-30 00:30:00,AWS_05,0,normal,none,1,-0.024344931227417543
2026-01-30 00:45:00,AWS_05,0,normal,none,0,0.010598276105411197
2026-01-30 01:00:00,AWS_05,0,normal,none,0,0.022818533108710737
2026-01-30 01:15:00,AWS_05,1,multivariate_inconsistency,humidity,1,-0.048644250950917844
2026-01-30 01:30:00,AWS_05,1,multivariate_inconsistency,humidity,1,-0.02132246318120079
2026-01-30 01:45:00,AWS_05,1,multivariate_inconsistency,humidity,0,0.0003890875821606077
2026-01-30 02:00:00,AWS_05,1,multivariate_inconsistency,humidity,0,0.007764718140585436
2026-01-30 02:15:00,AWS_05,1,multivariate_inconsistency,humidity,0,0.0015340444595894898
2026-01-30 02:30:00,AWS_05,1,multivariate_inconsistency,humidity,0,0.008094210179698913
2026-01-30 02:45:00,AWS_05,0,normal,none,1,-0.038720157850236414
2026-01-30 03:00:00,AWS_05,0,normal,none,1,-0.02905800807872949
2026-01-30 03:15:00,AWS_05,0,normal,none,0,0.00438258765456323
2026-01-30 03:30:00,AWS_05,0,normal,none,0,0.03399830183402741
2026-01-30 03:45:00,AWS_05,0,normal,none,0,0.01598420625546426
2026-01-30 04:00:00,AWS_05,0,normal,none,1,-0.00034210178284366233
2026-01-30 04:15:00,AWS_05,0,normal,none,0,0.011474915879226999
2026-01-30 04:30:00,AWS_05,0,normal,none,1,-0.01442292762072983
2026-01-30 04:45:00,AWS_05,0,normal,none,1,-0.02315651024685761
2026-01-30 05:00:00,AWS_05,0,normal,none,0,0.011039710827677629
2026-01-30 05:15:00,AWS_05,0,normal,none,0,0.011487591570515154
2026-01-30 05:30:00,AWS_05,0,normal,none,0,0.02620091462444829
2026-01-30 05:45:00,AWS_05,0,normal,none,1,-0.03313810247818816
2026-01-30 06:00:00,AWS_05,0,normal,none,1,-0.028961604995193513
2026-01-30 06:15:00,AWS_05,0,normal,none,0,0.017805031194622067
2026-01-30 06:30:00,AWS_05,0,normal,none,0,0.021945388513647246
2026-01-30 06:45:00,AWS_05,0,normal,none,0,0.019429557865509817
2026-01-30 07:00:00,AWS_05,0,normal,none,0,0.03794127187208418
2026-01-30 07:15:00,AWS_05,0,normal,none,0,0.029112621422206164
2026-01-30 07:30:00,AWS_05,0,normal,none,1,-0.0011741219417426008
2026-01-30 07:45:00,AWS_05,0,normal,none,0,0.03513408908657478
2026-01-30 08:00:00,AWS_05,0,normal,none,0,0.02810703219077959
2026-01-30 08:15:00,AWS_05,0,normal,none,1,-0.044237982069732285
2026-01-30 08:30:00,AWS_05,0,normal,none,0,0.015728461589514464
2026-01-30 08:45:00,AWS_05,0,normal,none,0,0.020287446141302623
2026-01-30 09:00:00,AWS_05,0,normal,none,1,-0.005645413944889266
2026-01-30 09:15:00,AWS_05,0,normal,none,0,0.038338294661101724
2026-01-30 09:30:00,AWS_05,0,normal,none,0,0.03544257910098736
2026-01-30 09:45:00,AWS_05,0,normal,none,0,0.032601756437297014
2026-01-30 10:00:00,AWS_05,0,normal,none,0,0.022010952423995422
2026-01-30 10:15:00,AWS_05,0,normal,none,1,-0.0035065354842676033
2026-01-30 10:30:00,AWS_05,0,normal,none,0,0.0064399935026128174
2026-01-30 10:45:00,AWS_05,0,normal,none,1,-0.00024877218176144744
2026-01-30 11:00:00,AWS_05,0,normal,none,0,0.029974891586948993
2026-01-30 11:15:00,AWS_05,0,normal,none,0,0.007210756977348076
2026-01-30 11:30:00,AWS_05,0,normal,none,0,0.04143775535474903
2026-01-30 11:45:00,AWS_05,0,normal,none,0,0.02053386790729872
2026-01-30 12:00:00,AWS_05,0,normal,none,0,0.01017465538418072
2026-01-30 12:15:00,AWS_05,0,normal,none,0,0.04016518671235547
2026-01-30 12:30:00,AWS_05,0,normal,none,0,0.010878817613072744
2026-01-30 12:45:00,AWS_05,0,normal,none,0,0.02201306428303751
2026-01-30 13:00:00,AWS_05,0,normal,none,0,0.04351070642613952
2026-01-30 13:15:00,AWS_05,0,normal,none,0,0.017902301488434635
2026-01-30 13:30:00,AWS_05,0,normal,none,0,0.029619761934978728
2026-01-30 13:45:00,AWS_05,0,normal,none,0,0.04076483064420389
2026-01-30 14:00:00,AWS_05,0,normal,none,0,0.03396638076989189
2026-01-30 14:15:00,AWS_05,0,normal,none,0,0.0030261759198482174
2026-01-30 14:30:00,AWS_05,0,normal,none,0,0.028182852216504628
2026-01-30 14:45:00,AWS_05,0,normal,none,0,0.025662890414389072
2026-01-30 15:00:00,AWS_05,0,normal,none,0,0.030150650432780424
2026-01-30 15:15:00,AWS_05,0,normal,none,0,0.035147387661262464
2026-01-30 15:30:00,AWS_05,0,normal,none,0,0.036222453779024444
2026-01-30 15:45:00,AWS_05,0,normal,none,0,0.019719602411487402
2026-01-30 16:00:00,AWS_05,0,normal,none,0,0.015022715604853354
2026-01-30 16:15:00,AWS_05,0,normal,none,0,0.022745833648657565
2026-01-30 16:30:00,AWS_05,0,normal,none,0,0.02219191879529181
2026-01-30 16:45:00,AWS_05,0,normal,none,0,0.04072897393413166
2026-01-30 17:00:00,AWS_05,0,normal,none,0,0.04240385627050747
2026-01-30 17:15:00,AWS_05,0,normal,none,1,-0.006390437271242666
2026-01-30 17:30:00,AWS_05,0,normal,none,1,-0.0013011300101026801
2026-01-30 17:45:00,AWS_05,0,normal,none,1,-0.010253047894035139
2026-01-30 18:00:00,AWS_05,0,normal,none,0,0.004758228090009919
2026-01-30 18:15:00,AWS_05,0,normal,none,0,0.035999102651349424
2026-01-30 18:30:00,AWS_05,0,normal,none,0,0.020810552051515607
2026-01-30 18:45:00,AWS_05,0,normal,none,0,0.030375360208654945
2026-01-30 19:00:00,AWS_05,0,normal,none,0,0.023861496245782376
2026-01-30 19:15:00,AWS_05,0,normal,none,0,0.024479794712682135
2026-01-30 19:30:00,AWS_05,0,normal,none,1,-0.005278423128393661
2026-01-30 19:45:00,AWS_05,0,normal,none,0,0.016200003928246942
2026-01-30 20:00:00,AWS_05,0,normal,none,0,0.03683905871031634
2026-01-30 20:15:00,AWS_05,0,normal,none,0,0.012847157614746751
2026-01-30 20:30:00,AWS_05,0,normal,none,0,0.029643865492608557
2026-01-30 20:45:00,AWS_05,0,normal,none,0,0.03554462215042942
2026-01-30 21:00:00,AWS_05,0,normal,none,0,0.02793716323662121
2026-01-30 21:15:00,AWS_05,0,normal,none,0,0.039220353575385114
2026-01-30 21:30:00,AWS_05,0,normal,none,0,0.002766461283289501
2026-01-30 21:45:00,AWS_05,0,normal,none,0,0.016647995463888732
2026-01-30 22:00:00,AWS_05,1,missing_data,all,0,0.02287787392276608
2026-01-30 22:15:00,AWS_05,1,missing_data,all,0,0.024203919190303957
2026-01-30 22:30:00,AWS_05,1,missing_data,all,0,0.021030590200249222
2026-01-30 22:45:00,AWS_05,1,missing_data,all,0,0.00889196336515341
2026-01-30 23:00:00,AWS_05,1,missing_data,all,1,-0.1504975063087084
2026-01-30 23:15:00,AWS_05,1,missing_data,all,1,-0.07018190122089618
2026-01-30 23:30:00,AWS_05,1,missing_data,all,1,-0.07018190122089618
2026-01-30 23:45:00,AWS_05,1,missing_data,all,1,-0.07018190122089618
